date,USD_CPI,USD_Core CPI,USD_PCE,USD_Core PCE,USD_Unemployment,USD_NFP,USD_10Y Treasury,USD_Industrial Production,EUR_CPI,EUR_Policy Rate,EUR_Unemployment,EUR_GDP,GBP_Policy Rate,GBP_Unemployment,JPY_Policy Rate,JPY_GDP,CHF_GDP,USD_Fed Funds,USD_GDP,GBP_CPI,GBP_Core CPI,CHF_CPI,EUR_Core CPI,GBP_GDP,JPY_CPI
2003-01-01,182.6000,192.4000,77.2010,78.2400,5.8000,130573.0000,,91.2361,62.2700,1.7500,9.1000,2203081.3000,4.0000,5.1000,0.1000,504306.5000,133064.5000,1.2400,14614.1410,75.9000,80.0860,95.2914,63.2400,514031.0000,-0.3000
2003-01-02,,,,,,,4.0700,,,1.7500,,,,,,,,,,,,,,,
2003-01-03,,,,,,,4.0500,,,1.7500,,,,,,,,,,,,,,,
2003-01-04,,,,,,,,,,1.7500,,,,,,,,,,,,,,,
2003-01-05,,,,,,,,,,1.7500,,,,,,,,,,,,,,,
2003-01-06,,,,,,,4.0900,,,1.7500,,,,,,,,,,,,,,,
2003-01-07,,,,,,,4.0400,,,1.7500,,,,,,,,,,,,,,,
2003-01-08,,,,,,,4.0000,,,1.7500,,,,,,,,,,,,,,,
2003-01-09,,,,,,,4.1900,,,1.7500,,,,,,,,,,,,,,,
2003-01-10,,,,,,,4.1600,,,1.7500,,,,,,,,,,,,,,,
2003-01-11,,,,,,,,,,1.7500,,,,,,,,,,,,,,,
2003-01-12,,,,,,,,,,1.7500,,,,,,,,,,,,,,,
2003-01-13,,,,,,,4.1500,,,1.7500,,,,,,,,,,,,,,,
2003-01-14,,,,,,,4.1000,,,1.7500,,,,,,,,,,,,,,,
2003-01-15,,,,,,,4.1000,,,1.7500,,,,,,,,,,,,,,,
2003-01-16,,,,,,,4.1000,,,1.7500,,,,,,,,,,,,,,,
2003-01-17,,,,,,,4.0500,,,1.7500,,,,,,,,,,,,,,,
2003-01-18,,,,,,,,,,1.7500,,,,,,,,,,,,,,,
2003-01-19,,,,,,,,,,1.7500,,,,,,,,,,,,,,,
2003-01-20,,,,,,,,,,1.7500,,,,,,,,,,,,,,,
2003-01-21,,,,,,,4.0100,,,1.7500,,,,,,,,,,,,,,,
2003-01-22,,,,,,,3.9500,,,1.7500,,,,,,,,,,,,,,,
2003-01-23,,,,,,,3.9800,,,1.7500,,,,,,,,,,,,,,,
2003-01-24,,,,,,,3.9400,,,1.7500,,,,,,,,,,,,,,,
2003-01-25,,,,,,,,,,1.7500,,,,,,,,,,,,,,,
2003-01-26,,,,,,,,,,1.7500,,,,,,,,,,,,,,,
2003-01-27,,,,,,,3.9800,,,1.7500,,,,,,,,,,,,,,,
2003-01-28,,,,,,,4.0000,,,1.7500,,,,,,,,,,,,,,,
2003-01-29,,,,,,,4.0600,,,1.7500,,,,,,,,,,,,,,,
2003-01-30,,,,,,,4.0000,,,1.7500,,,,,,,,,,,,,,,
2003-01-31,,,,,,,4.0000,,,1.7500,,,,,,,,,,,,,,,
2003-02-01,183.6000,192.5000,77.5260,78.3480,5.9000,130441.0000,,91.3445,62.5200,1.7500,9.1000,,3.7500,5.2000,0.1000,,,1.2600,,76.1000,80.2875,95.3852,63.4900,,-0.3000
2003-02-02,,,,,,,,,,1.7500,,,,,,,,,,,,,,,
2003-02-03,,,,,,,4.0100,,,1.7500,,,,,,,,,,,,,,,
2003-02-04,,,,,,,3.9600,,,1.7500,,,,,,,,,,,,,,,
2003-02-05,,,,,,,4.0200,,,1.7500,,,,,,,,,,,,,,,
2003-02-06,,,,,,,3.9700,,,1.7500,,,,,,,,,,,,,,,
2003-02-07,,,,,,,3.9600,,,1.7500,,,,,,,,,,,,,,,
2003-02-08,,,,,,,,,,1.7500,,,,,,,,,,,,,,,
2003-02-09,,,,,,,,,,1.7500,,,,,,,,,,,,,,,
2003-02-10,,,,,,,3.9900,,,1.7500,,,,,,,,,,,,,,,
2003-02-11,,,,,,,3.9800,,,1.7500,,,,,,,,,,,,,,,
2003-02-12,,,,,,,3.9300,,,1.7500,,,,,,,,,,,,,,,
2003-02-13,,,,,,,3.8900,,,1.7500,,,,,,,,,,,,,,,
2003-02-14,,,,,,,3.9500,,,1.7500,,,,,,,,,,,,,,,
2003-02-15,,,,,,,,,,1.7500,,,,,,,,,,,,,,,
2003-02-16,,,,,,,,,,1.7500,,,,,,,,,,,,,,,
2003-02-17,,,,,,,,,,1.7500,,,,,,,,,,,,,,,
2003-02-18,,,,,,,3.9400,,,1.7500,,,,,,,,,,,,,,,
2003-02-19,,,,,,,3.8800,,,1.7500,,,,,,,,,,,,,,,
2003-02-20,,,,,,,3.8500,,,1.7500,,,,,,,,,,,,,,,
2003-02-21,,,,,,,3.9000,,,1.7500,,,,,,,,,,,,,,,
2003-02-22,,,,,,,,,,1.7500,,,,,,,,,,,,,,,
2003-02-23,,,,,,,,,,1.7500,,,,,,,,,,,,,,,
2003-02-24,,,,,,,3.8600,,,1.7500,,,,,,,,,,,,,,,
2003-02-25,,,,,,,3.8100,,,1.7500,,,,,,,,,,,,,,,
2003-02-26,,,,,,,3.7800,,,1.7500,,,,,,,,,,,,,,,
2003-02-27,,,,,,,3.7600,,,1.7500,,,,,,,,,,,,,,,
2003-02-28,,,,,,,3.7100,,,1.7500,,,,,,,,,,,,,,,
2003-03-01,183.9000,192.5000,77.7250,78.4740,5.9000,130235.0000,,91.1044,62.8800,1.7500,9.2000,,3.7500,5.1000,0.1000,,,1.2500,,76.4000,80.4890,95.7692,63.8700,,0.3000
2003-03-02,,,,,,,,,,1.7500,,,,,,,,,,,,,,,
2003-03-03,,,,,,,3.6800,,,1.7500,,,,,,,,,,,,,,,
2003-03-04,,,,,,,3.6500,,,1.7500,,,,,,,,,,,,,,,
2003-03-05,,,,,,,3.6300,,,1.7500,,,,,,,,,,,,,,,
2003-03-06,,,,,,,3.6700,,,1.7500,,,,,,,,,,,,,,,
2003-03-07,,,,,,,3.6300,,,1.5000,,,,,,,,,,,,,,,
2003-03-08,,,,,,,,,,1.5000,,,,,,,,,,,,,,,
2003-03-09,,,,,,,,,,1.5000,,,,,,,,,,,,,,,
2003-03-10,,,,,,,3.5900,,,1.5000,,,,,,,,,,,,,,,
2003-03-11,,,,,,,3.6000,,,1.5000,,,,,,,,,,,,,,,
2003-03-12,,,,,,,3.6000,,,1.5000,,,,,,,,,,,,,,,
2003-03-13,,,,,,,3.7400,,,1.5000,,,,,,,,,,,,,,,
2003-03-14,,,,,,,3.7200,,,1.5000,,,,,,,,,,,,,,,
2003-03-15,,,,,,,,,,1.5000,,,,,,,,,,,,,,,
2003-03-16,,,,,,,,,,1.5000,,,,,,,,,,,,,,,
2003-03-17,,,,,,,3.8200,,,1.5000,,,,,,,,,,,,,,,
2003-03-18,,,,,,,3.9100,,,1.5000,,,,,,,,,,,,,,,
2003-03-19,,,,,,,3.9800,,,1.5000,,,,,,,,,,,,,,,
2003-03-20,,,,,,,4.0100,,,1.5000,,,,,,,,,,,,,,,
2003-03-21,,,,,,,4.1100,,,1.5000,,,,,,,,,,,,,,,
2003-03-22,,,,,,,,,,1.5000,,,,,,,,,,,,,,,
2003-03-23,,,,,,,,,,1.5000,,,,,,,,,,,,,,,
2003-03-24,,,,,,,3.9800,,,1.5000,,,,,,,,,,,,,,,
2003-03-25,,,,,,,3.9700,,,1.5000,,,,,,,,,,,,,,,
2003-03-26,,,,,,,3.9600,,,1.5000,,,,,,,,,,,,,,,
2003-03-27,,,,,,,3.9500,,,1.5000,,,,,,,,,,,,,,,
2003-03-28,,,,,,,3.9200,,,1.5000,,,,,,,,,,,,,,,
2003-03-29,,,,,,,,,,1.5000,,,,,,,,,,,,,,,
2003-03-30,,,,,,,,,,1.5000,,,,,,,,,,,,,,,
2003-03-31,,,,,,,3.8300,,,1.5000,,,,,,,,,,,,,,,
2003-04-01,183.2000,192.5000,77.5930,78.5610,6.0000,130173.0000,3.8400,90.5617,62.9800,1.5000,9.2000,2204086.2000,3.7500,5.0000,0.1000,508467.6000,132832.1000,1.2600,14743.5670,76.8000,80.7912,95.9595,63.9400,518802.0000,0.3000
2003-04-02,,,,,,,3.9400,,,1.5000,,,,,,,,,,,,,,,
2003-04-03,,,,,,,3.9300,,,1.5000,,,,,,,,,,,,,,,
2003-04-04,,,,,,,3.9600,,,1.5000,,,,,,,,,,,,,,,
2003-04-05,,,,,,,,,,1.5000,,,,,,,,,,,,,,,
2003-04-06,,,,,,,,,,1.5000,,,,,,,,,,,,,,,
2003-04-07,,,,,,,4.0300,,,1.5000,,,,,,,,,,,,,,,
2003-04-08,,,,,,,3.9500,,,1.5000,,,,,,,,,,,,,,,
2003-04-09,,,,,,,3.9300,,,1.5000,,,,,,,,,,,,,,,
2003-04-10,,,,,,,3.9500,,,1.5000,,,,,,,,,,,,,,,
2003-04-11,,,,,,,4.0000,,,1.5000,,,,,,,,,,,,,,,
2003-04-12,,,,,,,,,,1.5000,,,,,,,,,,,,,,,
2003-04-13,,,,,,,,,,1.5000,,,,,,,,,,,,,,,
2003-04-14,,,,,,,4.0400,,,1.5000,,,,,,,,,,,,,,,
2003-04-15,,,,,,,3.9800,,,1.5000,,,,,,,,,,,,,,,
2003-04-16,,,,,,,3.9600,,,1.5000,,,,,,,,,,,,,,,
2003-04-17,,,,,,,3.9800,,,1.5000,,,,,,,,,,,,,,,
2003-04-18,,,,,,,,,,1.5000,,,,,,,,,,,,,,,
2003-04-19,,,,,,,,,,1.5000,,,,,,,,,,,,,,,
2003-04-20,,,,,,,,,,1.5000,,,,,,,,,,,,,,,
2003-04-21,,,,,,,4.0000,,,1.5000,,,,,,,,,,,,,,,
2003-04-22,,,,,,,4.0100,,,1.5000,,,,,,,,,,,,,,,
2003-04-23,,,,,,,4.0200,,,1.5000,,,,,,,,,,,,,,,
2003-04-24,,,,,,,3.9300,,,1.5000,,,,,,,,,,,,,,,
2003-04-25,,,,,,,3.9100,,,1.5000,,,,,,,,,,,,,,,
2003-04-26,,,,,,,,,,1.5000,,,,,,,,,,,,,,,
2003-04-27,,,,,,,,,,1.5000,,,,,,,,,,,,,,,
2003-04-28,,,,,,,3.9200,,,1.5000,,,,,,,,,,,,,,,
2003-04-29,,,,,,,3.9600,,,1.5000,,,,,,,,,,,,,,,
2003-04-30,,,,,,,3.8900,,,1.5000,,,,,,,,,,,,,,,
2003-05-01,182.9000,192.9000,77.5040,78.6740,6.1000,130197.0000,3.8800,90.5370,62.9400,1.5000,9.2000,,3.7500,4.9000,0.1000,,,1.2600,,76.8000,80.8919,95.8058,63.9000,,0.2000
2003-05-02,,,,,,,3.9400,,,1.5000,,,,,,,,,,,,,,,
2003-05-03,,,,,,,,,,1.5000,,,,,,,,,,,,,,,
2003-05-04,,,,,,,,,,1.5000,,,,,,,,,,,,,,,
2003-05-05,,,,,,,3.9200,,,1.5000,,,,,,,,,,,,,,,
2003-05-06,,,,,,,3.8400,,,1.5000,,,,,,,,,,,,,,,
2003-05-07,,,,,,,3.7200,,,1.5000,,,,,,,,,,,,,,,
2003-05-08,,,,,,,3.7000,,,1.5000,,,,,,,,,,,,,,,
2003-05-09,,,,,,,3.6900,,,1.5000,,,,,,,,,,,,,,,
2003-05-10,,,,,,,,,,1.5000,,,,,,,,,,,,,,,
2003-05-11,,,,,,,,,,1.5000,,,,,,,,,,,,,,,
2003-05-12,,,,,,,3.6400,,,1.5000,,,,,,,,,,,,,,,
2003-05-13,,,,,,,3.6300,,,1.5000,,,,,,,,,,,,,,,
2003-05-14,,,,,,,3.5300,,,1.5000,,,,,,,,,,,,,,,
2003-05-15,,,,,,,3.5300,,,1.5000,,,,,,,,,,,,,,,
2003-05-16,,,,,,,3.4600,,,1.5000,,,,,,,,,,,,,,,
2003-05-17,,,,,,,,,,1.5000,,,,,,,,,,,,,,,
2003-05-18,,,,,,,,,,1.5000,,,,,,,,,,,,,,,
2003-05-19,,,,,,,3.4600,,,1.5000,,,,,,,,,,,,,,,
2003-05-20,,,,,,,3.3800,,,1.5000,,,,,,,,,,,,,,,
2003-05-21,,,,,,,3.3900,,,1.5000,,,,,,,,,,,,,,,
2003-05-22,,,,,,,3.3400,,,1.5000,,,,,,,,,,,,,,,
2003-05-23,,,,,,,3.3400,,,1.5000,,,,,,,,,,,,,,,
2003-05-24,,,,,,,,,,1.5000,,,,,,,,,,,,,,,
2003-05-25,,,,,,,,,,1.5000,,,,,,,,,,,,,,,
2003-05-26,,,,,,,,,,1.5000,,,,,,,,,,,,,,,
2003-05-27,,,,,,,3.4100,,,1.5000,,,,,,,,,,,,,,,
2003-05-28,,,,,,,3.4400,,,1.5000,,,,,,,,,,,,,,,
2003-05-29,,,,,,,3.3400,,,1.5000,,,,,,,,,,,,,,,
2003-05-30,,,,,,,3.3700,,,1.5000,,,,,,,,,,,,,,,
2003-05-31,,,,,,,,,,1.5000,,,,,,,,,,,,,,,
2003-06-01,183.1000,193.0000,77.5880,78.7180,6.3000,130186.0000,,90.6527,63.0200,1.5000,9.2000,,3.7500,5.1000,0.1000,,,1.2200,,76.7000,80.7912,95.8077,63.9800,,-0.3000
2003-06-02,,,,,,,3.4300,,,1.5000,,,,,,,,,,,,,,,
2003-06-03,,,,,,,3.3400,,,1.5000,,,,,,,,,,,,,,,
2003-06-04,,,,,,,3.3000,,,1.5000,,,,,,,,,,,,,,,
2003-06-05,,,,,,,3.3400,,,1.5000,,,,,,,,,,,,,,,
2003-06-06,,,,,,,3.3700,,,1.0000,,,,,,,,,,,,,,,
2003-06-07,,,,,,,,,,1.0000,,,,,,,,,,,,,,,
2003-06-08,,,,,,,,,,1.0000,,,,,,,,,,,,,,,
2003-06-09,,,,,,,3.2900,,,1.0000,,,,,,,,,,,,,,,
2003-06-10,,,,,,,3.2000,,,1.0000,,,,,,,,,,,,,,,
2003-06-11,,,,,,,3.2100,,,1.0000,,,,,,,,,,,,,,,
2003-06-12,,,,,,,3.1800,,,1.0000,,,,,,,,,,,,,,,
2003-06-13,,,,,,,3.1300,,,1.0000,,,,,,,,,,,,,,,
2003-06-14,,,,,,,,,,1.0000,,,,,,,,,,,,,,,
2003-06-15,,,,,,,,,,1.0000,,,,,,,,,,,,,,,
2003-06-16,,,,,,,3.1800,,,1.0000,,,,,,,,,,,,,,,
2003-06-17,,,,,,,3.2700,,,1.0000,,,,,,,,,,,,,,,
2003-06-18,,,,,,,3.3700,,,1.0000,,,,,,,,,,,,,,,
2003-06-19,,,,,,,3.3500,,,1.0000,,,,,,,,,,,,,,,
2003-06-20,,,,,,,3.4000,,,1.0000,,,,,,,,,,,,,,,
2003-06-21,,,,,,,,,,1.0000,,,,,,,,,,,,,,,
2003-06-22,,,,,,,,,,1.0000,,,,,,,,,,,,,,,
2003-06-23,,,,,,,3.3200,,,1.0000,,,,,,,,,,,,,,,
2003-06-24,,,,,,,3.2900,,,1.0000,,,,,,,,,,,,,,,
2003-06-25,,,,,,,3.3800,,,1.0000,,,,,,,,,,,,,,,
2003-06-26,,,,,,,3.5500,,,1.0000,,,,,,,,,,,,,,,
2003-06-27,,,,,,,3.5800,,,1.0000,,,,,,,,,,,,,,,
2003-06-28,,,,,,,,,,1.0000,,,,,,,,,,,,,,,
2003-06-29,,,,,,,,,,1.0000,,,,,,,,,,,,,,,
2003-06-30,,,,,,,3.5400,,,1.0000,,,,,,,,,,,,,,,
2003-07-01,183.7000,193.4000,77.8160,78.9150,6.2000,130184.0000,3.5600,91.1185,62.9200,1.0000,9.2000,2218437.9000,3.5000,5.1000,0.1000,509940.0000,134215.2000,1.0100,14988.7820,76.6000,80.6904,95.0396,63.8700,524213.0000,-0.2000
2003-07-02,,,,,,,3.5600,,,1.0000,,,,,,,,,,,,,,,
2003-07-03,,,,,,,3.6700,,,1.0000,,,,,,,,,,,,,,,
2003-07-04,,,,,,,,,,1.0000,,,,,,,,,,,,,,,
2003-07-05,,,,,,,,,,1.0000,,,,,,,,,,,,,,,
2003-07-06,,,,,,,,,,1.0000,,,,,,,,,,,,,,,
2003-07-07,,,,,,,3.7400,,,1.0000,,,,,,,,,,,,,,,
2003-07-08,,,,,,,3.7500,,,1.0000,,,,,,,,,,,,,,,
2003-07-09,,,,,,,3.7300,,,1.0000,,,,,,,,,,,,,,,
2003-07-10,,,,,,,3.7000,,,1.0000,,,,,,,,,,,,,,,
2003-07-11,,,,,,,3.6600,,,1.0000,,,,,,,,,,,,,,,
2003-07-12,,,,,,,,,,1.0000,,,,,,,,,,,,,,,
2003-07-13,,,,,,,,,,1.0000,,,,,,,,,,,,,,,
2003-07-14,,,,,,,3.7400,,,1.0000,,,,,,,,,,,,,,,
2003-07-15,,,,,,,3.9400,,,1.0000,,,,,,,,,,,,,,,
2003-07-16,,,,,,,3.9700,,,1.0000,,,,,,,,,,,,,,,
2003-07-17,,,,,,,3.9800,,,1.0000,,,,,,,,,,,,,,,
2003-07-18,,,,,,,4.0000,,,1.0000,,,,,,,,,,,,,,,
2003-07-19,,,,,,,,,,1.0000,,,,,,,,,,,,,,,
2003-07-20,,,,,,,,,,1.0000,,,,,,,,,,,,,,,
2003-07-21,,,,,,,4.1900,,,1.0000,,,,,,,,,,,,,,,
2003-07-22,,,,,,,4.1700,,,1.0000,,,,,,,,,,,,,,,
2003-07-23,,,,,,,4.1200,,,1.0000,,,,,,,,,,,,,,,
2003-07-24,,,,,,,4.2000,,,1.0000,,,,,,,,,,,,,,,
2003-07-25,,,,,,,4.2200,,,1.0000,,,,,,,,,,,,,,,
2003-07-26,,,,,,,,,,1.0000,,,,,,,,,,,,,,,
2003-07-27,,,,,,,,,,1.0000,,,,,,,,,,,,,,,
2003-07-28,,,,,,,4.3100,,,1.0000,,,,,,,,,,,,,,,
2003-07-29,,,,,,,4.4200,,,1.0000,,,,,,,,,,,,,,,
2003-07-30,,,,,,,4.3400,,,1.0000,,,,,,,,,,,,,,,
2003-07-31,,,,,,,4.4900,,,1.0000,,,,,,,,,,,,,,,
2003-08-01,184.5000,193.6000,78.0790,79.0040,6.1000,130153.0000,4.4400,90.9197,63.0200,1.0000,9.2000,,3.5000,5.0000,0.1000,,,1.0300,,76.8000,80.9926,95.2609,63.9800,,0.2000
2003-08-02,,,,,,,,,,1.0000,,,,,,,,,,,,,,,
2003-08-03,,,,,,,,,,1.0000,,,,,,,,,,,,,,,
2003-08-04,,,,,,,4.3500,,,1.0000,,,,,,,,,,,,,,,
2003-08-05,,,,,,,4.4700,,,1.0000,,,,,,,,,,,,,,,
2003-08-06,,,,,,,4.3200,,,1.0000,,,,,,,,,,,,,,,
2003-08-07,,,,,,,4.3000,,,1.0000,,,,,,,,,,,,,,,
2003-08-08,,,,,,,4.2700,,,1.0000,,,,,,,,,,,,,,,
2003-08-09,,,,,,,,,,1.0000,,,,,,,,,,,,,,,
2003-08-10,,,,,,,,,,1.0000,,,,,,,,,,,,,,,
2003-08-11,,,,,,,4.3800,,,1.0000,,,,,,,,,,,,,,,
2003-08-12,,,,,,,4.3700,,,1.0000,,,,,,,,,,,,,,,
2003-08-13,,,,,,,4.5800,,,1.0000,,,,,,,,,,,,,,,
2003-08-14,,,,,,,4.5500,,,1.0000,,,,,,,,,,,,,,,
2003-08-15,,,,,,,4.5500,,,1.0000,,,,,,,,,,,,,,,
2003-08-16,,,,,,,,,,1.0000,,,,,,,,,,,,,,,
2003-08-17,,,,,,,,,,1.0000,,,,,,,,,,,,,,,
2003-08-18,,,,,,,4.4900,,,1.0000,,,,,,,,,,,,,,,
2003-08-19,,,,,,,4.3800,,,1.0000,,,,,,,,,,,,,,,
2003-08-20,,,,,,,4.4500,,,1.0000,,,,,,,,,,,,,,,
2003-08-21,,,,,,,4.5300,,,1.0000,,,,,,,,,,,,,,,
2003-08-22,,,,,,,4.4800,,,1.0000,,,,,,,,,,,,,,,
2003-08-23,,,,,,,,,,1.0000,,,,,,,,,,,,,,,
2003-08-24,,,,,,,,,,1.0000,,,,,,,,,,,,,,,
2003-08-25,,,,,,,4.5300,,,1.0000,,,,,,,,,,,,,,,
2003-08-26,,,,,,,4.5000,,,1.0000,,,,,,,,,,,,,,,
2003-08-27,,,,,,,4.5400,,,1.0000,,,,,,,,,,,,,,,
2003-08-28,,,,,,,4.4200,,,1.0000,,,,,,,,,,,,,,,
2003-08-29,,,,,,,4.4500,,,1.0000,,,,,,,,,,,,,,,
2003-08-30,,,,,,,,,,1.0000,,,,,,,,,,,,,,,
2003-08-31,,,,,,,,,,1.0000,,,,,,,,,,,,,,,
2003-09-01,185.1000,193.7000,78.3230,79.1140,6.1000,130252.0000,,91.5059,63.2400,1.0000,9.2000,,3.5000,5.0000,0.1000,,,1.0100,,77.0000,81.1941,95.3989,64.2000,,0.1000
2003-09-02,,,,,,,4.6100,,,1.0000,,,,,,,,,,,,,,,
2003-09-03,,,,,,,4.6000,,,1.0000,,,,,,,,,,,,,,,
2003-09-04,,,,,,,4.5200,,,1.0000,,,,,,,,,,,,,,,
2003-09-05,,,,,,,4.3500,,,1.0000,,,,,,,,,,,,,,,
2003-09-06,,,,,,,,,,1.0000,,,,,,,,,,,,,,,
2003-09-07,,,,,,,,,,1.0000,,,,,,,,,,,,,,,
2003-09-08,,,,,,,4.4100,,,1.0000,,,,,,,,,,,,,,,
2003-09-09,,,,,,,4.3700,,,1.0000,,,,,,,,,,,,,,,
2003-09-10,,,,,,,4.2800,,,1.0000,,,,,,,,,,,,,,,
2003-09-11,,,,,,,4.3500,,,1.0000,,,,,,,,,,,,,,,
2003-09-12,,,,,,,4.2700,,,1.0000,,,,,,,,,,,,,,,
2003-09-13,,,,,,,,,,1.0000,,,,,,,,,,,,,,,
2003-09-14,,,,,,,,,,1.0000,,,,,,,,,,,,,,,
2003-09-15,,,,,,,4.2800,,,1.0000,,,,,,,,,,,,,,,
2003-09-16,,,,,,,4.2900,,,1.0000,,,,,,,,,,,,,,,
2003-09-17,,,,,,,4.2000,,,1.0000,,,,,,,,,,,,,,,
2003-09-18,,,,,,,4.1900,,,1.0000,,,,,,,,,,,,,,,
2003-09-19,,,,,,,4.1700,,,1.0000,,,,,,,,,,,,,,,
2003-09-20,,,,,,,,,,1.0000,,,,,,,,,,,,,,,
2003-09-21,,,,,,,,,,1.0000,,,,,,,,,,,,,,,
2003-09-22,,,,,,,4.2600,,,1.0000,,,,,,,,,,,,,,,
2003-09-23,,,,,,,4.2400,,,1.0000,,,,,,,,,,,,,,,
2003-09-24,,,,,,,4.1600,,,1.0000,,,,,,,,,,,,,,,
2003-09-25,,,,,,,4.1200,,,1.0000,,,,,,,,,,,,,,,
2003-09-26,,,,,,,4.0400,,,1.0000,,,,,,,,,,,,,,,
2003-09-27,,,,,,,,,,1.0000,,,,,,,,,,,,,,,
2003-09-28,,,,,,,,,,1.0000,,,,,,,,,,,,,,,
2003-09-29,,,,,,,4.0900,,,1.0000,,,,,,,,,,,,,,,
2003-09-30,,,,,,,3.9600,,,1.0000,,,,,,,,,,,,,,,
2003-10-01,184.9000,194.0000,78.3330,79.2600,6.0000,130439.0000,3.9600,91.6186,63.3400,1.0000,9.2000,2232602.7000,3.5000,4.9000,0.1000,515100.7000,135664.4000,1.0100,15162.7600,77.1000,81.2948,95.8827,64.2800,528320.0000,0.0000
2003-10-02,,,,,,,4.0300,,,1.0000,,,,,,,,,,,,,,,
2003-10-03,,,,,,,4.2100,,,1.0000,,,,,,,,,,,,,,,
2003-10-04,,,,,,,,,,1.0000,,,,,,,,,,,,,,,
2003-10-05,,,,,,,,,,1.0000,,,,,,,,,,,,,,,
2003-10-06,,,,,,,4.1700,,,1.0000,,,,,,,,,,,,,,,
2003-10-07,,,,,,,4.2700,,,1.0000,,,,,,,,,,,,,,,
2003-10-08,,,,,,,4.2700,,,1.0000,,,,,,,,,,,,,,,
2003-10-09,,,,,,,4.3200,,,1.0000,,,,,,,,,,,,,,,
2003-10-10,,,,,,,4.2900,,,1.0000,,,,,,,,,,,,,,,
2003-10-11,,,,,,,,,,1.0000,,,,,,,,,,,,,,,
2003-10-12,,,,,,,,,,1.0000,,,,,,,,,,,,,,,
2003-10-13,,,,,,,,,,1.0000,,,,,,,,,,,,,,,
2003-10-14,,,,,,,4.3700,,,1.0000,,,,,,,,,,,,,,,
2003-10-15,,,,,,,4.4300,,,1.0000,,,,,,,,,,,,,,,
2003-10-16,,,,,,,4.4700,,,1.0000,,,,,,,,,,,,,,,
2003-10-17,,,,,,,4.4100,,,1.0000,,,,,,,,,,,,,,,
2003-10-18,,,,,,,,,,1.0000,,,,,,,,,,,,,,,
2003-10-19,,,,,,,,,,1.0000,,,,,,,,,,,,,,,
2003-10-20,,,,,,,4.4100,,,1.0000,,,,,,,,,,,,,,,
2003-10-21,,,,,,,4.3800,,,1.0000,,,,,,,,,,,,,,,
2003-10-22,,,,,,,4.2900,,,1.0000,,,,,,,,,,,,,,,
2003-10-23,,,,,,,4.3400,,,1.0000,,,,,,,,,,,,,,,
2003-10-24,,,,,,,4.2400,,,1.0000,,,,,,,,,,,,,,,
2003-10-25,,,,,,,,,,1.0000,,,,,,,,,,,,,,,
2003-10-26,,,,,,,,,,1.0000,,,,,,,,,,,,,,,
2003-10-27,,,,,,,4.3000,,,1.0000,,,,,,,,,,,,,,,
2003-10-28,,,,,,,4.2300,,,1.0000,,,,,,,,,,,,,,,
2003-10-29,,,,,,,4.3100,,,1.0000,,,,,,,,,,,,,,,
2003-10-30,,,,,,,4.3600,,,1.0000,,,,,,,,,,,,,,,
2003-10-31,,,,,,,4.3300,,,1.0000,,,,,,,,,,,,,,,
2003-11-01,185.0000,194.0000,78.4320,79.3680,5.8000,130480.0000,,92.2329,63.3600,1.0000,9.2000,,3.7500,4.9000,0.1000,,,1.0000,,77.1000,81.2948,95.7622,64.2800,,-0.5000
2003-11-02,,,,,,,,,,1.0000,,,,,,,,,,,,,,,
2003-11-03,,,,,,,4.4000,,,1.0000,,,,,,,,,,,,,,,
2003-11-04,,,,,,,4.3300,,,1.0000,,,,,,,,,,,,,,,
2003-11-05,,,,,,,4.3800,,,1.0000,,,,,,,,,,,,,,,
2003-11-06,,,,,,,4.4500,,,1.0000,,,,,,,,,,,,,,,
2003-11-07,,,,,,,4.4800,,,1.0000,,,,,,,,,,,,,,,
2003-11-08,,,,,,,,,,1.0000,,,,,,,,,,,,,,,
2003-11-09,,,,,,,,,,1.0000,,,,,,,,,,,,,,,
2003-11-10,,,,,,,4.4900,,,1.0000,,,,,,,,,,,,,,,
2003-11-11,,,,,,,,,,1.0000,,,,,,,,,,,,,,,
2003-11-12,,,,,,,4.4400,,,1.0000,,,,,,,,,,,,,,,
2003-11-13,,,,,,,4.3000,,,1.0000,,,,,,,,,,,,,,,
2003-11-14,,,,,,,4.2200,,,1.0000,,,,,,,,,,,,,,,
2003-11-15,,,,,,,,,,1.0000,,,,,,,,,,,,,,,
2003-11-16,,,,,,,,,,1.0000,,,,,,,,,,,,,,,
2003-11-17,,,,,,,4.1800,,,1.0000,,,,,,,,,,,,,,,
2003-11-18,,,,,,,4.1700,,,1.0000,,,,,,,,,,,,,,,
2003-11-19,,,,,,,4.2400,,,1.0000,,,,,,,,,,,,,,,
2003-11-20,,,,,,,4.1600,,,1.0000,,,,,,,,,,,,,,,
2003-11-21,,,,,,,4.1500,,,1.0000,,,,,,,,,,,,,,,
2003-11-22,,,,,,,,,,1.0000,,,,,,,,,,,,,,,
2003-11-23,,,,,,,,,,1.0000,,,,,,,,,,,,,,,
2003-11-24,,,,,,,4.2300,,,1.0000,,,,,,,,,,,,,,,
2003-11-25,,,,,,,4.1900,,,1.0000,,,,,,,,,,,,,,,
2003-11-26,,,,,,,4.2500,,,1.0000,,,,,,,,,,,,,,,
2003-11-27,,,,,,,,,,1.0000,,,,,,,,,,,,,,,
2003-11-28,,,,,,,4.3400,,,1.0000,,,,,,,,,,,,,,,
2003-11-29,,,,,,,,,,1.0000,,,,,,,,,,,,,,,
2003-11-30,,,,,,,,,,1.0000,,,,,,,,,,,,,,,
2003-12-01,185.5000,194.2000,78.6050,79.4670,5.7000,130589.0000,4.4000,92.2602,63.5600,1.0000,9.3000,,3.7500,4.8000,0.1000,,,0.9800,,77.3000,81.4963,95.7807,64.4800,,0.1000
2003-12-02,,,,,,,4.3800,,,1.0000,,,,,,,,,,,,,,,
2003-12-03,,,,,,,4.4100,,,1.0000,,,,,,,,,,,,,,,
2003-12-04,,,,,,,4.3800,,,1.0000,,,,,,,,,,,,,,,
2003-12-05,,,,,,,4.2300,,,1.0000,,,,,,,,,,,,,,,
2003-12-06,,,,,,,,,,1.0000,,,,,,,,,,,,,,,
2003-12-07,,,,,,,,,,1.0000,,,,,,,,,,,,,,,
2003-12-08,,,,,,,4.2900,,,1.0000,,,,,,,,,,,,,,,
2003-12-09,,,,,,,4.3200,,,1.0000,,,,,,,,,,,,,,,
2003-12-10,,,,,,,4.3000,,,1.0000,,,,,,,,,,,,,,,
2003-12-11,,,,,,,4.2700,,,1.0000,,,,,,,,,,,,,,,
2003-12-12,,,,,,,4.2600,,,1.0000,,,,,,,,,,,,,,,
2003-12-13,,,,,,,,,,1.0000,,,,,,,,,,,,,,,
2003-12-14,,,,,,,,,,1.0000,,,,,,,,,,,,,,,
2003-12-15,,,,,,,4.2800,,,1.0000,,,,,,,,,,,,,,,
2003-12-16,,,,,,,4.2400,,,1.0000,,,,,,,,,,,,,,,
2003-12-17,,,,,,,4.1900,,,1.0000,,,,,,,,,,,,,,,
2003-12-18,,,,,,,4.1600,,,1.0000,,,,,,,,,,,,,,,
2003-12-19,,,,,,,4.1500,,,1.0000,,,,,,,,,,,,,,,
2003-12-20,,,,,,,,,,1.0000,,,,,,,,,,,,,,,
2003-12-21,,,,,,,,,,1.0000,,,,,,,,,,,,,,,
2003-12-22,,,,,,,4.1800,,,1.0000,,,,,,,,,,,,,,,
2003-12-23,,,,,,,4.2800,,,1.0000,,,,,,,,,,,,,,,
2003-12-24,,,,,,,4.2000,,,1.0000,,,,,,,,,,,,,,,
2003-12-25,,,,,,,,,,1.0000,,,,,,,,,,,,,,,
2003-12-26,,,,,,,4.1700,,,1.0000,,,,,,,,,,,,,,,
2003-12-27,,,,,,,,,,1.0000,,,,,,,,,,,,,,,
2003-12-28,,,,,,,,,,1.0000,,,,,,,,,,,,,,,
2003-12-29,,,,,,,4.2400,,,1.0000,,,,,,,,,,,,,,,
2003-12-30,,,,,,,4.2900,,,1.0000,,,,,,,,,,,,,,,
2003-12-31,,,,,,,4.2700,,,1.0000,,,,,,,,,,,,,,,
2004-01-01,186.3000,194.6000,78.9090,79.6710,5.7000,130756.0000,,92.4006,63.4200,1.0000,9.4000,2244081.6000,3.7500,4.8000,0.1000,519509.7000,136533.3000,1.0000,15248.6800,77.0000,80.9926,95.4558,64.3000,529996.0000,-0.2000
2004-01-02,,,,,,,4.3800,,,1.0000,,,,,,,,,,,,,,,
2004-01-03,,,,,,,,,,1.0000,,,,,,,,,,,,,,,
2004-01-04,,,,,,,,,,1.0000,,,,,,,,,,,,,,,
2004-01-05,,,,,,,4.4100,,,1.0000,,,,,,,,,,,,,,,
2004-01-06,,,,,,,4.2900,,,1.0000,,,,,,,,,,,,,,,
2004-01-07,,,,,,,4.2700,,,1.0000,,,,,,,,,,,,,,,
2004-01-08,,,,,,,4.2700,,,1.0000,,,,,,,,,,,,,,,
2004-01-09,,,,,,,4.1100,,,1.0000,,,,,,,,,,,,,,,
2004-01-10,,,,,,,,,,1.0000,,,,,,,,,,,,,,,
2004-01-11,,,,,,,,,,1.0000,,,,,,,,,,,,,,,
2004-01-12,,,,,,,4.1100,,,1.0000,,,,,,,,,,,,,,,
2004-01-13,,,,,,,4.0500,,,1.0000,,,,,,,,,,,,,,,
2004-01-14,,,,,,,4.0100,,,1.0000,,,,,,,,,,,,,,,
2004-01-15,,,,,,,3.9900,,,1.0000,,,,,,,,,,,,,,,
2004-01-16,,,,,,,4.0400,,,1.0000,,,,,,,,,,,,,,,
2004-01-17,,,,,,,,,,1.0000,,,,,,,,,,,,,,,
2004-01-18,,,,,,,,,,1.0000,,,,,,,,,,,,,,,
2004-01-19,,,,,,,,,,1.0000,,,,,,,,,,,,,,,
2004-01-20,,,,,,,4.0800,,,1.0000,,,,,,,,,,,,,,,
2004-01-21,,,,,,,4.0500,,,1.0000,,,,,,,,,,,,,,,
2004-01-22,,,,,,,3.9900,,,1.0000,,,,,,,,,,,,,,,
2004-01-23,,,,,,,4.0900,,,1.0000,,,,,,,,,,,,,,,
2004-01-24,,,,,,,,,,1.0000,,,,,,,,,,,,,,,
2004-01-25,,,,,,,,,,1.0000,,,,,,,,,,,,,,,
2004-01-26,,,,,,,4.1600,,,1.0000,,,,,,,,,,,,,,,
2004-01-27,,,,,,,4.1100,,,1.0000,,,,,,,,,,,,,,,
2004-01-28,,,,,,,4.2200,,,1.0000,,,,,,,,,,,,,,,
2004-01-29,,,,,,,4.2200,,,1.0000,,,,,,,,,,,,,,,
2004-01-30,,,,,,,4.1600,,,1.0000,,,,,,,,,,,,,,,
2004-01-31,,,,,,,,,,1.0000,,,,,,,,,,,,,,,
2004-02-01,186.7000,194.9000,79.0770,79.8000,5.6000,130821.0000,,92.9580,63.5700,1.0000,9.4000,,4.0000,4.8000,0.1000,,,1.0100,,77.2000,81.1941,95.4718,64.4500,,0.0000
2004-02-02,,,,,,,4.1800,,,1.0000,,,,,,,,,,,,,,,
2004-02-03,,,,,,,4.1300,,,1.0000,,,,,,,,,,,,,,,
2004-02-04,,,,,,,4.1500,,,1.0000,,,,,,,,,,,,,,,
2004-02-05,,,,,,,4.2000,,,1.0000,,,,,,,,,,,,,,,
2004-02-06,,,,,,,4.1200,,,1.0000,,,,,,,,,,,,,,,
2004-02-07,,,,,,,,,,1.0000,,,,,,,,,,,,,,,
2004-02-08,,,,,,,,,,1.0000,,,,,,,,,,,,,,,
2004-02-09,,,,,,,4.0900,,,1.0000,,,,,,,,,,,,,,,
2004-02-10,,,,,,,4.1300,,,1.0000,,,,,,,,,,,,,,,
2004-02-11,,,,,,,4.0500,,,1.0000,,,,,,,,,,,,,,,
2004-02-12,,,,,,,4.1000,,,1.0000,,,,,,,,,,,,,,,
2004-02-13,,,,,,,4.0500,,,1.0000,,,,,,,,,,,,,,,
2004-02-14,,,,,,,,,,1.0000,,,,,,,,,,,,,,,
2004-02-15,,,,,,,,,,1.0000,,,,,,,,,,,,,,,
2004-02-16,,,,,,,,,,1.0000,,,,,,,,,,,,,,,
2004-02-17,,,,,,,4.0500,,,1.0000,,,,,,,,,,,,,,,
2004-02-18,,,,,,,4.0500,,,1.0000,,,,,,,,,,,,,,,
2004-02-19,,,,,,,4.0500,,,1.0000,,,,,,,,,,,,,,,
2004-02-20,,,,,,,4.1000,,,1.0000,,,,,,,,,,,,,,,
2004-02-21,,,,,,,,,,1.0000,,,,,,,,,,,,,,,
2004-02-22,,,,,,,,,,1.0000,,,,,,,,,,,,,,,
2004-02-23,,,,,,,4.0500,,,1.0000,,,,,,,,,,,,,,,
2004-02-24,,,,,,,4.0400,,,1.0000,,,,,,,,,,,,,,,
2004-02-25,,,,,,,4.0200,,,1.0000,,,,,,,,,,,,,,,
2004-02-26,,,,,,,4.0500,,,1.0000,,,,,,,,,,,,,,,
2004-02-27,,,,,,,3.9900,,,1.0000,,,,,,,,,,,,,,,
2004-02-28,,,,,,,,,,1.0000,,,,,,,,,,,,,,,
2004-02-29,,,,,,,,,,1.0000,,,,,,,,,,,,,,,
2004-03-01,187.1000,195.5000,79.1990,79.9340,5.8000,131140.0000,4.0000,92.5861,63.9700,1.0000,9.5000,,4.0000,4.8000,0.1000,,,1.0000,,77.3000,81.2948,95.6762,64.7800,,0.2000
2004-03-02,,,,,,,4.0500,,,1.0000,,,,,,,,,,,,,,,
2004-03-03,,,,,,,4.0700,,,1.0000,,,,,,,,,,,,,,,
2004-03-04,,,,,,,4.0400,,,1.0000,,,,,,,,,,,,,,,
2004-03-05,,,,,,,3.8500,,,1.0000,,,,,,,,,,,,,,,
2004-03-06,,,,,,,,,,1.0000,,,,,,,,,,,,,,,
2004-03-07,,,,,,,,,,1.0000,,,,,,,,,,,,,,,
2004-03-08,,,,,,,3.7800,,,1.0000,,,,,,,,,,,,,,,
2004-03-09,,,,,,,3.7300,,,1.0000,,,,,,,,,,,,,,,
2004-03-10,,,,,,,3.7400,,,1.0000,,,,,,,,,,,,,,,
2004-03-11,,,,,,,3.7400,,,1.0000,,,,,,,,,,,,,,,
2004-03-12,,,,,,,3.7800,,,1.0000,,,,,,,,,,,,,,,
2004-03-13,,,,,,,,,,1.0000,,,,,,,,,,,,,,,
2004-03-14,,,,,,,,,,1.0000,,,,,,,,,,,,,,,
2004-03-15,,,,,,,3.7800,,,1.0000,,,,,,,,,,,,,,,
2004-03-16,,,,,,,3.7000,,,1.0000,,,,,,,,,,,,,,,
2004-03-17,,,,,,,3.7100,,,1.0000,,,,,,,,,,,,,,,
2004-03-18,,,,,,,3.7600,,,1.0000,,,,,,,,,,,,,,,
2004-03-19,,,,,,,3.8000,,,1.0000,,,,,,,,,,,,,,,
2004-03-20,,,,,,,,,,1.0000,,,,,,,,,,,,,,,
2004-03-21,,,,,,,,,,1.0000,,,,,,,,,,,,,,,
2004-03-22,,,,,,,3.7400,,,1.0000,,,,,,,,,,,,,,,
2004-03-23,,,,,,,3.7300,,,1.0000,,,,,,,,,,,,,,,
2004-03-24,,,,,,,3.7300,,,1.0000,,,,,,,,,,,,,,,
2004-03-25,,,,,,,3.7500,,,1.0000,,,,,,,,,,,,,,,
2004-03-26,,,,,,,3.8500,,,1.0000,,,,,,,,,,,,,,,
2004-03-27,,,,,,,,,,1.0000,,,,,,,,,,,,,,,
2004-03-28,,,,,,,,,,1.0000,,,,,,,,,,,,,,,
2004-03-29,,,,,,,3.9100,,,1.0000,,,,,,,,,,,,,,,
2004-03-30,,,,,,,3.9100,,,1.0000,,,,,,,,,,,,,,,
2004-03-31,,,,,,,3.8600,,,1.0000,,,,,,,,,,,,,,,
2004-04-01,187.4000,195.9000,79.3460,80.1420,5.6000,131412.0000,3.9100,92.9300,64.3000,1.0000,9.4000,2258083.7000,4.0000,4.8000,0.1000,519126.8000,137351.6000,1.0000,15366.8500,77.6000,81.5970,96.4833,65.1000,532543.0000,0.0000
2004-04-02,,,,,,,4.1500,,,1.0000,,,,,,,,,,,,,,,
2004-04-03,,,,,,,,,,1.0000,,,,,,,,,,,,,,,
2004-04-04,,,,,,,,,,1.0000,,,,,,,,,,,,,,,
2004-04-05,,,,,,,4.2400,,,1.0000,,,,,,,,,,,,,,,
2004-04-06,,,,,,,4.1900,,,1.0000,,,,,,,,,,,,,,,
2004-04-07,,,,,,,4.1900,,,1.0000,,,,,,,,,,,,,,,
2004-04-08,,,,,,,4.2100,,,1.0000,,,,,,,,,,,,,,,
2004-04-09,,,,,,,,,,1.0000,,,,,,,,,,,,,,,
2004-04-10,,,,,,,,,,1.0000,,,,,,,,,,,,,,,
2004-04-11,,,,,,,,,,1.0000,,,,,,,,,,,,,,,
2004-04-12,,,,,,,4.2500,,,1.0000,,,,,,,,,,,,,,,
2004-04-13,,,,,,,4.3500,,,1.0000,,,,,,,,,,,,,,,
2004-04-14,,,,,,,4.4000,,,1.0000,,,,,,,,,,,,,,,
2004-04-15,,,,,,,4.4200,,,1.0000,,,,,,,,,,,,,,,
2004-04-16,,,,,,,4.3700,,,1.0000,,,,,,,,,,,,,,,
2004-04-17,,,,,,,,,,1.0000,,,,,,,,,,,,,,,
2004-04-18,,,,,,,,,,1.0000,,,,,,,,,,,,,,,
2004-04-19,,,,,,,4.3900,,,1.0000,,,,,,,,,,,,,,,
2004-04-20,,,,,,,4.4300,,,1.0000,,,,,,,,,,,,,,,
2004-04-21,,,,,,,4.4500,,,1.0000,,,,,,,,,,,,,,,
2004-04-22,,,,,,,4.4000,,,1.0000,,,,,,,,,,,,,,,
2004-04-23,,,,,,,4.4800,,,1.0000,,,,,,,,,,,,,,,
2004-04-24,,,,,,,,,,1.0000,,,,,,,,,,,,,,,
2004-04-25,,,,,,,,,,1.0000,,,,,,,,,,,,,,,
2004-04-26,,,,,,,4.4600,,,1.0000,,,,,,,,,,,,,,,
2004-04-27,,,,,,,4.4300,,,1.0000,,,,,,,,,,,,,,,
2004-04-28,,,,,,,4.5000,,,1.0000,,,,,,,,,,,,,,,
2004-04-29,,,,,,,4.5500,,,1.0000,,,,,,,,,,,,,,,
2004-04-30,,,,,,,4.5300,,,1.0000,,,,,,,,,,,,,,,
2004-05-01,188.2000,196.2000,79.6040,80.2520,5.6000,131697.0000,,93.6013,64.5000,1.0000,9.4000,,4.2500,4.8000,0.1000,,,1.0000,,77.9000,81.7985,96.7063,65.3200,,0.1000
2004-05-02,,,,,,,,,,1.0000,,,,,,,,,,,,,,,
2004-05-03,,,,,,,4.5300,,,1.0000,,,,,,,,,,,,,,,
2004-05-04,,,,,,,4.5600,,,1.0000,,,,,,,,,,,,,,,
2004-05-05,,,,,,,4.6100,,,1.0000,,,,,,,,,,,,,,,
2004-05-06,,,,,,,4.6300,,,1.0000,,,,,,,,,,,,,,,
2004-05-07,,,,,,,4.7900,,,1.0000,,,,,,,,,,,,,,,
2004-05-08,,,,,,,,,,1.0000,,,,,,,,,,,,,,,
2004-05-09,,,,,,,,,,1.0000,,,,,,,,,,,,,,,
2004-05-10,,,,,,,4.8100,,,1.0000,,,,,,,,,,,,,,,
2004-05-11,,,,,,,4.7900,,,1.0000,,,,,,,,,,,,,,,
2004-05-12,,,,,,,4.8300,,,1.0000,,,,,,,,,,,,,,,
2004-05-13,,,,,,,4.8500,,,1.0000,,,,,,,,,,,,,,,
2004-05-14,,,,,,,4.7900,,,1.0000,,,,,,,,,,,,,,,
2004-05-15,,,,,,,,,,1.0000,,,,,,,,,,,,,,,
2004-05-16,,,,,,,,,,1.0000,,,,,,,,,,,,,,,
2004-05-17,,,,,,,4.7000,,,1.0000,,,,,,,,,,,,,,,
2004-05-18,,,,,,,4.7400,,,1.0000,,,,,,,,,,,,,,,
2004-05-19,,,,,,,4.7900,,,1.0000,,,,,,,,,,,,,,,
2004-05-20,,,,,,,4.7200,,,1.0000,,,,,,,,,,,,,,,
2004-05-21,,,,,,,4.7600,,,1.0000,,,,,,,,,,,,,,,
2004-05-22,,,,,,,,,,1.0000,,,,,,,,,,,,,,,
2004-05-23,,,,,,,,,,1.0000,,,,,,,,,,,,,,,
2004-05-24,,,,,,,4.7500,,,1.0000,,,,,,,,,,,,,,,
2004-05-25,,,,,,,4.7300,,,1.0000,,,,,,,,,,,,,,,
2004-05-26,,,,,,,4.6700,,,1.0000,,,,,,,,,,,,,,,
2004-05-27,,,,,,,4.6000,,,1.0000,,,,,,,,,,,,,,,
2004-05-28,,,,,,,4.6600,,,1.0000,,,,,,,,,,,,,,,
2004-05-29,,,,,,,,,,1.0000,,,,,,,,,,,,,,,
2004-05-30,,,,,,,,,,1.0000,,,,,,,,,,,,,,,
2004-05-31,,,,,,,,,,1.0000,,,,,,,,,,,,,,,
2004-06-01,188.9000,196.6000,79.8310,80.3790,5.6000,131794.0000,4.7100,92.8710,64.5400,1.0000,9.4000,,4.5000,4.8000,0.1000,,,1.0300,,77.9000,81.7985,96.8731,65.3600,,0.2000
2004-06-02,,,,,,,4.7400,,,1.0000,,,,,,,,,,,,,,,
2004-06-03,,,,,,,4.7100,,,1.0000,,,,,,,,,,,,,,,
2004-06-04,,,,,,,4.7800,,,1.0000,,,,,,,,,,,,,,,
2004-06-05,,,,,,,,,,1.0000,,,,,,,,,,,,,,,
2004-06-06,,,,,,,,,,1.0000,,,,,,,,,,,,,,,
2004-06-07,,,,,,,4.7800,,,1.0000,,,,,,,,,,,,,,,
2004-06-08,,,,,,,4.7800,,,1.0000,,,,,,,,,,,,,,,
2004-06-09,,,,,,,4.8200,,,1.0000,,,,,,,,,,,,,,,
2004-06-10,,,,,,,4.8100,,,1.0000,,,,,,,,,,,,,,,
2004-06-11,,,,,,,,,,1.0000,,,,,,,,,,,,,,,
2004-06-12,,,,,,,,,,1.0000,,,,,,,,,,,,,,,
2004-06-13,,,,,,,,,,1.0000,,,,,,,,,,,,,,,
2004-06-14,,,,,,,4.8900,,,1.0000,,,,,,,,,,,,,,,
2004-06-15,,,,,,,4.6900,,,1.0000,,,,,,,,,,,,,,,
2004-06-16,,,,,,,4.7400,,,1.0000,,,,,,,,,,,,,,,
2004-06-17,,,,,,,4.7100,,,1.0000,,,,,,,,,,,,,,,
2004-06-18,,,,,,,4.7200,,,1.0000,,,,,,,,,,,,,,,
2004-06-19,,,,,,,,,,1.0000,,,,,,,,,,,,,,,
2004-06-20,,,,,,,,,,1.0000,,,,,,,,,,,,,,,
2004-06-21,,,,,,,4.7000,,,1.0000,,,,,,,,,,,,,,,
2004-06-22,,,,,,,4.7200,,,1.0000,,,,,,,,,,,,,,,
2004-06-23,,,,,,,4.7100,,,1.0000,,,,,,,,,,,,,,,
2004-06-24,,,,,,,4.6600,,,1.0000,,,,,,,,,,,,,,,
2004-06-25,,,,,,,4.6600,,,1.0000,,,,,,,,,,,,,,,
2004-06-26,,,,,,,,,,1.0000,,,,,,,,,,,,,,,
2004-06-27,,,,,,,,,,1.0000,,,,,,,,,,,,,,,
2004-06-28,,,,,,,4.7600,,,1.0000,,,,,,,,,,,,,,,
2004-06-29,,,,,,,4.7000,,,1.0000,,,,,,,,,,,,,,,
2004-06-30,,,,,,,4.6200,,,1.0000,,,,,,,,,,,,,,,
2004-07-01,189.1000,196.8000,79.9050,80.4740,5.5000,131854.0000,4.5700,93.5649,64.4000,1.0000,9.4000,2263108.9000,4.5000,4.7000,0.1000,521999.9000,137609.7000,1.2600,15512.6190,77.7000,81.5970,95.8593,65.2100,534447.0000,-0.3000
2004-07-02,,,,,,,4.4800,,,1.0000,,,,,,,,,,,,,,,
2004-07-03,,,,,,,,,,1.0000,,,,,,,,,,,,,,,
2004-07-04,,,,,,,,,,1.0000,,,,,,,,,,,,,,,
2004-07-05,,,,,,,,,,1.0000,,,,,,,,,,,,,,,
2004-07-06,,,,,,,4.4900,,,1.0000,,,,,,,,,,,,,,,
2004-07-07,,,,,,,4.5000,,,1.0000,,,,,,,,,,,,,,,
2004-07-08,,,,,,,4.4900,,,1.0000,,,,,,,,,,,,,,,
2004-07-09,,,,,,,4.4900,,,1.0000,,,,,,,,,,,,,,,
2004-07-10,,,,,,,,,,1.0000,,,,,,,,,,,,,,,
2004-07-11,,,,,,,,,,1.0000,,,,,,,,,,,,,,,
2004-07-12,,,,,,,4.4600,,,1.0000,,,,,,,,,,,,,,,
2004-07-13,,,,,,,4.5000,,,1.0000,,,,,,,,,,,,,,,
2004-07-14,,,,,,,4.5000,,,1.0000,,,,,,,,,,,,,,,
2004-07-15,,,,,,,4.5000,,,1.0000,,,,,,,,,,,,,,,
2004-07-16,,,,,,,4.3800,,,1.0000,,,,,,,,,,,,,,,
2004-07-17,,,,,,,,,,1.0000,,,,,,,,,,,,,,,
2004-07-18,,,,,,,,,,1.0000,,,,,,,,,,,,,,,
2004-07-19,,,,,,,4.3800,,,1.0000,,,,,,,,,,,,,,,
2004-07-20,,,,,,,4.4700,,,1.0000,,,,,,,,,,,,,,,
2004-07-21,,,,,,,4.5000,,,1.0000,,,,,,,,,,,,,,,
2004-07-22,,,,,,,4.4800,,,1.0000,,,,,,,,,,,,,,,
2004-07-23,,,,,,,4.4500,,,1.0000,,,,,,,,,,,,,,,
2004-07-24,,,,,,,,,,1.0000,,,,,,,,,,,,,,,
2004-07-25,,,,,,,,,,1.0000,,,,,,,,,,,,,,,
2004-07-26,,,,,,,4.4900,,,1.0000,,,,,,,,,,,,,,,
2004-07-27,,,,,,,4.6200,,,1.0000,,,,,,,,,,,,,,,
2004-07-28,,,,,,,4.6100,,,1.0000,,,,,,,,,,,,,,,
2004-07-29,,,,,,,4.6000,,,1.0000,,,,,,,,,,,,,,,
2004-07-30,,,,,,,4.5000,,,1.0000,,,,,,,,,,,,,,,
2004-07-31,,,,,,,,,,1.0000,,,,,,,,,,,,,,,
2004-08-01,189.2000,196.9000,79.9460,80.5050,5.4000,131939.0000,,93.6277,64.5300,1.0000,9.4000,,4.7500,4.7000,0.1000,,,1.4300,,77.9000,81.7985,96.2146,65.3300,,0.1000
2004-08-02,,,,,,,4.4800,,,1.0000,,,,,,,,,,,,,,,
2004-08-03,,,,,,,4.4500,,,1.0000,,,,,,,,,,,,,,,
2004-08-04,,,,,,,4.4500,,,1.0000,,,,,,,,,,,,,,,
2004-08-05,,,,,,,4.4300,,,1.0000,,,,,,,,,,,,,,,
2004-08-06,,,,,,,4.2400,,,1.0000,,,,,,,,,,,,,,,
2004-08-07,,,,,,,,,,1.0000,,,,,,,,,,,,,,,
2004-08-08,,,,,,,,,,1.0000,,,,,,,,,,,,,,,
2004-08-09,,,,,,,4.2800,,,1.0000,,,,,,,,,,,,,,,
2004-08-10,,,,,,,4.3200,,,1.0000,,,,,,,,,,,,,,,
2004-08-11,,,,,,,4.3000,,,1.0000,,,,,,,,,,,,,,,
2004-08-12,,,,,,,4.2700,,,1.0000,,,,,,,,,,,,,,,
2004-08-13,,,,,,,4.2200,,,1.0000,,,,,,,,,,,,,,,
2004-08-14,,,,,,,,,,1.0000,,,,,,,,,,,,,,,
2004-08-15,,,,,,,,,,1.0000,,,,,,,,,,,,,,,
2004-08-16,,,,,,,4.2600,,,1.0000,,,,,,,,,,,,,,,
2004-08-17,,,,,,,4.2100,,,1.0000,,,,,,,,,,,,,,,
2004-08-18,,,,,,,4.2300,,,1.0000,,,,,,,,,,,,,,,
2004-08-19,,,,,,,4.2200,,,1.0000,,,,,,,,,,,,,,,
2004-08-20,,,,,,,4.2400,,,1.0000,,,,,,,,,,,,,,,
2004-08-21,,,,,,,,,,1.0000,,,,,,,,,,,,,,,
2004-08-22,,,,,,,,,,1.0000,,,,,,,,,,,,,,,
2004-08-23,,,,,,,4.2800,,,1.0000,,,,,,,,,,,,,,,
2004-08-24,,,,,,,4.2800,,,1.0000,,,,,,,,,,,,,,,
2004-08-25,,,,,,,4.2600,,,1.0000,,,,,,,,,,,,,,,
2004-08-26,,,,,,,4.2200,,,1.0000,,,,,,,,,,,,,,,
2004-08-27,,,,,,,4.2300,,,1.0000,,,,,,,,,,,,,,,
2004-08-28,,,,,,,,,,1.0000,,,,,,,,,,,,,,,
2004-08-29,,,,,,,,,,1.0000,,,,,,,,,,,,,,,
2004-08-30,,,,,,,4.1900,,,1.0000,,,,,,,,,,,,,,,
2004-08-31,,,,,,,4.1300,,,1.0000,,,,,,,,,,,,,,,
2004-09-01,189.8000,197.5000,80.1040,80.6560,5.4000,132089.0000,4.1300,93.7467,64.6000,1.0000,9.4000,,4.7500,4.7000,0.1000,,,1.6100,,77.9000,81.8993,96.2201,65.4200,,0.3000
2004-09-02,,,,,,,4.2000,,,1.0000,,,,,,,,,,,,,,,
2004-09-03,,,,,,,4.3000,,,1.0000,,,,,,,,,,,,,,,
2004-09-04,,,,,,,,,,1.0000,,,,,,,,,,,,,,,
2004-09-05,,,,,,,,,,1.0000,,,,,,,,,,,,,,,
2004-09-06,,,,,,,,,,1.0000,,,,,,,,,,,,,,,
2004-09-07,,,,,,,4.2600,,,1.0000,,,,,,,,,,,,,,,
2004-09-08,,,,,,,4.1800,,,1.0000,,,,,,,,,,,,,,,
2004-09-09,,,,,,,4.2200,,,1.0000,,,,,,,,,,,,,,,
2004-09-10,,,,,,,4.1900,,,1.0000,,,,,,,,,,,,,,,
2004-09-11,,,,,,,,,,1.0000,,,,,,,,,,,,,,,
2004-09-12,,,,,,,,,,1.0000,,,,,,,,,,,,,,,
2004-09-13,,,,,,,4.1600,,,1.0000,,,,,,,,,,,,,,,
2004-09-14,,,,,,,4.1500,,,1.0000,,,,,,,,,,,,,,,
2004-09-15,,,,,,,4.1800,,,1.0000,,,,,,,,,,,,,,,
2004-09-16,,,,,,,4.0800,,,1.0000,,,,,,,,,,,,,,,
2004-09-17,,,,,,,4.1400,,,1.0000,,,,,,,,,,,,,,,
2004-09-18,,,,,,,,,,1.0000,,,,,,,,,,,,,,,
2004-09-19,,,,,,,,,,1.0000,,,,,,,,,,,,,,,
2004-09-20,,,,,,,4.0700,,,1.0000,,,,,,,,,,,,,,,
2004-09-21,,,,,,,4.0500,,,1.0000,,,,,,,,,,,,,,,
2004-09-22,,,,,,,4.0000,,,1.0000,,,,,,,,,,,,,,,
2004-09-23,,,,,,,4.0200,,,1.0000,,,,,,,,,,,,,,,
2004-09-24,,,,,,,4.0400,,,1.0000,,,,,,,,,,,,,,,
2004-09-25,,,,,,,,,,1.0000,,,,,,,,,,,,,,,
2004-09-26,,,,,,,,,,1.0000,,,,,,,,,,,,,,,
2004-09-27,,,,,,,4.0100,,,1.0000,,,,,,,,,,,,,,,
2004-09-28,,,,,,,4.0200,,,1.0000,,,,,,,,,,,,,,,
2004-09-29,,,,,,,4.1000,,,1.0000,,,,,,,,,,,,,,,
2004-09-30,,,,,,,4.1400,,,1.0000,,,,,,,,,,,,,,,
2004-10-01,190.8000,197.9000,80.4480,80.8310,5.5000,132429.0000,4.2100,94.5465,64.8500,1.0000,9.4000,2273045.2000,4.7500,4.7000,0.1000,520017.7000,138141.8000,1.7600,15670.8800,78.1000,82.0000,97.1221,65.6800,536886.0000,0.5000
2004-10-02,,,,,,,,,,1.0000,,,,,,,,,,,,,,,
2004-10-03,,,,,,,,,,1.0000,,,,,,,,,,,,,,,
2004-10-04,,,,,,,4.1900,,,1.0000,,,,,,,,,,,,,,,
2004-10-05,,,,,,,4.1800,,,1.0000,,,,,,,,,,,,,,,
2004-10-06,,,,,,,4.2300,,,1.0000,,,,,,,,,,,,,,,
2004-10-07,,,,,,,4.2600,,,1.0000,,,,,,,,,,,,,,,
2004-10-08,,,,,,,4.1500,,,1.0000,,,,,,,,,,,,,,,
2004-10-09,,,,,,,,,,1.0000,,,,,,,,,,,,,,,
2004-10-10,,,,,,,,,,1.0000,,,,,,,,,,,,,,,
2004-10-11,,,,,,,,,,1.0000,,,,,,,,,,,,,,,
2004-10-12,,,,,,,4.1200,,,1.0000,,,,,,,,,,,,,,,
2004-10-13,,,,,,,4.0900,,,1.0000,,,,,,,,,,,,,,,
2004-10-14,,,,,,,4.0300,,,1.0000,,,,,,,,,,,,,,,
2004-10-15,,,,,,,4.0700,,,1.0000,,,,,,,,,,,,,,,
2004-10-16,,,,,,,,,,1.0000,,,,,,,,,,,,,,,
2004-10-17,,,,,,,,,,1.0000,,,,,,,,,,,,,,,
2004-10-18,,,,,,,4.0700,,,1.0000,,,,,,,,,,,,,,,
2004-10-19,,,,,,,4.0700,,,1.0000,,,,,,,,,,,,,,,
2004-10-20,,,,,,,4.0100,,,1.0000,,,,,,,,,,,,,,,
2004-10-21,,,,,,,4.0100,,,1.0000,,,,,,,,,,,,,,,
2004-10-22,,,,,,,4.0000,,,1.0000,,,,,,,,,,,,,,,
2004-10-23,,,,,,,,,,1.0000,,,,,,,,,,,,,,,
2004-10-24,,,,,,,,,,1.0000,,,,,,,,,,,,,,,
2004-10-25,,,,,,,3.9900,,,1.0000,,,,,,,,,,,,,,,
2004-10-26,,,,,,,4.0100,,,1.0000,,,,,,,,,,,,,,,
2004-10-27,,,,,,,4.1100,,,1.0000,,,,,,,,,,,,,,,
2004-10-28,,,,,,,4.0900,,,1.0000,,,,,,,,,,,,,,,
2004-10-29,,,,,,,4.0500,,,1.0000,,,,,,,,,,,,,,,
2004-10-30,,,,,,,,,,1.0000,,,,,,,,,,,,,,,
2004-10-31,,,,,,,,,,1.0000,,,,,,,,,,,,,,,
2004-11-01,191.7000,198.3000,80.7580,81.0050,5.4000,132503.0000,4.1100,94.7813,64.8100,1.0000,9.4000,,4.7500,4.7000,0.1000,,,1.9300,,78.3000,82.1007,97.2154,65.6400,,-0.2000
2004-11-02,,,,,,,4.1000,,,1.0000,,,,,,,,,,,,,,,
2004-11-03,,,,,,,4.0900,,,1.0000,,,,,,,,,,,,,,,
2004-11-04,,,,,,,4.1000,,,1.0000,,,,,,,,,,,,,,,
2004-11-05,,,,,,,4.2100,,,1.0000,,,,,,,,,,,,,,,
2004-11-06,,,,,,,,,,1.0000,,,,,,,,,,,,,,,
2004-11-07,,,,,,,,,,1.0000,,,,,,,,,,,,,,,
2004-11-08,,,,,,,4.2200,,,1.0000,,,,,,,,,,,,,,,
2004-11-09,,,,,,,4.2200,,,1.0000,,,,,,,,,,,,,,,
2004-11-10,,,,,,,4.2500,,,1.0000,,,,,,,,,,,,,,,
2004-11-11,,,,,,,,,,1.0000,,,,,,,,,,,,,,,
2004-11-12,,,,,,,4.2000,,,1.0000,,,,,,,,,,,,,,,
2004-11-13,,,,,,,,,,1.0000,,,,,,,,,,,,,,,
2004-11-14,,,,,,,,,,1.0000,,,,,,,,,,,,,,,
2004-11-15,,,,,,,4.2000,,,1.0000,,,,,,,,,,,,,,,
2004-11-16,,,,,,,4.2100,,,1.0000,,,,,,,,,,,,,,,
2004-11-17,,,,,,,4.1400,,,1.0000,,,,,,,,,,,,,,,
2004-11-18,,,,,,,4.1200,,,1.0000,,,,,,,,,,,,,,,
2004-11-19,,,,,,,4.2000,,,1.0000,,,,,,,,,,,,,,,
2004-11-20,,,,,,,,,,1.0000,,,,,,,,,,,,,,,
2004-11-21,,,,,,,,,,1.0000,,,,,,,,,,,,,,,
2004-11-22,,,,,,,4.1800,,,1.0000,,,,,,,,,,,,,,,
2004-11-23,,,,,,,4.1900,,,1.0000,,,,,,,,,,,,,,,
2004-11-24,,,,,,,4.2000,,,1.0000,,,,,,,,,,,,,,,
2004-11-25,,,,,,,,,,1.0000,,,,,,,,,,,,,,,
2004-11-26,,,,,,,4.2400,,,1.0000,,,,,,,,,,,,,,,
2004-11-27,,,,,,,,,,1.0000,,,,,,,,,,,,,,,
2004-11-28,,,,,,,,,,1.0000,,,,,,,,,,,,,,,
2004-11-29,,,,,,,4.3400,,,1.0000,,,,,,,,,,,,,,,
2004-11-30,,,,,,,4.3600,,,1.0000,,,,,,,,,,,,,,,
2004-12-01,191.7000,198.6000,80.8010,81.1090,5.4000,132630.0000,4.3800,95.5365,65.0500,1.0000,9.4000,,4.7500,4.7000,0.1000,,,2.1600,,78.6000,82.6044,97.0564,65.8100,,-0.5000
2004-12-02,,,,,,,4.4000,,,1.0000,,,,,,,,,,,,,,,
2004-12-03,,,,,,,4.2700,,,1.0000,,,,,,,,,,,,,,,
2004-12-04,,,,,,,,,,1.0000,,,,,,,,,,,,,,,
2004-12-05,,,,,,,,,,1.0000,,,,,,,,,,,,,,,
2004-12-06,,,,,,,4.2400,,,1.0000,,,,,,,,,,,,,,,
2004-12-07,,,,,,,4.2300,,,1.0000,,,,,,,,,,,,,,,
2004-12-08,,,,,,,4.1400,,,1.0000,,,,,,,,,,,,,,,
2004-12-09,,,,,,,4.1900,,,1.0000,,,,,,,,,,,,,,,
2004-12-10,,,,,,,4.1600,,,1.0000,,,,,,,,,,,,,,,
2004-12-11,,,,,,,,,,1.0000,,,,,,,,,,,,,,,
2004-12-12,,,,,,,,,,1.0000,,,,,,,,,,,,,,,
2004-12-13,,,,,,,4.1600,,,1.0000,,,,,,,,,,,,,,,
2004-12-14,,,,,,,4.1400,,,1.0000,,,,,,,,,,,,,,,
2004-12-15,,,,,,,4.0900,,,1.0000,,,,,,,,,,,,,,,
2004-12-16,,,,,,,4.1900,,,1.0000,,,,,,,,,,,,,,,
2004-12-17,,,,,,,4.2100,,,1.0000,,,,,,,,,,,,,,,
2004-12-18,,,,,,,,,,1.0000,,,,,,,,,,,,,,,
2004-12-19,,,,,,,,,,1.0000,,,,,,,,,,,,,,,
2004-12-20,,,,,,,4.2100,,,1.0000,,,,,,,,,,,,,,,
2004-12-21,,,,,,,4.1800,,,1.0000,,,,,,,,,,,,,,,
2004-12-22,,,,,,,4.2100,,,1.0000,,,,,,,,,,,,,,,
2004-12-23,,,,,,,4.2300,,,1.0000,,,,,,,,,,,,,,,
2004-12-24,,,,,,,,,,1.0000,,,,,,,,,,,,,,,
2004-12-25,,,,,,,,,,1.0000,,,,,,,,,,,,,,,
2004-12-26,,,,,,,,,,1.0000,,,,,,,,,,,,,,,
2004-12-27,,,,,,,4.3000,,,1.0000,,,,,,,,,,,,,,,
2004-12-28,,,,,,,4.3100,,,1.0000,,,,,,,,,,,,,,,
2004-12-29,,,,,,,4.3300,,,1.0000,,,,,,,,,,,,,,,
2004-12-30,,,,,,,4.2700,,,1.0000,,,,,,,,,,,,,,,
2004-12-31,,,,,,,4.2400,,,1.0000,,,,,,,,,,,,,,,
2005-01-01,191.6000,199.0000,80.9070,81.4010,5.3000,132781.0000,,95.8801,64.6500,1.0000,9.3000,2279331.3000,4.7500,4.8000,0.1000,523237.4000,138996.9000,2.2800,15844.7270,78.3000,82.0000,96.6059,65.3900,541028.0000,-0.5000
2005-01-02,,,,,,,,,,1.0000,,,,,,,,,,,,,,,
2005-01-03,,,,,,,4.2300,,,1.0000,,,,,,,,,,,,,,,
2005-01-04,,,,,,,4.2900,,,1.0000,,,,,,,,,,,,,,,
2005-01-05,,,,,,,4.2900,,,1.0000,,,,,,,,,,,,,,,
2005-01-06,,,,,,,4.2900,,,1.0000,,,,,,,,,,,,,,,
2005-01-07,,,,,,,4.2900,,,1.0000,,,,,,,,,,,,,,,
2005-01-08,,,,,,,,,,1.0000,,,,,,,,,,,,,,,
2005-01-09,,,,,,,,,,1.0000,,,,,,,,,,,,,,,
2005-01-10,,,,,,,4.2900,,,1.0000,,,,,,,,,,,,,,,
2005-01-11,,,,,,,4.2600,,,1.0000,,,,,,,,,,,,,,,
2005-01-12,,,,,,,4.2500,,,1.0000,,,,,,,,,,,,,,,
2005-01-13,,,,,,,4.2000,,,1.0000,,,,,,,,,,,,,,,
2005-01-14,,,,,,,4.2300,,,1.0000,,,,,,,,,,,,,,,
2005-01-15,,,,,,,,,,1.0000,,,,,,,,,,,,,,,
2005-01-16,,,,,,,,,,1.0000,,,,,,,,,,,,,,,
2005-01-17,,,,,,,,,,1.0000,,,,,,,,,,,,,,,
2005-01-18,,,,,,,4.2100,,,1.0000,,,,,,,,,,,,,,,
2005-01-19,,,,,,,4.2000,,,1.0000,,,,,,,,,,,,,,,
2005-01-20,,,,,,,4.1700,,,1.0000,,,,,,,,,,,,,,,
2005-01-21,,,,,,,4.1600,,,1.0000,,,,,,,,,,,,,,,
2005-01-22,,,,,,,,,,1.0000,,,,,,,,,,,,,,,
2005-01-23,,,,,,,,,,1.0000,,,,,,,,,,,,,,,
2005-01-24,,,,,,,4.1400,,,1.0000,,,,,,,,,,,,,,,
2005-01-25,,,,,,,4.2000,,,1.0000,,,,,,,,,,,,,,,
2005-01-26,,,,,,,4.2100,,,1.0000,,,,,,,,,,,,,,,
2005-01-27,,,,,,,4.2200,,,1.0000,,,,,,,,,,,,,,,
2005-01-28,,,,,,,4.1600,,,1.0000,,,,,,,,,,,,,,,
2005-01-29,,,,,,,,,,1.0000,,,,,,,,,,,,,,,
2005-01-30,,,,,,,,,,1.0000,,,,,,,,,,,,,,,
2005-01-31,,,,,,,4.1400,,,1.0000,,,,,,,,,,,,,,,
2005-02-01,192.4000,199.4000,81.1320,81.5360,5.4000,133034.0000,4.1500,96.5761,64.8900,1.0000,9.3000,,4.7500,4.7000,0.1000,,,2.5000,,78.5000,82.1000,96.8182,65.6300,,-0.3000
2005-02-02,,,,,,,4.1500,,,1.0000,,,,,,,,,,,,,,,
2005-02-03,,,,,,,4.1800,,,1.0000,,,,,,,,,,,,,,,
2005-02-04,,,,,,,4.0900,,,1.0000,,,,,,,,,,,,,,,
2005-02-05,,,,,,,,,,1.0000,,,,,,,,,,,,,,,
2005-02-06,,,,,,,,,,1.0000,,,,,,,,,,,,,,,
2005-02-07,,,,,,,4.0700,,,1.0000,,,,,,,,,,,,,,,
2005-02-08,,,,,,,4.0500,,,1.0000,,,,,,,,,,,,,,,
2005-02-09,,,,,,,4.0000,,,1.0000,,,,,,,,,,,,,,,
2005-02-10,,,,,,,4.0700,,,1.0000,,,,,,,,,,,,,,,
2005-02-11,,,,,,,4.1000,,,1.0000,,,,,,,,,,,,,,,
2005-02-12,,,,,,,,,,1.0000,,,,,,,,,,,,,,,
2005-02-13,,,,,,,,,,1.0000,,,,,,,,,,,,,,,
2005-02-14,,,,,,,4.0800,,,1.0000,,,,,,,,,,,,,,,
2005-02-15,,,,,,,4.1000,,,1.0000,,,,,,,,,,,,,,,
2005-02-16,,,,,,,4.1600,,,1.0000,,,,,,,,,,,,,,,
2005-02-17,,,,,,,4.1900,,,1.0000,,,,,,,,,,,,,,,
2005-02-18,,,,,,,4.2700,,,1.0000,,,,,,,,,,,,,,,
2005-02-19,,,,,,,,,,1.0000,,,,,,,,,,,,,,,
2005-02-20,,,,,,,,,,1.0000,,,,,,,,,,,,,,,
2005-02-21,,,,,,,,,,1.0000,,,,,,,,,,,,,,,
2005-02-22,,,,,,,4.2900,,,1.0000,,,,,,,,,,,,,,,
2005-02-23,,,,,,,4.2700,,,1.0000,,,,,,,,,,,,,,,
2005-02-24,,,,,,,4.2900,,,1.0000,,,,,,,,,,,,,,,
2005-02-25,,,,,,,4.2700,,,1.0000,,,,,,,,,,,,,,,
2005-02-26,,,,,,,,,,1.0000,,,,,,,,,,,,,,,
2005-02-27,,,,,,,,,,1.0000,,,,,,,,,,,,,,,
2005-02-28,,,,,,,4.3600,,,1.0000,,,,,,,,,,,,,,,
2005-03-01,193.1000,200.1000,81.3750,81.7370,5.2000,133154.0000,4.3800,96.4456,65.3700,1.0000,9.3000,,4.7500,4.7000,0.1000,,,2.6300,,78.8000,82.4000,97.0551,66.1300,,0.3000
2005-03-02,,,,,,,4.3800,,,1.0000,,,,,,,,,,,,,,,
2005-03-03,,,,,,,4.3900,,,1.0000,,,,,,,,,,,,,,,
2005-03-04,,,,,,,4.3200,,,1.0000,,,,,,,,,,,,,,,
2005-03-05,,,,,,,,,,1.0000,,,,,,,,,,,,,,,
2005-03-06,,,,,,,,,,1.0000,,,,,,,,,,,,,,,
2005-03-07,,,,,,,4.3100,,,1.0000,,,,,,,,,,,,,,,
2005-03-08,,,,,,,4.3800,,,1.0000,,,,,,,,,,,,,,,
2005-03-09,,,,,,,4.5200,,,1.0000,,,,,,,,,,,,,,,
2005-03-10,,,,,,,4.4800,,,1.0000,,,,,,,,,,,,,,,
2005-03-11,,,,,,,4.5600,,,1.0000,,,,,,,,,,,,,,,
2005-03-12,,,,,,,,,,1.0000,,,,,,,,,,,,,,,
2005-03-13,,,,,,,,,,1.0000,,,,,,,,,,,,,,,
2005-03-14,,,,,,,4.5200,,,1.0000,,,,,,,,,,,,,,,
2005-03-15,,,,,,,4.5400,,,1.0000,,,,,,,,,,,,,,,
2005-03-16,,,,,,,4.5200,,,1.0000,,,,,,,,,,,,,,,
2005-03-17,,,,,,,4.4700,,,1.0000,,,,,,,,,,,,,,,
2005-03-18,,,,,,,4.5100,,,1.0000,,,,,,,,,,,,,,,
2005-03-19,,,,,,,,,,1.0000,,,,,,,,,,,,,,,
2005-03-20,,,,,,,,,,1.0000,,,,,,,,,,,,,,,
2005-03-21,,,,,,,4.5300,,,1.0000,,,,,,,,,,,,,,,
2005-03-22,,,,,,,4.6300,,,1.0000,,,,,,,,,,,,,,,
2005-03-23,,,,,,,4.6100,,,1.0000,,,,,,,,,,,,,,,
2005-03-24,,,,,,,4.6000,,,1.0000,,,,,,,,,,,,,,,
2005-03-25,,,,,,,,,,1.0000,,,,,,,,,,,,,,,
2005-03-26,,,,,,,,,,1.0000,,,,,,,,,,,,,,,
2005-03-27,,,,,,,,,,1.0000,,,,,,,,,,,,,,,
2005-03-28,,,,,,,4.6400,,,1.0000,,,,,,,,,,,,,,,
2005-03-29,,,,,,,4.6000,,,1.0000,,,,,,,,,,,,,,,
2005-03-30,,,,,,,4.5600,,,1.0000,,,,,,,,,,,,,,,
2005-03-31,,,,,,,4.5000,,,1.0000,,,,,,,,,,,,,,,
2005-04-01,193.7000,200.2000,81.6030,81.8310,5.2000,133520.0000,4.4600,96.6532,65.6400,1.0000,9.4000,2293074.8000,4.7500,4.8000,0.1000,528260.4000,141134.3000,2.7900,15922.7820,79.1000,82.7000,97.8496,66.4000,545530.0000,0.1000
2005-04-02,,,,,,,,,,1.0000,,,,,,,,,,,,,,,
2005-04-03,,,,,,,,,,1.0000,,,,,,,,,,,,,,,
2005-04-04,,,,,,,4.4700,,,1.0000,,,,,,,,,,,,,,,
2005-04-05,,,,,,,4.4800,,,1.0000,,,,,,,,,,,,,,,
2005-04-06,,,,,,,4.4400,,,1.0000,,,,,,,,,,,,,,,
2005-04-07,,,,,,,4.4900,,,1.0000,,,,,,,,,,,,,,,
2005-04-08,,,,,,,4.5000,,,1.0000,,,,,,,,,,,,,,,
2005-04-09,,,,,,,,,,1.0000,,,,,,,,,,,,,,,
2005-04-10,,,,,,,,,,1.0000,,,,,,,,,,,,,,,
2005-04-11,,,,,,,4.4500,,,1.0000,,,,,,,,,,,,,,,
2005-04-12,,,,,,,4.3800,,,1.0000,,,,,,,,,,,,,,,
2005-04-13,,,,,,,4.3800,,,1.0000,,,,,,,,,,,,,,,
2005-04-14,,,,,,,4.3700,,,1.0000,,,,,,,,,,,,,,,
2005-04-15,,,,,,,4.2700,,,1.0000,,,,,,,,,,,,,,,
2005-04-16,,,,,,,,,,1.0000,,,,,,,,,,,,,,,
2005-04-17,,,,,,,,,,1.0000,,,,,,,,,,,,,,,
2005-04-18,,,,,,,4.2700,,,1.0000,,,,,,,,,,,,,,,
2005-04-19,,,,,,,4.2100,,,1.0000,,,,,,,,,,,,,,,
2005-04-20,,,,,,,4.2200,,,1.0000,,,,,,,,,,,,,,,
2005-04-21,,,,,,,4.3200,,,1.0000,,,,,,,,,,,,,,,
2005-04-22,,,,,,,4.2600,,,1.0000,,,,,,,,,,,,,,,
2005-04-23,,,,,,,,,,1.0000,,,,,,,,,,,,,,,
2005-04-24,,,,,,,,,,1.0000,,,,,,,,,,,,,,,
2005-04-25,,,,,,,4.2600,,,1.0000,,,,,,,,,,,,,,,
2005-04-26,,,,,,,4.2800,,,1.0000,,,,,,,,,,,,,,,
2005-04-27,,,,,,,4.2500,,,1.0000,,,,,,,,,,,,,,,
2005-04-28,,,,,,,4.1900,,,1.0000,,,,,,,,,,,,,,,
2005-04-29,,,,,,,4.2100,,,1.0000,,,,,,,,,,,,,,,
2005-04-30,,,,,,,,,,1.0000,,,,,,,,,,,,,,,
2005-05-01,193.6000,200.5000,81.6490,81.9990,5.1000,133689.0000,,96.7402,65.7800,1.0000,9.3000,,4.7500,4.8000,0.1000,,,3.0000,,79.4000,82.9000,97.7524,66.5400,,0.1000
2005-05-02,,,,,,,4.2100,,,1.0000,,,,,,,,,,,,,,,
2005-05-03,,,,,,,4.2100,,,1.0000,,,,,,,,,,,,,,,
2005-05-04,,,,,,,4.2000,,,1.0000,,,,,,,,,,,,,,,
2005-05-05,,,,,,,4.1900,,,1.0000,,,,,,,,,,,,,,,
2005-05-06,,,,,,,4.2800,,,1.0000,,,,,,,,,,,,,,,
2005-05-07,,,,,,,,,,1.0000,,,,,,,,,,,,,,,
2005-05-08,,,,,,,,,,1.0000,,,,,,,,,,,,,,,
2005-05-09,,,,,,,4.2900,,,1.0000,,,,,,,,,,,,,,,
2005-05-10,,,,,,,4.2300,,,1.0000,,,,,,,,,,,,,,,
2005-05-11,,,,,,,4.2100,,,1.0000,,,,,,,,,,,,,,,
2005-05-12,,,,,,,4.1800,,,1.0000,,,,,,,,,,,,,,,
2005-05-13,,,,,,,4.1200,,,1.0000,,,,,,,,,,,,,,,
2005-05-14,,,,,,,,,,1.0000,,,,,,,,,,,,,,,
2005-05-15,,,,,,,,,,1.0000,,,,,,,,,,,,,,,
2005-05-16,,,,,,,4.1300,,,1.0000,,,,,,,,,,,,,,,
2005-05-17,,,,,,,4.1200,,,1.0000,,,,,,,,,,,,,,,
2005-05-18,,,,,,,4.0700,,,1.0000,,,,,,,,,,,,,,,
2005-05-19,,,,,,,4.1100,,,1.0000,,,,,,,,,,,,,,,
2005-05-20,,,,,,,4.1300,,,1.0000,,,,,,,,,,,,,,,
2005-05-21,,,,,,,,,,1.0000,,,,,,,,,,,,,,,
2005-05-22,,,,,,,,,,1.0000,,,,,,,,,,,,,,,
2005-05-23,,,,,,,4.0700,,,1.0000,,,,,,,,,,,,,,,
2005-05-24,,,,,,,4.0400,,,1.0000,,,,,,,,,,,,,,,
2005-05-25,,,,,,,4.0800,,,1.0000,,,,,,,,,,,,,,,
2005-05-26,,,,,,,4.0800,,,1.0000,,,,,,,,,,,,,,,
2005-05-27,,,,,,,4.0800,,,1.0000,,,,,,,,,,,,,,,
2005-05-28,,,,,,,,,,1.0000,,,,,,,,,,,,,,,
2005-05-29,,,,,,,,,,1.0000,,,,,,,,,,,,,,,
2005-05-30,,,,,,,,,,1.0000,,,,,,,,,,,,,,,
2005-05-31,,,,,,,4.0000,,,1.0000,,,,,,,,,,,,,,,
2005-06-01,193.7000,200.6000,81.7000,82.0560,5.0000,133948.0000,3.9100,97.1753,65.8600,1.0000,9.3000,,4.7500,4.7000,0.1000,,,3.0400,,79.4000,83.0000,97.5327,66.6200,,-0.4000
2005-06-02,,,,,,,3.8900,,,1.0000,,,,,,,,,,,,,,,
2005-06-03,,,,,,,3.9800,,,1.0000,,,,,,,,,,,,,,,
2005-06-04,,,,,,,,,,1.0000,,,,,,,,,,,,,,,
2005-06-05,,,,,,,,,,1.0000,,,,,,,,,,,,,,,
2005-06-06,,,,,,,3.9600,,,1.0000,,,,,,,,,,,,,,,
2005-06-07,,,,,,,3.9200,,,1.0000,,,,,,,,,,,,,,,
2005-06-08,,,,,,,3.9500,,,1.0000,,,,,,,,,,,,,,,
2005-06-09,,,,,,,3.9800,,,1.0000,,,,,,,,,,,,,,,
2005-06-10,,,,,,,4.0500,,,1.0000,,,,,,,,,,,,,,,
2005-06-11,,,,,,,,,,1.0000,,,,,,,,,,,,,,,
2005-06-12,,,,,,,,,,1.0000,,,,,,,,,,,,,,,
2005-06-13,,,,,,,4.0900,,,1.0000,,,,,,,,,,,,,,,
2005-06-14,,,,,,,4.1300,,,1.0000,,,,,,,,,,,,,,,
2005-06-15,,,,,,,4.1200,,,1.0000,,,,,,,,,,,,,,,
2005-06-16,,,,,,,4.0900,,,1.0000,,,,,,,,,,,,,,,
2005-06-17,,,,,,,4.0900,,,1.0000,,,,,,,,,,,,,,,
2005-06-18,,,,,,,,,,1.0000,,,,,,,,,,,,,,,
2005-06-19,,,,,,,,,,1.0000,,,,,,,,,,,,,,,
2005-06-20,,,,,,,4.1100,,,1.0000,,,,,,,,,,,,,,,
2005-06-21,,,,,,,4.0600,,,1.0000,,,,,,,,,,,,,,,
2005-06-22,,,,,,,3.9500,,,1.0000,,,,,,,,,,,,,,,
2005-06-23,,,,,,,3.9600,,,1.0000,,,,,,,,,,,,,,,
2005-06-24,,,,,,,3.9200,,,1.0000,,,,,,,,,,,,,,,
2005-06-25,,,,,,,,,,1.0000,,,,,,,,,,,,,,,
2005-06-26,,,,,,,,,,1.0000,,,,,,,,,,,,,,,
2005-06-27,,,,,,,3.9000,,,1.0000,,,,,,,,,,,,,,,
2005-06-28,,,,,,,3.9700,,,1.0000,,,,,,,,,,,,,,,
2005-06-29,,,,,,,3.9900,,,1.0000,,,,,,,,,,,,,,,
2005-06-30,,,,,,,3.9400,,,1.0000,,,,,,,,,,,,,,,
2005-07-01,194.9000,200.9000,82.0460,82.1760,5.0000,134300.0000,4.0600,96.8676,65.7800,1.0000,9.2000,2310122.7000,4.7500,4.7000,0.1000,533016.4000,142150.9000,3.2600,16047.5870,79.5000,83.1000,96.9991,66.5400,550552.0000,-0.1000
2005-07-02,,,,,,,,,,1.0000,,,,,,,,,,,,,,,
2005-07-03,,,,,,,,,,1.0000,,,,,,,,,,,,,,,
2005-07-04,,,,,,,,,,1.0000,,,,,,,,,,,,,,,
2005-07-05,,,,,,,4.1100,,,1.0000,,,,,,,,,,,,,,,
2005-07-06,,,,,,,4.0800,,,1.0000,,,,,,,,,,,,,,,
2005-07-07,,,,,,,4.0500,,,1.0000,,,,,,,,,,,,,,,
2005-07-08,,,,,,,4.1100,,,1.0000,,,,,,,,,,,,,,,
2005-07-09,,,,,,,,,,1.0000,,,,,,,,,,,,,,,
2005-07-10,,,,,,,,,,1.0000,,,,,,,,,,,,,,,
2005-07-11,,,,,,,4.1100,,,1.0000,,,,,,,,,,,,,,,
2005-07-12,,,,,,,4.1500,,,1.0000,,,,,,,,,,,,,,,
2005-07-13,,,,,,,4.1700,,,1.0000,,,,,,,,,,,,,,,
2005-07-14,,,,,,,4.1900,,,1.0000,,,,,,,,,,,,,,,
2005-07-15,,,,,,,4.1800,,,1.0000,,,,,,,,,,,,,,,
2005-07-16,,,,,,,,,,1.0000,,,,,,,,,,,,,,,
2005-07-17,,,,,,,,,,1.0000,,,,,,,,,,,,,,,
2005-07-18,,,,,,,4.2200,,,1.0000,,,,,,,,,,,,,,,
2005-07-19,,,,,,,4.2000,,,1.0000,,,,,,,,,,,,,,,
2005-07-20,,,,,,,4.1700,,,1.0000,,,,,,,,,,,,,,,
2005-07-21,,,,,,,4.2800,,,1.0000,,,,,,,,,,,,,,,
2005-07-22,,,,,,,4.2300,,,1.0000,,,,,,,,,,,,,,,
2005-07-23,,,,,,,,,,1.0000,,,,,,,,,,,,,,,
2005-07-24,,,,,,,,,,1.0000,,,,,,,,,,,,,,,
2005-07-25,,,,,,,4.2500,,,1.0000,,,,,,,,,,,,,,,
2005-07-26,,,,,,,4.2400,,,1.0000,,,,,,,,,,,,,,,
2005-07-27,,,,,,,4.2700,,,1.0000,,,,,,,,,,,,,,,
2005-07-28,,,,,,,4.2000,,,1.0000,,,,,,,,,,,,,,,
2005-07-29,,,,,,,4.2800,,,1.0000,,,,,,,,,,,,,,,
2005-07-30,,,,,,,,,,1.0000,,,,,,,,,,,,,,,
2005-07-31,,,,,,,,,,1.0000,,,,,,,,,,,,,,,
2005-08-01,196.1000,201.1000,82.3770,82.2430,4.9000,134502.0000,4.3200,97.1833,65.9400,1.0000,9.2000,,4.5000,4.7000,0.1000,,,3.5000,,79.7000,83.3000,97.1389,66.6900,,0.1000
2005-08-02,,,,,,,4.3400,,,1.0000,,,,,,,,,,,,,,,
2005-08-03,,,,,,,4.3000,,,1.0000,,,,,,,,,,,,,,,
2005-08-04,,,,,,,4.3200,,,1.0000,,,,,,,,,,,,,,,
2005-08-05,,,,,,,4.4000,,,1.0000,,,,,,,,,,,,,,,
2005-08-06,,,,,,,,,,1.0000,,,,,,,,,,,,,,,
2005-08-07,,,,,,,,,,1.0000,,,,,,,,,,,,,,,
2005-08-08,,,,,,,4.4200,,,1.0000,,,,,,,,,,,,,,,
2005-08-09,,,,,,,4.4100,,,1.0000,,,,,,,,,,,,,,,
2005-08-10,,,,,,,4.4000,,,1.0000,,,,,,,,,,,,,,,
2005-08-11,,,,,,,4.3200,,,1.0000,,,,,,,,,,,,,,,
2005-08-12,,,,,,,4.2400,,,1.0000,,,,,,,,,,,,,,,
2005-08-13,,,,,,,,,,1.0000,,,,,,,,,,,,,,,
2005-08-14,,,,,,,,,,1.0000,,,,,,,,,,,,,,,
2005-08-15,,,,,,,4.2700,,,1.0000,,,,,,,,,,,,,,,
2005-08-16,,,,,,,4.2300,,,1.0000,,,,,,,,,,,,,,,
2005-08-17,,,,,,,4.2800,,,1.0000,,,,,,,,,,,,,,,
2005-08-18,,,,,,,4.2100,,,1.0000,,,,,,,,,,,,,,,
2005-08-19,,,,,,,4.2100,,,1.0000,,,,,,,,,,,,,,,
2005-08-20,,,,,,,,,,1.0000,,,,,,,,,,,,,,,
2005-08-21,,,,,,,,,,1.0000,,,,,,,,,,,,,,,
2005-08-22,,,,,,,4.2200,,,1.0000,,,,,,,,,,,,,,,
2005-08-23,,,,,,,4.2000,,,1.0000,,,,,,,,,,,,,,,
2005-08-24,,,,,,,4.1900,,,1.0000,,,,,,,,,,,,,,,
2005-08-25,,,,,,,4.1800,,,1.0000,,,,,,,,,,,,,,,
2005-08-26,,,,,,,4.2000,,,1.0000,,,,,,,,,,,,,,,
2005-08-27,,,,,,,,,,1.0000,,,,,,,,,,,,,,,
2005-08-28,,,,,,,,,,1.0000,,,,,,,,,,,,,,,
2005-08-29,,,,,,,4.2000,,,1.0000,,,,,,,,,,,,,,,
2005-08-30,,,,,,,4.1600,,,1.0000,,,,,,,,,,,,,,,
2005-08-31,,,,,,,4.0200,,,1.0000,,,,,,,,,,,,,,,
2005-09-01,198.8000,201.3000,83.1720,82.4250,5.0000,134552.0000,4.0200,95.3005,66.2800,1.0000,9.2000,,4.5000,4.9000,0.1000,,,3.6200,,79.9000,83.3000,97.5639,67.0100,,0.3000
2005-09-02,,,,,,,4.0300,,,1.0000,,,,,,,,,,,,,,,
2005-09-03,,,,,,,,,,1.0000,,,,,,,,,,,,,,,
2005-09-04,,,,,,,,,,1.0000,,,,,,,,,,,,,,,
2005-09-05,,,,,,,,,,1.0000,,,,,,,,,,,,,,,
2005-09-06,,,,,,,4.0900,,,1.0000,,,,,,,,,,,,,,,
2005-09-07,,,,,,,4.1500,,,1.0000,,,,,,,,,,,,,,,
2005-09-08,,,,,,,4.1500,,,1.0000,,,,,,,,,,,,,,,
2005-09-09,,,,,,,4.1400,,,1.0000,,,,,,,,,,,,,,,
2005-09-10,,,,,,,,,,1.0000,,,,,,,,,,,,,,,
2005-09-11,,,,,,,,,,1.0000,,,,,,,,,,,,,,,
2005-09-12,,,,,,,4.1800,,,1.0000,,,,,,,,,,,,,,,
2005-09-13,,,,,,,4.1400,,,1.0000,,,,,,,,,,,,,,,
2005-09-14,,,,,,,4.1700,,,1.0000,,,,,,,,,,,,,,,
2005-09-15,,,,,,,4.2200,,,1.0000,,,,,,,,,,,,,,,
2005-09-16,,,,,,,4.2600,,,1.0000,,,,,,,,,,,,,,,
2005-09-17,,,,,,,,,,1.0000,,,,,,,,,,,,,,,
2005-09-18,,,,,,,,,,1.0000,,,,,,,,,,,,,,,
2005-09-19,,,,,,,4.2500,,,1.0000,,,,,,,,,,,,,,,
2005-09-20,,,,,,,4.2600,,,1.0000,,,,,,,,,,,,,,,
2005-09-21,,,,,,,4.1900,,,1.0000,,,,,,,,,,,,,,,
2005-09-22,,,,,,,4.1900,,,1.0000,,,,,,,,,,,,,,,
2005-09-23,,,,,,,4.2500,,,1.0000,,,,,,,,,,,,,,,
2005-09-24,,,,,,,,,,1.0000,,,,,,,,,,,,,,,
2005-09-25,,,,,,,,,,1.0000,,,,,,,,,,,,,,,
2005-09-26,,,,,,,4.3000,,,1.0000,,,,,,,,,,,,,,,
2005-09-27,,,,,,,4.3000,,,1.0000,,,,,,,,,,,,,,,
2005-09-28,,,,,,,4.2600,,,1.0000,,,,,,,,,,,,,,,
2005-09-29,,,,,,,4.2900,,,1.0000,,,,,,,,,,,,,,,
2005-09-30,,,,,,,4.3400,,,1.0000,,,,,,,,,,,,,,,
2005-10-01,199.1000,202.0000,83.3050,82.6620,5.0000,134641.0000,,96.4572,66.4500,1.0000,9.2000,2326205.3000,4.5000,5.1000,0.1000,534528.1000,143580.0000,3.7800,16136.7340,80.0000,83.4000,98.4170,67.1800,556311.0000,0.0000
2005-10-02,,,,,,,,,,1.0000,,,,,,,,,,,,,,,
2005-10-03,,,,,,,4.3900,,,1.0000,,,,,,,,,,,,,,,
2005-10-04,,,,,,,4.3800,,,1.0000,,,,,,,,,,,,,,,
2005-10-05,,,,,,,4.3600,,,1.0000,,,,,,,,,,,,,,,
2005-10-06,,,,,,,4.3700,,,1.0000,,,,,,,,,,,,,,,
2005-10-07,,,,,,,4.3500,,,1.0000,,,,,,,,,,,,,,,
2005-10-08,,,,,,,,,,1.0000,,,,,,,,,,,,,,,
2005-10-09,,,,,,,,,,1.0000,,,,,,,,,,,,,,,
2005-10-10,,,,,,,,,,1.0000,,,,,,,,,,,,,,,
2005-10-11,,,,,,,4.3900,,,1.0000,,,,,,,,,,,,,,,
2005-10-12,,,,,,,4.4500,,,1.0000,,,,,,,,,,,,,,,
2005-10-13,,,,,,,4.4800,,,1.0000,,,,,,,,,,,,,,,
2005-10-14,,,,,,,4.4800,,,1.0000,,,,,,,,,,,,,,,
2005-10-15,,,,,,,,,,1.0000,,,,,,,,,,,,,,,
2005-10-16,,,,,,,,,,1.0000,,,,,,,,,,,,,,,
2005-10-17,,,,,,,4.5000,,,1.0000,,,,,,,,,,,,,,,
2005-10-18,,,,,,,4.4900,,,1.0000,,,,,,,,,,,,,,,
2005-10-19,,,,,,,4.4700,,,1.0000,,,,,,,,,,,,,,,
2005-10-20,,,,,,,4.4600,,,1.0000,,,,,,,,,,,,,,,
2005-10-21,,,,,,,4.3900,,,1.0000,,,,,,,,,,,,,,,
2005-10-22,,,,,,,,,,1.0000,,,,,,,,,,,,,,,
2005-10-23,,,,,,,,,,1.0000,,,,,,,,,,,,,,,
2005-10-24,,,,,,,4.4500,,,1.0000,,,,,,,,,,,,,,,
2005-10-25,,,,,,,4.5400,,,1.0000,,,,,,,,,,,,,,,
2005-10-26,,,,,,,4.6000,,,1.0000,,,,,,,,,,,,,,,
2005-10-27,,,,,,,4.5700,,,1.0000,,,,,,,,,,,,,,,
2005-10-28,,,,,,,4.5800,,,1.0000,,,,,,,,,,,,,,,
2005-10-29,,,,,,,,,,1.0000,,,,,,,,,,,,,,,
2005-10-30,,,,,,,,,,1.0000,,,,,,,,,,,,,,,
2005-10-31,,,,,,,4.5700,,,1.0000,,,,,,,,,,,,,,,
2005-11-01,198.1000,202.5000,83.1310,82.8730,5.0000,134997.0000,4.5800,97.5414,66.3100,1.0000,9.1000,,4.5000,5.1000,0.1000,,,4.0000,,80.0000,83.5000,98.1404,67.0300,,-0.4000
2005-11-02,,,,,,,4.6100,,,1.0000,,,,,,,,,,,,,,,
2005-11-03,,,,,,,4.6500,,,1.0000,,,,,,,,,,,,,,,
2005-11-04,,,,,,,4.6600,,,1.0000,,,,,,,,,,,,,,,
2005-11-05,,,,,,,,,,1.0000,,,,,,,,,,,,,,,
2005-11-06,,,,,,,,,,1.0000,,,,,,,,,,,,,,,
2005-11-07,,,,,,,4.6500,,,1.0000,,,,,,,,,,,,,,,
2005-11-08,,,,,,,4.5700,,,1.0000,,,,,,,,,,,,,,,
2005-11-09,,,,,,,4.6400,,,1.0000,,,,,,,,,,,,,,,
2005-11-10,,,,,,,4.5500,,,1.0000,,,,,,,,,,,,,,,
2005-11-11,,,,,,,,,,1.0000,,,,,,,,,,,,,,,
2005-11-12,,,,,,,,,,1.0000,,,,,,,,,,,,,,,
2005-11-13,,,,,,,,,,1.0000,,,,,,,,,,,,,,,
2005-11-14,,,,,,,4.6100,,,1.0000,,,,,,,,,,,,,,,
2005-11-15,,,,,,,4.5600,,,1.0000,,,,,,,,,,,,,,,
2005-11-16,,,,,,,4.4900,,,1.0000,,,,,,,,,,,,,,,
2005-11-17,,,,,,,4.4600,,,1.0000,,,,,,,,,,,,,,,
2005-11-18,,,,,,,4.5000,,,1.0000,,,,,,,,,,,,,,,
2005-11-19,,,,,,,,,,1.0000,,,,,,,,,,,,,,,
2005-11-20,,,,,,,,,,1.0000,,,,,,,,,,,,,,,
2005-11-21,,,,,,,4.4600,,,1.0000,,,,,,,,,,,,,,,
2005-11-22,,,,,,,4.4300,,,1.0000,,,,,,,,,,,,,,,
2005-11-23,,,,,,,4.4700,,,1.0000,,,,,,,,,,,,,,,
2005-11-24,,,,,,,,,,1.0000,,,,,,,,,,,,,,,
2005-11-25,,,,,,,4.4300,,,1.0000,,,,,,,,,,,,,,,
2005-11-26,,,,,,,,,,1.0000,,,,,,,,,,,,,,,
2005-11-27,,,,,,,,,,1.0000,,,,,,,,,,,,,,,
2005-11-28,,,,,,,4.4100,,,1.0000,,,,,,,,,,,,,,,
2005-11-29,,,,,,,4.4800,,,1.0000,,,,,,,,,,,,,,,
2005-11-30,,,,,,,4.4900,,,1.0000,,,,,,,,,,,,,,,
2005-12-01,198.1000,202.8000,83.1310,82.9590,4.9000,135159.0000,4.5200,98.0452,66.5300,1.0000,9.1000,,4.5000,5.1000,0.1000,,,4.1600,,80.3000,83.8000,98.0331,67.2700,,0.1000
2005-12-02,,,,,,,4.5200,,,1.0000,,,,,,,,,,,,,,,
2005-12-03,,,,,,,,,,1.0000,,,,,,,,,,,,,,,
2005-12-04,,,,,,,,,,1.0000,,,,,,,,,,,,,,,
2005-12-05,,,,,,,4.5700,,,1.0000,,,,,,,,,,,,,,,
2005-12-06,,,,,,,4.4900,,,1.2500,,,,,,,,,,,,,,,
2005-12-07,,,,,,,4.5200,,,1.2500,,,,,,,,,,,,,,,
2005-12-08,,,,,,,4.4700,,,1.2500,,,,,,,,,,,,,,,
2005-12-09,,,,,,,4.5400,,,1.2500,,,,,,,,,,,,,,,
2005-12-10,,,,,,,,,,1.2500,,,,,,,,,,,,,,,
2005-12-11,,,,,,,,,,1.2500,,,,,,,,,,,,,,,
2005-12-12,,,,,,,4.5600,,,1.2500,,,,,,,,,,,,,,,
2005-12-13,,,,,,,4.5400,,,1.2500,,,,,,,,,,,,,,,
2005-12-14,,,,,,,4.4500,,,1.2500,,,,,,,,,,,,,,,
2005-12-15,,,,,,,4.4700,,,1.2500,,,,,,,,,,,,,,,
2005-12-16,,,,,,,4.4500,,,1.2500,,,,,,,,,,,,,,,
2005-12-17,,,,,,,,,,1.2500,,,,,,,,,,,,,,,
2005-12-18,,,,,,,,,,1.2500,,,,,,,,,,,,,,,
2005-12-19,,,,,,,4.4500,,,1.2500,,,,,,,,,,,,,,,
2005-12-20,,,,,,,4.4700,,,1.2500,,,,,,,,,,,,,,,
2005-12-21,,,,,,,4.4900,,,1.2500,,,,,,,,,,,,,,,
2005-12-22,,,,,,,4.4400,,,1.2500,,,,,,,,,,,,,,,
2005-12-23,,,,,,,4.3800,,,1.2500,,,,,,,,,,,,,,,
2005-12-24,,,,,,,,,,1.2500,,,,,,,,,,,,,,,
2005-12-25,,,,,,,,,,1.2500,,,,,,,,,,,,,,,
2005-12-26,,,,,,,,,,1.2500,,,,,,,,,,,,,,,
2005-12-27,,,,,,,4.3400,,,1.2500,,,,,,,,,,,,,,,
2005-12-28,,,,,,,4.3800,,,1.2500,,,,,,,,,,,,,,,
2005-12-29,,,,,,,4.3700,,,1.2500,,,,,,,,,,,,,,,
2005-12-30,,,,,,,4.3900,,,1.2500,,,,,,,,,,,,,,,
2005-12-31,,,,,,,,,,1.2500,,,,,,,,,,,,,,,
2006-01-01,199.3000,203.2000,83.5340,83.1450,4.7000,135427.0000,,98.1999,66.2400,1.2500,9.0000,2348177.1000,4.5000,5.2000,0.1000,534942.4000,145690.0000,4.2900,16353.8350,80.0000,83.4000,97.8530,66.9700,558314.0000,0.1000
2006-01-02,,,,,,,,,,1.2500,,,,,,,,,,,,,,,
2006-01-03,,,,,,,4.3700,,,1.2500,,,,,,,,,,,,,,,
2006-01-04,,,,,,,4.3600,,,1.2500,,,,,,,,,,,,,,,
2006-01-05,,,,,,,4.3600,,,1.2500,,,,,,,,,,,,,,,
2006-01-06,,,,,,,4.3800,,,1.2500,,,,,,,,,,,,,,,
2006-01-07,,,,,,,,,,1.2500,,,,,,,,,,,,,,,
2006-01-08,,,,,,,,,,1.2500,,,,,,,,,,,,,,,
2006-01-09,,,,,,,4.3800,,,1.2500,,,,,,,,,,,,,,,
2006-01-10,,,,,,,4.4300,,,1.2500,,,,,,,,,,,,,,,
2006-01-11,,,,,,,4.4600,,,1.2500,,,,,,,,,,,,,,,
2006-01-12,,,,,,,4.4200,,,1.2500,,,,,,,,,,,,,,,
2006-01-13,,,,,,,4.3600,,,1.2500,,,,,,,,,,,,,,,
2006-01-14,,,,,,,,,,1.2500,,,,,,,,,,,,,,,
2006-01-15,,,,,,,,,,1.2500,,,,,,,,,,,,,,,
2006-01-16,,,,,,,,,,1.2500,,,,,,,,,,,,,,,
2006-01-17,,,,,,,4.3400,,,1.2500,,,,,,,,,,,,,,,
2006-01-18,,,,,,,4.3400,,,1.2500,,,,,,,,,,,,,,,
2006-01-19,,,,,,,4.3800,,,1.2500,,,,,,,,,,,,,,,
2006-01-20,,,,,,,4.3700,,,1.2500,,,,,,,,,,,,,,,
2006-01-21,,,,,,,,,,1.2500,,,,,,,,,,,,,,,
2006-01-22,,,,,,,,,,1.2500,,,,,,,,,,,,,,,
2006-01-23,,,,,,,4.3600,,,1.2500,,,,,,,,,,,,,,,
2006-01-24,,,,,,,4.4000,,,1.2500,,,,,,,,,,,,,,,
2006-01-25,,,,,,,4.4900,,,1.2500,,,,,,,,,,,,,,,
2006-01-26,,,,,,,4.5300,,,1.2500,,,,,,,,,,,,,,,
2006-01-27,,,,,,,4.5200,,,1.2500,,,,,,,,,,,,,,,
2006-01-28,,,,,,,,,,1.2500,,,,,,,,,,,,,,,
2006-01-29,,,,,,,,,,1.2500,,,,,,,,,,,,,,,
2006-01-30,,,,,,,4.5400,,,1.2500,,,,,,,,,,,,,,,
2006-01-31,,,,,,,4.5300,,,1.2500,,,,,,,,,,,,,,,
2006-02-01,199.4000,203.6000,83.5840,83.2790,4.8000,135733.0000,4.5700,98.2413,66.4200,1.2500,8.9000,,4.5000,5.2000,0.1000,,,4.4900,,80.2000,83.6000,98.1578,67.1600,,-0.3000
2006-02-02,,,,,,,4.5700,,,1.2500,,,,,,,,,,,,,,,
2006-02-03,,,,,,,4.5400,,,1.2500,,,,,,,,,,,,,,,
2006-02-04,,,,,,,,,,1.2500,,,,,,,,,,,,,,,
2006-02-05,,,,,,,,,,1.2500,,,,,,,,,,,,,,,
2006-02-06,,,,,,,4.5500,,,1.2500,,,,,,,,,,,,,,,
2006-02-07,,,,,,,4.5700,,,1.2500,,,,,,,,,,,,,,,
2006-02-08,,,,,,,4.5600,,,1.2500,,,,,,,,,,,,,,,
2006-02-09,,,,,,,4.5400,,,1.2500,,,,,,,,,,,,,,,
2006-02-10,,,,,,,4.5900,,,1.2500,,,,,,,,,,,,,,,
2006-02-11,,,,,,,,,,1.2500,,,,,,,,,,,,,,,
2006-02-12,,,,,,,,,,1.2500,,,,,,,,,,,,,,,
2006-02-13,,,,,,,4.5800,,,1.2500,,,,,,,,,,,,,,,
2006-02-14,,,,,,,4.6200,,,1.2500,,,,,,,,,,,,,,,
2006-02-15,,,,,,,4.6100,,,1.2500,,,,,,,,,,,,,,,
2006-02-16,,,,,,,4.5900,,,1.2500,,,,,,,,,,,,,,,
2006-02-17,,,,,,,4.5400,,,1.2500,,,,,,,,,,,,,,,
2006-02-18,,,,,,,,,,1.2500,,,,,,,,,,,,,,,
2006-02-19,,,,,,,,,,1.2500,,,,,,,,,,,,,,,
2006-02-20,,,,,,,,,,1.2500,,,,,,,,,,,,,,,
2006-02-21,,,,,,,4.5700,,,1.2500,,,,,,,,,,,,,,,
2006-02-22,,,,,,,4.5300,,,1.2500,,,,,,,,,,,,,,,
2006-02-23,,,,,,,4.5600,,,1.2500,,,,,,,,,,,,,,,
2006-02-24,,,,,,,4.5800,,,1.2500,,,,,,,,,,,,,,,
2006-02-25,,,,,,,,,,1.2500,,,,,,,,,,,,,,,
2006-02-26,,,,,,,,,,1.2500,,,,,,,,,,,,,,,
2006-02-27,,,,,,,4.5900,,,1.2500,,,,,,,,,,,,,,,
2006-02-28,,,,,,,4.5500,,,1.2500,,,,,,,,,,,,,,,
2006-03-01,199.7000,204.3000,83.7460,83.5090,4.7000,136038.0000,4.5900,98.4628,66.8100,1.2500,8.8000,,4.5000,5.3000,0.1000,,,4.5900,,80.4000,83.8000,98.0536,67.5400,,0.2000
2006-03-02,,,,,,,4.6400,,,1.2500,,,,,,,,,,,,,,,
2006-03-03,,,,,,,4.6800,,,1.2500,,,,,,,,,,,,,,,
2006-03-04,,,,,,,,,,1.2500,,,,,,,,,,,,,,,
2006-03-05,,,,,,,,,,1.2500,,,,,,,,,,,,,,,
2006-03-06,,,,,,,4.7400,,,1.2500,,,,,,,,,,,,,,,
2006-03-07,,,,,,,4.7400,,,1.2500,,,,,,,,,,,,,,,
2006-03-08,,,,,,,4.7300,,,1.5000,,,,,,,,,,,,,,,
2006-03-09,,,,,,,4.7400,,,1.5000,,,,,,,,,,,,,,,
2006-03-10,,,,,,,4.7600,,,1.5000,,,,,,,,,,,,,,,
2006-03-11,,,,,,,,,,1.5000,,,,,,,,,,,,,,,
2006-03-12,,,,,,,,,,1.5000,,,,,,,,,,,,,,,
2006-03-13,,,,,,,4.7700,,,1.5000,,,,,,,,,,,,,,,
2006-03-14,,,,,,,4.7100,,,1.5000,,,,,,,,,,,,,,,
2006-03-15,,,,,,,4.7300,,,1.5000,,,,,,,,,,,,,,,
2006-03-16,,,,,,,4.6500,,,1.5000,,,,,,,,,,,,,,,
2006-03-17,,,,,,,4.6800,,,1.5000,,,,,,,,,,,,,,,
2006-03-18,,,,,,,,,,1.5000,,,,,,,,,,,,,,,
2006-03-19,,,,,,,,,,1.5000,,,,,,,,,,,,,,,
2006-03-20,,,,,,,4.6600,,,1.5000,,,,,,,,,,,,,,,
2006-03-21,,,,,,,4.7100,,,1.5000,,,,,,,,,,,,,,,
2006-03-22,,,,,,,4.7000,,,1.5000,,,,,,,,,,,,,,,
2006-03-23,,,,,,,4.7300,,,1.5000,,,,,,,,,,,,,,,
2006-03-24,,,,,,,4.6700,,,1.5000,,,,,,,,,,,,,,,
2006-03-25,,,,,,,,,,1.5000,,,,,,,,,,,,,,,
2006-03-26,,,,,,,,,,1.5000,,,,,,,,,,,,,,,
2006-03-27,,,,,,,4.7000,,,1.5000,,,,,,,,,,,,,,,
2006-03-28,,,,,,,4.7900,,,1.5000,,,,,,,,,,,,,,,
2006-03-29,,,,,,,4.8100,,,1.5000,,,,,,,,,,,,,,,
2006-03-30,,,,,,,4.8600,,,1.5000,,,,,,,,,,,,,,,
2006-03-31,,,,,,,4.8600,,,1.5000,,,,,,,,,,,,,,,
2006-04-01,200.7000,204.8000,84.1350,83.7640,4.7000,136210.0000,,98.7618,67.2500,1.5000,8.7000,2373954.8000,4.5000,5.4000,0.1000,536414.7000,146454.6000,4.7900,16396.1510,80.9000,84.1000,98.8860,68.0000,559795.0000,0.2000
2006-04-02,,,,,,,,,,1.5000,,,,,,,,,,,,,,,
2006-04-03,,,,,,,4.8800,,,1.5000,,,,,,,,,,,,,,,
2006-04-04,,,,,,,4.8700,,,1.5000,,,,,,,,,,,,,,,
2006-04-05,,,,,,,4.8400,,,1.5000,,,,,,,,,,,,,,,
2006-04-06,,,,,,,4.9000,,,1.5000,,,,,,,,,,,,,,,
2006-04-07,,,,,,,4.9700,,,1.5000,,,,,,,,,,,,,,,
2006-04-08,,,,,,,,,,1.5000,,,,,,,,,,,,,,,
2006-04-09,,,,,,,,,,1.5000,,,,,,,,,,,,,,,
2006-04-10,,,,,,,4.9700,,,1.5000,,,,,,,,,,,,,,,
2006-04-11,,,,,,,4.9300,,,1.5000,,,,,,,,,,,,,,,
2006-04-12,,,,,,,4.9800,,,1.5000,,,,,,,,,,,,,,,
2006-04-13,,,,,,,5.0500,,,1.5000,,,,,,,,,,,,,,,
2006-04-14,,,,,,,,,,1.5000,,,,,,,,,,,,,,,
2006-04-15,,,,,,,,,,1.5000,,,,,,,,,,,,,,,
2006-04-16,,,,,,,,,,1.5000,,,,,,,,,,,,,,,
2006-04-17,,,,,,,5.0100,,,1.5000,,,,,,,,,,,,,,,
2006-04-18,,,,,,,4.9900,,,1.5000,,,,,,,,,,,,,,,
2006-04-19,,,,,,,5.0400,,,1.5000,,,,,,,,,,,,,,,
2006-04-20,,,,,,,5.0400,,,1.5000,,,,,,,,,,,,,,,
2006-04-21,,,,,,,5.0100,,,1.5000,,,,,,,,,,,,,,,
2006-04-22,,,,,,,,,,1.5000,,,,,,,,,,,,,,,
2006-04-23,,,,,,,,,,1.5000,,,,,,,,,,,,,,,
2006-04-24,,,,,,,4.9900,,,1.5000,,,,,,,,,,,,,,,
2006-04-25,,,,,,,5.0700,,,1.5000,,,,,,,,,,,,,,,
2006-04-26,,,,,,,5.1200,,,1.5000,,,,,,,,,,,,,,,
2006-04-27,,,,,,,5.0900,,,1.5000,,,,,,,,,,,,,,,
2006-04-28,,,,,,,5.0700,,,1.5000,,,,,,,,,,,,,,,
2006-04-29,,,,,,,,,,1.5000,,,,,,,,,,,,,,,
2006-04-30,,,,,,,,,,1.5000,,,,,,,,,,,,,,,
2006-05-01,201.3000,205.4000,84.3610,83.9740,4.6000,136249.0000,5.1400,98.7869,67.4400,1.5000,8.6000,,4.5000,5.5000,0.1000,,,4.9400,,81.3000,84.2000,99.0837,68.1900,,0.3000
2006-05-02,,,,,,,5.1200,,,1.5000,,,,,,,,,,,,,,,
2006-05-03,,,,,,,5.1500,,,1.5000,,,,,,,,,,,,,,,
2006-05-04,,,,,,,5.1600,,,1.5000,,,,,,,,,,,,,,,
2006-05-05,,,,,,,5.1200,,,1.5000,,,,,,,,,,,,,,,
2006-05-06,,,,,,,,,,1.5000,,,,,,,,,,,,,,,
2006-05-07,,,,,,,,,,1.5000,,,,,,,,,,,,,,,
2006-05-08,,,,,,,5.1200,,,1.5000,,,,,,,,,,,,,,,
2006-05-09,,,,,,,5.1300,,,1.5000,,,,,,,,,,,,,,,
2006-05-10,,,,,,,5.1300,,,1.5000,,,,,,,,,,,,,,,
2006-05-11,,,,,,,5.1400,,,1.5000,,,,,,,,,,,,,,,
2006-05-12,,,,,,,5.1900,,,1.5000,,,,,,,,,,,,,,,
2006-05-13,,,,,,,,,,1.5000,,,,,,,,,,,,,,,
2006-05-14,,,,,,,,,,1.5000,,,,,,,,,,,,,,,
2006-05-15,,,,,,,5.1500,,,1.5000,,,,,,,,,,,,,,,
2006-05-16,,,,,,,5.1000,,,1.5000,,,,,,,,,,,,,,,
2006-05-17,,,,,,,5.1600,,,1.5000,,,,,,,,,,,,,,,
2006-05-18,,,,,,,5.0800,,,1.5000,,,,,,,,,,,,,,,
2006-05-19,,,,,,,5.0500,,,1.5000,,,,,,,,,,,,,,,
2006-05-20,,,,,,,,,,1.5000,,,,,,,,,,,,,,,
2006-05-21,,,,,,,,,,1.5000,,,,,,,,,,,,,,,
2006-05-22,,,,,,,5.0400,,,1.5000,,,,,,,,,,,,,,,
2006-05-23,,,,,,,5.0700,,,1.5000,,,,,,,,,,,,,,,
2006-05-24,,,,,,,5.0300,,,1.5000,,,,,,,,,,,,,,,
2006-05-25,,,,,,,5.0700,,,1.5000,,,,,,,,,,,,,,,
2006-05-26,,,,,,,5.0600,,,1.5000,,,,,,,,,,,,,,,
2006-05-27,,,,,,,,,,1.5000,,,,,,,,,,,,,,,
2006-05-28,,,,,,,,,,1.5000,,,,,,,,,,,,,,,
2006-05-29,,,,,,,,,,1.5000,,,,,,,,,,,,,,,
2006-05-30,,,,,,,5.0900,,,1.5000,,,,,,,,,,,,,,,
2006-05-31,,,,,,,5.1200,,,1.5000,,,,,,,,,,,,,,,
2006-06-01,201.8000,205.9000,84.5690,84.1860,4.6000,136337.0000,5.1100,99.0997,67.4900,1.5000,8.5000,,4.5000,5.5000,0.1000,,,4.9900,,81.5000,84.4000,99.0563,68.2400,,0.0000
2006-06-02,,,,,,,5.0000,,,1.5000,,,,,,,,,,,,,,,
2006-06-03,,,,,,,,,,1.5000,,,,,,,,,,,,,,,
2006-06-04,,,,,,,,,,1.5000,,,,,,,,,,,,,,,
2006-06-05,,,,,,,5.0200,,,1.5000,,,,,,,,,,,,,,,
2006-06-06,,,,,,,5.0100,,,1.5000,,,,,,,,,,,,,,,
2006-06-07,,,,,,,5.0200,,,1.5000,,,,,,,,,,,,,,,
2006-06-08,,,,,,,5.0000,,,1.5000,,,,,,,,,,,,,,,
2006-06-09,,,,,,,4.9800,,,1.5000,,,,,,,,,,,,,,,
2006-06-10,,,,,,,,,,1.5000,,,,,,,,,,,,,,,
2006-06-11,,,,,,,,,,1.5000,,,,,,,,,,,,,,,
2006-06-12,,,,,,,4.9900,,,1.5000,,,,,,,,,,,,,,,
2006-06-13,,,,,,,4.9700,,,1.5000,,,,,,,,,,,,,,,
2006-06-14,,,,,,,5.0500,,,1.5000,,,,,,,,,,,,,,,
2006-06-15,,,,,,,5.1000,,,1.7500,,,,,,,,,,,,,,,
2006-06-16,,,,,,,5.1300,,,1.7500,,,,,,,,,,,,,,,
2006-06-17,,,,,,,,,,1.7500,,,,,,,,,,,,,,,
2006-06-18,,,,,,,,,,1.7500,,,,,,,,,,,,,,,
2006-06-19,,,,,,,5.1400,,,1.7500,,,,,,,,,,,,,,,
2006-06-20,,,,,,,5.1500,,,1.7500,,,,,,,,,,,,,,,
2006-06-21,,,,,,,5.1600,,,1.7500,,,,,,,,,,,,,,,
2006-06-22,,,,,,,5.2000,,,1.7500,,,,,,,,,,,,,,,
2006-06-23,,,,,,,5.2300,,,1.7500,,,,,,,,,,,,,,,
2006-06-24,,,,,,,,,,1.7500,,,,,,,,,,,,,,,
2006-06-25,,,,,,,,,,1.7500,,,,,,,,,,,,,,,
2006-06-26,,,,,,,5.2500,,,1.7500,,,,,,,,,,,,,,,
2006-06-27,,,,,,,5.2100,,,1.7500,,,,,,,,,,,,,,,
2006-06-28,,,,,,,5.2500,,,1.7500,,,,,,,,,,,,,,,
2006-06-29,,,,,,,5.2200,,,1.7500,,,,,,,,,,,,,,,
2006-06-30,,,,,,,5.1500,,,1.7500,,,,,,,,,,,,,,,
2006-07-01,202.9000,206.3000,84.8580,84.2680,4.7000,136529.0000,,99.0489,67.4100,1.7500,8.4000,2386791.7000,4.5000,5.5000,0.4000,536338.3000,147557.6000,5.2400,16420.7380,81.5000,84.3000,98.3810,68.1400,560675.0000,-0.3000
2006-07-02,,,,,,,,,,1.7500,,,,,,,,,,,,,,,
2006-07-03,,,,,,,5.1500,,,1.7500,,,,,,,,,,,,,,,
2006-07-04,,,,,,,,,,1.7500,,,,,,,,,,,,,,,
2006-07-05,,,,,,,5.2300,,,1.7500,,,,,,,,,,,,,,,
2006-07-06,,,,,,,5.1900,,,1.7500,,,,,,,,,,,,,,,
2006-07-07,,,,,,,5.1400,,,1.7500,,,,,,,,,,,,,,,
2006-07-08,,,,,,,,,,1.7500,,,,,,,,,,,,,,,
2006-07-09,,,,,,,,,,1.7500,,,,,,,,,,,,,,,
2006-07-10,,,,,,,5.1300,,,1.7500,,,,,,,,,,,,,,,
2006-07-11,,,,,,,5.1000,,,1.7500,,,,,,,,,,,,,,,
2006-07-12,,,,,,,5.1000,,,1.7500,,,,,,,,,,,,,,,
2006-07-13,,,,,,,5.0800,,,1.7500,,,,,,,,,,,,,,,
2006-07-14,,,,,,,5.0700,,,1.7500,,,,,,,,,,,,,,,
2006-07-15,,,,,,,,,,1.7500,,,,,,,,,,,,,,,
2006-07-16,,,,,,,,,,1.7500,,,,,,,,,,,,,,,
2006-07-17,,,,,,,5.0700,,,1.7500,,,,,,,,,,,,,,,
2006-07-18,,,,,,,5.1300,,,1.7500,,,,,,,,,,,,,,,
2006-07-19,,,,,,,5.0600,,,1.7500,,,,,,,,,,,,,,,
2006-07-20,,,,,,,5.0300,,,1.7500,,,,,,,,,,,,,,,
2006-07-21,,,,,,,5.0500,,,1.7500,,,,,,,,,,,,,,,
2006-07-22,,,,,,,,,,1.7500,,,,,,,,,,,,,,,
2006-07-23,,,,,,,,,,1.7500,,,,,,,,,,,,,,,
2006-07-24,,,,,,,5.0500,,,1.7500,,,,,,,,,,,,,,,
2006-07-25,,,,,,,5.0700,,,1.7500,,,,,,,,,,,,,,,
2006-07-26,,,,,,,5.0400,,,1.7500,,,,,,,,,,,,,,,
2006-07-27,,,,,,,5.0700,,,1.7500,,,,,,,,,,,,,,,
2006-07-28,,,,,,,5.0000,,,1.7500,,,,,,,,,,,,,,,
2006-07-29,,,,,,,,,,1.7500,,,,,,,,,,,,,,,
2006-07-30,,,,,,,,,,1.7500,,,,,,,,,,,,,,,
2006-07-31,,,,,,,4.9900,,,1.7500,,,,,,,,,,,,,,,
2006-08-01,203.8000,206.8000,85.1250,84.4400,4.7000,136692.0000,4.9900,99.4836,67.4700,1.7500,8.4000,,4.7500,5.5000,0.4000,,,5.2500,,81.8000,84.6000,98.5494,68.2000,,0.7000
2006-08-02,,,,,,,4.9600,,,1.7500,,,,,,,,,,,,,,,
2006-08-03,,,,,,,4.9600,,,1.7500,,,,,,,,,,,,,,,
2006-08-04,,,,,,,4.9100,,,1.7500,,,,,,,,,,,,,,,
2006-08-05,,,,,,,,,,1.7500,,,,,,,,,,,,,,,
2006-08-06,,,,,,,,,,1.7500,,,,,,,,,,,,,,,
2006-08-07,,,,,,,4.9300,,,1.7500,,,,,,,,,,,,,,,
2006-08-08,,,,,,,4.9300,,,1.7500,,,,,,,,,,,,,,,
2006-08-09,,,,,,,4.9200,,,2.0000,,,,,,,,,,,,,,,
2006-08-10,,,,,,,4.9300,,,2.0000,,,,,,,,,,,,,,,
2006-08-11,,,,,,,4.9700,,,2.0000,,,,,,,,,,,,,,,
2006-08-12,,,,,,,,,,2.0000,,,,,,,,,,,,,,,
2006-08-13,,,,,,,,,,2.0000,,,,,,,,,,,,,,,
2006-08-14,,,,,,,5.0000,,,2.0000,,,,,,,,,,,,,,,
2006-08-15,,,,,,,4.9300,,,2.0000,,,,,,,,,,,,,,,
2006-08-16,,,,,,,4.8700,,,2.0000,,,,,,,,,,,,,,,
2006-08-17,,,,,,,4.8700,,,2.0000,,,,,,,,,,,,,,,
2006-08-18,,,,,,,4.8400,,,2.0000,,,,,,,,,,,,,,,
2006-08-19,,,,,,,,,,2.0000,,,,,,,,,,,,,,,
2006-08-20,,,,,,,,,,2.0000,,,,,,,,,,,,,,,
2006-08-21,,,,,,,4.8200,,,2.0000,,,,,,,,,,,,,,,
2006-08-22,,,,,,,4.8200,,,2.0000,,,,,,,,,,,,,,,
2006-08-23,,,,,,,4.8200,,,2.0000,,,,,,,,,,,,,,,
2006-08-24,,,,,,,4.8100,,,2.0000,,,,,,,,,,,,,,,
2006-08-25,,,,,,,4.7900,,,2.0000,,,,,,,,,,,,,,,
2006-08-26,,,,,,,,,,2.0000,,,,,,,,,,,,,,,
2006-08-27,,,,,,,,,,2.0000,,,,,,,,,,,,,,,
2006-08-28,,,,,,,4.8000,,,2.0000,,,,,,,,,,,,,,,
2006-08-29,,,,,,,4.7900,,,2.0000,,,,,,,,,,,,,,,
2006-08-30,,,,,,,4.7600,,,2.0000,,,,,,,,,,,,,,,
2006-08-31,,,,,,,4.7400,,,2.0000,,,,,,,,,,,,,,,
2006-09-01,202.8000,207.2000,84.9020,84.5730,4.5000,136826.0000,4.7300,99.3183,67.4700,2.0000,8.3000,,4.7500,5.5000,0.4000,,,5.2500,,81.9000,84.8000,98.3384,68.2000,,0.0000
2006-09-02,,,,,,,,,,2.0000,,,,,,,,,,,,,,,
2006-09-03,,,,,,,,,,2.0000,,,,,,,,,,,,,,,
2006-09-04,,,,,,,,,,2.0000,,,,,,,,,,,,,,,
2006-09-05,,,,,,,4.7800,,,2.0000,,,,,,,,,,,,,,,
2006-09-06,,,,,,,4.8000,,,2.0000,,,,,,,,,,,,,,,
2006-09-07,,,,,,,4.8000,,,2.0000,,,,,,,,,,,,,,,
2006-09-08,,,,,,,4.7800,,,2.0000,,,,,,,,,,,,,,,
2006-09-09,,,,,,,,,,2.0000,,,,,,,,,,,,,,,
2006-09-10,,,,,,,,,,2.0000,,,,,,,,,,,,,,,
2006-09-11,,,,,,,4.8000,,,2.0000,,,,,,,,,,,,,,,
2006-09-12,,,,,,,4.7800,,,2.0000,,,,,,,,,,,,,,,
2006-09-13,,,,,,,4.7700,,,2.0000,,,,,,,,,,,,,,,
2006-09-14,,,,,,,4.7900,,,2.0000,,,,,,,,,,,,,,,
2006-09-15,,,,,,,4.8000,,,2.0000,,,,,,,,,,,,,,,
2006-09-16,,,,,,,,,,2.0000,,,,,,,,,,,,,,,
2006-09-17,,,,,,,,,,2.0000,,,,,,,,,,,,,,,
2006-09-18,,,,,,,4.8100,,,2.0000,,,,,,,,,,,,,,,
2006-09-19,,,,,,,4.7400,,,2.0000,,,,,,,,,,,,,,,
2006-09-20,,,,,,,4.7300,,,2.0000,,,,,,,,,,,,,,,
2006-09-21,,,,,,,4.6500,,,2.0000,,,,,,,,,,,,,,,
2006-09-22,,,,,,,4.6000,,,2.0000,,,,,,,,,,,,,,,
2006-09-23,,,,,,,,,,2.0000,,,,,,,,,,,,,,,
2006-09-24,,,,,,,,,,2.0000,,,,,,,,,,,,,,,
2006-09-25,,,,,,,4.5600,,,2.0000,,,,,,,,,,,,,,,
2006-09-26,,,,,,,4.5900,,,2.0000,,,,,,,,,,,,,,,
2006-09-27,,,,,,,4.6000,,,2.0000,,,,,,,,,,,,,,,
2006-09-28,,,,,,,4.6300,,,2.0000,,,,,,,,,,,,,,,
2006-09-29,,,,,,,4.6400,,,2.0000,,,,,,,,,,,,,,,
2006-09-30,,,,,,,,,,2.0000,,,,,,,,,,,,,,,
2006-10-01,201.9000,207.6000,84.7020,84.7260,4.4000,136843.0000,,99.2044,67.5300,2.0000,8.2000,2414704.8000,4.7500,5.4000,0.4000,543562.0000,149554.5000,5.2500,16561.8660,82.0000,84.9000,98.6715,68.2300,562669.0000,-0.2000
2006-10-02,,,,,,,4.6200,,,2.0000,,,,,,,,,,,,,,,
2006-10-03,,,,,,,4.6200,,,2.0000,,,,,,,,,,,,,,,
2006-10-04,,,,,,,4.5700,,,2.0000,,,,,,,,,,,,,,,
2006-10-05,,,,,,,4.6100,,,2.0000,,,,,,,,,,,,,,,
2006-10-06,,,,,,,4.7000,,,2.0000,,,,,,,,,,,,,,,
2006-10-07,,,,,,,,,,2.0000,,,,,,,,,,,,,,,
2006-10-08,,,,,,,,,,2.0000,,,,,,,,,,,,,,,
2006-10-09,,,,,,,,,,2.0000,,,,,,,,,,,,,,,
2006-10-10,,,,,,,4.7500,,,2.0000,,,,,,,,,,,,,,,
2006-10-11,,,,,,,4.7800,,,2.2500,,,,,,,,,,,,,,,
2006-10-12,,,,,,,4.7900,,,2.2500,,,,,,,,,,,,,,,
2006-10-13,,,,,,,4.8100,,,2.2500,,,,,,,,,,,,,,,
2006-10-14,,,,,,,,,,2.2500,,,,,,,,,,,,,,,
2006-10-15,,,,,,,,,,2.2500,,,,,,,,,,,,,,,
2006-10-16,,,,,,,4.7900,,,2.2500,,,,,,,,,,,,,,,
2006-10-17,,,,,,,4.7800,,,2.2500,,,,,,,,,,,,,,,
2006-10-18,,,,,,,4.7700,,,2.2500,,,,,,,,,,,,,,,
2006-10-19,,,,,,,4.7900,,,2.2500,,,,,,,,,,,,,,,
2006-10-20,,,,,,,4.7900,,,2.2500,,,,,,,,,,,,,,,
2006-10-21,,,,,,,,,,2.2500,,,,,,,,,,,,,,,
2006-10-22,,,,,,,,,,2.2500,,,,,,,,,,,,,,,
2006-10-23,,,,,,,4.8300,,,2.2500,,,,,,,,,,,,,,,
2006-10-24,,,,,,,4.8300,,,2.2500,,,,,,,,,,,,,,,
2006-10-25,,,,,,,4.7800,,,2.2500,,,,,,,,,,,,,,,
2006-10-26,,,,,,,4.7300,,,2.2500,,,,,,,,,,,,,,,
2006-10-27,,,,,,,4.6800,,,2.2500,,,,,,,,,,,,,,,
2006-10-28,,,,,,,,,,2.2500,,,,,,,,,,,,,,,
2006-10-29,,,,,,,,,,2.2500,,,,,,,,,,,,,,,
2006-10-30,,,,,,,4.6800,,,2.2500,,,,,,,,,,,,,,,
2006-10-31,,,,,,,4.6100,,,2.2500,,,,,,,,,,,,,,,
2006-11-01,202.0000,207.8000,84.7310,84.7660,4.5000,137060.0000,4.5700,99.1627,67.5500,2.2500,8.2000,,5.0000,5.5000,0.4000,,,5.2500,,82.2000,85.1000,98.6288,68.2600,,-0.5000
2006-11-02,,,,,,,4.6000,,,2.2500,,,,,,,,,,,,,,,
2006-11-03,,,,,,,4.7200,,,2.2500,,,,,,,,,,,,,,,
2006-11-04,,,,,,,,,,2.2500,,,,,,,,,,,,,,,
2006-11-05,,,,,,,,,,2.2500,,,,,,,,,,,,,,,
2006-11-06,,,,,,,4.7100,,,2.2500,,,,,,,,,,,,,,,
2006-11-07,,,,,,,4.6600,,,2.2500,,,,,,,,,,,,,,,
2006-11-08,,,,,,,4.6400,,,2.2500,,,,,,,,,,,,,,,
2006-11-09,,,,,,,4.6200,,,2.2500,,,,,,,,,,,,,,,
2006-11-10,,,,,,,4.5900,,,2.2500,,,,,,,,,,,,,,,
2006-11-11,,,,,,,,,,2.2500,,,,,,,,,,,,,,,
2006-11-12,,,,,,,,,,2.2500,,,,,,,,,,,,,,,
2006-11-13,,,,,,,4.6100,,,2.2500,,,,,,,,,,,,,,,
2006-11-14,,,,,,,4.5700,,,2.2500,,,,,,,,,,,,,,,
2006-11-15,,,,,,,4.6100,,,2.2500,,,,,,,,,,,,,,,
2006-11-16,,,,,,,4.6600,,,2.2500,,,,,,,,,,,,,,,
2006-11-17,,,,,,,4.6100,,,2.2500,,,,,,,,,,,,,,,
2006-11-18,,,,,,,,,,2.2500,,,,,,,,,,,,,,,
2006-11-19,,,,,,,,,,2.2500,,,,,,,,,,,,,,,
2006-11-20,,,,,,,4.6000,,,2.2500,,,,,,,,,,,,,,,
2006-11-21,,,,,,,4.5800,,,2.2500,,,,,,,,,,,,,,,
2006-11-22,,,,,,,4.5700,,,2.2500,,,,,,,,,,,,,,,
2006-11-23,,,,,,,,,,2.2500,,,,,,,,,,,,,,,
2006-11-24,,,,,,,4.5500,,,2.2500,,,,,,,,,,,,,,,
2006-11-25,,,,,,,,,,2.2500,,,,,,,,,,,,,,,
2006-11-26,,,,,,,,,,2.2500,,,,,,,,,,,,,,,
2006-11-27,,,,,,,4.5400,,,2.2500,,,,,,,,,,,,,,,
2006-11-28,,,,,,,4.5100,,,2.2500,,,,,,,,,,,,,,,
2006-11-29,,,,,,,4.5200,,,2.2500,,,,,,,,,,,,,,,
2006-11-30,,,,,,,4.4600,,,2.2500,,,,,,,,,,,,,,,
2006-12-01,203.1000,208.1000,85.0320,84.8800,4.4000,137249.0000,4.4300,100.1735,67.8100,2.2500,8.0000,,5.0000,5.5000,0.4000,,,5.2400,,82.6000,85.5000,98.6419,68.5300,,0.1000
2006-12-02,,,,,,,,,,2.2500,,,,,,,,,,,,,,,
2006-12-03,,,,,,,,,,2.2500,,,,,,,,,,,,,,,
2006-12-04,,,,,,,4.4300,,,2.2500,,,,,,,,,,,,,,,
2006-12-05,,,,,,,4.4500,,,2.2500,,,,,,,,,,,,,,,
2006-12-06,,,,,,,4.4800,,,2.2500,,,,,,,,,,,,,,,
2006-12-07,,,,,,,4.4900,,,2.2500,,,,,,,,,,,,,,,
2006-12-08,,,,,,,4.5600,,,2.2500,,,,,,,,,,,,,,,
2006-12-09,,,,,,,,,,2.2500,,,,,,,,,,,,,,,
2006-12-10,,,,,,,,,,2.2500,,,,,,,,,,,,,,,
2006-12-11,,,,,,,4.5200,,,2.2500,,,,,,,,,,,,,,,
2006-12-12,,,,,,,4.4900,,,2.2500,,,,,,,,,,,,,,,
2006-12-13,,,,,,,4.5800,,,2.5000,,,,,,,,,,,,,,,
2006-12-14,,,,,,,4.6000,,,2.5000,,,,,,,,,,,,,,,
2006-12-15,,,,,,,4.6000,,,2.5000,,,,,,,,,,,,,,,
2006-12-16,,,,,,,,,,2.5000,,,,,,,,,,,,,,,
2006-12-17,,,,,,,,,,2.5000,,,,,,,,,,,,,,,
2006-12-18,,,,,,,4.6000,,,2.5000,,,,,,,,,,,,,,,
2006-12-19,,,,,,,4.6000,,,2.5000,,,,,,,,,,,,,,,
2006-12-20,,,,,,,4.6000,,,2.5000,,,,,,,,,,,,,,,
2006-12-21,,,,,,,4.5500,,,2.5000,,,,,,,,,,,,,,,
2006-12-22,,,,,,,4.6300,,,2.5000,,,,,,,,,,,,,,,
2006-12-23,,,,,,,,,,2.5000,,,,,,,,,,,,,,,
2006-12-24,,,,,,,,,,2.5000,,,,,,,,,,,,,,,
2006-12-25,,,,,,,,,,2.5000,,,,,,,,,,,,,,,
2006-12-26,,,,,,,4.6100,,,2.5000,,,,,,,,,,,,,,,
2006-12-27,,,,,,,4.6600,,,2.5000,,,,,,,,,,,,,,,
2006-12-28,,,,,,,4.7000,,,2.5000,,,,,,,,,,,,,,,
2006-12-29,,,,,,,4.7100,,,2.5000,,,,,,,,,,,,,,,
2006-12-30,,,,,,,,,,2.5000,,,,,,,,,,,,,,,
2006-12-31,,,,,,,,,,2.5000,,,,,,,,,,,,,,,
2007-01-01,203.4370,208.6000,85.3160,85.2240,4.6000,137472.0000,,99.8346,67.4700,2.5000,8.0000,2431445.8000,5.2500,5.5000,0.4000,547464.5000,150933.2000,5.2500,16611.6900,82.1000,84.9000,97.9528,68.1600,568845.0000,-0.2000
2007-01-02,,,,,,,4.6800,,,2.5000,,,,,,,,,,,,,,,
2007-01-03,,,,,,,4.6700,,,2.5000,,,,,,,,,,,,,,,
2007-01-04,,,,,,,4.6200,,,2.5000,,,,,,,,,,,,,,,
2007-01-05,,,,,,,4.6500,,,2.5000,,,,,,,,,,,,,,,
2007-01-06,,,,,,,,,,2.5000,,,,,,,,,,,,,,,
2007-01-07,,,,,,,,,,2.5000,,,,,,,,,,,,,,,
2007-01-08,,,,,,,4.6600,,,2.5000,,,,,,,,,,,,,,,
2007-01-09,,,,,,,4.6600,,,2.5000,,,,,,,,,,,,,,,
2007-01-10,,,,,,,4.6900,,,2.5000,,,,,,,,,,,,,,,
2007-01-11,,,,,,,4.7400,,,2.5000,,,,,,,,,,,,,,,
2007-01-12,,,,,,,4.7700,,,2.5000,,,,,,,,,,,,,,,
2007-01-13,,,,,,,,,,2.5000,,,,,,,,,,,,,,,
2007-01-14,,,,,,,,,,2.5000,,,,,,,,,,,,,,,
2007-01-15,,,,,,,,,,2.5000,,,,,,,,,,,,,,,
2007-01-16,,,,,,,4.7500,,,2.5000,,,,,,,,,,,,,,,
2007-01-17,,,,,,,4.7900,,,2.5000,,,,,,,,,,,,,,,
2007-01-18,,,,,,,4.7500,,,2.5000,,,,,,,,,,,,,,,
2007-01-19,,,,,,,4.7800,,,2.5000,,,,,,,,,,,,,,,
2007-01-20,,,,,,,,,,2.5000,,,,,,,,,,,,,,,
2007-01-21,,,,,,,,,,2.5000,,,,,,,,,,,,,,,
2007-01-22,,,,,,,4.7600,,,2.5000,,,,,,,,,,,,,,,
2007-01-23,,,,,,,4.8100,,,2.5000,,,,,,,,,,,,,,,
2007-01-24,,,,,,,4.8100,,,2.5000,,,,,,,,,,,,,,,
2007-01-25,,,,,,,4.8700,,,2.5000,,,,,,,,,,,,,,,
2007-01-26,,,,,,,4.8800,,,2.5000,,,,,,,,,,,,,,,
2007-01-27,,,,,,,,,,2.5000,,,,,,,,,,,,,,,
2007-01-28,,,,,,,,,,2.5000,,,,,,,,,,,,,,,
2007-01-29,,,,,,,4.9000,,,2.5000,,,,,,,,,,,,,,,
2007-01-30,,,,,,,4.8800,,,2.5000,,,,,,,,,,,,,,,
2007-01-31,,,,,,,4.8300,,,2.5000,,,,,,,,,,,,,,,
2007-02-01,204.2260,209.1350,85.5810,85.4080,4.5000,137560.0000,4.8400,100.7753,67.6700,2.5000,7.9000,,5.2500,5.5000,0.7500,,,5.2600,,82.4000,85.2000,98.1466,68.3500,,-0.5000
2007-02-02,,,,,,,4.8300,,,2.5000,,,,,,,,,,,,,,,
2007-02-03,,,,,,,,,,2.5000,,,,,,,,,,,,,,,
2007-02-04,,,,,,,,,,2.5000,,,,,,,,,,,,,,,
2007-02-05,,,,,,,4.8100,,,2.5000,,,,,,,,,,,,,,,
2007-02-06,,,,,,,4.7700,,,2.5000,,,,,,,,,,,,,,,
2007-02-07,,,,,,,4.7400,,,2.5000,,,,,,,,,,,,,,,
2007-02-08,,,,,,,4.7300,,,2.5000,,,,,,,,,,,,,,,
2007-02-09,,,,,,,4.7900,,,2.5000,,,,,,,,,,,,,,,
2007-02-10,,,,,,,,,,2.5000,,,,,,,,,,,,,,,
2007-02-11,,,,,,,,,,2.5000,,,,,,,,,,,,,,,
2007-02-12,,,,,,,4.8000,,,2.5000,,,,,,,,,,,,,,,
2007-02-13,,,,,,,4.8200,,,2.5000,,,,,,,,,,,,,,,
2007-02-14,,,,,,,4.7400,,,2.5000,,,,,,,,,,,,,,,
2007-02-15,,,,,,,4.7000,,,2.5000,,,,,,,,,,,,,,,
2007-02-16,,,,,,,4.6900,,,2.5000,,,,,,,,,,,,,,,
2007-02-17,,,,,,,,,,2.5000,,,,,,,,,,,,,,,
2007-02-18,,,,,,,,,,2.5000,,,,,,,,,,,,,,,
2007-02-19,,,,,,,,,,2.5000,,,,,,,,,,,,,,,
2007-02-20,,,,,,,4.6800,,,2.5000,,,,,,,,,,,,,,,
2007-02-21,,,,,,,4.6900,,,2.5000,,,,,,,,,,,,,,,
2007-02-22,,,,,,,4.7300,,,2.5000,,,,,,,,,,,,,,,
2007-02-23,,,,,,,4.6800,,,2.5000,,,,,,,,,,,,,,,
2007-02-24,,,,,,,,,,2.5000,,,,,,,,,,,,,,,
2007-02-25,,,,,,,,,,2.5000,,,,,,,,,,,,,,,
2007-02-26,,,,,,,4.6300,,,2.5000,,,,,,,,,,,,,,,
2007-02-27,,,,,,,4.5000,,,2.5000,,,,,,,,,,,,,,,
2007-02-28,,,,,,,4.5600,,,2.5000,,,,,,,,,,,,,,,
2007-03-01,205.2880,209.4180,85.8940,85.4940,4.4000,137784.0000,4.5600,100.9547,68.1200,2.5000,7.8000,,5.2500,5.5000,0.7500,,,5.2600,,82.8000,85.5000,98.2231,68.8200,,0.3000
2007-03-02,,,,,,,4.5200,,,2.5000,,,,,,,,,,,,,,,
2007-03-03,,,,,,,,,,2.5000,,,,,,,,,,,,,,,
2007-03-04,,,,,,,,,,2.5000,,,,,,,,,,,,,,,
2007-03-05,,,,,,,4.5100,,,2.5000,,,,,,,,,,,,,,,
2007-03-06,,,,,,,4.5300,,,2.5000,,,,,,,,,,,,,,,
2007-03-07,,,,,,,4.5000,,,2.5000,,,,,,,,,,,,,,,
2007-03-08,,,,,,,4.5100,,,2.5000,,,,,,,,,,,,,,,
2007-03-09,,,,,,,4.5900,,,2.5000,,,,,,,,,,,,,,,
2007-03-10,,,,,,,,,,2.5000,,,,,,,,,,,,,,,
2007-03-11,,,,,,,,,,2.5000,,,,,,,,,,,,,,,
2007-03-12,,,,,,,4.5600,,,2.5000,,,,,,,,,,,,,,,
2007-03-13,,,,,,,4.5000,,,2.5000,,,,,,,,,,,,,,,
2007-03-14,,,,,,,4.5300,,,2.7500,,,,,,,,,,,,,,,
2007-03-15,,,,,,,4.5400,,,2.7500,,,,,,,,,,,,,,,
2007-03-16,,,,,,,4.5500,,,2.7500,,,,,,,,,,,,,,,
2007-03-17,,,,,,,,,,2.7500,,,,,,,,,,,,,,,
2007-03-18,,,,,,,,,,2.7500,,,,,,,,,,,,,,,
2007-03-19,,,,,,,4.5800,,,2.7500,,,,,,,,,,,,,,,
2007-03-20,,,,,,,4.5600,,,2.7500,,,,,,,,,,,,,,,
2007-03-21,,,,,,,4.5300,,,2.7500,,,,,,,,,,,,,,,
2007-03-22,,,,,,,4.6000,,,2.7500,,,,,,,,,,,,,,,
2007-03-23,,,,,,,4.6200,,,2.7500,,,,,,,,,,,,,,,
2007-03-24,,,,,,,,,,2.7500,,,,,,,,,,,,,,,
2007-03-25,,,,,,,,,,2.7500,,,,,,,,,,,,,,,
2007-03-26,,,,,,,4.6000,,,2.7500,,,,,,,,,,,,,,,
2007-03-27,,,,,,,4.6200,,,2.7500,,,,,,,,,,,,,,,
2007-03-28,,,,,,,4.6200,,,2.7500,,,,,,,,,,,,,,,
2007-03-29,,,,,,,4.6400,,,2.7500,,,,,,,,,,,,,,,
2007-03-30,,,,,,,4.6500,,,2.7500,,,,,,,,,,,,,,,
2007-03-31,,,,,,,,,,2.7500,,,,,,,,,,,,,,,
2007-04-01,205.9040,209.7470,86.0960,85.6160,4.5000,137847.0000,,101.6334,68.5500,2.7500,7.7000,2447756.7000,5.2500,5.4000,0.7500,548303.3000,152833.1000,5.2500,16713.3140,83.1000,85.8000,99.3348,69.2600,574194.0000,0.3000
2007-04-02,,,,,,,4.6500,,,2.7500,,,,,,,,,,,,,,,
2007-04-03,,,,,,,4.6700,,,2.7500,,,,,,,,,,,,,,,
2007-04-04,,,,,,,4.6600,,,2.7500,,,,,,,,,,,,,,,
2007-04-05,,,,,,,4.6800,,,2.7500,,,,,,,,,,,,,,,
2007-04-06,,,,,,,4.7600,,,2.7500,,,,,,,,,,,,,,,
2007-04-07,,,,,,,,,,2.7500,,,,,,,,,,,,,,,
2007-04-08,,,,,,,,,,2.7500,,,,,,,,,,,,,,,
2007-04-09,,,,,,,4.7500,,,2.7500,,,,,,,,,,,,,,,
2007-04-10,,,,,,,4.7300,,,2.7500,,,,,,,,,,,,,,,
2007-04-11,,,,,,,4.7400,,,2.7500,,,,,,,,,,,,,,,
2007-04-12,,,,,,,4.7400,,,2.7500,,,,,,,,,,,,,,,
2007-04-13,,,,,,,4.7600,,,2.7500,,,,,,,,,,,,,,,
2007-04-14,,,,,,,,,,2.7500,,,,,,,,,,,,,,,
2007-04-15,,,,,,,,,,2.7500,,,,,,,,,,,,,,,
2007-04-16,,,,,,,4.7400,,,2.7500,,,,,,,,,,,,,,,
2007-04-17,,,,,,,4.6900,,,2.7500,,,,,,,,,,,,,,,
2007-04-18,,,,,,,4.6600,,,2.7500,,,,,,,,,,,,,,,
2007-04-19,,,,,,,4.6800,,,2.7500,,,,,,,,,,,,,,,
2007-04-20,,,,,,,4.6800,,,2.7500,,,,,,,,,,,,,,,
2007-04-21,,,,,,,,,,2.7500,,,,,,,,,,,,,,,
2007-04-22,,,,,,,,,,2.7500,,,,,,,,,,,,,,,
2007-04-23,,,,,,,4.6600,,,2.7500,,,,,,,,,,,,,,,
2007-04-24,,,,,,,4.6300,,,2.7500,,,,,,,,,,,,,,,
2007-04-25,,,,,,,4.6600,,,2.7500,,,,,,,,,,,,,,,
2007-04-26,,,,,,,4.6900,,,2.7500,,,,,,,,,,,,,,,
2007-04-27,,,,,,,4.7100,,,2.7500,,,,,,,,,,,,,,,
2007-04-28,,,,,,,,,,2.7500,,,,,,,,,,,,,,,
2007-04-29,,,,,,,,,,2.7500,,,,,,,,,,,,,,,
2007-04-30,,,,,,,4.6300,,,2.7500,,,,,,,,,,,,,,,
2007-05-01,206.7550,210.0580,86.3460,85.7170,4.4000,137992.0000,4.6400,101.7306,68.7100,2.7500,7.7000,,5.5000,5.4000,0.7500,,,5.2500,,83.3000,86.0000,99.5672,69.4300,,0.3000
2007-05-02,,,,,,,4.6500,,,2.7500,,,,,,,,,,,,,,,
2007-05-03,,,,,,,4.6800,,,2.7500,,,,,,,,,,,,,,,
2007-05-04,,,,,,,4.6500,,,2.7500,,,,,,,,,,,,,,,
2007-05-05,,,,,,,,,,2.7500,,,,,,,,,,,,,,,
2007-05-06,,,,,,,,,,2.7500,,,,,,,,,,,,,,,
2007-05-07,,,,,,,4.6400,,,2.7500,,,,,,,,,,,,,,,
2007-05-08,,,,,,,4.6300,,,2.7500,,,,,,,,,,,,,,,
2007-05-09,,,,,,,4.6700,,,2.7500,,,,,,,,,,,,,,,
2007-05-10,,,,,,,4.6500,,,2.7500,,,,,,,,,,,,,,,
2007-05-11,,,,,,,4.6700,,,2.7500,,,,,,,,,,,,,,,
2007-05-12,,,,,,,,,,2.7500,,,,,,,,,,,,,,,
2007-05-13,,,,,,,,,,2.7500,,,,,,,,,,,,,,,
2007-05-14,,,,,,,4.6900,,,2.7500,,,,,,,,,,,,,,,
2007-05-15,,,,,,,4.7100,,,2.7500,,,,,,,,,,,,,,,
2007-05-16,,,,,,,4.7100,,,2.7500,,,,,,,,,,,,,,,
2007-05-17,,,,,,,4.7600,,,2.7500,,,,,,,,,,,,,,,
2007-05-18,,,,,,,4.8100,,,2.7500,,,,,,,,,,,,,,,
2007-05-19,,,,,,,,,,2.7500,,,,,,,,,,,,,,,
2007-05-20,,,,,,,,,,2.7500,,,,,,,,,,,,,,,
2007-05-21,,,,,,,4.7900,,,2.7500,,,,,,,,,,,,,,,
2007-05-22,,,,,,,4.8300,,,2.7500,,,,,,,,,,,,,,,
2007-05-23,,,,,,,4.8600,,,2.7500,,,,,,,,,,,,,,,
2007-05-24,,,,,,,4.8600,,,2.7500,,,,,,,,,,,,,,,
2007-05-25,,,,,,,4.8600,,,2.7500,,,,,,,,,,,,,,,
2007-05-26,,,,,,,,,,2.7500,,,,,,,,,,,,,,,
2007-05-27,,,,,,,,,,2.7500,,,,,,,,,,,,,,,
2007-05-28,,,,,,,,,,2.7500,,,,,,,,,,,,,,,
2007-05-29,,,,,,,4.8800,,,2.7500,,,,,,,,,,,,,,,
2007-05-30,,,,,,,4.8800,,,2.7500,,,,,,,,,,,,,,,
2007-05-31,,,,,,,4.9000,,,2.7500,,,,,,,,,,,,,,,
2007-06-01,207.2340,210.3920,86.5290,85.8590,4.6000,138070.0000,4.9500,101.7893,68.7800,2.7500,7.6000,,5.5000,5.3000,0.7500,,,5.2500,,83.5000,86.2000,99.6812,69.5000,,-0.2000
2007-06-02,,,,,,,,,,2.7500,,,,,,,,,,,,,,,
2007-06-03,,,,,,,,,,2.7500,,,,,,,,,,,,,,,
2007-06-04,,,,,,,4.9300,,,2.7500,,,,,,,,,,,,,,,
2007-06-05,,,,,,,4.9800,,,2.7500,,,,,,,,,,,,,,,
2007-06-06,,,,,,,4.9700,,,2.7500,,,,,,,,,,,,,,,
2007-06-07,,,,,,,5.1100,,,2.7500,,,,,,,,,,,,,,,
2007-06-08,,,,,,,5.1200,,,2.7500,,,,,,,,,,,,,,,
2007-06-09,,,,,,,,,,2.7500,,,,,,,,,,,,,,,
2007-06-10,,,,,,,,,,2.7500,,,,,,,,,,,,,,,
2007-06-11,,,,,,,5.1400,,,2.7500,,,,,,,,,,,,,,,
2007-06-12,,,,,,,5.2600,,,2.7500,,,,,,,,,,,,,,,
2007-06-13,,,,,,,5.2000,,,3.0000,,,,,,,,,,,,,,,
2007-06-14,,,,,,,5.2300,,,3.0000,,,,,,,,,,,,,,,
2007-06-15,,,,,,,5.1600,,,3.0000,,,,,,,,,,,,,,,
2007-06-16,,,,,,,,,,3.0000,,,,,,,,,,,,,,,
2007-06-17,,,,,,,,,,3.0000,,,,,,,,,,,,,,,
2007-06-18,,,,,,,5.1500,,,3.0000,,,,,,,,,,,,,,,
2007-06-19,,,,,,,5.0900,,,3.0000,,,,,,,,,,,,,,,
2007-06-20,,,,,,,5.1400,,,3.0000,,,,,,,,,,,,,,,
2007-06-21,,,,,,,5.1600,,,3.0000,,,,,,,,,,,,,,,
2007-06-22,,,,,,,5.1400,,,3.0000,,,,,,,,,,,,,,,
2007-06-23,,,,,,,,,,3.0000,,,,,,,,,,,,,,,
2007-06-24,,,,,,,,,,3.0000,,,,,,,,,,,,,,,
2007-06-25,,,,,,,5.0900,,,3.0000,,,,,,,,,,,,,,,
2007-06-26,,,,,,,5.1000,,,3.0000,,,,,,,,,,,,,,,
2007-06-27,,,,,,,5.0900,,,3.0000,,,,,,,,,,,,,,,
2007-06-28,,,,,,,5.1200,,,3.0000,,,,,,,,,,,,,,,
2007-06-29,,,,,,,5.0300,,,3.0000,,,,,,,,,,,,,,,
2007-06-30,,,,,,,,,,3.0000,,,,,,,,,,,,,,,
2007-07-01,207.6030,210.7730,86.6610,85.9880,4.7000,138044.0000,,101.6672,68.6200,3.0000,7.6000,2457220.6000,5.7500,5.3000,0.7500,544705.7000,153966.0000,5.2600,16809.5870,83.1000,85.9000,99.0897,69.3300,579605.0000,-0.1000
2007-07-02,,,,,,,5.0000,,,3.0000,,,,,,,,,,,,,,,
2007-07-03,,,,,,,5.0500,,,3.0000,,,,,,,,,,,,,,,
2007-07-04,,,,,,,,,,3.0000,,,,,,,,,,,,,,,
2007-07-05,,,,,,,5.1600,,,3.0000,,,,,,,,,,,,,,,
2007-07-06,,,,,,,5.1900,,,3.0000,,,,,,,,,,,,,,,
2007-07-07,,,,,,,,,,3.0000,,,,,,,,,,,,,,,
2007-07-08,,,,,,,,,,3.0000,,,,,,,,,,,,,,,
2007-07-09,,,,,,,5.1600,,,3.0000,,,,,,,,,,,,,,,
2007-07-10,,,,,,,5.0300,,,3.0000,,,,,,,,,,,,,,,
2007-07-11,,,,,,,5.0900,,,3.0000,,,,,,,,,,,,,,,
2007-07-12,,,,,,,5.1300,,,3.0000,,,,,,,,,,,,,,,
2007-07-13,,,,,,,5.1100,,,3.0000,,,,,,,,,,,,,,,
2007-07-14,,,,,,,,,,3.0000,,,,,,,,,,,,,,,
2007-07-15,,,,,,,,,,3.0000,,,,,,,,,,,,,,,
2007-07-16,,,,,,,5.0500,,,3.0000,,,,,,,,,,,,,,,
2007-07-17,,,,,,,5.0800,,,3.0000,,,,,,,,,,,,,,,
2007-07-18,,,,,,,5.0200,,,3.0000,,,,,,,,,,,,,,,
2007-07-19,,,,,,,5.0400,,,3.0000,,,,,,,,,,,,,,,
2007-07-20,,,,,,,4.9600,,,3.0000,,,,,,,,,,,,,,,
2007-07-21,,,,,,,,,,3.0000,,,,,,,,,,,,,,,
2007-07-22,,,,,,,,,,3.0000,,,,,,,,,,,,,,,
2007-07-23,,,,,,,4.9700,,,3.0000,,,,,,,,,,,,,,,
2007-07-24,,,,,,,4.9400,,,3.0000,,,,,,,,,,,,,,,
2007-07-25,,,,,,,4.9200,,,3.0000,,,,,,,,,,,,,,,
2007-07-26,,,,,,,4.7900,,,3.0000,,,,,,,,,,,,,,,
2007-07-27,,,,,,,4.8000,,,3.0000,,,,,,,,,,,,,,,
2007-07-28,,,,,,,,,,3.0000,,,,,,,,,,,,,,,
2007-07-29,,,,,,,,,,3.0000,,,,,,,,,,,,,,,
2007-07-30,,,,,,,4.8200,,,3.0000,,,,,,,,,,,,,,,
2007-07-31,,,,,,,4.7800,,,3.0000,,,,,,,,,,,,,,,
2007-08-01,207.6670,211.1190,86.7200,86.1160,4.6000,138013.0000,4.7600,101.8630,68.6700,3.0000,7.6000,,5.7500,5.3000,0.7500,,,5.0200,,83.4000,86.3000,98.9790,69.3600,,0.5000
2007-08-02,,,,,,,4.7700,,,3.0000,,,,,,,,,,,,,,,
2007-08-03,,,,,,,4.7100,,,3.0000,,,,,,,,,,,,,,,
2007-08-04,,,,,,,,,,3.0000,,,,,,,,,,,,,,,
2007-08-05,,,,,,,,,,3.0000,,,,,,,,,,,,,,,
2007-08-06,,,,,,,4.7200,,,3.0000,,,,,,,,,,,,,,,
2007-08-07,,,,,,,4.7700,,,3.0000,,,,,,,,,,,,,,,
2007-08-08,,,,,,,4.8400,,,3.0000,,,,,,,,,,,,,,,
2007-08-09,,,,,,,4.7900,,,3.0000,,,,,,,,,,,,,,,
2007-08-10,,,,,,,4.8100,,,3.0000,,,,,,,,,,,,,,,
2007-08-11,,,,,,,,,,3.0000,,,,,,,,,,,,,,,
2007-08-12,,,,,,,,,,3.0000,,,,,,,,,,,,,,,
2007-08-13,,,,,,,4.7800,,,3.0000,,,,,,,,,,,,,,,
2007-08-14,,,,,,,4.7300,,,3.0000,,,,,,,,,,,,,,,
2007-08-15,,,,,,,4.6900,,,3.0000,,,,,,,,,,,,,,,
2007-08-16,,,,,,,4.6000,,,3.0000,,,,,,,,,,,,,,,
2007-08-17,,,,,,,4.6800,,,3.0000,,,,,,,,,,,,,,,
2007-08-18,,,,,,,,,,3.0000,,,,,,,,,,,,,,,
2007-08-19,,,,,,,,,,3.0000,,,,,,,,,,,,,,,
2007-08-20,,,,,,,4.6400,,,3.0000,,,,,,,,,,,,,,,
2007-08-21,,,,,,,4.6000,,,3.0000,,,,,,,,,,,,,,,
2007-08-22,,,,,,,4.6300,,,3.0000,,,,,,,,,,,,,,,
2007-08-23,,,,,,,4.6200,,,3.0000,,,,,,,,,,,,,,,
2007-08-24,,,,,,,4.6300,,,3.0000,,,,,,,,,,,,,,,
2007-08-25,,,,,,,,,,3.0000,,,,,,,,,,,,,,,
2007-08-26,,,,,,,,,,3.0000,,,,,,,,,,,,,,,
2007-08-27,,,,,,,4.6000,,,3.0000,,,,,,,,,,,,,,,
2007-08-28,,,,,,,4.5300,,,3.0000,,,,,,,,,,,,,,,
2007-08-29,,,,,,,4.5700,,,3.0000,,,,,,,,,,,,,,,
2007-08-30,,,,,,,4.5100,,,3.0000,,,,,,,,,,,,,,,
2007-08-31,,,,,,,4.5400,,,3.0000,,,,,,,,,,,,,,,
2007-09-01,208.5470,211.5540,87.0540,86.3510,4.7000,138099.0000,,102.0894,68.9300,3.0000,7.5000,,5.7500,5.2000,0.7500,,,4.9400,,83.5000,86.3000,99.0732,69.6300,,0.0000
2007-09-02,,,,,,,,,,3.0000,,,,,,,,,,,,,,,
2007-09-03,,,,,,,,,,3.0000,,,,,,,,,,,,,,,
2007-09-04,,,,,,,4.5600,,,3.0000,,,,,,,,,,,,,,,
2007-09-05,,,,,,,4.4800,,,3.0000,,,,,,,,,,,,,,,
2007-09-06,,,,,,,4.5100,,,3.0000,,,,,,,,,,,,,,,
2007-09-07,,,,,,,4.3800,,,3.0000,,,,,,,,,,,,,,,
2007-09-08,,,,,,,,,,3.0000,,,,,,,,,,,,,,,
2007-09-09,,,,,,,,,,3.0000,,,,,,,,,,,,,,,
2007-09-10,,,,,,,4.3400,,,3.0000,,,,,,,,,,,,,,,
2007-09-11,,,,,,,4.3700,,,3.0000,,,,,,,,,,,,,,,
2007-09-12,,,,,,,4.4100,,,3.0000,,,,,,,,,,,,,,,
2007-09-13,,,,,,,4.4900,,,3.0000,,,,,,,,,,,,,,,
2007-09-14,,,,,,,4.4700,,,3.0000,,,,,,,,,,,,,,,
2007-09-15,,,,,,,,,,3.0000,,,,,,,,,,,,,,,
2007-09-16,,,,,,,,,,3.0000,,,,,,,,,,,,,,,
2007-09-17,,,,,,,4.4800,,,3.0000,,,,,,,,,,,,,,,
2007-09-18,,,,,,,4.5000,,,3.0000,,,,,,,,,,,,,,,
2007-09-19,,,,,,,4.5300,,,3.0000,,,,,,,,,,,,,,,
2007-09-20,,,,,,,4.6900,,,3.0000,,,,,,,,,,,,,,,
2007-09-21,,,,,,,4.6400,,,3.0000,,,,,,,,,,,,,,,
2007-09-22,,,,,,,,,,3.0000,,,,,,,,,,,,,,,
2007-09-23,,,,,,,,,,3.0000,,,,,,,,,,,,,,,
2007-09-24,,,,,,,4.6300,,,3.0000,,,,,,,,,,,,,,,
2007-09-25,,,,,,,4.6300,,,3.0000,,,,,,,,,,,,,,,
2007-09-26,,,,,,,4.6300,,,3.0000,,,,,,,,,,,,,,,
2007-09-27,,,,,,,4.5800,,,3.0000,,,,,,,,,,,,,,,
2007-09-28,,,,,,,4.5900,,,3.0000,,,,,,,,,,,,,,,
2007-09-29,,,,,,,,,,3.0000,,,,,,,,,,,,,,,
2007-09-30,,,,,,,,,,3.0000,,,,,,,,,,,,,,,
2007-10-01,209.1900,212.0770,87.3180,86.5760,4.7000,138175.0000,4.5600,101.8015,69.2700,3.0000,7.5000,2469801.6000,5.7500,5.2000,0.7500,547814.8000,154995.5000,4.7600,16915.1910,83.8000,86.5000,99.9191,69.9900,584504.0000,0.3000
2007-10-02,,,,,,,4.5400,,,3.0000,,,,,,,,,,,,,,,
2007-10-03,,,,,,,4.5500,,,3.0000,,,,,,,,,,,,,,,
2007-10-04,,,,,,,4.5400,,,3.0000,,,,,,,,,,,,,,,
2007-10-05,,,,,,,4.6500,,,3.0000,,,,,,,,,,,,,,,
2007-10-06,,,,,,,,,,3.0000,,,,,,,,,,,,,,,
2007-10-07,,,,,,,,,,3.0000,,,,,,,,,,,,,,,
2007-10-08,,,,,,,,,,3.0000,,,,,,,,,,,,,,,
2007-10-09,,,,,,,4.6700,,,3.0000,,,,,,,,,,,,,,,
2007-10-10,,,,,,,4.6500,,,3.0000,,,,,,,,,,,,,,,
2007-10-11,,,,,,,4.6600,,,3.0000,,,,,,,,,,,,,,,
2007-10-12,,,,,,,4.7000,,,3.0000,,,,,,,,,,,,,,,
2007-10-13,,,,,,,,,,3.0000,,,,,,,,,,,,,,,
2007-10-14,,,,,,,,,,3.0000,,,,,,,,,,,,,,,
2007-10-15,,,,,,,4.6900,,,3.0000,,,,,,,,,,,,,,,
2007-10-16,,,,,,,4.6600,,,3.0000,,,,,,,,,,,,,,,
2007-10-17,,,,,,,4.5700,,,3.0000,,,,,,,,,,,,,,,
2007-10-18,,,,,,,4.5200,,,3.0000,,,,,,,,,,,,,,,
2007-10-19,,,,,,,4.4100,,,3.0000,,,,,,,,,,,,,,,
2007-10-20,,,,,,,,,,3.0000,,,,,,,,,,,,,,,
2007-10-21,,,,,,,,,,3.0000,,,,,,,,,,,,,,,
2007-10-22,,,,,,,4.4200,,,3.0000,,,,,,,,,,,,,,,
2007-10-23,,,,,,,4.4100,,,3.0000,,,,,,,,,,,,,,,
2007-10-24,,,,,,,4.3600,,,3.0000,,,,,,,,,,,,,,,
2007-10-25,,,,,,,4.3700,,,3.0000,,,,,,,,,,,,,,,
2007-10-26,,,,,,,4.4100,,,3.0000,,,,,,,,,,,,,,,
2007-10-27,,,,,,,,,,3.0000,,,,,,,,,,,,,,,
2007-10-28,,,,,,,,,,3.0000,,,,,,,,,,,,,,,
2007-10-29,,,,,,,4.3900,,,3.0000,,,,,,,,,,,,,,,
2007-10-30,,,,,,,4.4000,,,3.0000,,,,,,,,,,,,,,,
2007-10-31,,,,,,,4.4800,,,3.0000,,,,,,,,,,,,,,,
2007-11-01,210.8340,212.6600,87.7810,86.7460,4.7000,138290.0000,4.3600,102.3446,69.6500,3.0000,7.4000,,5.7500,5.2000,0.7500,,,4.4900,,84.1000,86.6000,100.3746,70.3700,,-0.2000
2007-11-02,,,,,,,4.3100,,,3.0000,,,,,,,,,,,,,,,
2007-11-03,,,,,,,,,,3.0000,,,,,,,,,,,,,,,
2007-11-04,,,,,,,,,,3.0000,,,,,,,,,,,,,,,
2007-11-05,,,,,,,4.3500,,,3.0000,,,,,,,,,,,,,,,
2007-11-06,,,,,,,4.3800,,,3.0000,,,,,,,,,,,,,,,
2007-11-07,,,,,,,4.3400,,,3.0000,,,,,,,,,,,,,,,
2007-11-08,,,,,,,4.2800,,,3.0000,,,,,,,,,,,,,,,
2007-11-09,,,,,,,4.2300,,,3.0000,,,,,,,,,,,,,,,
2007-11-10,,,,,,,,,,3.0000,,,,,,,,,,,,,,,
2007-11-11,,,,,,,,,,3.0000,,,,,,,,,,,,,,,
2007-11-12,,,,,,,,,,3.0000,,,,,,,,,,,,,,,
2007-11-13,,,,,,,4.2600,,,3.0000,,,,,,,,,,,,,,,
2007-11-14,,,,,,,4.2800,,,3.0000,,,,,,,,,,,,,,,
2007-11-15,,,,,,,4.1700,,,3.0000,,,,,,,,,,,,,,,
2007-11-16,,,,,,,4.1500,,,3.0000,,,,,,,,,,,,,,,
2007-11-17,,,,,,,,,,3.0000,,,,,,,,,,,,,,,
2007-11-18,,,,,,,,,,3.0000,,,,,,,,,,,,,,,
2007-11-19,,,,,,,4.0700,,,3.0000,,,,,,,,,,,,,,,
2007-11-20,,,,,,,4.0600,,,3.0000,,,,,,,,,,,,,,,
2007-11-21,,,,,,,4.0000,,,3.0000,,,,,,,,,,,,,,,
2007-11-22,,,,,,,,,,3.0000,,,,,,,,,,,,,,,
2007-11-23,,,,,,,4.0100,,,3.0000,,,,,,,,,,,,,,,
2007-11-24,,,,,,,,,,3.0000,,,,,,,,,,,,,,,
2007-11-25,,,,,,,,,,3.0000,,,,,,,,,,,,,,,
2007-11-26,,,,,,,3.8300,,,3.0000,,,,,,,,,,,,,,,
2007-11-27,,,,,,,3.9500,,,3.0000,,,,,,,,,,,,,,,
2007-11-28,,,,,,,4.0300,,,3.0000,,,,,,,,,,,,,,,
2007-11-29,,,,,,,3.9400,,,3.0000,,,,,,,,,,,,,,,
2007-11-30,,,,,,,3.9700,,,3.0000,,,,,,,,,,,,,,,
2007-12-01,211.4450,213.1680,87.9840,86.9200,5.0000,138395.0000,,102.3803,69.9200,3.0000,7.4000,,5.5000,5.2000,0.7500,,,4.2400,,84.5000,87.0000,100.6187,70.6600,,0.2000
2007-12-02,,,,,,,,,,3.0000,,,,,,,,,,,,,,,
2007-12-03,,,,,,,3.8900,,,3.0000,,,,,,,,,,,,,,,
2007-12-04,,,,,,,3.8900,,,3.0000,,,,,,,,,,,,,,,
2007-12-05,,,,,,,3.9200,,,3.0000,,,,,,,,,,,,,,,
2007-12-06,,,,,,,4.0200,,,3.0000,,,,,,,,,,,,,,,
2007-12-07,,,,,,,4.1200,,,3.0000,,,,,,,,,,,,,,,
2007-12-08,,,,,,,,,,3.0000,,,,,,,,,,,,,,,
2007-12-09,,,,,,,,,,3.0000,,,,,,,,,,,,,,,
2007-12-10,,,,,,,4.1500,,,3.0000,,,,,,,,,,,,,,,
2007-12-11,,,,,,,3.9800,,,3.0000,,,,,,,,,,,,,,,
2007-12-12,,,,,,,4.0500,,,3.0000,,,,,,,,,,,,,,,
2007-12-13,,,,,,,4.1800,,,3.0000,,,,,,,,,,,,,,,
2007-12-14,,,,,,,4.2400,,,3.0000,,,,,,,,,,,,,,,
2007-12-15,,,,,,,,,,3.0000,,,,,,,,,,,,,,,
2007-12-16,,,,,,,,,,3.0000,,,,,,,,,,,,,,,
2007-12-17,,,,,,,4.2000,,,3.0000,,,,,,,,,,,,,,,
2007-12-18,,,,,,,4.1400,,,3.0000,,,,,,,,,,,,,,,
2007-12-19,,,,,,,4.0600,,,3.0000,,,,,,,,,,,,,,,
2007-12-20,,,,,,,4.0400,,,3.0000,,,,,,,,,,,,,,,
2007-12-21,,,,,,,4.1800,,,3.0000,,,,,,,,,,,,,,,
2007-12-22,,,,,,,,,,3.0000,,,,,,,,,,,,,,,
2007-12-23,,,,,,,,,,3.0000,,,,,,,,,,,,,,,
2007-12-24,,,,,,,4.2300,,,3.0000,,,,,,,,,,,,,,,
2007-12-25,,,,,,,,,,3.0000,,,,,,,,,,,,,,,
2007-12-26,,,,,,,4.3000,,,3.0000,,,,,,,,,,,,,,,
2007-12-27,,,,,,,4.2100,,,3.0000,,,,,,,,,,,,,,,
2007-12-28,,,,,,,4.1100,,,3.0000,,,,,,,,,,,,,,,
2007-12-29,,,,,,,,,,3.0000,,,,,,,,,,,,,,,
2007-12-30,,,,,,,,,,3.0000,,,,,,,,,,,,,,,
2007-12-31,,,,,,,4.0400,,,3.0000,,,,,,,,,,,,,,,
2008-01-01,212.1740,213.7710,88.2060,87.0930,5.0000,138391.0000,,102.2448,69.6800,3.0000,7.4000,2485404.7000,5.5000,5.2000,0.7500,548944.6000,155753.4000,3.9400,16843.0030,84.1000,86.4000,100.3294,70.3800,586690.0000,-0.2000
2008-01-02,,,,,,,3.9100,,,3.0000,,,,,,,,,,,,,,,
2008-01-03,,,,,,,3.9100,,,3.0000,,,,,,,,,,,,,,,
2008-01-04,,,,,,,3.8800,,,3.0000,,,,,,,,,,,,,,,
2008-01-05,,,,,,,,,,3.0000,,,,,,,,,,,,,,,
2008-01-06,,,,,,,,,,3.0000,,,,,,,,,,,,,,,
2008-01-07,,,,,,,3.8600,,,3.0000,,,,,,,,,,,,,,,
2008-01-08,,,,,,,3.8600,,,3.0000,,,,,,,,,,,,,,,
2008-01-09,,,,,,,3.8200,,,3.0000,,,,,,,,,,,,,,,
2008-01-10,,,,,,,3.9100,,,3.0000,,,,,,,,,,,,,,,
2008-01-11,,,,,,,3.8200,,,3.0000,,,,,,,,,,,,,,,
2008-01-12,,,,,,,,,,3.0000,,,,,,,,,,,,,,,
2008-01-13,,,,,,,,,,3.0000,,,,,,,,,,,,,,,
2008-01-14,,,,,,,3.8100,,,3.0000,,,,,,,,,,,,,,,
2008-01-15,,,,,,,3.7200,,,3.0000,,,,,,,,,,,,,,,
2008-01-16,,,,,,,3.7400,,,3.0000,,,,,,,,,,,,,,,
2008-01-17,,,,,,,3.6600,,,3.0000,,,,,,,,,,,,,,,
2008-01-18,,,,,,,3.6600,,,3.0000,,,,,,,,,,,,,,,
2008-01-19,,,,,,,,,,3.0000,,,,,,,,,,,,,,,
2008-01-20,,,,,,,,,,3.0000,,,,,,,,,,,,,,,
2008-01-21,,,,,,,,,,3.0000,,,,,,,,,,,,,,,
2008-01-22,,,,,,,3.5200,,,3.0000,,,,,,,,,,,,,,,
2008-01-23,,,,,,,3.5100,,,3.0000,,,,,,,,,,,,,,,
2008-01-24,,,,,,,3.6800,,,3.0000,,,,,,,,,,,,,,,
2008-01-25,,,,,,,3.6100,,,3.0000,,,,,,,,,,,,,,,
2008-01-26,,,,,,,,,,3.0000,,,,,,,,,,,,,,,
2008-01-27,,,,,,,,,,3.0000,,,,,,,,,,,,,,,
2008-01-28,,,,,,,3.6100,,,3.0000,,,,,,,,,,,,,,,
2008-01-29,,,,,,,3.6900,,,3.0000,,,,,,,,,,,,,,,
2008-01-30,,,,,,,3.7800,,,3.0000,,,,,,,,,,,,,,,
2008-01-31,,,,,,,3.6700,,,3.0000,,,,,,,,,,,,,,,
2008-02-01,212.6870,213.9390,88.3820,87.1780,4.9000,138329.0000,3.6200,101.8438,69.9200,3.0000,7.4000,,5.2500,5.2000,0.7500,,,2.9800,,84.6000,86.6000,100.4674,70.6300,,-0.2000
2008-02-02,,,,,,,,,,3.0000,,,,,,,,,,,,,,,
2008-02-03,,,,,,,,,,3.0000,,,,,,,,,,,,,,,
2008-02-04,,,,,,,3.6800,,,3.0000,,,,,,,,,,,,,,,
2008-02-05,,,,,,,3.6100,,,3.0000,,,,,,,,,,,,,,,
2008-02-06,,,,,,,3.6100,,,3.0000,,,,,,,,,,,,,,,
2008-02-07,,,,,,,3.7400,,,3.0000,,,,,,,,,,,,,,,
2008-02-08,,,,,,,3.6400,,,3.0000,,,,,,,,,,,,,,,
2008-02-09,,,,,,,,,,3.0000,,,,,,,,,,,,,,,
2008-02-10,,,,,,,,,,3.0000,,,,,,,,,,,,,,,
2008-02-11,,,,,,,3.6200,,,3.0000,,,,,,,,,,,,,,,
2008-02-12,,,,,,,3.6600,,,3.0000,,,,,,,,,,,,,,,
2008-02-13,,,,,,,3.7000,,,3.0000,,,,,,,,,,,,,,,
2008-02-14,,,,,,,3.8500,,,3.0000,,,,,,,,,,,,,,,
2008-02-15,,,,,,,3.7600,,,3.0000,,,,,,,,,,,,,,,
2008-02-16,,,,,,,,,,3.0000,,,,,,,,,,,,,,,
2008-02-17,,,,,,,,,,3.0000,,,,,,,,,,,,,,,
2008-02-18,,,,,,,,,,3.0000,,,,,,,,,,,,,,,
2008-02-19,,,,,,,3.8900,,,3.0000,,,,,,,,,,,,,,,
2008-02-20,,,,,,,3.9300,,,3.0000,,,,,,,,,,,,,,,
2008-02-21,,,,,,,3.7700,,,3.0000,,,,,,,,,,,,,,,
2008-02-22,,,,,,,3.7900,,,3.0000,,,,,,,,,,,,,,,
2008-02-23,,,,,,,,,,3.0000,,,,,,,,,,,,,,,
2008-02-24,,,,,,,,,,3.0000,,,,,,,,,,,,,,,
2008-02-25,,,,,,,3.9100,,,3.0000,,,,,,,,,,,,,,,
2008-02-26,,,,,,,3.8800,,,3.0000,,,,,,,,,,,,,,,
2008-02-27,,,,,,,3.8500,,,3.0000,,,,,,,,,,,,,,,
2008-02-28,,,,,,,3.7100,,,3.0000,,,,,,,,,,,,,,,
2008-02-29,,,,,,,3.5300,,,3.0000,,,,,,,,,,,,,,,
2008-03-01,213.4480,214.4200,88.6350,87.3490,5.1000,138259.0000,,101.5336,70.6100,3.0000,7.4000,,5.2500,5.3000,0.7500,,,2.6100,,84.9000,86.9000,100.8072,71.3400,,0.5000
2008-03-02,,,,,,,,,,3.0000,,,,,,,,,,,,,,,
2008-03-03,,,,,,,3.5400,,,3.0000,,,,,,,,,,,,,,,
2008-03-04,,,,,,,3.6300,,,3.0000,,,,,,,,,,,,,,,
2008-03-05,,,,,,,3.7000,,,3.0000,,,,,,,,,,,,,,,
2008-03-06,,,,,,,3.6200,,,3.0000,,,,,,,,,,,,,,,
2008-03-07,,,,,,,3.5600,,,3.0000,,,,,,,,,,,,,,,
2008-03-08,,,,,,,,,,3.0000,,,,,,,,,,,,,,,
2008-03-09,,,,,,,,,,3.0000,,,,,,,,,,,,,,,
2008-03-10,,,,,,,3.4600,,,3.0000,,,,,,,,,,,,,,,
2008-03-11,,,,,,,3.6000,,,3.0000,,,,,,,,,,,,,,,
2008-03-12,,,,,,,3.4900,,,3.0000,,,,,,,,,,,,,,,
2008-03-13,,,,,,,3.5600,,,3.0000,,,,,,,,,,,,,,,
2008-03-14,,,,,,,3.4400,,,3.0000,,,,,,,,,,,,,,,
2008-03-15,,,,,,,,,,3.0000,,,,,,,,,,,,,,,
2008-03-16,,,,,,,,,,3.0000,,,,,,,,,,,,,,,
2008-03-17,,,,,,,3.3400,,,3.0000,,,,,,,,,,,,,,,
2008-03-18,,,,,,,3.4800,,,3.0000,,,,,,,,,,,,,,,
2008-03-19,,,,,,,3.3800,,,3.0000,,,,,,,,,,,,,,,
2008-03-20,,,,,,,3.3400,,,3.0000,,,,,,,,,,,,,,,
2008-03-21,,,,,,,,,,3.0000,,,,,,,,,,,,,,,
2008-03-22,,,,,,,,,,3.0000,,,,,,,,,,,,,,,
2008-03-23,,,,,,,,,,3.0000,,,,,,,,,,,,,,,
2008-03-24,,,,,,,3.5600,,,3.0000,,,,,,,,,,,,,,,
2008-03-25,,,,,,,3.5100,,,3.0000,,,,,,,,,,,,,,,
2008-03-26,,,,,,,3.5100,,,3.0000,,,,,,,,,,,,,,,
2008-03-27,,,,,,,3.5600,,,3.0000,,,,,,,,,,,,,,,
2008-03-28,,,,,,,3.4700,,,3.0000,,,,,,,,,,,,,,,
2008-03-29,,,,,,,,,,3.0000,,,,,,,,,,,,,,,
2008-03-30,,,,,,,,,,3.0000,,,,,,,,,,,,,,,
2008-03-31,,,,,,,3.4500,,,3.0000,,,,,,,,,,,,,,,
2008-04-01,213.9420,214.5600,88.7990,87.4000,5.0000,138040.0000,3.5700,100.8785,70.8400,3.0000,7.5000,2473165.2000,5.0000,5.2000,0.7500,546309.8000,158257.6000,2.2800,16943.2910,85.6000,87.3000,101.6036,71.5800,583541.0000,-0.1000
2008-04-02,,,,,,,3.6000,,,3.0000,,,,,,,,,,,,,,,
2008-04-03,,,,,,,3.6100,,,3.0000,,,,,,,,,,,,,,,
2008-04-04,,,,,,,3.5000,,,3.0000,,,,,,,,,,,,,,,
2008-04-05,,,,,,,,,,3.0000,,,,,,,,,,,,,,,
2008-04-06,,,,,,,,,,3.0000,,,,,,,,,,,,,,,
2008-04-07,,,,,,,3.5700,,,3.0000,,,,,,,,,,,,,,,
2008-04-08,,,,,,,3.5800,,,3.0000,,,,,,,,,,,,,,,
2008-04-09,,,,,,,3.4900,,,3.0000,,,,,,,,,,,,,,,
2008-04-10,,,,,,,3.5500,,,3.0000,,,,,,,,,,,,,,,
2008-04-11,,,,,,,3.4900,,,3.0000,,,,,,,,,,,,,,,
2008-04-12,,,,,,,,,,3.0000,,,,,,,,,,,,,,,
2008-04-13,,,,,,,,,,3.0000,,,,,,,,,,,,,,,
2008-04-14,,,,,,,3.5300,,,3.0000,,,,,,,,,,,,,,,
2008-04-15,,,,,,,3.6000,,,3.0000,,,,,,,,,,,,,,,
2008-04-16,,,,,,,3.7200,,,3.0000,,,,,,,,,,,,,,,
2008-04-17,,,,,,,3.7500,,,3.0000,,,,,,,,,,,,,,,
2008-04-18,,,,,,,3.7700,,,3.0000,,,,,,,,,,,,,,,
2008-04-19,,,,,,,,,,3.0000,,,,,,,,,,,,,,,
2008-04-20,,,,,,,,,,3.0000,,,,,,,,,,,,,,,
2008-04-21,,,,,,,3.7500,,,3.0000,,,,,,,,,,,,,,,
2008-04-22,,,,,,,3.7400,,,3.0000,,,,,,,,,,,,,,,
2008-04-23,,,,,,,3.7700,,,3.0000,,,,,,,,,,,,,,,
2008-04-24,,,,,,,3.8700,,,3.0000,,,,,,,,,,,,,,,
2008-04-25,,,,,,,3.9100,,,3.0000,,,,,,,,,,,,,,,
2008-04-26,,,,,,,,,,3.0000,,,,,,,,,,,,,,,
2008-04-27,,,,,,,,,,3.0000,,,,,,,,,,,,,,,
2008-04-28,,,,,,,3.8600,,,3.0000,,,,,,,,,,,,,,,
2008-04-29,,,,,,,3.8500,,,3.0000,,,,,,,,,,,,,,,
2008-04-30,,,,,,,3.7700,,,3.0000,,,,,,,,,,,,,,,
2008-05-01,215.2080,214.9360,89.1800,87.5590,5.4000,137851.0000,3.7800,100.2674,71.2800,3.0000,7.5000,,5.0000,5.4000,0.7500,,,1.9800,,86.1000,87.6000,102.4103,72.0300,,0.8000
2008-05-02,,,,,,,3.8900,,,3.0000,,,,,,,,,,,,,,,
2008-05-03,,,,,,,,,,3.0000,,,,,,,,,,,,,,,
2008-05-04,,,,,,,,,,3.0000,,,,,,,,,,,,,,,
2008-05-05,,,,,,,3.8800,,,3.0000,,,,,,,,,,,,,,,
2008-05-06,,,,,,,3.9300,,,3.0000,,,,,,,,,,,,,,,
2008-05-07,,,,,,,3.8700,,,3.0000,,,,,,,,,,,,,,,
2008-05-08,,,,,,,3.7900,,,3.0000,,,,,,,,,,,,,,,
2008-05-09,,,,,,,3.7700,,,3.0000,,,,,,,,,,,,,,,
2008-05-10,,,,,,,,,,3.0000,,,,,,,,,,,,,,,
2008-05-11,,,,,,,,,,3.0000,,,,,,,,,,,,,,,
2008-05-12,,,,,,,3.7800,,,3.0000,,,,,,,,,,,,,,,
2008-05-13,,,,,,,3.9000,,,3.0000,,,,,,,,,,,,,,,
2008-05-14,,,,,,,3.9200,,,3.0000,,,,,,,,,,,,,,,
2008-05-15,,,,,,,3.8300,,,3.0000,,,,,,,,,,,,,,,
2008-05-16,,,,,,,3.8500,,,3.0000,,,,,,,,,,,,,,,
2008-05-17,,,,,,,,,,3.0000,,,,,,,,,,,,,,,
2008-05-18,,,,,,,,,,3.0000,,,,,,,,,,,,,,,
2008-05-19,,,,,,,3.8300,,,3.0000,,,,,,,,,,,,,,,
2008-05-20,,,,,,,3.7800,,,3.0000,,,,,,,,,,,,,,,
2008-05-21,,,,,,,3.8100,,,3.0000,,,,,,,,,,,,,,,
2008-05-22,,,,,,,3.9200,,,3.0000,,,,,,,,,,,,,,,
2008-05-23,,,,,,,3.8500,,,3.0000,,,,,,,,,,,,,,,
2008-05-24,,,,,,,,,,3.0000,,,,,,,,,,,,,,,
2008-05-25,,,,,,,,,,3.0000,,,,,,,,,,,,,,,
2008-05-26,,,,,,,,,,3.0000,,,,,,,,,,,,,,,
2008-05-27,,,,,,,3.9300,,,3.0000,,,,,,,,,,,,,,,
2008-05-28,,,,,,,4.0300,,,3.0000,,,,,,,,,,,,,,,
2008-05-29,,,,,,,4.0800,,,3.0000,,,,,,,,,,,,,,,
2008-05-30,,,,,,,4.0600,,,3.0000,,,,,,,,,,,,,,,
2008-05-31,,,,,,,,,,3.0000,,,,,,,,,,,,,,,
2008-06-01,217.4630,215.4240,89.8270,87.7600,5.6000,137700.0000,,100.0335,71.5600,3.0000,7.6000,,5.0000,5.5000,0.7500,,,2.0000,,86.6000,87.9000,102.5836,72.3100,,0.5000
2008-06-02,,,,,,,3.9800,,,3.0000,,,,,,,,,,,,,,,
2008-06-03,,,,,,,3.9200,,,3.0000,,,,,,,,,,,,,,,
2008-06-04,,,,,,,3.9800,,,3.0000,,,,,,,,,,,,,,,
2008-06-05,,,,,,,4.0600,,,3.0000,,,,,,,,,,,,,,,
2008-06-06,,,,,,,3.9400,,,3.0000,,,,,,,,,,,,,,,
2008-06-07,,,,,,,,,,3.0000,,,,,,,,,,,,,,,
2008-06-08,,,,,,,,,,3.0000,,,,,,,,,,,,,,,
2008-06-09,,,,,,,4.0200,,,3.0000,,,,,,,,,,,,,,,
2008-06-10,,,,,,,4.1100,,,3.0000,,,,,,,,,,,,,,,
2008-06-11,,,,,,,4.1000,,,3.0000,,,,,,,,,,,,,,,
2008-06-12,,,,,,,4.2300,,,3.0000,,,,,,,,,,,,,,,
2008-06-13,,,,,,,4.2700,,,3.0000,,,,,,,,,,,,,,,
2008-06-14,,,,,,,,,,3.0000,,,,,,,,,,,,,,,
2008-06-15,,,,,,,,,,3.0000,,,,,,,,,,,,,,,
2008-06-16,,,,,,,4.2500,,,3.0000,,,,,,,,,,,,,,,
2008-06-17,,,,,,,4.2300,,,3.0000,,,,,,,,,,,,,,,
2008-06-18,,,,,,,4.1600,,,3.0000,,,,,,,,,,,,,,,
2008-06-19,,,,,,,4.2200,,,3.0000,,,,,,,,,,,,,,,
2008-06-20,,,,,,,4.1600,,,3.0000,,,,,,,,,,,,,,,
2008-06-21,,,,,,,,,,3.0000,,,,,,,,,,,,,,,
2008-06-22,,,,,,,,,,3.0000,,,,,,,,,,,,,,,
2008-06-23,,,,,,,4.1900,,,3.0000,,,,,,,,,,,,,,,
2008-06-24,,,,,,,4.1000,,,3.0000,,,,,,,,,,,,,,,
2008-06-25,,,,,,,4.1200,,,3.0000,,,,,,,,,,,,,,,
2008-06-26,,,,,,,4.0700,,,3.0000,,,,,,,,,,,,,,,
2008-06-27,,,,,,,3.9900,,,3.0000,,,,,,,,,,,,,,,
2008-06-28,,,,,,,,,,3.0000,,,,,,,,,,,,,,,
2008-06-29,,,,,,,,,,3.0000,,,,,,,,,,,,,,,
2008-06-30,,,,,,,3.9900,,,3.0000,,,,,,,,,,,,,,,
2008-07-01,219.0160,215.9650,90.2450,87.9180,5.8000,137497.0000,4.0100,99.6760,71.4500,3.0000,7.6000,2459779.3000,5.0000,5.7000,0.7500,540238.6000,158867.9000,2.0100,16854.2950,86.6000,87.8000,102.1366,72.1900,573961.0000,0.2000
2008-07-02,,,,,,,3.9900,,,3.0000,,,,,,,,,,,,,,,
2008-07-03,,,,,,,3.9900,,,3.0000,,,,,,,,,,,,,,,
2008-07-04,,,,,,,,,,3.0000,,,,,,,,,,,,,,,
2008-07-05,,,,,,,,,,3.0000,,,,,,,,,,,,,,,
2008-07-06,,,,,,,,,,3.0000,,,,,,,,,,,,,,,
2008-07-07,,,,,,,3.9500,,,3.0000,,,,,,,,,,,,,,,
2008-07-08,,,,,,,3.9100,,,3.0000,,,,,,,,,,,,,,,
2008-07-09,,,,,,,3.8500,,,3.2500,,,,,,,,,,,,,,,
2008-07-10,,,,,,,3.8300,,,3.2500,,,,,,,,,,,,,,,
2008-07-11,,,,,,,3.9600,,,3.2500,,,,,,,,,,,,,,,
2008-07-12,,,,,,,,,,3.2500,,,,,,,,,,,,,,,
2008-07-13,,,,,,,,,,3.2500,,,,,,,,,,,,,,,
2008-07-14,,,,,,,3.9000,,,3.2500,,,,,,,,,,,,,,,
2008-07-15,,,,,,,3.8700,,,3.2500,,,,,,,,,,,,,,,
2008-07-16,,,,,,,3.9700,,,3.2500,,,,,,,,,,,,,,,
2008-07-17,,,,,,,4.0700,,,3.2500,,,,,,,,,,,,,,,
2008-07-18,,,,,,,4.1100,,,3.2500,,,,,,,,,,,,,,,
2008-07-19,,,,,,,,,,3.2500,,,,,,,,,,,,,,,
2008-07-20,,,,,,,,,,3.2500,,,,,,,,,,,,,,,
2008-07-21,,,,,,,4.0900,,,3.2500,,,,,,,,,,,,,,,
2008-07-22,,,,,,,4.1400,,,3.2500,,,,,,,,,,,,,,,
2008-07-23,,,,,,,4.1600,,,3.2500,,,,,,,,,,,,,,,
2008-07-24,,,,,,,4.0300,,,3.2500,,,,,,,,,,,,,,,
2008-07-25,,,,,,,4.1300,,,3.2500,,,,,,,,,,,,,,,
2008-07-26,,,,,,,,,,3.2500,,,,,,,,,,,,,,,
2008-07-27,,,,,,,,,,3.2500,,,,,,,,,,,,,,,
2008-07-28,,,,,,,4.0600,,,3.2500,,,,,,,,,,,,,,,
2008-07-29,,,,,,,4.0900,,,3.2500,,,,,,,,,,,,,,,
2008-07-30,,,,,,,4.0700,,,3.2500,,,,,,,,,,,,,,,
2008-07-31,,,,,,,3.9900,,,3.2500,,,,,,,,,,,,,,,
2008-08-01,218.6900,216.3930,90.1720,88.0260,6.1000,137211.0000,3.9700,98.1111,71.3500,3.2500,7.7000,,5.0000,5.9000,0.7500,,,2.0000,,87.1000,88.2000,101.8705,72.0900,,0.3000
2008-08-02,,,,,,,,,,3.2500,,,,,,,,,,,,,,,
2008-08-03,,,,,,,,,,3.2500,,,,,,,,,,,,,,,
2008-08-04,,,,,,,3.9800,,,3.2500,,,,,,,,,,,,,,,
2008-08-05,,,,,,,4.0400,,,3.2500,,,,,,,,,,,,,,,
2008-08-06,,,,,,,4.0600,,,3.2500,,,,,,,,,,,,,,,
2008-08-07,,,,,,,3.9200,,,3.2500,,,,,,,,,,,,,,,
2008-08-08,,,,,,,3.9400,,,3.2500,,,,,,,,,,,,,,,
2008-08-09,,,,,,,,,,3.2500,,,,,,,,,,,,,,,
2008-08-10,,,,,,,,,,3.2500,,,,,,,,,,,,,,,
2008-08-11,,,,,,,3.9900,,,3.2500,,,,,,,,,,,,,,,
2008-08-12,,,,,,,3.9100,,,3.2500,,,,,,,,,,,,,,,
2008-08-13,,,,,,,3.9400,,,3.2500,,,,,,,,,,,,,,,
2008-08-14,,,,,,,3.8900,,,3.2500,,,,,,,,,,,,,,,
2008-08-15,,,,,,,3.8400,,,3.2500,,,,,,,,,,,,,,,
2008-08-16,,,,,,,,,,3.2500,,,,,,,,,,,,,,,
2008-08-17,,,,,,,,,,3.2500,,,,,,,,,,,,,,,
2008-08-18,,,,,,,3.8200,,,3.2500,,,,,,,,,,,,,,,
2008-08-19,,,,,,,3.8300,,,3.2500,,,,,,,,,,,,,,,
2008-08-20,,,,,,,3.7900,,,3.2500,,,,,,,,,,,,,,,
2008-08-21,,,,,,,3.8400,,,3.2500,,,,,,,,,,,,,,,
2008-08-22,,,,,,,3.8700,,,3.2500,,,,,,,,,,,,,,,
2008-08-23,,,,,,,,,,3.2500,,,,,,,,,,,,,,,
2008-08-24,,,,,,,,,,3.2500,,,,,,,,,,,,,,,
2008-08-25,,,,,,,3.7900,,,3.2500,,,,,,,,,,,,,,,
2008-08-26,,,,,,,3.7900,,,3.2500,,,,,,,,,,,,,,,
2008-08-27,,,,,,,3.7700,,,3.2500,,,,,,,,,,,,,,,
2008-08-28,,,,,,,3.7900,,,3.2500,,,,,,,,,,,,,,,
2008-08-29,,,,,,,3.8300,,,3.2500,,,,,,,,,,,,,,,
2008-08-30,,,,,,,,,,3.2500,,,,,,,,,,,,,,,
2008-08-31,,,,,,,,,,3.2500,,,,,,,,,,,,,,,
2008-09-01,218.8770,216.7130,90.2470,88.1160,6.1000,136760.0000,,93.7895,71.4900,3.2500,7.8000,,5.0000,6.0000,0.7500,,,1.8100,,87.5000,88.3000,101.9733,72.2300,,0.0000
2008-09-02,,,,,,,3.7400,,,3.2500,,,,,,,,,,,,,,,
2008-09-03,,,,,,,3.7100,,,3.2500,,,,,,,,,,,,,,,
2008-09-04,,,,,,,3.6400,,,3.2500,,,,,,,,,,,,,,,
2008-09-05,,,,,,,3.6600,,,3.2500,,,,,,,,,,,,,,,
2008-09-06,,,,,,,,,,3.2500,,,,,,,,,,,,,,,
2008-09-07,,,,,,,,,,3.2500,,,,,,,,,,,,,,,
2008-09-08,,,,,,,3.6600,,,3.2500,,,,,,,,,,,,,,,
2008-09-09,,,,,,,3.6200,,,3.2500,,,,,,,,,,,,,,,
2008-09-10,,,,,,,3.6500,,,3.2500,,,,,,,,,,,,,,,
2008-09-11,,,,,,,3.6400,,,3.2500,,,,,,,,,,,,,,,
2008-09-12,,,,,,,3.7400,,,3.2500,,,,,,,,,,,,,,,
2008-09-13,,,,,,,,,,3.2500,,,,,,,,,,,,,,,
2008-09-14,,,,,,,,,,3.2500,,,,,,,,,,,,,,,
2008-09-15,,,,,,,3.4700,,,3.2500,,,,,,,,,,,,,,,
2008-09-16,,,,,,,3.4800,,,3.2500,,,,,,,,,,,,,,,
2008-09-17,,,,,,,3.4100,,,3.2500,,,,,,,,,,,,,,,
2008-09-18,,,,,,,3.5400,,,3.2500,,,,,,,,,,,,,,,
2008-09-19,,,,,,,3.7800,,,3.2500,,,,,,,,,,,,,,,
2008-09-20,,,,,,,,,,3.2500,,,,,,,,,,,,,,,
2008-09-21,,,,,,,,,,3.2500,,,,,,,,,,,,,,,
2008-09-22,,,,,,,3.8300,,,3.2500,,,,,,,,,,,,,,,
2008-09-23,,,,,,,3.8500,,,3.2500,,,,,,,,,,,,,,,
2008-09-24,,,,,,,3.8000,,,3.2500,,,,,,,,,,,,,,,
2008-09-25,,,,,,,3.8800,,,3.2500,,,,,,,,,,,,,,,
2008-09-26,,,,,,,3.8500,,,3.2500,,,,,,,,,,,,,,,
2008-09-27,,,,,,,,,,3.2500,,,,,,,,,,,,,,,
2008-09-28,,,,,,,,,,3.2500,,,,,,,,,,,,,,,
2008-09-29,,,,,,,3.6100,,,3.2500,,,,,,,,,,,,,,,
2008-09-30,,,,,,,3.8500,,,3.2500,,,,,,,,,,,,,,,
2008-10-01,216.9950,216.7880,89.6510,87.9910,6.5000,136291.0000,3.7700,94.7219,71.5100,3.2500,7.9000,2417473.0000,4.5000,6.2000,0.5000,527430.4000,155360.7000,0.9700,16485.3500,87.3000,88.3000,102.5151,72.2500,561816.0000,-0.1000
2008-10-02,,,,,,,3.6600,,,3.2500,,,,,,,,,,,,,,,
2008-10-03,,,,,,,3.6300,,,3.2500,,,,,,,,,,,,,,,
2008-10-04,,,,,,,,,,3.2500,,,,,,,,,,,,,,,
2008-10-05,,,,,,,,,,3.2500,,,,,,,,,,,,,,,
2008-10-06,,,,,,,3.4800,,,3.2500,,,,,,,,,,,,,,,
2008-10-07,,,,,,,3.5000,,,3.2500,,,,,,,,,,,,,,,
2008-10-08,,,,,,,3.7200,,,2.7500,,,,,,,,,,,,,,,
2008-10-09,,,,,,,3.8400,,,3.2500,,,,,,,,,,,,,,,
2008-10-10,,,,,,,3.8900,,,3.2500,,,,,,,,,,,,,,,
2008-10-11,,,,,,,,,,3.2500,,,,,,,,,,,,,,,
2008-10-12,,,,,,,,,,3.2500,,,,,,,,,,,,,,,
2008-10-13,,,,,,,,,,3.2500,,,,,,,,,,,,,,,
2008-10-14,,,,,,,4.0800,,,3.2500,,,,,,,,,,,,,,,
2008-10-15,,,,,,,4.0400,,,3.2500,,,,,,,,,,,,,,,
2008-10-16,,,,,,,3.9900,,,3.2500,,,,,,,,,,,,,,,
2008-10-17,,,,,,,3.9800,,,3.2500,,,,,,,,,,,,,,,
2008-10-18,,,,,,,,,,3.2500,,,,,,,,,,,,,,,
2008-10-19,,,,,,,,,,3.2500,,,,,,,,,,,,,,,
2008-10-20,,,,,,,3.9100,,,3.2500,,,,,,,,,,,,,,,
2008-10-21,,,,,,,3.7600,,,3.2500,,,,,,,,,,,,,,,
2008-10-22,,,,,,,3.6500,,,3.2500,,,,,,,,,,,,,,,
2008-10-23,,,,,,,3.6300,,,3.2500,,,,,,,,,,,,,,,
2008-10-24,,,,,,,3.7600,,,3.2500,,,,,,,,,,,,,,,
2008-10-25,,,,,,,,,,3.2500,,,,,,,,,,,,,,,
2008-10-26,,,,,,,,,,3.2500,,,,,,,,,,,,,,,
2008-10-27,,,,,,,3.7900,,,3.2500,,,,,,,,,,,,,,,
2008-10-28,,,,,,,3.8900,,,3.2500,,,,,,,,,,,,,,,
2008-10-29,,,,,,,3.9300,,,3.2500,,,,,,,,,,,,,,,
2008-10-30,,,,,,,4.0000,,,3.2500,,,,,,,,,,,,,,,
2008-10-31,,,,,,,4.0100,,,3.2500,,,,,,,,,,,,,,,
2008-11-01,213.1530,216.9470,88.5930,87.9520,6.8000,135541.0000,,93.4715,71.1700,3.2500,8.1000,,3.0000,6.4000,0.5000,,,0.3900,,87.3000,88.5000,101.8323,71.8900,,-0.9000
2008-11-02,,,,,,,,,,3.2500,,,,,,,,,,,,,,,
2008-11-03,,,,,,,3.9600,,,3.2500,,,,,,,,,,,,,,,
2008-11-04,,,,,,,3.8100,,,3.2500,,,,,,,,,,,,,,,
2008-11-05,,,,,,,3.7300,,,3.2500,,,,,,,,,,,,,,,
2008-11-06,,,,,,,3.7500,,,3.2500,,,,,,,,,,,,,,,
2008-11-07,,,,,,,3.8300,,,3.2500,,,,,,,,,,,,,,,
2008-11-08,,,,,,,,,,3.2500,,,,,,,,,,,,,,,
2008-11-09,,,,,,,,,,3.2500,,,,,,,,,,,,,,,
2008-11-10,,,,,,,3.8200,,,3.2500,,,,,,,,,,,,,,,
2008-11-11,,,,,,,,,,3.2500,,,,,,,,,,,,,,,
2008-11-12,,,,,,,3.7500,,,2.7500,,,,,,,,,,,,,,,
2008-11-13,,,,,,,3.8400,,,2.7500,,,,,,,,,,,,,,,
2008-11-14,,,,,,,3.7200,,,2.7500,,,,,,,,,,,,,,,
2008-11-15,,,,,,,,,,2.7500,,,,,,,,,,,,,,,
2008-11-16,,,,,,,,,,2.7500,,,,,,,,,,,,,,,
2008-11-17,,,,,,,3.6800,,,2.7500,,,,,,,,,,,,,,,
2008-11-18,,,,,,,3.5300,,,2.7500,,,,,,,,,,,,,,,
2008-11-19,,,,,,,3.3800,,,2.7500,,,,,,,,,,,,,,,
2008-11-20,,,,,,,3.1000,,,2.7500,,,,,,,,,,,,,,,
2008-11-21,,,,,,,3.2000,,,2.7500,,,,,,,,,,,,,,,
2008-11-22,,,,,,,,,,2.7500,,,,,,,,,,,,,,,
2008-11-23,,,,,,,,,,2.7500,,,,,,,,,,,,,,,
2008-11-24,,,,,,,3.3500,,,2.7500,,,,,,,,,,,,,,,
2008-11-25,,,,,,,3.1100,,,2.7500,,,,,,,,,,,,,,,
2008-11-26,,,,,,,2.9900,,,2.7500,,,,,,,,,,,,,,,
2008-11-27,,,,,,,,,,2.7500,,,,,,,,,,,,,,,
2008-11-28,,,,,,,2.9300,,,2.7500,,,,,,,,,,,,,,,
2008-11-29,,,,,,,,,,2.7500,,,,,,,,,,,,,,,
2008-11-30,,,,,,,,,,2.7500,,,,,,,,,,,,,,,
2008-12-01,211.3980,216.9250,88.0980,87.9090,7.3000,134847.0000,2.7200,90.8357,71.0800,2.7500,8.4000,,2.0000,6.5000,0.3000,,,0.1600,,87.1000,88.3000,101.3240,71.7900,,-0.4000
2008-12-02,,,,,,,2.6800,,,2.7500,,,,,,,,,,,,,,,
2008-12-03,,,,,,,2.6700,,,2.7500,,,,,,,,,,,,,,,
2008-12-04,,,,,,,2.5500,,,2.7500,,,,,,,,,,,,,,,
2008-12-05,,,,,,,2.6700,,,2.7500,,,,,,,,,,,,,,,
2008-12-06,,,,,,,,,,2.7500,,,,,,,,,,,,,,,
2008-12-07,,,,,,,,,,2.7500,,,,,,,,,,,,,,,
2008-12-08,,,,,,,2.7700,,,2.7500,,,,,,,,,,,,,,,
2008-12-09,,,,,,,2.6700,,,2.7500,,,,,,,,,,,,,,,
2008-12-10,,,,,,,2.6900,,,2.0000,,,,,,,,,,,,,,,
2008-12-11,,,,,,,2.6400,,,2.0000,,,,,,,,,,,,,,,
2008-12-12,,,,,,,2.6000,,,2.0000,,,,,,,,,,,,,,,
2008-12-13,,,,,,,,,,2.0000,,,,,,,,,,,,,,,
2008-12-14,,,,,,,,,,2.0000,,,,,,,,,,,,,,,
2008-12-15,,,,,,,2.5300,,,2.0000,,,,,,,,,,,,,,,
2008-12-16,,,,,,,2.3700,,,2.0000,,,,,,,,,,,,,,,
2008-12-17,,,,,,,2.2000,,,2.0000,,,,,,,,,,,,,,,
2008-12-18,,,,,,,2.0800,,,2.0000,,,,,,,,,,,,,,,
2008-12-19,,,,,,,2.1300,,,2.0000,,,,,,,,,,,,,,,
2008-12-20,,,,,,,,,,2.0000,,,,,,,,,,,,,,,
2008-12-21,,,,,,,,,,2.0000,,,,,,,,,,,,,,,
2008-12-22,,,,,,,2.1600,,,2.0000,,,,,,,,,,,,,,,
2008-12-23,,,,,,,2.1800,,,2.0000,,,,,,,,,,,,,,,
2008-12-24,,,,,,,2.2000,,,2.0000,,,,,,,,,,,,,,,
2008-12-25,,,,,,,,,,2.0000,,,,,,,,,,,,,,,
2008-12-26,,,,,,,2.1600,,,2.0000,,,,,,,,,,,,,,,
2008-12-27,,,,,,,,,,2.0000,,,,,,,,,,,,,,,
2008-12-28,,,,,,,,,,2.0000,,,,,,,,,,,,,,,
2008-12-29,,,,,,,2.1300,,,2.0000,,,,,,,,,,,,,,,
2008-12-30,,,,,,,2.1100,,,2.0000,,,,,,,,,,,,,,,
2008-12-31,,,,,,,2.2500,,,2.0000,,,,,,,,,,,,,,,
2009-01-01,211.9330,217.3460,88.1080,87.8820,7.8000,134079.0000,,88.5700,70.5000,2.0000,8.8000,2343564.9000,1.5000,6.7000,0.3000,504017.1000,152595.5000,0.1500,16298.2620,86.6000,87.8000,100.4691,71.1900,550451.0000,-0.6000
2009-01-02,,,,,,,2.4600,,,2.0000,,,,,,,,,,,,,,,
2009-01-03,,,,,,,,,,2.0000,,,,,,,,,,,,,,,
2009-01-04,,,,,,,,,,2.0000,,,,,,,,,,,,,,,
2009-01-05,,,,,,,2.4900,,,2.0000,,,,,,,,,,,,,,,
2009-01-06,,,,,,,2.5100,,,2.0000,,,,,,,,,,,,,,,
2009-01-07,,,,,,,2.5200,,,2.0000,,,,,,,,,,,,,,,
2009-01-08,,,,,,,2.4700,,,2.0000,,,,,,,,,,,,,,,
2009-01-09,,,,,,,2.4300,,,2.0000,,,,,,,,,,,,,,,
2009-01-10,,,,,,,,,,2.0000,,,,,,,,,,,,,,,
2009-01-11,,,,,,,,,,2.0000,,,,,,,,,,,,,,,
2009-01-12,,,,,,,2.3400,,,2.0000,,,,,,,,,,,,,,,
2009-01-13,,,,,,,2.3300,,,2.0000,,,,,,,,,,,,,,,
2009-01-14,,,,,,,2.2400,,,2.0000,,,,,,,,,,,,,,,
2009-01-15,,,,,,,2.2300,,,2.0000,,,,,,,,,,,,,,,
2009-01-16,,,,,,,2.3600,,,2.0000,,,,,,,,,,,,,,,
2009-01-17,,,,,,,,,,2.0000,,,,,,,,,,,,,,,
2009-01-18,,,,,,,,,,2.0000,,,,,,,,,,,,,,,
2009-01-19,,,,,,,,,,2.0000,,,,,,,,,,,,,,,
2009-01-20,,,,,,,2.4000,,,2.0000,,,,,,,,,,,,,,,
2009-01-21,,,,,,,2.5600,,,1.0000,,,,,,,,,,,,,,,
2009-01-22,,,,,,,2.6200,,,1.0000,,,,,,,,,,,,,,,
2009-01-23,,,,,,,2.6500,,,1.0000,,,,,,,,,,,,,,,
2009-01-24,,,,,,,,,,1.0000,,,,,,,,,,,,,,,
2009-01-25,,,,,,,,,,1.0000,,,,,,,,,,,,,,,
2009-01-26,,,,,,,2.7000,,,1.0000,,,,,,,,,,,,,,,
2009-01-27,,,,,,,2.5900,,,1.0000,,,,,,,,,,,,,,,
2009-01-28,,,,,,,2.7100,,,1.0000,,,,,,,,,,,,,,,
2009-01-29,,,,,,,2.8700,,,1.0000,,,,,,,,,,,,,,,
2009-01-30,,,,,,,2.8700,,,1.0000,,,,,,,,,,,,,,,
2009-01-31,,,,,,,,,,1.0000,,,,,,,,,,,,,,,
2009-02-01,212.7050,217.7920,88.2660,87.9520,8.3000,133318.0000,,88.0310,70.7900,1.0000,9.1000,,1.0000,7.1000,0.3000,,,0.2200,,87.2000,88.2000,100.7059,71.4700,,-0.3000
2009-02-02,,,,,,,2.7600,,,1.0000,,,,,,,,,,,,,,,
2009-02-03,,,,,,,2.8900,,,1.0000,,,,,,,,,,,,,,,
2009-02-04,,,,,,,2.9500,,,1.0000,,,,,,,,,,,,,,,
2009-02-05,,,,,,,2.9500,,,1.0000,,,,,,,,,,,,,,,
2009-02-06,,,,,,,3.0500,,,1.0000,,,,,,,,,,,,,,,
2009-02-07,,,,,,,,,,1.0000,,,,,,,,,,,,,,,
2009-02-08,,,,,,,,,,1.0000,,,,,,,,,,,,,,,
2009-02-09,,,,,,,3.0700,,,1.0000,,,,,,,,,,,,,,,
2009-02-10,,,,,,,2.9000,,,1.0000,,,,,,,,,,,,,,,
2009-02-11,,,,,,,2.7800,,,1.0000,,,,,,,,,,,,,,,
2009-02-12,,,,,,,2.7500,,,1.0000,,,,,,,,,,,,,,,
2009-02-13,,,,,,,2.8900,,,1.0000,,,,,,,,,,,,,,,
2009-02-14,,,,,,,,,,1.0000,,,,,,,,,,,,,,,
2009-02-15,,,,,,,,,,1.0000,,,,,,,,,,,,,,,
2009-02-16,,,,,,,,,,1.0000,,,,,,,,,,,,,,,
2009-02-17,,,,,,,2.6400,,,1.0000,,,,,,,,,,,,,,,
2009-02-18,,,,,,,2.7400,,,1.0000,,,,,,,,,,,,,,,
2009-02-19,,,,,,,2.8500,,,1.0000,,,,,,,,,,,,,,,
2009-02-20,,,,,,,2.7800,,,1.0000,,,,,,,,,,,,,,,
2009-02-21,,,,,,,,,,1.0000,,,,,,,,,,,,,,,
2009-02-22,,,,,,,,,,1.0000,,,,,,,,,,,,,,,
2009-02-23,,,,,,,2.7800,,,1.0000,,,,,,,,,,,,,,,
2009-02-24,,,,,,,2.8000,,,1.0000,,,,,,,,,,,,,,,
2009-02-25,,,,,,,2.9500,,,1.0000,,,,,,,,,,,,,,,
2009-02-26,,,,,,,2.9800,,,1.0000,,,,,,,,,,,,,,,
2009-02-27,,,,,,,3.0200,,,1.0000,,,,,,,,,,,,,,,
2009-02-28,,,,,,,,,,1.0000,,,,,,,,,,,,,,,
2009-03-01,212.4950,218.2530,88.1690,88.0150,8.7000,132494.0000,,86.6528,71.0500,1.0000,9.3000,,0.5000,7.3000,0.3000,,,0.1800,,87.3000,88.5000,100.3795,71.7400,,0.3000
2009-03-02,,,,,,,2.9100,,,1.0000,,,,,,,,,,,,,,,
2009-03-03,,,,,,,2.9300,,,1.0000,,,,,,,,,,,,,,,
2009-03-04,,,,,,,3.0100,,,1.0000,,,,,,,,,,,,,,,
2009-03-05,,,,,,,2.8300,,,1.0000,,,,,,,,,,,,,,,
2009-03-06,,,,,,,2.8300,,,1.0000,,,,,,,,,,,,,,,
2009-03-07,,,,,,,,,,1.0000,,,,,,,,,,,,,,,
2009-03-08,,,,,,,,,,1.0000,,,,,,,,,,,,,,,
2009-03-09,,,,,,,2.8900,,,1.0000,,,,,,,,,,,,,,,
2009-03-10,,,,,,,2.9900,,,1.0000,,,,,,,,,,,,,,,
2009-03-11,,,,,,,2.9500,,,0.5000,,,,,,,,,,,,,,,
2009-03-12,,,,,,,2.8900,,,0.5000,,,,,,,,,,,,,,,
2009-03-13,,,,,,,2.8900,,,0.5000,,,,,,,,,,,,,,,
2009-03-14,,,,,,,,,,0.5000,,,,,,,,,,,,,,,
2009-03-15,,,,,,,,,,0.5000,,,,,,,,,,,,,,,
2009-03-16,,,,,,,2.9700,,,0.5000,,,,,,,,,,,,,,,
2009-03-17,,,,,,,3.0200,,,0.5000,,,,,,,,,,,,,,,
2009-03-18,,,,,,,2.5100,,,0.5000,,,,,,,,,,,,,,,
2009-03-19,,,,,,,2.6100,,,0.5000,,,,,,,,,,,,,,,
2009-03-20,,,,,,,2.6500,,,0.5000,,,,,,,,,,,,,,,
2009-03-21,,,,,,,,,,0.5000,,,,,,,,,,,,,,,
2009-03-22,,,,,,,,,,0.5000,,,,,,,,,,,,,,,
2009-03-23,,,,,,,2.6800,,,0.5000,,,,,,,,,,,,,,,
2009-03-24,,,,,,,2.6800,,,0.5000,,,,,,,,,,,,,,,
2009-03-25,,,,,,,2.8100,,,0.5000,,,,,,,,,,,,,,,
2009-03-26,,,,,,,2.7600,,,0.5000,,,,,,,,,,,,,,,
2009-03-27,,,,,,,2.7800,,,0.5000,,,,,,,,,,,,,,,
2009-03-28,,,,,,,,,,0.5000,,,,,,,,,,,,,,,
2009-03-29,,,,,,,,,,0.5000,,,,,,,,,,,,,,,
2009-03-30,,,,,,,2.7300,,,0.5000,,,,,,,,,,,,,,,
2009-03-31,,,,,,,2.7100,,,0.5000,,,,,,,,,,,,,,,
2009-04-01,212.7090,218.7060,88.2950,88.2110,9.0000,131822.0000,2.6800,85.9344,71.3000,0.5000,9.5000,2343599.4000,0.5000,7.6000,0.3000,509664.6000,153051.5000,0.1500,16269.1450,87.5000,88.8000,101.2645,71.9900,548859.0000,0.1000
2009-04-02,,,,,,,2.7700,,,0.5000,,,,,,,,,,,,,,,
2009-04-03,,,,,,,2.9100,,,0.5000,,,,,,,,,,,,,,,
2009-04-04,,,,,,,,,,0.5000,,,,,,,,,,,,,,,
2009-04-05,,,,,,,,,,0.5000,,,,,,,,,,,,,,,
2009-04-06,,,,,,,2.9500,,,0.5000,,,,,,,,,,,,,,,
2009-04-07,,,,,,,2.9300,,,0.5000,,,,,,,,,,,,,,,
2009-04-08,,,,,,,2.8600,,,0.2500,,,,,,,,,,,,,,,
2009-04-09,,,,,,,2.9600,,,0.2500,,,,,,,,,,,,,,,
2009-04-10,,,,,,,,,,0.2500,,,,,,,,,,,,,,,
2009-04-11,,,,,,,,,,0.2500,,,,,,,,,,,,,,,
2009-04-12,,,,,,,,,,0.2500,,,,,,,,,,,,,,,
2009-04-13,,,,,,,2.8800,,,0.2500,,,,,,,,,,,,,,,
2009-04-14,,,,,,,2.8000,,,0.2500,,,,,,,,,,,,,,,
2009-04-15,,,,,,,2.8200,,,0.2500,,,,,,,,,,,,,,,
2009-04-16,,,,,,,2.8600,,,0.2500,,,,,,,,,,,,,,,
2009-04-17,,,,,,,2.9800,,,0.2500,,,,,,,,,,,,,,,
2009-04-18,,,,,,,,,,0.2500,,,,,,,,,,,,,,,
2009-04-19,,,,,,,,,,0.2500,,,,,,,,,,,,,,,
2009-04-20,,,,,,,2.8800,,,0.2500,,,,,,,,,,,,,,,
2009-04-21,,,,,,,2.9400,,,0.2500,,,,,,,,,,,,,,,
2009-04-22,,,,,,,2.9800,,,0.2500,,,,,,,,,,,,,,,
2009-04-23,,,,,,,2.9600,,,0.2500,,,,,,,,,,,,,,,
2009-04-24,,,,,,,3.0300,,,0.2500,,,,,,,,,,,,,,,
2009-04-25,,,,,,,,,,0.2500,,,,,,,,,,,,,,,
2009-04-26,,,,,,,,,,0.2500,,,,,,,,,,,,,,,
2009-04-27,,,,,,,2.9500,,,0.2500,,,,,,,,,,,,,,,
2009-04-28,,,,,,,3.0500,,,0.2500,,,,,,,,,,,,,,,
2009-04-29,,,,,,,3.1200,,,0.2500,,,,,,,,,,,,,,,
2009-04-30,,,,,,,3.1600,,,0.2500,,,,,,,,,,,,,,,
2009-05-01,213.0220,218.9040,88.3870,88.2790,9.4000,131466.0000,3.2100,85.0665,71.3400,0.2500,9.6000,,0.5000,7.8000,0.3000,,,0.1800,,87.9000,89.1000,101.4260,72.0200,,-0.2000
2009-05-02,,,,,,,,,,0.2500,,,,,,,,,,,,,,,
2009-05-03,,,,,,,,,,0.2500,,,,,,,,,,,,,,,
2009-05-04,,,,,,,3.1900,,,0.2500,,,,,,,,,,,,,,,
2009-05-05,,,,,,,3.2000,,,0.2500,,,,,,,,,,,,,,,
2009-05-06,,,,,,,3.1800,,,0.2500,,,,,,,,,,,,,,,
2009-05-07,,,,,,,3.2900,,,0.2500,,,,,,,,,,,,,,,
2009-05-08,,,,,,,3.2900,,,0.2500,,,,,,,,,,,,,,,
2009-05-09,,,,,,,,,,0.2500,,,,,,,,,,,,,,,
2009-05-10,,,,,,,,,,0.2500,,,,,,,,,,,,,,,
2009-05-11,,,,,,,3.1700,,,0.2500,,,,,,,,,,,,,,,
2009-05-12,,,,,,,3.1700,,,0.2500,,,,,,,,,,,,,,,
2009-05-13,,,,,,,3.1100,,,0.2500,,,,,,,,,,,,,,,
2009-05-14,,,,,,,3.1000,,,0.2500,,,,,,,,,,,,,,,
2009-05-15,,,,,,,3.1400,,,0.2500,,,,,,,,,,,,,,,
2009-05-16,,,,,,,,,,0.2500,,,,,,,,,,,,,,,
2009-05-17,,,,,,,,,,0.2500,,,,,,,,,,,,,,,
2009-05-18,,,,,,,3.2200,,,0.2500,,,,,,,,,,,,,,,
2009-05-19,,,,,,,3.2500,,,0.2500,,,,,,,,,,,,,,,
2009-05-20,,,,,,,3.1900,,,0.2500,,,,,,,,,,,,,,,
2009-05-21,,,,,,,3.3500,,,0.2500,,,,,,,,,,,,,,,
2009-05-22,,,,,,,3.4500,,,0.2500,,,,,,,,,,,,,,,
2009-05-23,,,,,,,,,,0.2500,,,,,,,,,,,,,,,
2009-05-24,,,,,,,,,,0.2500,,,,,,,,,,,,,,,
2009-05-25,,,,,,,,,,0.2500,,,,,,,,,,,,,,,
2009-05-26,,,,,,,3.5000,,,0.2500,,,,,,,,,,,,,,,
2009-05-27,,,,,,,3.7100,,,0.2500,,,,,,,,,,,,,,,
2009-05-28,,,,,,,3.6700,,,0.2500,,,,,,,,,,,,,,,
2009-05-29,,,,,,,3.4700,,,0.2500,,,,,,,,,,,,,,,
2009-05-30,,,,,,,,,,0.2500,,,,,,,,,,,,,,,
2009-05-31,,,,,,,,,,0.2500,,,,,,,,,,,,,,,
2009-06-01,214.7900,219.1120,88.9120,88.3920,9.5000,131008.0000,3.7100,84.7459,71.4800,0.2500,9.7000,,0.5000,7.9000,0.3000,,,0.2100,,88.1000,89.2000,101.6080,72.1300,,-0.2000
2009-06-02,,,,,,,3.6500,,,0.2500,,,,,,,,,,,,,,,
2009-06-03,,,,,,,3.5600,,,0.2500,,,,,,,,,,,,,,,
2009-06-04,,,,,,,3.7200,,,0.2500,,,,,,,,,,,,,,,
2009-06-05,,,,,,,3.8400,,,0.2500,,,,,,,,,,,,,,,
2009-06-06,,,,,,,,,,0.2500,,,,,,,,,,,,,,,
2009-06-07,,,,,,,,,,0.2500,,,,,,,,,,,,,,,
2009-06-08,,,,,,,3.9100,,,0.2500,,,,,,,,,,,,,,,
2009-06-09,,,,,,,3.8600,,,0.2500,,,,,,,,,,,,,,,
2009-06-10,,,,,,,3.9800,,,0.2500,,,,,,,,,,,,,,,
2009-06-11,,,,,,,3.8800,,,0.2500,,,,,,,,,,,,,,,
2009-06-12,,,,,,,3.8100,,,0.2500,,,,,,,,,,,,,,,
2009-06-13,,,,,,,,,,0.2500,,,,,,,,,,,,,,,
2009-06-14,,,,,,,,,,0.2500,,,,,,,,,,,,,,,
2009-06-15,,,,,,,3.7600,,,0.2500,,,,,,,,,,,,,,,
2009-06-16,,,,,,,3.6700,,,0.2500,,,,,,,,,,,,,,,
2009-06-17,,,,,,,3.6800,,,0.2500,,,,,,,,,,,,,,,
2009-06-18,,,,,,,3.8600,,,0.2500,,,,,,,,,,,,,,,
2009-06-19,,,,,,,3.7900,,,0.2500,,,,,,,,,,,,,,,
2009-06-20,,,,,,,,,,0.2500,,,,,,,,,,,,,,,
2009-06-21,,,,,,,,,,0.2500,,,,,,,,,,,,,,,
2009-06-22,,,,,,,3.7200,,,0.2500,,,,,,,,,,,,,,,
2009-06-23,,,,,,,3.6500,,,0.2500,,,,,,,,,,,,,,,
2009-06-24,,,,,,,3.7200,,,0.2500,,,,,,,,,,,,,,,
2009-06-25,,,,,,,3.5500,,,0.2500,,,,,,,,,,,,,,,
2009-06-26,,,,,,,3.5200,,,0.2500,,,,,,,,,,,,,,,
2009-06-27,,,,,,,,,,0.2500,,,,,,,,,,,,,,,
2009-06-28,,,,,,,,,,0.2500,,,,,,,,,,,,,,,
2009-06-29,,,,,,,3.5100,,,0.2500,,,,,,,,,,,,,,,
2009-06-30,,,,,,,3.5300,,,0.2500,,,,,,,,,,,,,,,
2009-07-01,214.7260,219.2630,88.9220,88.4680,9.5000,130662.0000,3.5500,85.7027,71.0100,0.2500,9.8000,2352157.4000,0.5000,7.9000,0.3000,506353.6000,154816.0000,0.1600,16326.2810,88.0000,89.2000,100.9337,71.6400,549540.0000,-0.3000
2009-07-02,,,,,,,3.5100,,,0.2500,,,,,,,,,,,,,,,
2009-07-03,,,,,,,,,,0.2500,,,,,,,,,,,,,,,
2009-07-04,,,,,,,,,,0.2500,,,,,,,,,,,,,,,
2009-07-05,,,,,,,,,,0.2500,,,,,,,,,,,,,,,
2009-07-06,,,,,,,3.5200,,,0.2500,,,,,,,,,,,,,,,
2009-07-07,,,,,,,3.4700,,,0.2500,,,,,,,,,,,,,,,
2009-07-08,,,,,,,3.3300,,,0.2500,,,,,,,,,,,,,,,
2009-07-09,,,,,,,3.4400,,,0.2500,,,,,,,,,,,,,,,
2009-07-10,,,,,,,3.3200,,,0.2500,,,,,,,,,,,,,,,
2009-07-11,,,,,,,,,,0.2500,,,,,,,,,,,,,,,
2009-07-12,,,,,,,,,,0.2500,,,,,,,,,,,,,,,
2009-07-13,,,,,,,3.3800,,,0.2500,,,,,,,,,,,,,,,
2009-07-14,,,,,,,3.5000,,,0.2500,,,,,,,,,,,,,,,
2009-07-15,,,,,,,3.6300,,,0.2500,,,,,,,,,,,,,,,
2009-07-16,,,,,,,3.5900,,,0.2500,,,,,,,,,,,,,,,
2009-07-17,,,,,,,3.6700,,,0.2500,,,,,,,,,,,,,,,
2009-07-18,,,,,,,,,,0.2500,,,,,,,,,,,,,,,
2009-07-19,,,,,,,,,,0.2500,,,,,,,,,,,,,,,
2009-07-20,,,,,,,3.6100,,,0.2500,,,,,,,,,,,,,,,
2009-07-21,,,,,,,3.5000,,,0.2500,,,,,,,,,,,,,,,
2009-07-22,,,,,,,3.5800,,,0.2500,,,,,,,,,,,,,,,
2009-07-23,,,,,,,3.7200,,,0.2500,,,,,,,,,,,,,,,
2009-07-24,,,,,,,3.7000,,,0.2500,,,,,,,,,,,,,,,
2009-07-25,,,,,,,,,,0.2500,,,,,,,,,,,,,,,
2009-07-26,,,,,,,,,,0.2500,,,,,,,,,,,,,,,
2009-07-27,,,,,,,3.7500,,,0.2500,,,,,,,,,,,,,,,
2009-07-28,,,,,,,3.7200,,,0.2500,,,,,,,,,,,,,,,
2009-07-29,,,,,,,3.6900,,,0.2500,,,,,,,,,,,,,,,
2009-07-30,,,,,,,3.6700,,,0.2500,,,,,,,,,,,,,,,
2009-07-31,,,,,,,3.5200,,,0.2500,,,,,,,,,,,,,,,
2009-08-01,215.4450,219.4960,89.1800,88.5990,9.6000,130472.0000,,86.6426,71.2500,0.2500,9.9000,,0.5000,7.8000,0.3000,,,0.1600,,88.3000,89.6000,101.0454,71.8800,,0.3000
2009-08-02,,,,,,,,,,0.2500,,,,,,,,,,,,,,,
2009-08-03,,,,,,,3.6600,,,0.2500,,,,,,,,,,,,,,,
2009-08-04,,,,,,,3.7000,,,0.2500,,,,,,,,,,,,,,,
2009-08-05,,,,,,,3.8000,,,0.2500,,,,,,,,,,,,,,,
2009-08-06,,,,,,,3.7900,,,0.2500,,,,,,,,,,,,,,,
2009-08-07,,,,,,,3.8900,,,0.2500,,,,,,,,,,,,,,,
2009-08-08,,,,,,,,,,0.2500,,,,,,,,,,,,,,,
2009-08-09,,,,,,,,,,0.2500,,,,,,,,,,,,,,,
2009-08-10,,,,,,,3.8000,,,0.2500,,,,,,,,,,,,,,,
2009-08-11,,,,,,,3.7100,,,0.2500,,,,,,,,,,,,,,,
2009-08-12,,,,,,,3.7200,,,0.2500,,,,,,,,,,,,,,,
2009-08-13,,,,,,,3.5900,,,0.2500,,,,,,,,,,,,,,,
2009-08-14,,,,,,,3.5500,,,0.2500,,,,,,,,,,,,,,,
2009-08-15,,,,,,,,,,0.2500,,,,,,,,,,,,,,,
2009-08-16,,,,,,,,,,0.2500,,,,,,,,,,,,,,,
2009-08-17,,,,,,,3.4800,,,0.2500,,,,,,,,,,,,,,,
2009-08-18,,,,,,,3.5100,,,0.2500,,,,,,,,,,,,,,,
2009-08-19,,,,,,,3.4500,,,0.2500,,,,,,,,,,,,,,,
2009-08-20,,,,,,,3.4200,,,0.2500,,,,,,,,,,,,,,,
2009-08-21,,,,,,,3.5600,,,0.2500,,,,,,,,,,,,,,,
2009-08-22,,,,,,,,,,0.2500,,,,,,,,,,,,,,,
2009-08-23,,,,,,,,,,0.2500,,,,,,,,,,,,,,,
2009-08-24,,,,,,,3.4800,,,0.2500,,,,,,,,,,,,,,,
2009-08-25,,,,,,,3.4500,,,0.2500,,,,,,,,,,,,,,,
2009-08-26,,,,,,,3.4400,,,0.2500,,,,,,,,,,,,,,,
2009-08-27,,,,,,,3.4700,,,0.2500,,,,,,,,,,,,,,,
2009-08-28,,,,,,,3.4600,,,0.2500,,,,,,,,,,,,,,,
2009-08-29,,,,,,,,,,0.2500,,,,,,,,,,,,,,,
2009-08-30,,,,,,,,,,0.2500,,,,,,,,,,,,,,,
2009-08-31,,,,,,,3.4000,,,0.2500,,,,,,,,,,,,,,,
2009-09-01,215.8610,219.9200,89.3240,88.7550,9.8000,130246.0000,3.3800,87.4063,71.2600,0.2500,10.0000,,0.5000,7.9000,0.3000,,,0.1500,,88.3000,89.6000,101.0325,71.9000,,0.0000
2009-09-02,,,,,,,3.2900,,,0.2500,,,,,,,,,,,,,,,
2009-09-03,,,,,,,3.3300,,,0.2500,,,,,,,,,,,,,,,
2009-09-04,,,,,,,3.4500,,,0.2500,,,,,,,,,,,,,,,
2009-09-05,,,,,,,,,,0.2500,,,,,,,,,,,,,,,
2009-09-06,,,,,,,,,,0.2500,,,,,,,,,,,,,,,
2009-09-07,,,,,,,,,,0.2500,,,,,,,,,,,,,,,
2009-09-08,,,,,,,3.4700,,,0.2500,,,,,,,,,,,,,,,
2009-09-09,,,,,,,3.4800,,,0.2500,,,,,,,,,,,,,,,
2009-09-10,,,,,,,3.3600,,,0.2500,,,,,,,,,,,,,,,
2009-09-11,,,,,,,3.3400,,,0.2500,,,,,,,,,,,,,,,
2009-09-12,,,,,,,,,,0.2500,,,,,,,,,,,,,,,
2009-09-13,,,,,,,,,,0.2500,,,,,,,,,,,,,,,
2009-09-14,,,,,,,3.4200,,,0.2500,,,,,,,,,,,,,,,
2009-09-15,,,,,,,3.4700,,,0.2500,,,,,,,,,,,,,,,
2009-09-16,,,,,,,3.4800,,,0.2500,,,,,,,,,,,,,,,
2009-09-17,,,,,,,3.4200,,,0.2500,,,,,,,,,,,,,,,
2009-09-18,,,,,,,3.4900,,,0.2500,,,,,,,,,,,,,,,
2009-09-19,,,,,,,,,,0.2500,,,,,,,,,,,,,,,
2009-09-20,,,,,,,,,,0.2500,,,,,,,,,,,,,,,
2009-09-21,,,,,,,3.4900,,,0.2500,,,,,,,,,,,,,,,
2009-09-22,,,,,,,3.4600,,,0.2500,,,,,,,,,,,,,,,
2009-09-23,,,,,,,3.4400,,,0.2500,,,,,,,,,,,,,,,
2009-09-24,,,,,,,3.4000,,,0.2500,,,,,,,,,,,,,,,
2009-09-25,,,,,,,3.3400,,,0.2500,,,,,,,,,,,,,,,
2009-09-26,,,,,,,,,,0.2500,,,,,,,,,,,,,,,
2009-09-27,,,,,,,,,,0.2500,,,,,,,,,,,,,,,
2009-09-28,,,,,,,3.3100,,,0.2500,,,,,,,,,,,,,,,
2009-09-29,,,,,,,3.3100,,,0.2500,,,,,,,,,,,,,,,
2009-09-30,,,,,,,3.3100,,,0.2500,,,,,,,,,,,,,,,
2009-10-01,216.5090,220.5010,89.6630,89.0820,10.0000,130061.0000,3.2100,87.6419,71.4200,0.2500,10.1000,2362523.2000,0.5000,7.8000,0.3000,514502.7000,155620.8000,0.1200,16502.7540,88.4000,89.6000,101.6604,72.0600,551372.0000,-0.4000
2009-10-02,,,,,,,3.2400,,,0.2500,,,,,,,,,,,,,,,
2009-10-03,,,,,,,,,,0.2500,,,,,,,,,,,,,,,
2009-10-04,,,,,,,,,,0.2500,,,,,,,,,,,,,,,
2009-10-05,,,,,,,3.2400,,,0.2500,,,,,,,,,,,,,,,
2009-10-06,,,,,,,3.2700,,,0.2500,,,,,,,,,,,,,,,
2009-10-07,,,,,,,3.2100,,,0.2500,,,,,,,,,,,,,,,
2009-10-08,,,,,,,3.2700,,,0.2500,,,,,,,,,,,,,,,
2009-10-09,,,,,,,3.4000,,,0.2500,,,,,,,,,,,,,,,
2009-10-10,,,,,,,,,,0.2500,,,,,,,,,,,,,,,
2009-10-11,,,,,,,,,,0.2500,,,,,,,,,,,,,,,
2009-10-12,,,,,,,,,,0.2500,,,,,,,,,,,,,,,
2009-10-13,,,,,,,3.3400,,,0.2500,,,,,,,,,,,,,,,
2009-10-14,,,,,,,3.4500,,,0.2500,,,,,,,,,,,,,,,
2009-10-15,,,,,,,3.4900,,,0.2500,,,,,,,,,,,,,,,
2009-10-16,,,,,,,3.4300,,,0.2500,,,,,,,,,,,,,,,
2009-10-17,,,,,,,,,,0.2500,,,,,,,,,,,,,,,
2009-10-18,,,,,,,,,,0.2500,,,,,,,,,,,,,,,
2009-10-19,,,,,,,3.4100,,,0.2500,,,,,,,,,,,,,,,
2009-10-20,,,,,,,3.3500,,,0.2500,,,,,,,,,,,,,,,
2009-10-21,,,,,,,3.4200,,,0.2500,,,,,,,,,,,,,,,
2009-10-22,,,,,,,3.4400,,,0.2500,,,,,,,,,,,,,,,
2009-10-23,,,,,,,3.5100,,,0.2500,,,,,,,,,,,,,,,
2009-10-24,,,,,,,,,,0.2500,,,,,,,,,,,,,,,
2009-10-25,,,,,,,,,,0.2500,,,,,,,,,,,,,,,
2009-10-26,,,,,,,3.5900,,,0.2500,,,,,,,,,,,,,,,
2009-10-27,,,,,,,3.4900,,,0.2500,,,,,,,,,,,,,,,
2009-10-28,,,,,,,3.4400,,,0.2500,,,,,,,,,,,,,,,
2009-10-29,,,,,,,3.5300,,,0.2500,,,,,,,,,,,,,,,
2009-10-30,,,,,,,3.4100,,,0.2500,,,,,,,,,,,,,,,
2009-10-31,,,,,,,,,,0.2500,,,,,,,,,,,,,,,
2009-11-01,217.2340,220.6660,89.8870,89.1600,9.9000,130057.0000,,88.0221,71.5100,0.2500,10.1000,,0.5000,7.8000,0.3000,,,0.1200,,88.6000,89.7000,101.8567,72.1300,,-0.2000
2009-11-02,,,,,,,3.4500,,,0.2500,,,,,,,,,,,,,,,
2009-11-03,,,,,,,3.5000,,,0.2500,,,,,,,,,,,,,,,
2009-11-04,,,,,,,3.5700,,,0.2500,,,,,,,,,,,,,,,
2009-11-05,,,,,,,3.5700,,,0.2500,,,,,,,,,,,,,,,
2009-11-06,,,,,,,3.5400,,,0.2500,,,,,,,,,,,,,,,
2009-11-07,,,,,,,,,,0.2500,,,,,,,,,,,,,,,
2009-11-08,,,,,,,,,,0.2500,,,,,,,,,,,,,,,
2009-11-09,,,,,,,3.5200,,,0.2500,,,,,,,,,,,,,,,
2009-11-10,,,,,,,3.5000,,,0.2500,,,,,,,,,,,,,,,
2009-11-11,,,,,,,,,,0.2500,,,,,,,,,,,,,,,
2009-11-12,,,,,,,3.4500,,,0.2500,,,,,,,,,,,,,,,
2009-11-13,,,,,,,3.4300,,,0.2500,,,,,,,,,,,,,,,
2009-11-14,,,,,,,,,,0.2500,,,,,,,,,,,,,,,
2009-11-15,,,,,,,,,,0.2500,,,,,,,,,,,,,,,
2009-11-16,,,,,,,3.3300,,,0.2500,,,,,,,,,,,,,,,
2009-11-17,,,,,,,3.3300,,,0.2500,,,,,,,,,,,,,,,
2009-11-18,,,,,,,3.3600,,,0.2500,,,,,,,,,,,,,,,
2009-11-19,,,,,,,3.3500,,,0.2500,,,,,,,,,,,,,,,
2009-11-20,,,,,,,3.3600,,,0.2500,,,,,,,,,,,,,,,
2009-11-21,,,,,,,,,,0.2500,,,,,,,,,,,,,,,
2009-11-22,,,,,,,,,,0.2500,,,,,,,,,,,,,,,
2009-11-23,,,,,,,3.3700,,,0.2500,,,,,,,,,,,,,,,
2009-11-24,,,,,,,3.3200,,,0.2500,,,,,,,,,,,,,,,
2009-11-25,,,,,,,3.2800,,,0.2500,,,,,,,,,,,,,,,
2009-11-26,,,,,,,,,,0.2500,,,,,,,,,,,,,,,
2009-11-27,,,,,,,3.2100,,,0.2500,,,,,,,,,,,,,,,
2009-11-28,,,,,,,,,,0.2500,,,,,,,,,,,,,,,
2009-11-29,,,,,,,,,,0.2500,,,,,,,,,,,,,,,
2009-11-30,,,,,,,3.2100,,,0.2500,,,,,,,,,,,,,,,
2009-12-01,217.3470,220.8810,89.9390,89.2360,9.9000,129808.0000,3.2800,88.3793,71.7300,0.2500,10.2000,,0.5000,7.7000,0.3000,,,0.1200,,88.9000,90.0000,101.6104,72.3500,,-0.2000
2009-12-02,,,,,,,3.3200,,,0.2500,,,,,,,,,,,,,,,
2009-12-03,,,,,,,3.3900,,,0.2500,,,,,,,,,,,,,,,
2009-12-04,,,,,,,3.4800,,,0.2500,,,,,,,,,,,,,,,
2009-12-05,,,,,,,,,,0.2500,,,,,,,,,,,,,,,
2009-12-06,,,,,,,,,,0.2500,,,,,,,,,,,,,,,
2009-12-07,,,,,,,3.4400,,,0.2500,,,,,,,,,,,,,,,
2009-12-08,,,,,,,3.4000,,,0.2500,,,,,,,,,,,,,,,
2009-12-09,,,,,,,3.4500,,,0.2500,,,,,,,,,,,,,,,
2009-12-10,,,,,,,3.4900,,,0.2500,,,,,,,,,,,,,,,
2009-12-11,,,,,,,3.5500,,,0.2500,,,,,,,,,,,,,,,
2009-12-12,,,,,,,,,,0.2500,,,,,,,,,,,,,,,
2009-12-13,,,,,,,,,,0.2500,,,,,,,,,,,,,,,
2009-12-14,,,,,,,3.5600,,,0.2500,,,,,,,,,,,,,,,
2009-12-15,,,,,,,3.6000,,,0.2500,,,,,,,,,,,,,,,
2009-12-16,,,,,,,3.6100,,,0.2500,,,,,,,,,,,,,,,
2009-12-17,,,,,,,3.5000,,,0.2500,,,,,,,,,,,,,,,
2009-12-18,,,,,,,3.5500,,,0.2500,,,,,,,,,,,,,,,
2009-12-19,,,,,,,,,,0.2500,,,,,,,,,,,,,,,
2009-12-20,,,,,,,,,,0.2500,,,,,,,,,,,,,,,
2009-12-21,,,,,,,3.6900,,,0.2500,,,,,,,,,,,,,,,
2009-12-22,,,,,,,3.7600,,,0.2500,,,,,,,,,,,,,,,
2009-12-23,,,,,,,3.7700,,,0.2500,,,,,,,,,,,,,,,
2009-12-24,,,,,,,3.8200,,,0.2500,,,,,,,,,,,,,,,
2009-12-25,,,,,,,,,,0.2500,,,,,,,,,,,,,,,
2009-12-26,,,,,,,,,,0.2500,,,,,,,,,,,,,,,
2009-12-27,,,,,,,,,,0.2500,,,,,,,,,,,,,,,
2009-12-28,,,,,,,3.8500,,,0.2500,,,,,,,,,,,,,,,
2009-12-29,,,,,,,3.8200,,,0.2500,,,,,,,,,,,,,,,
2009-12-30,,,,,,,3.8000,,,0.2500,,,,,,,,,,,,,,,
2009-12-31,,,,,,,3.8500,,,0.2500,,,,,,,,,,,,,,,
2010-01-01,217.4880,220.6330,90.1360,89.3680,9.8000,129802.0000,,89.3426,71.1500,0.2500,10.2000,2371924.0000,0.5000,7.9000,0.3000,520845.5000,157365.0000,0.1100,16582.7100,88.8000,89.6000,101.4975,71.7500,556002.0000,-0.2000
2010-01-02,,,,,,,,,,0.2500,,,,,,,,,,,,,,,
2010-01-03,,,,,,,,,,0.2500,,,,,,,,,,,,,,,
2010-01-04,,,,,,,3.8500,,,0.2500,,,,,,,,,,,,,,,
2010-01-05,,,,,,,3.7700,,,0.2500,,,,,,,,,,,,,,,
2010-01-06,,,,,,,3.8500,,,0.2500,,,,,,,,,,,,,,,
2010-01-07,,,,,,,3.8500,,,0.2500,,,,,,,,,,,,,,,
2010-01-08,,,,,,,3.8300,,,0.2500,,,,,,,,,,,,,,,
2010-01-09,,,,,,,,,,0.2500,,,,,,,,,,,,,,,
2010-01-10,,,,,,,,,,0.2500,,,,,,,,,,,,,,,
2010-01-11,,,,,,,3.8500,,,0.2500,,,,,,,,,,,,,,,
2010-01-12,,,,,,,3.7400,,,0.2500,,,,,,,,,,,,,,,
2010-01-13,,,,,,,3.8000,,,0.2500,,,,,,,,,,,,,,,
2010-01-14,,,,,,,3.7600,,,0.2500,,,,,,,,,,,,,,,
2010-01-15,,,,,,,3.7000,,,0.2500,,,,,,,,,,,,,,,
2010-01-16,,,,,,,,,,0.2500,,,,,,,,,,,,,,,
2010-01-17,,,,,,,,,,0.2500,,,,,,,,,,,,,,,
2010-01-18,,,,,,,,,,0.2500,,,,,,,,,,,,,,,
2010-01-19,,,,,,,3.7300,,,0.2500,,,,,,,,,,,,,,,
2010-01-20,,,,,,,3.6800,,,0.2500,,,,,,,,,,,,,,,
2010-01-21,,,,,,,3.6200,,,0.2500,,,,,,,,,,,,,,,
2010-01-22,,,,,,,3.6200,,,0.2500,,,,,,,,,,,,,,,
2010-01-23,,,,,,,,,,0.2500,,,,,,,,,,,,,,,
2010-01-24,,,,,,,,,,0.2500,,,,,,,,,,,,,,,
2010-01-25,,,,,,,3.6600,,,0.2500,,,,,,,,,,,,,,,
2010-01-26,,,,,,,3.6500,,,0.2500,,,,,,,,,,,,,,,
2010-01-27,,,,,,,3.6600,,,0.2500,,,,,,,,,,,,,,,
2010-01-28,,,,,,,3.6800,,,0.2500,,,,,,,,,,,,,,,
2010-01-29,,,,,,,3.6300,,,0.2500,,,,,,,,,,,,,,,
2010-01-30,,,,,,,,,,0.2500,,,,,,,,,,,,,,,
2010-01-31,,,,,,,,,,0.2500,,,,,,,,,,,,,,,
2010-02-01,217.2810,220.7310,90.1340,89.4460,9.8000,129706.0000,3.6800,89.6779,71.3700,0.2500,10.3000,,0.5000,8.0000,0.3000,,,0.1300,,89.0000,89.9000,101.6453,71.9700,,0.0000
2010-02-02,,,,,,,3.6700,,,0.2500,,,,,,,,,,,,,,,
2010-02-03,,,,,,,3.7300,,,0.2500,,,,,,,,,,,,,,,
2010-02-04,,,,,,,3.6200,,,0.2500,,,,,,,,,,,,,,,
2010-02-05,,,,,,,3.5900,,,0.2500,,,,,,,,,,,,,,,
2010-02-06,,,,,,,,,,0.2500,,,,,,,,,,,,,,,
2010-02-07,,,,,,,,,,0.2500,,,,,,,,,,,,,,,
2010-02-08,,,,,,,3.6200,,,0.2500,,,,,,,,,,,,,,,
2010-02-09,,,,,,,3.6700,,,0.2500,,,,,,,,,,,,,,,
2010-02-10,,,,,,,3.7200,,,0.2500,,,,,,,,,,,,,,,
2010-02-11,,,,,,,3.7300,,,0.2500,,,,,,,,,,,,,,,
2010-02-12,,,,,,,3.6900,,,0.2500,,,,,,,,,,,,,,,
2010-02-13,,,,,,,,,,0.2500,,,,,,,,,,,,,,,
2010-02-14,,,,,,,,,,0.2500,,,,,,,,,,,,,,,
2010-02-15,,,,,,,,,,0.2500,,,,,,,,,,,,,,,
2010-02-16,,,,,,,3.6600,,,0.2500,,,,,,,,,,,,,,,
2010-02-17,,,,,,,3.7400,,,0.2500,,,,,,,,,,,,,,,
2010-02-18,,,,,,,3.7900,,,0.2500,,,,,,,,,,,,,,,
2010-02-19,,,,,,,3.7800,,,0.2500,,,,,,,,,,,,,,,
2010-02-20,,,,,,,,,,0.2500,,,,,,,,,,,,,,,
2010-02-21,,,,,,,,,,0.2500,,,,,,,,,,,,,,,
2010-02-22,,,,,,,3.8000,,,0.2500,,,,,,,,,,,,,,,
2010-02-23,,,,,,,3.6900,,,0.2500,,,,,,,,,,,,,,,
2010-02-24,,,,,,,3.7000,,,0.2500,,,,,,,,,,,,,,,
2010-02-25,,,,,,,3.6400,,,0.2500,,,,,,,,,,,,,,,
2010-02-26,,,,,,,3.6100,,,0.2500,,,,,,,,,,,,,,,
2010-02-27,,,,,,,,,,0.2500,,,,,,,,,,,,,,,
2010-02-28,,,,,,,,,,0.2500,,,,,,,,,,,,,,,
2010-03-01,217.3530,220.7830,90.2610,89.5790,9.9000,129866.0000,3.6100,90.2928,72.1600,0.2500,10.3000,,0.5000,8.0000,0.3000,,,0.1600,,89.4000,90.2000,101.7846,72.7800,,0.3000
2010-03-02,,,,,,,3.6200,,,0.2500,,,,,,,,,,,,,,,
2010-03-03,,,,,,,3.6300,,,0.2500,,,,,,,,,,,,,,,
2010-03-04,,,,,,,3.6100,,,0.2500,,,,,,,,,,,,,,,
2010-03-05,,,,,,,3.6900,,,0.2500,,,,,,,,,,,,,,,
2010-03-06,,,,,,,,,,0.2500,,,,,,,,,,,,,,,
2010-03-07,,,,,,,,,,0.2500,,,,,,,,,,,,,,,
2010-03-08,,,,,,,3.7200,,,0.2500,,,,,,,,,,,,,,,
2010-03-09,,,,,,,3.7100,,,0.2500,,,,,,,,,,,,,,,
2010-03-10,,,,,,,3.7300,,,0.2500,,,,,,,,,,,,,,,
2010-03-11,,,,,,,3.7300,,,0.2500,,,,,,,,,,,,,,,
2010-03-12,,,,,,,3.7100,,,0.2500,,,,,,,,,,,,,,,
2010-03-13,,,,,,,,,,0.2500,,,,,,,,,,,,,,,
2010-03-14,,,,,,,,,,0.2500,,,,,,,,,,,,,,,
2010-03-15,,,,,,,3.7100,,,0.2500,,,,,,,,,,,,,,,
2010-03-16,,,,,,,3.6600,,,0.2500,,,,,,,,,,,,,,,
2010-03-17,,,,,,,3.6500,,,0.2500,,,,,,,,,,,,,,,
2010-03-18,,,,,,,3.6800,,,0.2500,,,,,,,,,,,,,,,
2010-03-19,,,,,,,3.7000,,,0.2500,,,,,,,,,,,,,,,
2010-03-20,,,,,,,,,,0.2500,,,,,,,,,,,,,,,
2010-03-21,,,,,,,,,,0.2500,,,,,,,,,,,,,,,
2010-03-22,,,,,,,3.6700,,,0.2500,,,,,,,,,,,,,,,
2010-03-23,,,,,,,3.6900,,,0.2500,,,,,,,,,,,,,,,
2010-03-24,,,,,,,3.8400,,,0.2500,,,,,,,,,,,,,,,
2010-03-25,,,,,,,3.9100,,,0.2500,,,,,,,,,,,,,,,
2010-03-26,,,,,,,3.8600,,,0.2500,,,,,,,,,,,,,,,
2010-03-27,,,,,,,,,,0.2500,,,,,,,,,,,,,,,
2010-03-28,,,,,,,,,,0.2500,,,,,,,,,,,,,,,
2010-03-29,,,,,,,3.8800,,,0.2500,,,,,,,,,,,,,,,
2010-03-30,,,,,,,3.8800,,,0.2500,,,,,,,,,,,,,,,
2010-03-31,,,,,,,3.8400,,,0.2500,,,,,,,,,,,,,,,
2010-04-01,217.4030,220.8220,90.3100,89.6250,9.9000,130120.0000,3.8900,90.5991,72.4500,0.2500,10.3000,2394251.9000,0.5000,7.9000,0.3000,528048.0000,158590.7000,0.2000,16743.1620,89.9000,90.6000,102.6545,73.0700,562353.0000,0.0000
2010-04-02,,,,,,,3.9600,,,0.2500,,,,,,,,,,,,,,,
2010-04-03,,,,,,,,,,0.2500,,,,,,,,,,,,,,,
2010-04-04,,,,,,,,,,0.2500,,,,,,,,,,,,,,,
2010-04-05,,,,,,,4.0100,,,0.2500,,,,,,,,,,,,,,,
2010-04-06,,,,,,,3.9800,,,0.2500,,,,,,,,,,,,,,,
2010-04-07,,,,,,,3.8900,,,0.2500,,,,,,,,,,,,,,,
2010-04-08,,,,,,,3.9100,,,0.2500,,,,,,,,,,,,,,,
2010-04-09,,,,,,,3.9000,,,0.2500,,,,,,,,,,,,,,,
2010-04-10,,,,,,,,,,0.2500,,,,,,,,,,,,,,,
2010-04-11,,,,,,,,,,0.2500,,,,,,,,,,,,,,,
2010-04-12,,,,,,,3.8700,,,0.2500,,,,,,,,,,,,,,,
2010-04-13,,,,,,,3.8400,,,0.2500,,,,,,,,,,,,,,,
2010-04-14,,,,,,,3.8800,,,0.2500,,,,,,,,,,,,,,,
2010-04-15,,,,,,,3.8600,,,0.2500,,,,,,,,,,,,,,,
2010-04-16,,,,,,,3.7900,,,0.2500,,,,,,,,,,,,,,,
2010-04-17,,,,,,,,,,0.2500,,,,,,,,,,,,,,,
2010-04-18,,,,,,,,,,0.2500,,,,,,,,,,,,,,,
2010-04-19,,,,,,,3.8300,,,0.2500,,,,,,,,,,,,,,,
2010-04-20,,,,,,,3.8200,,,0.2500,,,,,,,,,,,,,,,
2010-04-21,,,,,,,3.7700,,,0.2500,,,,,,,,,,,,,,,
2010-04-22,,,,,,,3.8000,,,0.2500,,,,,,,,,,,,,,,
2010-04-23,,,,,,,3.8400,,,0.2500,,,,,,,,,,,,,,,
2010-04-24,,,,,,,,,,0.2500,,,,,,,,,,,,,,,
2010-04-25,,,,,,,,,,0.2500,,,,,,,,,,,,,,,
2010-04-26,,,,,,,3.8300,,,0.2500,,,,,,,,,,,,,,,
2010-04-27,,,,,,,3.7100,,,0.2500,,,,,,,,,,,,,,,
2010-04-28,,,,,,,3.8000,,,0.2500,,,,,,,,,,,,,,,
2010-04-29,,,,,,,3.7600,,,0.2500,,,,,,,,,,,,,,,
2010-04-30,,,,,,,3.6900,,,0.2500,,,,,,,,,,,,,,,
2010-05-01,217.2900,220.9620,90.3390,89.7240,9.6000,130642.0000,,91.8230,72.5400,0.2500,10.3000,,0.5000,7.9000,0.3000,,,0.2000,,90.1000,90.8000,102.5486,73.1500,,-0.1000
2010-05-02,,,,,,,,,,0.2500,,,,,,,,,,,,,,,
2010-05-03,,,,,,,3.7200,,,0.2500,,,,,,,,,,,,,,,
2010-05-04,,,,,,,3.6300,,,0.2500,,,,,,,,,,,,,,,
2010-05-05,,,,,,,3.5800,,,0.2500,,,,,,,,,,,,,,,
2010-05-06,,,,,,,3.4100,,,0.2500,,,,,,,,,,,,,,,
2010-05-07,,,,,,,3.4500,,,0.2500,,,,,,,,,,,,,,,
2010-05-08,,,,,,,,,,0.2500,,,,,,,,,,,,,,,
2010-05-09,,,,,,,,,,0.2500,,,,,,,,,,,,,,,
2010-05-10,,,,,,,3.5700,,,0.2500,,,,,,,,,,,,,,,
2010-05-11,,,,,,,3.5600,,,0.2500,,,,,,,,,,,,,,,
2010-05-12,,,,,,,3.5600,,,0.2500,,,,,,,,,,,,,,,
2010-05-13,,,,,,,3.5500,,,0.2500,,,,,,,,,,,,,,,
2010-05-14,,,,,,,3.4400,,,0.2500,,,,,,,,,,,,,,,
2010-05-15,,,,,,,,,,0.2500,,,,,,,,,,,,,,,
2010-05-16,,,,,,,,,,0.2500,,,,,,,,,,,,,,,
2010-05-17,,,,,,,3.4700,,,0.2500,,,,,,,,,,,,,,,
2010-05-18,,,,,,,3.3800,,,0.2500,,,,,,,,,,,,,,,
2010-05-19,,,,,,,3.3600,,,0.2500,,,,,,,,,,,,,,,
2010-05-20,,,,,,,3.2500,,,0.2500,,,,,,,,,,,,,,,
2010-05-21,,,,,,,3.2000,,,0.2500,,,,,,,,,,,,,,,
2010-05-22,,,,,,,,,,0.2500,,,,,,,,,,,,,,,
2010-05-23,,,,,,,,,,0.2500,,,,,,,,,,,,,,,
2010-05-24,,,,,,,3.2300,,,0.2500,,,,,,,,,,,,,,,
2010-05-25,,,,,,,3.1800,,,0.2500,,,,,,,,,,,,,,,
2010-05-26,,,,,,,3.2100,,,0.2500,,,,,,,,,,,,,,,
2010-05-27,,,,,,,3.3400,,,0.2500,,,,,,,,,,,,,,,
2010-05-28,,,,,,,3.3100,,,0.2500,,,,,,,,,,,,,,,
2010-05-29,,,,,,,,,,0.2500,,,,,,,,,,,,,,,
2010-05-30,,,,,,,,,,0.2500,,,,,,,,,,,,,,,
2010-05-31,,,,,,,,,,0.2500,,,,,,,,,,,,,,,
2010-06-01,217.1990,221.1940,90.3010,89.7670,9.4000,130510.0000,3.2900,91.9928,72.5400,0.2500,10.3000,,0.5000,7.8000,0.3000,,,0.1800,,90.2000,91.0000,102.1021,73.1400,,-0.2000
2010-06-02,,,,,,,3.3500,,,0.2500,,,,,,,,,,,,,,,
2010-06-03,,,,,,,3.3900,,,0.2500,,,,,,,,,,,,,,,
2010-06-04,,,,,,,3.2000,,,0.2500,,,,,,,,,,,,,,,
2010-06-05,,,,,,,,,,0.2500,,,,,,,,,,,,,,,
2010-06-06,,,,,,,,,,0.2500,,,,,,,,,,,,,,,
2010-06-07,,,,,,,3.1700,,,0.2500,,,,,,,,,,,,,,,
2010-06-08,,,,,,,3.1800,,,0.2500,,,,,,,,,,,,,,,
2010-06-09,,,,,,,3.2000,,,0.2500,,,,,,,,,,,,,,,
2010-06-10,,,,,,,3.3300,,,0.2500,,,,,,,,,,,,,,,
2010-06-11,,,,,,,3.2400,,,0.2500,,,,,,,,,,,,,,,
2010-06-12,,,,,,,,,,0.2500,,,,,,,,,,,,,,,
2010-06-13,,,,,,,,,,0.2500,,,,,,,,,,,,,,,
2010-06-14,,,,,,,3.2800,,,0.2500,,,,,,,,,,,,,,,
2010-06-15,,,,,,,3.3200,,,0.2500,,,,,,,,,,,,,,,
2010-06-16,,,,,,,3.2700,,,0.2500,,,,,,,,,,,,,,,
2010-06-17,,,,,,,3.2100,,,0.2500,,,,,,,,,,,,,,,
2010-06-18,,,,,,,3.2400,,,0.2500,,,,,,,,,,,,,,,
2010-06-19,,,,,,,,,,0.2500,,,,,,,,,,,,,,,
2010-06-20,,,,,,,,,,0.2500,,,,,,,,,,,,,,,
2010-06-21,,,,,,,3.2600,,,0.2500,,,,,,,,,,,,,,,
2010-06-22,,,,,,,3.1800,,,0.2500,,,,,,,,,,,,,,,
2010-06-23,,,,,,,3.1300,,,0.2500,,,,,,,,,,,,,,,
2010-06-24,,,,,,,3.1400,,,0.2500,,,,,,,,,,,,,,,
2010-06-25,,,,,,,3.1200,,,0.2500,,,,,,,,,,,,,,,
2010-06-26,,,,,,,,,,0.2500,,,,,,,,,,,,,,,
2010-06-27,,,,,,,,,,0.2500,,,,,,,,,,,,,,,
2010-06-28,,,,,,,3.0500,,,0.2500,,,,,,,,,,,,,,,
2010-06-29,,,,,,,2.9700,,,0.2500,,,,,,,,,,,,,,,
2010-06-30,,,,,,,2.9700,,,0.2500,,,,,,,,,,,,,,,
2010-07-01,217.6050,221.3630,90.3780,89.7690,9.4000,130415.0000,2.9600,92.3421,72.2300,0.2500,10.2000,2404776.7000,0.5000,7.8000,0.3000,537150.1000,159486.3000,0.1800,16872.2660,90.0000,90.8000,101.3561,72.8200,565659.0000,-0.6000
2010-07-02,,,,,,,3.0000,,,0.2500,,,,,,,,,,,,,,,
2010-07-03,,,,,,,,,,0.2500,,,,,,,,,,,,,,,
2010-07-04,,,,,,,,,,0.2500,,,,,,,,,,,,,,,
2010-07-05,,,,,,,,,,0.2500,,,,,,,,,,,,,,,
2010-07-06,,,,,,,2.9500,,,0.2500,,,,,,,,,,,,,,,
2010-07-07,,,,,,,3.0000,,,0.2500,,,,,,,,,,,,,,,
2010-07-08,,,,,,,3.0400,,,0.2500,,,,,,,,,,,,,,,
2010-07-09,,,,,,,3.0700,,,0.2500,,,,,,,,,,,,,,,
2010-07-10,,,,,,,,,,0.2500,,,,,,,,,,,,,,,
2010-07-11,,,,,,,,,,0.2500,,,,,,,,,,,,,,,
2010-07-12,,,,,,,3.0800,,,0.2500,,,,,,,,,,,,,,,
2010-07-13,,,,,,,3.1500,,,0.2500,,,,,,,,,,,,,,,
2010-07-14,,,,,,,3.0700,,,0.2500,,,,,,,,,,,,,,,
2010-07-15,,,,,,,3.0000,,,0.2500,,,,,,,,,,,,,,,
2010-07-16,,,,,,,2.9600,,,0.2500,,,,,,,,,,,,,,,
2010-07-17,,,,,,,,,,0.2500,,,,,,,,,,,,,,,
2010-07-18,,,,,,,,,,0.2500,,,,,,,,,,,,,,,
2010-07-19,,,,,,,2.9900,,,0.2500,,,,,,,,,,,,,,,
2010-07-20,,,,,,,2.9800,,,0.2500,,,,,,,,,,,,,,,
2010-07-21,,,,,,,2.9000,,,0.2500,,,,,,,,,,,,,,,
2010-07-22,,,,,,,2.9600,,,0.2500,,,,,,,,,,,,,,,
2010-07-23,,,,,,,3.0200,,,0.2500,,,,,,,,,,,,,,,
2010-07-24,,,,,,,,,,0.2500,,,,,,,,,,,,,,,
2010-07-25,,,,,,,,,,0.2500,,,,,,,,,,,,,,,
2010-07-26,,,,,,,3.0300,,,0.2500,,,,,,,,,,,,,,,
2010-07-27,,,,,,,3.0800,,,0.2500,,,,,,,,,,,,,,,
2010-07-28,,,,,,,3.0300,,,0.2500,,,,,,,,,,,,,,,
2010-07-29,,,,,,,3.0300,,,0.2500,,,,,,,,,,,,,,,
2010-07-30,,,,,,,2.9400,,,0.2500,,,,,,,,,,,,,,,
2010-07-31,,,,,,,,,,0.2500,,,,,,,,,,,,,,,
2010-08-01,217.9230,221.5090,90.5020,89.8550,9.5000,130415.0000,,92.6805,72.3700,0.2500,10.2000,,0.5000,7.8000,0.3000,,,0.1900,,90.4000,91.3000,101.3420,72.9600,,0.1000
2010-08-02,,,,,,,2.9900,,,0.2500,,,,,,,,,,,,,,,
2010-08-03,,,,,,,2.9400,,,0.2500,,,,,,,,,,,,,,,
2010-08-04,,,,,,,2.9800,,,0.2500,,,,,,,,,,,,,,,
2010-08-05,,,,,,,2.9400,,,0.2500,,,,,,,,,,,,,,,
2010-08-06,,,,,,,2.8600,,,0.2500,,,,,,,,,,,,,,,
2010-08-07,,,,,,,,,,0.2500,,,,,,,,,,,,,,,
2010-08-08,,,,,,,,,,0.2500,,,,,,,,,,,,,,,
2010-08-09,,,,,,,2.8600,,,0.2500,,,,,,,,,,,,,,,
2010-08-10,,,,,,,2.7900,,,0.2500,,,,,,,,,,,,,,,
2010-08-11,,,,,,,2.7200,,,0.2500,,,,,,,,,,,,,,,
2010-08-12,,,,,,,2.7400,,,0.2500,,,,,,,,,,,,,,,
2010-08-13,,,,,,,2.6800,,,0.2500,,,,,,,,,,,,,,,
2010-08-14,,,,,,,,,,0.2500,,,,,,,,,,,,,,,
2010-08-15,,,,,,,,,,0.2500,,,,,,,,,,,,,,,
2010-08-16,,,,,,,2.5800,,,0.2500,,,,,,,,,,,,,,,
2010-08-17,,,,,,,2.6400,,,0.2500,,,,,,,,,,,,,,,
2010-08-18,,,,,,,2.6400,,,0.2500,,,,,,,,,,,,,,,
2010-08-19,,,,,,,2.5800,,,0.2500,,,,,,,,,,,,,,,
2010-08-20,,,,,,,2.6200,,,0.2500,,,,,,,,,,,,,,,
2010-08-21,,,,,,,,,,0.2500,,,,,,,,,,,,,,,
2010-08-22,,,,,,,,,,0.2500,,,,,,,,,,,,,,,
2010-08-23,,,,,,,2.6000,,,0.2500,,,,,,,,,,,,,,,
2010-08-24,,,,,,,2.5000,,,0.2500,,,,,,,,,,,,,,,
2010-08-25,,,,,,,2.5400,,,0.2500,,,,,,,,,,,,,,,
2010-08-26,,,,,,,2.5000,,,0.2500,,,,,,,,,,,,,,,
2010-08-27,,,,,,,2.6600,,,0.2500,,,,,,,,,,,,,,,
2010-08-28,,,,,,,,,,0.2500,,,,,,,,,,,,,,,
2010-08-29,,,,,,,,,,0.2500,,,,,,,,,,,,,,,
2010-08-30,,,,,,,2.5400,,,0.2500,,,,,,,,,,,,,,,
2010-08-31,,,,,,,2.4700,,,0.2500,,,,,,,,,,,,,,,
2010-09-01,218.2750,221.7110,90.5920,89.9060,9.5000,130341.0000,2.5800,92.9537,72.6000,0.2500,10.2000,,0.5000,7.9000,0.3000,,,0.1900,,90.4000,91.3000,101.3185,73.1900,,0.2000
2010-09-02,,,,,,,2.6300,,,0.2500,,,,,,,,,,,,,,,
2010-09-03,,,,,,,2.7200,,,0.2500,,,,,,,,,,,,,,,
2010-09-04,,,,,,,,,,0.2500,,,,,,,,,,,,,,,
2010-09-05,,,,,,,,,,0.2500,,,,,,,,,,,,,,,
2010-09-06,,,,,,,,,,0.2500,,,,,,,,,,,,,,,
2010-09-07,,,,,,,2.6100,,,0.2500,,,,,,,,,,,,,,,
2010-09-08,,,,,,,2.6600,,,0.2500,,,,,,,,,,,,,,,
2010-09-09,,,,,,,2.7700,,,0.2500,,,,,,,,,,,,,,,
2010-09-10,,,,,,,2.8100,,,0.2500,,,,,,,,,,,,,,,
2010-09-11,,,,,,,,,,0.2500,,,,,,,,,,,,,,,
2010-09-12,,,,,,,,,,0.2500,,,,,,,,,,,,,,,
2010-09-13,,,,,,,2.7400,,,0.2500,,,,,,,,,,,,,,,
2010-09-14,,,,,,,2.6800,,,0.2500,,,,,,,,,,,,,,,
2010-09-15,,,,,,,2.7400,,,0.2500,,,,,,,,,,,,,,,
2010-09-16,,,,,,,2.7700,,,0.2500,,,,,,,,,,,,,,,
2010-09-17,,,,,,,2.7500,,,0.2500,,,,,,,,,,,,,,,
2010-09-18,,,,,,,,,,0.2500,,,,,,,,,,,,,,,
2010-09-19,,,,,,,,,,0.2500,,,,,,,,,,,,,,,
2010-09-20,,,,,,,2.7200,,,0.2500,,,,,,,,,,,,,,,
2010-09-21,,,,,,,2.6100,,,0.2500,,,,,,,,,,,,,,,
2010-09-22,,,,,,,2.5600,,,0.2500,,,,,,,,,,,,,,,
2010-09-23,,,,,,,2.5600,,,0.2500,,,,,,,,,,,,,,,
2010-09-24,,,,,,,2.6200,,,0.2500,,,,,,,,,,,,,,,
2010-09-25,,,,,,,,,,0.2500,,,,,,,,,,,,,,,
2010-09-26,,,,,,,,,,0.2500,,,,,,,,,,,,,,,
2010-09-27,,,,,,,2.5400,,,0.2500,,,,,,,,,,,,,,,
2010-09-28,,,,,,,2.4800,,,0.2500,,,,,,,,,,,,,,,
2010-09-29,,,,,,,2.5200,,,0.2500,,,,,,,,,,,,,,,
2010-09-30,,,,,,,2.5300,,,0.2500,,,,,,,,,,,,,,,
2010-10-01,219.0350,221.8300,90.8810,90.0430,9.4000,130620.0000,2.5400,92.6903,72.8100,0.2500,10.3000,2419238.0000,0.5000,7.9000,0.3000,532554.2000,160730.1000,0.1900,16960.8640,90.6000,91.4000,101.8576,73.4100,565945.0000,0.3000
2010-10-02,,,,,,,,,,0.2500,,,,,,,,,,,,,,,
2010-10-03,,,,,,,,,,0.2500,,,,,,,,,,,,,,,
2010-10-04,,,,,,,2.5000,,,0.2500,,,,,,,,,,,,,,,
2010-10-05,,,,,,,2.5000,,,0.2500,,,,,,,,,,,,,,,
2010-10-06,,,,,,,2.4100,,,0.2500,,,,,,,,,,,,,,,
2010-10-07,,,,,,,2.4100,,,0.2500,,,,,,,,,,,,,,,
2010-10-08,,,,,,,2.4100,,,0.2500,,,,,,,,,,,,,,,
2010-10-09,,,,,,,,,,0.2500,,,,,,,,,,,,,,,
2010-10-10,,,,,,,,,,0.2500,,,,,,,,,,,,,,,
2010-10-11,,,,,,,,,,0.2500,,,,,,,,,,,,,,,
2010-10-12,,,,,,,2.4400,,,0.2500,,,,,,,,,,,,,,,
2010-10-13,,,,,,,2.4600,,,0.2500,,,,,,,,,,,,,,,
2010-10-14,,,,,,,2.5200,,,0.2500,,,,,,,,,,,,,,,
2010-10-15,,,,,,,2.5900,,,0.2500,,,,,,,,,,,,,,,
2010-10-16,,,,,,,,,,0.2500,,,,,,,,,,,,,,,
2010-10-17,,,,,,,,,,0.2500,,,,,,,,,,,,,,,
2010-10-18,,,,,,,2.5200,,,0.2500,,,,,,,,,,,,,,,
2010-10-19,,,,,,,2.5000,,,0.2500,,,,,,,,,,,,,,,
2010-10-20,,,,,,,2.5100,,,0.2500,,,,,,,,,,,,,,,
2010-10-21,,,,,,,2.5700,,,0.2500,,,,,,,,,,,,,,,
2010-10-22,,,,,,,2.5900,,,0.2500,,,,,,,,,,,,,,,
2010-10-23,,,,,,,,,,0.2500,,,,,,,,,,,,,,,
2010-10-24,,,,,,,,,,0.2500,,,,,,,,,,,,,,,
2010-10-25,,,,,,,2.5900,,,0.2500,,,,,,,,,,,,,,,
2010-10-26,,,,,,,2.6700,,,0.2500,,,,,,,,,,,,,,,
2010-10-27,,,,,,,2.7500,,,0.2500,,,,,,,,,,,,,,,
2010-10-28,,,,,,,2.6900,,,0.2500,,,,,,,,,,,,,,,
2010-10-29,,,,,,,2.6300,,,0.2500,,,,,,,,,,,,,,,
2010-10-30,,,,,,,,,,0.2500,,,,,,,,,,,,,,,
2010-10-31,,,,,,,,,,0.2500,,,,,,,,,,,,,,,
2010-11-01,219.5900,222.1490,91.0620,90.1600,9.8000,130749.0000,2.6600,92.7709,72.8800,0.2500,10.2000,,0.5000,7.9000,0.3000,,,0.1900,,90.9000,91.6000,102.1022,73.4700,,-0.3000
2010-11-02,,,,,,,2.6300,,,0.2500,,,,,,,,,,,,,,,
2010-11-03,,,,,,,2.6700,,,0.2500,,,,,,,,,,,,,,,
2010-11-04,,,,,,,2.5300,,,0.2500,,,,,,,,,,,,,,,
2010-11-05,,,,,,,2.5800,,,0.2500,,,,,,,,,,,,,,,
2010-11-06,,,,,,,,,,0.2500,,,,,,,,,,,,,,,
2010-11-07,,,,,,,,,,0.2500,,,,,,,,,,,,,,,
2010-11-08,,,,,,,2.6000,,,0.2500,,,,,,,,,,,,,,,
2010-11-09,,,,,,,2.7200,,,0.2500,,,,,,,,,,,,,,,
2010-11-10,,,,,,,2.6500,,,0.2500,,,,,,,,,,,,,,,
2010-11-11,,,,,,,,,,0.2500,,,,,,,,,,,,,,,
2010-11-12,,,,,,,2.7600,,,0.2500,,,,,,,,,,,,,,,
2010-11-13,,,,,,,,,,0.2500,,,,,,,,,,,,,,,
2010-11-14,,,,,,,,,,0.2500,,,,,,,,,,,,,,,
2010-11-15,,,,,,,2.9200,,,0.2500,,,,,,,,,,,,,,,
2010-11-16,,,,,,,2.8500,,,0.2500,,,,,,,,,,,,,,,
2010-11-17,,,,,,,2.8900,,,0.2500,,,,,,,,,,,,,,,
2010-11-18,,,,,,,2.9000,,,0.2500,,,,,,,,,,,,,,,
2010-11-19,,,,,,,2.8800,,,0.2500,,,,,,,,,,,,,,,
2010-11-20,,,,,,,,,,0.2500,,,,,,,,,,,,,,,
2010-11-21,,,,,,,,,,0.2500,,,,,,,,,,,,,,,
2010-11-22,,,,,,,2.8000,,,0.2500,,,,,,,,,,,,,,,
2010-11-23,,,,,,,2.7700,,,0.2500,,,,,,,,,,,,,,,
2010-11-24,,,,,,,2.9300,,,0.2500,,,,,,,,,,,,,,,
2010-11-25,,,,,,,,,,0.2500,,,,,,,,,,,,,,,
2010-11-26,,,,,,,2.8700,,,0.2500,,,,,,,,,,,,,,,
2010-11-27,,,,,,,,,,0.2500,,,,,,,,,,,,,,,
2010-11-28,,,,,,,,,,0.2500,,,,,,,,,,,,,,,
2010-11-29,,,,,,,2.8400,,,0.2500,,,,,,,,,,,,,,,
2010-11-30,,,,,,,2.8100,,,0.2500,,,,,,,,,,,,,,,
2010-12-01,220.4720,222.3430,91.2680,90.1790,9.3000,130830.0000,2.9700,93.6787,73.3200,0.2500,10.2000,,0.5000,7.9000,0.3000,,,0.1800,,91.7000,92.1000,102.1384,73.9000,,-0.3000
2010-12-02,,,,,,,3.0100,,,0.2500,,,,,,,,,,,,,,,
2010-12-03,,,,,,,3.0300,,,0.2500,,,,,,,,,,,,,,,
2010-12-04,,,,,,,,,,0.2500,,,,,,,,,,,,,,,
2010-12-05,,,,,,,,,,0.2500,,,,,,,,,,,,,,,
2010-12-06,,,,,,,2.9500,,,0.2500,,,,,,,,,,,,,,,
2010-12-07,,,,,,,3.1500,,,0.2500,,,,,,,,,,,,,,,
2010-12-08,,,,,,,3.2600,,,0.2500,,,,,,,,,,,,,,,
2010-12-09,,,,,,,3.2300,,,0.2500,,,,,,,,,,,,,,,
2010-12-10,,,,,,,3.3200,,,0.2500,,,,,,,,,,,,,,,
2010-12-11,,,,,,,,,,0.2500,,,,,,,,,,,,,,,
2010-12-12,,,,,,,,,,0.2500,,,,,,,,,,,,,,,
2010-12-13,,,,,,,3.2900,,,0.2500,,,,,,,,,,,,,,,
2010-12-14,,,,,,,3.4900,,,0.2500,,,,,,,,,,,,,,,
2010-12-15,,,,,,,3.5300,,,0.2500,,,,,,,,,,,,,,,
2010-12-16,,,,,,,3.4700,,,0.2500,,,,,,,,,,,,,,,
2010-12-17,,,,,,,3.3300,,,0.2500,,,,,,,,,,,,,,,
2010-12-18,,,,,,,,,,0.2500,,,,,,,,,,,,,,,
2010-12-19,,,,,,,,,,0.2500,,,,,,,,,,,,,,,
2010-12-20,,,,,,,3.3600,,,0.2500,,,,,,,,,,,,,,,
2010-12-21,,,,,,,3.3500,,,0.2500,,,,,,,,,,,,,,,
2010-12-22,,,,,,,3.3600,,,0.2500,,,,,,,,,,,,,,,
2010-12-23,,,,,,,3.4100,,,0.2500,,,,,,,,,,,,,,,
2010-12-24,,,,,,,,,,0.2500,,,,,,,,,,,,,,,
2010-12-25,,,,,,,,,,0.2500,,,,,,,,,,,,,,,
2010-12-26,,,,,,,,,,0.2500,,,,,,,,,,,,,,,
2010-12-27,,,,,,,3.3600,,,0.2500,,,,,,,,,,,,,,,
2010-12-28,,,,,,,3.5000,,,0.2500,,,,,,,,,,,,,,,
2010-12-29,,,,,,,3.3500,,,0.2500,,,,,,,,,,,,,,,
2010-12-30,,,,,,,3.3800,,,0.2500,,,,,,,,,,,,,,,
2010-12-31,,,,,,,3.3000,,,0.2500,,,,,,,,,,,,,,,
2011-01-01,221.1870,222.8030,91.5420,90.3720,9.1000,130837.0000,,93.4814,72.8000,0.2500,10.2000,2442384.2000,0.5000,7.8000,0.3000,524877.9000,160985.3000,0.1700,16920.6320,91.8000,91.9000,101.7802,73.3500,566873.0000,-0.1000
2011-01-02,,,,,,,,,,0.2500,,,,,,,,,,,,,,,
2011-01-03,,,,,,,3.3600,,,0.2500,,,,,,,,,,,,,,,
2011-01-04,,,,,,,3.3600,,,0.2500,,,,,,,,,,,,,,,
2011-01-05,,,,,,,3.5000,,,0.2500,,,,,,,,,,,,,,,
2011-01-06,,,,,,,3.4400,,,0.2500,,,,,,,,,,,,,,,
2011-01-07,,,,,,,3.3400,,,0.2500,,,,,,,,,,,,,,,
2011-01-08,,,,,,,,,,0.2500,,,,,,,,,,,,,,,
2011-01-09,,,,,,,,,,0.2500,,,,,,,,,,,,,,,
2011-01-10,,,,,,,3.3200,,,0.2500,,,,,,,,,,,,,,,
2011-01-11,,,,,,,3.3700,,,0.2500,,,,,,,,,,,,,,,
2011-01-12,,,,,,,3.4000,,,0.2500,,,,,,,,,,,,,,,
2011-01-13,,,,,,,3.3400,,,0.2500,,,,,,,,,,,,,,,
2011-01-14,,,,,,,3.3500,,,0.2500,,,,,,,,,,,,,,,
2011-01-15,,,,,,,,,,0.2500,,,,,,,,,,,,,,,
2011-01-16,,,,,,,,,,0.2500,,,,,,,,,,,,,,,
2011-01-17,,,,,,,,,,0.2500,,,,,,,,,,,,,,,
2011-01-18,,,,,,,3.3900,,,0.2500,,,,,,,,,,,,,,,
2011-01-19,,,,,,,3.3700,,,0.2500,,,,,,,,,,,,,,,
2011-01-20,,,,,,,3.4700,,,0.2500,,,,,,,,,,,,,,,
2011-01-21,,,,,,,3.4400,,,0.2500,,,,,,,,,,,,,,,
2011-01-22,,,,,,,,,,0.2500,,,,,,,,,,,,,,,
2011-01-23,,,,,,,,,,0.2500,,,,,,,,,,,,,,,
2011-01-24,,,,,,,3.4300,,,0.2500,,,,,,,,,,,,,,,
2011-01-25,,,,,,,3.3500,,,0.2500,,,,,,,,,,,,,,,
2011-01-26,,,,,,,3.4500,,,0.2500,,,,,,,,,,,,,,,
2011-01-27,,,,,,,3.4200,,,0.2500,,,,,,,,,,,,,,,
2011-01-28,,,,,,,3.3600,,,0.2500,,,,,,,,,,,,,,,
2011-01-29,,,,,,,,,,0.2500,,,,,,,,,,,,,,,
2011-01-30,,,,,,,,,,0.2500,,,,,,,,,,,,,,,
2011-01-31,,,,,,,3.4200,,,0.2500,,,,,,,,,,,,,,,
2011-02-01,221.8980,223.2130,91.7970,90.5300,9.0000,131057.0000,3.4800,93.1102,73.1100,0.2500,10.1000,,0.5000,7.8000,0.3000,,,0.1600,,92.3000,92.4000,102.1638,73.6700,,0.0000
2011-02-02,,,,,,,3.5200,,,0.2500,,,,,,,,,,,,,,,
2011-02-03,,,,,,,3.5800,,,0.2500,,,,,,,,,,,,,,,
2011-02-04,,,,,,,3.6800,,,0.2500,,,,,,,,,,,,,,,
2011-02-05,,,,,,,,,,0.2500,,,,,,,,,,,,,,,
2011-02-06,,,,,,,,,,0.2500,,,,,,,,,,,,,,,
2011-02-07,,,,,,,3.6800,,,0.2500,,,,,,,,,,,,,,,
2011-02-08,,,,,,,3.7500,,,0.2500,,,,,,,,,,,,,,,
2011-02-09,,,,,,,3.6500,,,0.2500,,,,,,,,,,,,,,,
2011-02-10,,,,,,,3.7000,,,0.2500,,,,,,,,,,,,,,,
2011-02-11,,,,,,,3.6400,,,0.2500,,,,,,,,,,,,,,,
2011-02-12,,,,,,,,,,0.2500,,,,,,,,,,,,,,,
2011-02-13,,,,,,,,,,0.2500,,,,,,,,,,,,,,,
2011-02-14,,,,,,,3.6200,,,0.2500,,,,,,,,,,,,,,,
2011-02-15,,,,,,,3.6100,,,0.2500,,,,,,,,,,,,,,,
2011-02-16,,,,,,,3.6200,,,0.2500,,,,,,,,,,,,,,,
2011-02-17,,,,,,,3.5800,,,0.2500,,,,,,,,,,,,,,,
2011-02-18,,,,,,,3.5900,,,0.2500,,,,,,,,,,,,,,,
2011-02-19,,,,,,,,,,0.2500,,,,,,,,,,,,,,,
2011-02-20,,,,,,,,,,0.2500,,,,,,,,,,,,,,,
2011-02-21,,,,,,,,,,0.2500,,,,,,,,,,,,,,,
2011-02-22,,,,,,,3.4600,,,0.2500,,,,,,,,,,,,,,,
2011-02-23,,,,,,,3.4900,,,0.2500,,,,,,,,,,,,,,,
2011-02-24,,,,,,,3.4600,,,0.2500,,,,,,,,,,,,,,,
2011-02-25,,,,,,,3.4200,,,0.2500,,,,,,,,,,,,,,,
2011-02-26,,,,,,,,,,0.2500,,,,,,,,,,,,,,,
2011-02-27,,,,,,,,,,0.2500,,,,,,,,,,,,,,,
2011-02-28,,,,,,,3.4200,,,0.2500,,,,,,,,,,,,,,,
2011-03-01,223.0460,223.4540,92.1660,90.6670,9.0000,131283.0000,3.4100,94.0788,74.0900,0.2500,10.1000,,0.5000,7.7000,0.3000,,,0.1400,,92.6000,92.7000,102.8068,74.6900,,0.3000
2011-03-02,,,,,,,3.4600,,,0.2500,,,,,,,,,,,,,,,
2011-03-03,,,,,,,3.5800,,,0.2500,,,,,,,,,,,,,,,
2011-03-04,,,,,,,3.4900,,,0.2500,,,,,,,,,,,,,,,
2011-03-05,,,,,,,,,,0.2500,,,,,,,,,,,,,,,
2011-03-06,,,,,,,,,,0.2500,,,,,,,,,,,,,,,
2011-03-07,,,,,,,3.5100,,,0.2500,,,,,,,,,,,,,,,
2011-03-08,,,,,,,3.5600,,,0.2500,,,,,,,,,,,,,,,
2011-03-09,,,,,,,3.4800,,,0.2500,,,,,,,,,,,,,,,
2011-03-10,,,,,,,3.3700,,,0.2500,,,,,,,,,,,,,,,
2011-03-11,,,,,,,3.4000,,,0.2500,,,,,,,,,,,,,,,
2011-03-12,,,,,,,,,,0.2500,,,,,,,,,,,,,,,
2011-03-13,,,,,,,,,,0.2500,,,,,,,,,,,,,,,
2011-03-14,,,,,,,3.3600,,,0.2500,,,,,,,,,,,,,,,
2011-03-15,,,,,,,3.3300,,,0.2500,,,,,,,,,,,,,,,
2011-03-16,,,,,,,3.2200,,,0.2500,,,,,,,,,,,,,,,
2011-03-17,,,,,,,3.2500,,,0.2500,,,,,,,,,,,,,,,
2011-03-18,,,,,,,3.2800,,,0.2500,,,,,,,,,,,,,,,
2011-03-19,,,,,,,,,,0.2500,,,,,,,,,,,,,,,
2011-03-20,,,,,,,,,,0.2500,,,,,,,,,,,,,,,
2011-03-21,,,,,,,3.3400,,,0.2500,,,,,,,,,,,,,,,
2011-03-22,,,,,,,3.3400,,,0.2500,,,,,,,,,,,,,,,
2011-03-23,,,,,,,3.3600,,,0.2500,,,,,,,,,,,,,,,
2011-03-24,,,,,,,3.4200,,,0.2500,,,,,,,,,,,,,,,
2011-03-25,,,,,,,3.4600,,,0.2500,,,,,,,,,,,,,,,
2011-03-26,,,,,,,,,,0.2500,,,,,,,,,,,,,,,
2011-03-27,,,,,,,,,,0.2500,,,,,,,,,,,,,,,
2011-03-28,,,,,,,3.4700,,,0.2500,,,,,,,,,,,,,,,
2011-03-29,,,,,,,3.5000,,,0.2500,,,,,,,,,,,,,,,
2011-03-30,,,,,,,3.4700,,,0.2500,,,,,,,,,,,,,,,
2011-03-31,,,,,,,3.4700,,,0.2500,,,,,,,,,,,,,,,
2011-04-01,224.0930,223.7270,92.5570,90.8750,9.1000,131597.0000,3.4600,93.7749,74.5100,0.2500,10.0000,2442019.0000,0.5000,7.8000,0.3000,521543.2000,161748.2000,0.1000,17035.1140,93.3000,93.4000,102.9202,75.1100,566601.0000,0.1000
2011-04-02,,,,,,,,,,0.2500,,,,,,,,,,,,,,,
2011-04-03,,,,,,,,,,0.2500,,,,,,,,,,,,,,,
2011-04-04,,,,,,,3.4500,,,0.2500,,,,,,,,,,,,,,,
2011-04-05,,,,,,,3.5000,,,0.2500,,,,,,,,,,,,,,,
2011-04-06,,,,,,,3.5600,,,0.2500,,,,,,,,,,,,,,,
2011-04-07,,,,,,,3.5800,,,0.2500,,,,,,,,,,,,,,,
2011-04-08,,,,,,,3.5900,,,0.2500,,,,,,,,,,,,,,,
2011-04-09,,,,,,,,,,0.2500,,,,,,,,,,,,,,,
2011-04-10,,,,,,,,,,0.2500,,,,,,,,,,,,,,,
2011-04-11,,,,,,,3.5900,,,0.2500,,,,,,,,,,,,,,,
2011-04-12,,,,,,,3.5200,,,0.2500,,,,,,,,,,,,,,,
2011-04-13,,,,,,,3.4900,,,0.5000,,,,,,,,,,,,,,,
2011-04-14,,,,,,,3.5100,,,0.5000,,,,,,,,,,,,,,,
2011-04-15,,,,,,,3.4300,,,0.5000,,,,,,,,,,,,,,,
2011-04-16,,,,,,,,,,0.5000,,,,,,,,,,,,,,,
2011-04-17,,,,,,,,,,0.5000,,,,,,,,,,,,,,,
2011-04-18,,,,,,,3.4000,,,0.5000,,,,,,,,,,,,,,,
2011-04-19,,,,,,,3.3900,,,0.5000,,,,,,,,,,,,,,,
2011-04-20,,,,,,,3.4300,,,0.5000,,,,,,,,,,,,,,,
2011-04-21,,,,,,,3.4200,,,0.5000,,,,,,,,,,,,,,,
2011-04-22,,,,,,,,,,0.5000,,,,,,,,,,,,,,,
2011-04-23,,,,,,,,,,0.5000,,,,,,,,,,,,,,,
2011-04-24,,,,,,,,,,0.5000,,,,,,,,,,,,,,,
2011-04-25,,,,,,,3.3900,,,0.5000,,,,,,,,,,,,,,,
2011-04-26,,,,,,,3.3400,,,0.5000,,,,,,,,,,,,,,,
2011-04-27,,,,,,,3.3900,,,0.5000,,,,,,,,,,,,,,,
2011-04-28,,,,,,,3.3400,,,0.5000,,,,,,,,,,,,,,,
2011-04-29,,,,,,,3.3200,,,0.5000,,,,,,,,,,,,,,,
2011-04-30,,,,,,,,,,0.5000,,,,,,,,,,,,,,,
2011-05-01,224.8060,224.1750,92.8380,91.0910,9.0000,131703.0000,,93.8880,74.5200,0.5000,10.1000,,0.5000,7.9000,0.3000,,,0.0900,,93.5000,93.4000,102.9270,75.1100,,0.0000
2011-05-02,,,,,,,3.3100,,,0.5000,,,,,,,,,,,,,,,
2011-05-03,,,,,,,3.2800,,,0.5000,,,,,,,,,,,,,,,
2011-05-04,,,,,,,3.2500,,,0.5000,,,,,,,,,,,,,,,
2011-05-05,,,,,,,3.1800,,,0.5000,,,,,,,,,,,,,,,
2011-05-06,,,,,,,3.1900,,,0.5000,,,,,,,,,,,,,,,
2011-05-07,,,,,,,,,,0.5000,,,,,,,,,,,,,,,
2011-05-08,,,,,,,,,,0.5000,,,,,,,,,,,,,,,
2011-05-09,,,,,,,3.1700,,,0.5000,,,,,,,,,,,,,,,
2011-05-10,,,,,,,3.2300,,,0.5000,,,,,,,,,,,,,,,
2011-05-11,,,,,,,3.1900,,,0.5000,,,,,,,,,,,,,,,
2011-05-12,,,,,,,3.2200,,,0.5000,,,,,,,,,,,,,,,
2011-05-13,,,,,,,3.1800,,,0.5000,,,,,,,,,,,,,,,
2011-05-14,,,,,,,,,,0.5000,,,,,,,,,,,,,,,
2011-05-15,,,,,,,,,,0.5000,,,,,,,,,,,,,,,
2011-05-16,,,,,,,3.1500,,,0.5000,,,,,,,,,,,,,,,
2011-05-17,,,,,,,3.1200,,,0.5000,,,,,,,,,,,,,,,
2011-05-18,,,,,,,3.1800,,,0.5000,,,,,,,,,,,,,,,
2011-05-19,,,,,,,3.1700,,,0.5000,,,,,,,,,,,,,,,
2011-05-20,,,,,,,3.1500,,,0.5000,,,,,,,,,,,,,,,
2011-05-21,,,,,,,,,,0.5000,,,,,,,,,,,,,,,
2011-05-22,,,,,,,,,,0.5000,,,,,,,,,,,,,,,
2011-05-23,,,,,,,3.1300,,,0.5000,,,,,,,,,,,,,,,
2011-05-24,,,,,,,3.1200,,,0.5000,,,,,,,,,,,,,,,
2011-05-25,,,,,,,3.1300,,,0.5000,,,,,,,,,,,,,,,
2011-05-26,,,,,,,3.0700,,,0.5000,,,,,,,,,,,,,,,
2011-05-27,,,,,,,3.0700,,,0.5000,,,,,,,,,,,,,,,
2011-05-28,,,,,,,,,,0.5000,,,,,,,,,,,,,,,
2011-05-29,,,,,,,,,,0.5000,,,,,,,,,,,,,,,
2011-05-30,,,,,,,,,,0.5000,,,,,,,,,,,,,,,
2011-05-31,,,,,,,3.0500,,,0.5000,,,,,,,,,,,,,,,
2011-06-01,224.8060,224.6970,92.8190,91.1910,9.1000,131931.0000,2.9600,94.1720,74.5100,0.5000,10.1000,,0.5000,8.0000,0.3000,,,0.0900,,93.5000,93.3000,102.6783,75.1100,,-0.2000
2011-06-02,,,,,,,3.0400,,,0.5000,,,,,,,,,,,,,,,
2011-06-03,,,,,,,2.9900,,,0.5000,,,,,,,,,,,,,,,
2011-06-04,,,,,,,,,,0.5000,,,,,,,,,,,,,,,
2011-06-05,,,,,,,,,,0.5000,,,,,,,,,,,,,,,
2011-06-06,,,,,,,3.0100,,,0.5000,,,,,,,,,,,,,,,
2011-06-07,,,,,,,3.0100,,,0.5000,,,,,,,,,,,,,,,
2011-06-08,,,,,,,2.9800,,,0.5000,,,,,,,,,,,,,,,
2011-06-09,,,,,,,3.0100,,,0.5000,,,,,,,,,,,,,,,
2011-06-10,,,,,,,2.9900,,,0.5000,,,,,,,,,,,,,,,
2011-06-11,,,,,,,,,,0.5000,,,,,,,,,,,,,,,
2011-06-12,,,,,,,,,,0.5000,,,,,,,,,,,,,,,
2011-06-13,,,,,,,3.0000,,,0.5000,,,,,,,,,,,,,,,
2011-06-14,,,,,,,3.1100,,,0.5000,,,,,,,,,,,,,,,
2011-06-15,,,,,,,2.9800,,,0.5000,,,,,,,,,,,,,,,
2011-06-16,,,,,,,2.9300,,,0.5000,,,,,,,,,,,,,,,
2011-06-17,,,,,,,2.9400,,,0.5000,,,,,,,,,,,,,,,
2011-06-18,,,,,,,,,,0.5000,,,,,,,,,,,,,,,
2011-06-19,,,,,,,,,,0.5000,,,,,,,,,,,,,,,
2011-06-20,,,,,,,2.9700,,,0.5000,,,,,,,,,,,,,,,
2011-06-21,,,,,,,2.9900,,,0.5000,,,,,,,,,,,,,,,
2011-06-22,,,,,,,3.0100,,,0.5000,,,,,,,,,,,,,,,
2011-06-23,,,,,,,2.9300,,,0.5000,,,,,,,,,,,,,,,
2011-06-24,,,,,,,2.8800,,,0.5000,,,,,,,,,,,,,,,
2011-06-25,,,,,,,,,,0.5000,,,,,,,,,,,,,,,
2011-06-26,,,,,,,,,,0.5000,,,,,,,,,,,,,,,
2011-06-27,,,,,,,2.9500,,,0.5000,,,,,,,,,,,,,,,
2011-06-28,,,,,,,3.0500,,,0.5000,,,,,,,,,,,,,,,
2011-06-29,,,,,,,3.1400,,,0.5000,,,,,,,,,,,,,,,
2011-06-30,,,,,,,3.1800,,,0.5000,,,,,,,,,,,,,,,
2011-07-01,225.3950,225.2180,92.9770,91.3260,9.0000,131992.0000,3.2200,94.6360,74.0900,0.5000,10.2000,2442508.0000,0.5000,8.2000,0.3000,534021.7000,160961.0000,0.0700,17031.3130,93.5000,93.3000,101.8345,74.6600,567586.0000,0.0000
2011-07-02,,,,,,,,,,0.5000,,,,,,,,,,,,,,,
2011-07-03,,,,,,,,,,0.5000,,,,,,,,,,,,,,,
2011-07-04,,,,,,,,,,0.5000,,,,,,,,,,,,,,,
2011-07-05,,,,,,,3.1600,,,0.5000,,,,,,,,,,,,,,,
2011-07-06,,,,,,,3.1200,,,0.5000,,,,,,,,,,,,,,,
2011-07-07,,,,,,,3.1700,,,0.5000,,,,,,,,,,,,,,,
2011-07-08,,,,,,,3.0300,,,0.5000,,,,,,,,,,,,,,,
2011-07-09,,,,,,,,,,0.5000,,,,,,,,,,,,,,,
2011-07-10,,,,,,,,,,0.5000,,,,,,,,,,,,,,,
2011-07-11,,,,,,,2.9400,,,0.5000,,,,,,,,,,,,,,,
2011-07-12,,,,,,,2.9200,,,0.5000,,,,,,,,,,,,,,,
2011-07-13,,,,,,,2.9200,,,0.7500,,,,,,,,,,,,,,,
2011-07-14,,,,,,,2.9800,,,0.7500,,,,,,,,,,,,,,,
2011-07-15,,,,,,,2.9400,,,0.7500,,,,,,,,,,,,,,,
2011-07-16,,,,,,,,,,0.7500,,,,,,,,,,,,,,,
2011-07-17,,,,,,,,,,0.7500,,,,,,,,,,,,,,,
2011-07-18,,,,,,,2.9400,,,0.7500,,,,,,,,,,,,,,,
2011-07-19,,,,,,,2.9100,,,0.7500,,,,,,,,,,,,,,,
2011-07-20,,,,,,,2.9600,,,0.7500,,,,,,,,,,,,,,,
2011-07-21,,,,,,,3.0300,,,0.7500,,,,,,,,,,,,,,,
2011-07-22,,,,,,,2.9900,,,0.7500,,,,,,,,,,,,,,,
2011-07-23,,,,,,,,,,0.7500,,,,,,,,,,,,,,,
2011-07-24,,,,,,,,,,0.7500,,,,,,,,,,,,,,,
2011-07-25,,,,,,,3.0300,,,0.7500,,,,,,,,,,,,,,,
2011-07-26,,,,,,,2.9900,,,0.7500,,,,,,,,,,,,,,,
2011-07-27,,,,,,,3.0100,,,0.7500,,,,,,,,,,,,,,,
2011-07-28,,,,,,,2.9800,,,0.7500,,,,,,,,,,,,,,,
2011-07-29,,,,,,,2.8200,,,0.7500,,,,,,,,,,,,,,,
2011-07-30,,,,,,,,,,0.7500,,,,,,,,,,,,,,,
2011-07-31,,,,,,,,,,0.7500,,,,,,,,,,,,,,,
2011-08-01,226.1060,225.8620,93.1960,91.5080,9.0000,132125.0000,2.7700,95.2749,74.2200,0.7500,10.3000,,0.5000,8.3000,0.3000,,,0.1000,,93.9000,93.8000,101.5368,74.7900,,0.1000
2011-08-02,,,,,,,2.6600,,,0.7500,,,,,,,,,,,,,,,
2011-08-03,,,,,,,2.6400,,,0.7500,,,,,,,,,,,,,,,
2011-08-04,,,,,,,2.4700,,,0.7500,,,,,,,,,,,,,,,
2011-08-05,,,,,,,2.5800,,,0.7500,,,,,,,,,,,,,,,
2011-08-06,,,,,,,,,,0.7500,,,,,,,,,,,,,,,
2011-08-07,,,,,,,,,,0.7500,,,,,,,,,,,,,,,
2011-08-08,,,,,,,2.4000,,,0.7500,,,,,,,,,,,,,,,
2011-08-09,,,,,,,2.2000,,,0.7500,,,,,,,,,,,,,,,
2011-08-10,,,,,,,2.1700,,,0.7500,,,,,,,,,,,,,,,
2011-08-11,,,,,,,2.3400,,,0.7500,,,,,,,,,,,,,,,
2011-08-12,,,,,,,2.2400,,,0.7500,,,,,,,,,,,,,,,
2011-08-13,,,,,,,,,,0.7500,,,,,,,,,,,,,,,
2011-08-14,,,,,,,,,,0.7500,,,,,,,,,,,,,,,
2011-08-15,,,,,,,2.2900,,,0.7500,,,,,,,,,,,,,,,
2011-08-16,,,,,,,2.2300,,,0.7500,,,,,,,,,,,,,,,
2011-08-17,,,,,,,2.1700,,,0.7500,,,,,,,,,,,,,,,
2011-08-18,,,,,,,2.0800,,,0.7500,,,,,,,,,,,,,,,
2011-08-19,,,,,,,2.0700,,,0.7500,,,,,,,,,,,,,,,
2011-08-20,,,,,,,,,,0.7500,,,,,,,,,,,,,,,
2011-08-21,,,,,,,,,,0.7500,,,,,,,,,,,,,,,
2011-08-22,,,,,,,2.1000,,,0.7500,,,,,,,,,,,,,,,
2011-08-23,,,,,,,2.1500,,,0.7500,,,,,,,,,,,,,,,
2011-08-24,,,,,,,2.2900,,,0.7500,,,,,,,,,,,,,,,
2011-08-25,,,,,,,2.2300,,,0.7500,,,,,,,,,,,,,,,
2011-08-26,,,,,,,2.1900,,,0.7500,,,,,,,,,,,,,,,
2011-08-27,,,,,,,,,,0.7500,,,,,,,,,,,,,,,
2011-08-28,,,,,,,,,,0.7500,,,,,,,,,,,,,,,
2011-08-29,,,,,,,2.2800,,,0.7500,,,,,,,,,,,,,,,
2011-08-30,,,,,,,2.1900,,,0.7500,,,,,,,,,,,,,,,
2011-08-31,,,,,,,2.2300,,,0.7500,,,,,,,,,,,,,,,
2011-09-01,226.5970,226.1180,93.3270,91.5700,9.0000,132344.0000,2.1500,95.1961,74.7700,0.7500,10.5000,,0.5000,8.4000,0.3000,,,0.0800,,94.5000,94.0000,101.8107,75.3400,,0.0000
2011-09-02,,,,,,,2.0200,,,0.7500,,,,,,,,,,,,,,,
2011-09-03,,,,,,,,,,0.7500,,,,,,,,,,,,,,,
2011-09-04,,,,,,,,,,0.7500,,,,,,,,,,,,,,,
2011-09-05,,,,,,,,,,0.7500,,,,,,,,,,,,,,,
2011-09-06,,,,,,,1.9800,,,0.7500,,,,,,,,,,,,,,,
2011-09-07,,,,,,,2.0500,,,0.7500,,,,,,,,,,,,,,,
2011-09-08,,,,,,,2.0000,,,0.7500,,,,,,,,,,,,,,,
2011-09-09,,,,,,,1.9300,,,0.7500,,,,,,,,,,,,,,,
2011-09-10,,,,,,,,,,0.7500,,,,,,,,,,,,,,,
2011-09-11,,,,,,,,,,0.7500,,,,,,,,,,,,,,,
2011-09-12,,,,,,,1.9400,,,0.7500,,,,,,,,,,,,,,,
2011-09-13,,,,,,,2.0000,,,0.7500,,,,,,,,,,,,,,,
2011-09-14,,,,,,,2.0300,,,0.7500,,,,,,,,,,,,,,,
2011-09-15,,,,,,,2.0900,,,0.7500,,,,,,,,,,,,,,,
2011-09-16,,,,,,,2.0800,,,0.7500,,,,,,,,,,,,,,,
2011-09-17,,,,,,,,,,0.7500,,,,,,,,,,,,,,,
2011-09-18,,,,,,,,,,0.7500,,,,,,,,,,,,,,,
2011-09-19,,,,,,,1.9700,,,0.7500,,,,,,,,,,,,,,,
2011-09-20,,,,,,,1.9500,,,0.7500,,,,,,,,,,,,,,,
2011-09-21,,,,,,,1.8800,,,0.7500,,,,,,,,,,,,,,,
2011-09-22,,,,,,,1.7200,,,0.7500,,,,,,,,,,,,,,,
2011-09-23,,,,,,,1.8400,,,0.7500,,,,,,,,,,,,,,,
2011-09-24,,,,,,,,,,0.7500,,,,,,,,,,,,,,,
2011-09-25,,,,,,,,,,0.7500,,,,,,,,,,,,,,,
2011-09-26,,,,,,,1.9100,,,0.7500,,,,,,,,,,,,,,,
2011-09-27,,,,,,,2.0000,,,0.7500,,,,,,,,,,,,,,,
2011-09-28,,,,,,,2.0300,,,0.7500,,,,,,,,,,,,,,,
2011-09-29,,,,,,,1.9900,,,0.7500,,,,,,,,,,,,,,,
2011-09-30,,,,,,,1.9200,,,0.7500,,,,,,,,,,,,,,,
2011-10-01,226.7500,226.5060,93.3290,91.6140,8.8000,132553.0000,,95.8568,75.0300,0.7500,10.6000,2435149.2000,0.5000,8.5000,0.3000,534225.1000,161432.7000,0.0700,17222.5830,94.5000,94.1000,101.7430,75.5800,568056.0000,0.1000
2011-10-02,,,,,,,,,,0.7500,,,,,,,,,,,,,,,
2011-10-03,,,,,,,1.8000,,,0.7500,,,,,,,,,,,,,,,
2011-10-04,,,,,,,1.8100,,,0.7500,,,,,,,,,,,,,,,
2011-10-05,,,,,,,1.9200,,,0.7500,,,,,,,,,,,,,,,
2011-10-06,,,,,,,2.0100,,,0.7500,,,,,,,,,,,,,,,
2011-10-07,,,,,,,2.1000,,,0.7500,,,,,,,,,,,,,,,
2011-10-08,,,,,,,,,,0.7500,,,,,,,,,,,,,,,
2011-10-09,,,,,,,,,,0.7500,,,,,,,,,,,,,,,
2011-10-10,,,,,,,,,,0.7500,,,,,,,,,,,,,,,
2011-10-11,,,,,,,2.1800,,,0.7500,,,,,,,,,,,,,,,
2011-10-12,,,,,,,2.2400,,,0.7500,,,,,,,,,,,,,,,
2011-10-13,,,,,,,2.1900,,,0.7500,,,,,,,,,,,,,,,
2011-10-14,,,,,,,2.2600,,,0.7500,,,,,,,,,,,,,,,
2011-10-15,,,,,,,,,,0.7500,,,,,,,,,,,,,,,
2011-10-16,,,,,,,,,,0.7500,,,,,,,,,,,,,,,
2011-10-17,,,,,,,2.1800,,,0.7500,,,,,,,,,,,,,,,
2011-10-18,,,,,,,2.1900,,,0.7500,,,,,,,,,,,,,,,
2011-10-19,,,,,,,2.1800,,,0.7500,,,,,,,,,,,,,,,
2011-10-20,,,,,,,2.2000,,,0.7500,,,,,,,,,,,,,,,
2011-10-21,,,,,,,2.2300,,,0.7500,,,,,,,,,,,,,,,
2011-10-22,,,,,,,,,,0.7500,,,,,,,,,,,,,,,
2011-10-23,,,,,,,,,,0.7500,,,,,,,,,,,,,,,
2011-10-24,,,,,,,2.2500,,,0.7500,,,,,,,,,,,,,,,
2011-10-25,,,,,,,2.1400,,,0.7500,,,,,,,,,,,,,,,
2011-10-26,,,,,,,2.2300,,,0.7500,,,,,,,,,,,,,,,
2011-10-27,,,,,,,2.4200,,,0.7500,,,,,,,,,,,,,,,
2011-10-28,,,,,,,2.3400,,,0.7500,,,,,,,,,,,,,,,
2011-10-29,,,,,,,,,,0.7500,,,,,,,,,,,,,,,
2011-10-30,,,,,,,,,,0.7500,,,,,,,,,,,,,,,
2011-10-31,,,,,,,2.1700,,,0.7500,,,,,,,,,,,,,,,
2011-11-01,227.1690,226.8990,93.5200,91.8080,8.6000,132690.0000,2.0100,95.8485,75.0900,0.7500,10.7000,,0.5000,8.4000,0.3000,,,0.0800,,94.7000,94.2000,101.5654,75.6400,,-0.6000
2011-11-02,,,,,,,2.0300,,,0.7500,,,,,,,,,,,,,,,
2011-11-03,,,,,,,2.0900,,,0.7500,,,,,,,,,,,,,,,
2011-11-04,,,,,,,2.0600,,,0.7500,,,,,,,,,,,,,,,
2011-11-05,,,,,,,,,,0.7500,,,,,,,,,,,,,,,
2011-11-06,,,,,,,,,,0.7500,,,,,,,,,,,,,,,
2011-11-07,,,,,,,2.0400,,,0.7500,,,,,,,,,,,,,,,
2011-11-08,,,,,,,2.1000,,,0.7500,,,,,,,,,,,,,,,
2011-11-09,,,,,,,2.0000,,,0.5000,,,,,,,,,,,,,,,
2011-11-10,,,,,,,2.0400,,,0.5000,,,,,,,,,,,,,,,
2011-11-11,,,,,,,,,,0.5000,,,,,,,,,,,,,,,
2011-11-12,,,,,,,,,,0.5000,,,,,,,,,,,,,,,
2011-11-13,,,,,,,,,,0.5000,,,,,,,,,,,,,,,
2011-11-14,,,,,,,2.0400,,,0.5000,,,,,,,,,,,,,,,
2011-11-15,,,,,,,2.0600,,,0.5000,,,,,,,,,,,,,,,
2011-11-16,,,,,,,2.0100,,,0.5000,,,,,,,,,,,,,,,
2011-11-17,,,,,,,1.9600,,,0.5000,,,,,,,,,,,,,,,
2011-11-18,,,,,,,2.0100,,,0.5000,,,,,,,,,,,,,,,
2011-11-19,,,,,,,,,,0.5000,,,,,,,,,,,,,,,
2011-11-20,,,,,,,,,,0.5000,,,,,,,,,,,,,,,
2011-11-21,,,,,,,1.9700,,,0.5000,,,,,,,,,,,,,,,
2011-11-22,,,,,,,1.9400,,,0.5000,,,,,,,,,,,,,,,
2011-11-23,,,,,,,1.8900,,,0.5000,,,,,,,,,,,,,,,
2011-11-24,,,,,,,,,,0.5000,,,,,,,,,,,,,,,
2011-11-25,,,,,,,1.9700,,,0.5000,,,,,,,,,,,,,,,
2011-11-26,,,,,,,,,,0.5000,,,,,,,,,,,,,,,
2011-11-27,,,,,,,,,,0.5000,,,,,,,,,,,,,,,
2011-11-28,,,,,,,1.9700,,,0.5000,,,,,,,,,,,,,,,
2011-11-29,,,,,,,2.0000,,,0.5000,,,,,,,,,,,,,,,
2011-11-30,,,,,,,2.0800,,,0.5000,,,,,,,,,,,,,,,
2011-12-01,227.2230,227.4050,93.5740,91.9600,8.5000,132888.0000,2.1100,96.3571,75.3400,0.5000,10.8000,,0.5000,8.3000,0.3000,,,0.0700,,95.0000,94.6000,101.4084,75.8900,,0.0000
2011-12-02,,,,,,,2.0500,,,0.5000,,,,,,,,,,,,,,,
2011-12-03,,,,,,,,,,0.5000,,,,,,,,,,,,,,,
2011-12-04,,,,,,,,,,0.5000,,,,,,,,,,,,,,,
2011-12-05,,,,,,,2.0400,,,0.5000,,,,,,,,,,,,,,,
2011-12-06,,,,,,,2.0800,,,0.5000,,,,,,,,,,,,,,,
2011-12-07,,,,,,,2.0200,,,0.5000,,,,,,,,,,,,,,,
2011-12-08,,,,,,,1.9900,,,0.5000,,,,,,,,,,,,,,,
2011-12-09,,,,,,,2.0700,,,0.5000,,,,,,,,,,,,,,,
2011-12-10,,,,,,,,,,0.5000,,,,,,,,,,,,,,,
2011-12-11,,,,,,,,,,0.5000,,,,,,,,,,,,,,,
2011-12-12,,,,,,,2.0300,,,0.5000,,,,,,,,,,,,,,,
2011-12-13,,,,,,,1.9600,,,0.5000,,,,,,,,,,,,,,,
2011-12-14,,,,,,,1.9200,,,0.2500,,,,,,,,,,,,,,,
2011-12-15,,,,,,,1.9200,,,0.2500,,,,,,,,,,,,,,,
2011-12-16,,,,,,,1.8600,,,0.2500,,,,,,,,,,,,,,,
2011-12-17,,,,,,,,,,0.2500,,,,,,,,,,,,,,,
2011-12-18,,,,,,,,,,0.2500,,,,,,,,,,,,,,,
2011-12-19,,,,,,,1.8200,,,0.2500,,,,,,,,,,,,,,,
2011-12-20,,,,,,,1.9400,,,0.2500,,,,,,,,,,,,,,,
2011-12-21,,,,,,,1.9800,,,0.2500,,,,,,,,,,,,,,,
2011-12-22,,,,,,,1.9700,,,0.2500,,,,,,,,,,,,,,,
2011-12-23,,,,,,,2.0300,,,0.2500,,,,,,,,,,,,,,,
2011-12-24,,,,,,,,,,0.2500,,,,,,,,,,,,,,,
2011-12-25,,,,,,,,,,0.2500,,,,,,,,,,,,,,,
2011-12-26,,,,,,,,,,0.2500,,,,,,,,,,,,,,,
2011-12-27,,,,,,,2.0200,,,0.2500,,,,,,,,,,,,,,,
2011-12-28,,,,,,,1.9300,,,0.2500,,,,,,,,,,,,,,,
2011-12-29,,,,,,,1.9100,,,0.2500,,,,,,,,,,,,,,,
2011-12-30,,,,,,,1.8900,,,0.2500,,,,,,,,,,,,,,,
2011-12-31,,,,,,,,,,0.2500,,,,,,,,,,,,,,,
2012-01-01,227.8420,227.8770,93.8940,92.2350,8.3000,133246.0000,,96.9318,74.7400,0.2500,10.9000,2429321.4000,0.5000,8.3000,0.3000,542308.1000,162401.5000,0.0800,17367.0100,94.7000,94.1000,100.9767,75.2600,573416.0000,0.2000
2012-01-02,,,,,,,,,,0.2500,,,,,,,,,,,,,,,
2012-01-03,,,,,,,1.9700,,,0.2500,,,,,,,,,,,,,,,
2012-01-04,,,,,,,2.0000,,,0.2500,,,,,,,,,,,,,,,
2012-01-05,,,,,,,2.0200,,,0.2500,,,,,,,,,,,,,,,
2012-01-06,,,,,,,1.9800,,,0.2500,,,,,,,,,,,,,,,
2012-01-07,,,,,,,,,,0.2500,,,,,,,,,,,,,,,
2012-01-08,,,,,,,,,,0.2500,,,,,,,,,,,,,,,
2012-01-09,,,,,,,1.9800,,,0.2500,,,,,,,,,,,,,,,
2012-01-10,,,,,,,2.0000,,,0.2500,,,,,,,,,,,,,,,
2012-01-11,,,,,,,1.9300,,,0.2500,,,,,,,,,,,,,,,
2012-01-12,,,,,,,1.9400,,,0.2500,,,,,,,,,,,,,,,
2012-01-13,,,,,,,1.8900,,,0.2500,,,,,,,,,,,,,,,
2012-01-14,,,,,,,,,,0.2500,,,,,,,,,,,,,,,
2012-01-15,,,,,,,,,,0.2500,,,,,,,,,,,,,,,
2012-01-16,,,,,,,,,,0.2500,,,,,,,,,,,,,,,
2012-01-17,,,,,,,1.8700,,,0.2500,,,,,,,,,,,,,,,
2012-01-18,,,,,,,1.9200,,,0.2500,,,,,,,,,,,,,,,
2012-01-19,,,,,,,2.0100,,,0.2500,,,,,,,,,,,,,,,
2012-01-20,,,,,,,2.0500,,,0.2500,,,,,,,,,,,,,,,
2012-01-21,,,,,,,,,,0.2500,,,,,,,,,,,,,,,
2012-01-22,,,,,,,,,,0.2500,,,,,,,,,,,,,,,
2012-01-23,,,,,,,2.0900,,,0.2500,,,,,,,,,,,,,,,
2012-01-24,,,,,,,2.0800,,,0.2500,,,,,,,,,,,,,,,
2012-01-25,,,,,,,2.0100,,,0.2500,,,,,,,,,,,,,,,
2012-01-26,,,,,,,1.9600,,,0.2500,,,,,,,,,,,,,,,
2012-01-27,,,,,,,1.9300,,,0.2500,,,,,,,,,,,,,,,
2012-01-28,,,,,,,,,,0.2500,,,,,,,,,,,,,,,
2012-01-29,,,,,,,,,,0.2500,,,,,,,,,,,,,,,
2012-01-30,,,,,,,1.8700,,,0.2500,,,,,,,,,,,,,,,
2012-01-31,,,,,,,1.8300,,,0.2500,,,,,,,,,,,,,,,
2012-02-01,228.3290,228.0340,94.1040,92.3640,8.3000,133509.0000,1.8700,97.2435,75.1100,0.2500,11.0000,,0.5000,8.2000,0.3000,,,0.1000,,95.2000,94.5000,101.2612,75.6400,,0.2000
2012-02-02,,,,,,,1.8600,,,0.2500,,,,,,,,,,,,,,,
2012-02-03,,,,,,,1.9700,,,0.2500,,,,,,,,,,,,,,,
2012-02-04,,,,,,,,,,0.2500,,,,,,,,,,,,,,,
2012-02-05,,,,,,,,,,0.2500,,,,,,,,,,,,,,,
2012-02-06,,,,,,,1.9300,,,0.2500,,,,,,,,,,,,,,,
2012-02-07,,,,,,,2.0000,,,0.2500,,,,,,,,,,,,,,,
2012-02-08,,,,,,,2.0100,,,0.2500,,,,,,,,,,,,,,,
2012-02-09,,,,,,,2.0400,,,0.2500,,,,,,,,,,,,,,,
2012-02-10,,,,,,,1.9600,,,0.2500,,,,,,,,,,,,,,,
2012-02-11,,,,,,,,,,0.2500,,,,,,,,,,,,,,,
2012-02-12,,,,,,,,,,0.2500,,,,,,,,,,,,,,,
2012-02-13,,,,,,,1.9900,,,0.2500,,,,,,,,,,,,,,,
2012-02-14,,,,,,,1.9200,,,0.2500,,,,,,,,,,,,,,,
2012-02-15,,,,,,,1.9300,,,0.2500,,,,,,,,,,,,,,,
2012-02-16,,,,,,,1.9900,,,0.2500,,,,,,,,,,,,,,,
2012-02-17,,,,,,,2.0100,,,0.2500,,,,,,,,,,,,,,,
2012-02-18,,,,,,,,,,0.2500,,,,,,,,,,,,,,,
2012-02-19,,,,,,,,,,0.2500,,,,,,,,,,,,,,,
2012-02-20,,,,,,,,,,0.2500,,,,,,,,,,,,,,,
2012-02-21,,,,,,,2.0500,,,0.2500,,,,,,,,,,,,,,,
2012-02-22,,,,,,,2.0100,,,0.2500,,,,,,,,,,,,,,,
2012-02-23,,,,,,,1.9900,,,0.2500,,,,,,,,,,,,,,,
2012-02-24,,,,,,,1.9800,,,0.2500,,,,,,,,,,,,,,,
2012-02-25,,,,,,,,,,0.2500,,,,,,,,,,,,,,,
2012-02-26,,,,,,,,,,0.2500,,,,,,,,,,,,,,,
2012-02-27,,,,,,,1.9200,,,0.2500,,,,,,,,,,,,,,,
2012-02-28,,,,,,,1.9400,,,0.2500,,,,,,,,,,,,,,,
2012-02-29,,,,,,,1.9800,,,0.2500,,,,,,,,,,,,,,,
2012-03-01,228.8070,228.4780,94.2840,92.5210,8.2000,133748.0000,2.0300,96.7400,76.0800,0.2500,11.2000,,0.5000,8.2000,0.3000,,,0.1300,,95.4000,94.8000,101.8257,76.6400,,0.5000
2012-03-02,,,,,,,1.9900,,,0.2500,,,,,,,,,,,,,,,
2012-03-03,,,,,,,,,,0.2500,,,,,,,,,,,,,,,
2012-03-04,,,,,,,,,,0.2500,,,,,,,,,,,,,,,
2012-03-05,,,,,,,2.0000,,,0.2500,,,,,,,,,,,,,,,
2012-03-06,,,,,,,1.9600,,,0.2500,,,,,,,,,,,,,,,
2012-03-07,,,,,,,1.9800,,,0.2500,,,,,,,,,,,,,,,
2012-03-08,,,,,,,2.0300,,,0.2500,,,,,,,,,,,,,,,
2012-03-09,,,,,,,2.0400,,,0.2500,,,,,,,,,,,,,,,
2012-03-10,,,,,,,,,,0.2500,,,,,,,,,,,,,,,
2012-03-11,,,,,,,,,,0.2500,,,,,,,,,,,,,,,
2012-03-12,,,,,,,2.0400,,,0.2500,,,,,,,,,,,,,,,
2012-03-13,,,,,,,2.1400,,,0.2500,,,,,,,,,,,,,,,
2012-03-14,,,,,,,2.2900,,,0.2500,,,,,,,,,,,,,,,
2012-03-15,,,,,,,2.2900,,,0.2500,,,,,,,,,,,,,,,
2012-03-16,,,,,,,2.3100,,,0.2500,,,,,,,,,,,,,,,
2012-03-17,,,,,,,,,,0.2500,,,,,,,,,,,,,,,
2012-03-18,,,,,,,,,,0.2500,,,,,,,,,,,,,,,
2012-03-19,,,,,,,2.3900,,,0.2500,,,,,,,,,,,,,,,
2012-03-20,,,,,,,2.3800,,,0.2500,,,,,,,,,,,,,,,
2012-03-21,,,,,,,2.3100,,,0.2500,,,,,,,,,,,,,,,
2012-03-22,,,,,,,2.2900,,,0.2500,,,,,,,,,,,,,,,
2012-03-23,,,,,,,2.2500,,,0.2500,,,,,,,,,,,,,,,
2012-03-24,,,,,,,,,,0.2500,,,,,,,,,,,,,,,
2012-03-25,,,,,,,,,,0.2500,,,,,,,,,,,,,,,
2012-03-26,,,,,,,2.2600,,,0.2500,,,,,,,,,,,,,,,
2012-03-27,,,,,,,2.2000,,,0.2500,,,,,,,,,,,,,,,
2012-03-28,,,,,,,2.2100,,,0.2500,,,,,,,,,,,,,,,
2012-03-29,,,,,,,2.1800,,,0.2500,,,,,,,,,,,,,,,
2012-03-30,,,,,,,2.2300,,,0.2500,,,,,,,,,,,,,,,
2012-03-31,,,,,,,,,,0.2500,,,,,,,,,,,,,,,
2012-04-01,229.1870,228.9050,94.4080,92.6610,8.2000,133825.0000,,97.4359,76.4300,0.2500,11.3000,2420620.5000,0.5000,8.1000,0.3000,537306.7000,162465.8000,0.1400,17444.5250,95.9000,95.2000,101.9018,76.9900,573112.0000,0.1000
2012-04-02,,,,,,,2.2200,,,0.2500,,,,,,,,,,,,,,,
2012-04-03,,,,,,,2.3000,,,0.2500,,,,,,,,,,,,,,,
2012-04-04,,,,,,,2.2500,,,0.2500,,,,,,,,,,,,,,,
2012-04-05,,,,,,,2.1900,,,0.2500,,,,,,,,,,,,,,,
2012-04-06,,,,,,,2.0700,,,0.2500,,,,,,,,,,,,,,,
2012-04-07,,,,,,,,,,0.2500,,,,,,,,,,,,,,,
2012-04-08,,,,,,,,,,0.2500,,,,,,,,,,,,,,,
2012-04-09,,,,,,,2.0600,,,0.2500,,,,,,,,,,,,,,,
2012-04-10,,,,,,,2.0100,,,0.2500,,,,,,,,,,,,,,,
2012-04-11,,,,,,,2.0500,,,0.2500,,,,,,,,,,,,,,,
2012-04-12,,,,,,,2.0800,,,0.2500,,,,,,,,,,,,,,,
2012-04-13,,,,,,,2.0200,,,0.2500,,,,,,,,,,,,,,,
2012-04-14,,,,,,,,,,0.2500,,,,,,,,,,,,,,,
2012-04-15,,,,,,,,,,0.2500,,,,,,,,,,,,,,,
2012-04-16,,,,,,,2.0000,,,0.2500,,,,,,,,,,,,,,,
2012-04-17,,,,,,,2.0300,,,0.2500,,,,,,,,,,,,,,,
2012-04-18,,,,,,,2.0000,,,0.2500,,,,,,,,,,,,,,,
2012-04-19,,,,,,,1.9800,,,0.2500,,,,,,,,,,,,,,,
2012-04-20,,,,,,,1.9900,,,0.2500,,,,,,,,,,,,,,,
2012-04-21,,,,,,,,,,0.2500,,,,,,,,,,,,,,,
2012-04-22,,,,,,,,,,0.2500,,,,,,,,,,,,,,,
2012-04-23,,,,,,,1.9600,,,0.2500,,,,,,,,,,,,,,,
2012-04-24,,,,,,,2.0000,,,0.2500,,,,,,,,,,,,,,,
2012-04-25,,,,,,,2.0100,,,0.2500,,,,,,,,,,,,,,,
2012-04-26,,,,,,,1.9800,,,0.2500,,,,,,,,,,,,,,,
2012-04-27,,,,,,,1.9600,,,0.2500,,,,,,,,,,,,,,,
2012-04-28,,,,,,,,,,0.2500,,,,,,,,,,,,,,,
2012-04-29,,,,,,,,,,0.2500,,,,,,,,,,,,,,,
2012-04-30,,,,,,,1.9500,,,0.2500,,,,,,,,,,,,,,,
2012-05-01,228.7130,229.2240,94.3020,92.7550,8.2000,133932.0000,1.9800,97.6609,76.3300,0.2500,11.4000,,0.5000,8.0000,0.3000,,,0.1600,,95.9000,95.3000,101.8837,76.8700,,-0.3000
2012-05-02,,,,,,,1.9600,,,0.2500,,,,,,,,,,,,,,,
2012-05-03,,,,,,,1.9600,,,0.2500,,,,,,,,,,,,,,,
2012-05-04,,,,,,,1.9100,,,0.2500,,,,,,,,,,,,,,,
2012-05-05,,,,,,,,,,0.2500,,,,,,,,,,,,,,,
2012-05-06,,,,,,,,,,0.2500,,,,,,,,,,,,,,,
2012-05-07,,,,,,,1.9200,,,0.2500,,,,,,,,,,,,,,,
2012-05-08,,,,,,,1.8800,,,0.2500,,,,,,,,,,,,,,,
2012-05-09,,,,,,,1.8700,,,0.2500,,,,,,,,,,,,,,,
2012-05-10,,,,,,,1.8900,,,0.2500,,,,,,,,,,,,,,,
2012-05-11,,,,,,,1.8400,,,0.2500,,,,,,,,,,,,,,,
2012-05-12,,,,,,,,,,0.2500,,,,,,,,,,,,,,,
2012-05-13,,,,,,,,,,0.2500,,,,,,,,,,,,,,,
2012-05-14,,,,,,,1.7800,,,0.2500,,,,,,,,,,,,,,,
2012-05-15,,,,,,,1.7600,,,0.2500,,,,,,,,,,,,,,,
2012-05-16,,,,,,,1.7600,,,0.2500,,,,,,,,,,,,,,,
2012-05-17,,,,,,,1.7000,,,0.2500,,,,,,,,,,,,,,,
2012-05-18,,,,,,,1.7100,,,0.2500,,,,,,,,,,,,,,,
2012-05-19,,,,,,,,,,0.2500,,,,,,,,,,,,,,,
2012-05-20,,,,,,,,,,0.2500,,,,,,,,,,,,,,,
2012-05-21,,,,,,,1.7500,,,0.2500,,,,,,,,,,,,,,,
2012-05-22,,,,,,,1.7900,,,0.2500,,,,,,,,,,,,,,,
2012-05-23,,,,,,,1.7300,,,0.2500,,,,,,,,,,,,,,,
2012-05-24,,,,,,,1.7700,,,0.2500,,,,,,,,,,,,,,,
2012-05-25,,,,,,,1.7500,,,0.2500,,,,,,,,,,,,,,,
2012-05-26,,,,,,,,,,0.2500,,,,,,,,,,,,,,,
2012-05-27,,,,,,,,,,0.2500,,,,,,,,,,,,,,,
2012-05-28,,,,,,,,,,0.2500,,,,,,,,,,,,,,,
2012-05-29,,,,,,,1.7400,,,0.2500,,,,,,,,,,,,,,,
2012-05-30,,,,,,,1.6300,,,0.2500,,,,,,,,,,,,,,,
2012-05-31,,,,,,,1.5900,,,0.2500,,,,,,,,,,,,,,,
2012-06-01,228.5240,229.6230,94.2540,92.8500,8.2000,134013.0000,1.4700,97.6663,76.2700,0.2500,11.5000,,0.5000,8.0000,0.3000,,,0.1600,,95.6000,95.1000,101.5963,76.8100,,-0.5000
2012-06-02,,,,,,,,,,0.2500,,,,,,,,,,,,,,,
2012-06-03,,,,,,,,,,0.2500,,,,,,,,,,,,,,,
2012-06-04,,,,,,,1.5300,,,0.2500,,,,,,,,,,,,,,,
2012-06-05,,,,,,,1.5700,,,0.2500,,,,,,,,,,,,,,,
2012-06-06,,,,,,,1.6600,,,0.2500,,,,,,,,,,,,,,,
2012-06-07,,,,,,,1.6600,,,0.2500,,,,,,,,,,,,,,,
2012-06-08,,,,,,,1.6500,,,0.2500,,,,,,,,,,,,,,,
2012-06-09,,,,,,,,,,0.2500,,,,,,,,,,,,,,,
2012-06-10,,,,,,,,,,0.2500,,,,,,,,,,,,,,,
2012-06-11,,,,,,,1.6000,,,0.2500,,,,,,,,,,,,,,,
2012-06-12,,,,,,,1.6700,,,0.2500,,,,,,,,,,,,,,,
2012-06-13,,,,,,,1.6100,,,0.2500,,,,,,,,,,,,,,,
2012-06-14,,,,,,,1.6400,,,0.2500,,,,,,,,,,,,,,,
2012-06-15,,,,,,,1.6000,,,0.2500,,,,,,,,,,,,,,,
2012-06-16,,,,,,,,,,0.2500,,,,,,,,,,,,,,,
2012-06-17,,,,,,,,,,0.2500,,,,,,,,,,,,,,,
2012-06-18,,,,,,,1.5900,,,0.2500,,,,,,,,,,,,,,,
2012-06-19,,,,,,,1.6400,,,0.2500,,,,,,,,,,,,,,,
2012-06-20,,,,,,,1.6500,,,0.2500,,,,,,,,,,,,,,,
2012-06-21,,,,,,,1.6300,,,0.2500,,,,,,,,,,,,,,,
2012-06-22,,,,,,,1.6900,,,0.2500,,,,,,,,,,,,,,,
2012-06-23,,,,,,,,,,0.2500,,,,,,,,,,,,,,,
2012-06-24,,,,,,,,,,0.2500,,,,,,,,,,,,,,,
2012-06-25,,,,,,,1.6300,,,0.2500,,,,,,,,,,,,,,,
2012-06-26,,,,,,,1.6600,,,0.2500,,,,,,,,,,,,,,,
2012-06-27,,,,,,,1.6500,,,0.2500,,,,,,,,,,,,,,,
2012-06-28,,,,,,,1.6000,,,0.2500,,,,,,,,,,,,,,,
2012-06-29,,,,,,,1.6700,,,0.2500,,,,,,,,,,,,,,,
2012-06-30,,,,,,,,,,0.2500,,,,,,,,,,,,,,,
2012-07-01,228.5900,229.9700,94.2880,92.9460,8.2000,134157.0000,,97.8713,75.8700,0.2500,11.5000,2417396.6000,0.5000,7.9000,0.3000,535177.1000,163622.5000,0.1600,17469.6500,95.7000,95.2000,101.1073,76.3900,579051.0000,-0.3000
2012-07-02,,,,,,,1.6100,,,0.2500,,,,,,,,,,,,,,,
2012-07-03,,,,,,,1.6500,,,0.2500,,,,,,,,,,,,,,,
2012-07-04,,,,,,,,,,0.2500,,,,,,,,,,,,,,,
2012-07-05,,,,,,,1.6200,,,0.2500,,,,,,,,,,,,,,,
2012-07-06,,,,,,,1.5700,,,0.2500,,,,,,,,,,,,,,,
2012-07-07,,,,,,,,,,0.2500,,,,,,,,,,,,,,,
2012-07-08,,,,,,,,,,0.2500,,,,,,,,,,,,,,,
2012-07-09,,,,,,,1.5300,,,0.2500,,,,,,,,,,,,,,,
2012-07-10,,,,,,,1.5300,,,0.2500,,,,,,,,,,,,,,,
2012-07-11,,,,,,,1.5400,,,0.0000,,,,,,,,,,,,,,,
2012-07-12,,,,,,,1.5000,,,0.0000,,,,,,,,,,,,,,,
2012-07-13,,,,,,,1.5200,,,0.0000,,,,,,,,,,,,,,,
2012-07-14,,,,,,,,,,0.0000,,,,,,,,,,,,,,,
2012-07-15,,,,,,,,,,0.0000,,,,,,,,,,,,,,,
2012-07-16,,,,,,,1.5000,,,0.0000,,,,,,,,,,,,,,,
2012-07-17,,,,,,,1.5300,,,0.0000,,,,,,,,,,,,,,,
2012-07-18,,,,,,,1.5200,,,0.0000,,,,,,,,,,,,,,,
2012-07-19,,,,,,,1.5400,,,0.0000,,,,,,,,,,,,,,,
2012-07-20,,,,,,,1.4900,,,0.0000,,,,,,,,,,,,,,,
2012-07-21,,,,,,,,,,0.0000,,,,,,,,,,,,,,,
2012-07-22,,,,,,,,,,0.0000,,,,,,,,,,,,,,,
2012-07-23,,,,,,,1.4700,,,0.0000,,,,,,,,,,,,,,,
2012-07-24,,,,,,,1.4400,,,0.0000,,,,,,,,,,,,,,,
2012-07-25,,,,,,,1.4300,,,0.0000,,,,,,,,,,,,,,,
2012-07-26,,,,,,,1.4500,,,0.0000,,,,,,,,,,,,,,,
2012-07-27,,,,,,,1.5800,,,0.0000,,,,,,,,,,,,,,,
2012-07-28,,,,,,,,,,0.0000,,,,,,,,,,,,,,,
2012-07-29,,,,,,,,,,0.0000,,,,,,,,,,,,,,,
2012-07-30,,,,,,,1.5300,,,0.0000,,,,,,,,,,,,,,,
2012-07-31,,,,,,,1.5100,,,0.0000,,,,,,,,,,,,,,,
2012-08-01,229.9180,230.2330,94.6050,93.0050,8.1000,134339.0000,1.5600,97.4525,76.1600,0.0000,11.6000,,0.5000,7.8000,0.3000,,,0.1300,,96.1000,95.6000,101.0768,76.6900,,0.1000
2012-08-02,,,,,,,1.5100,,,0.0000,,,,,,,,,,,,,,,
2012-08-03,,,,,,,1.6000,,,0.0000,,,,,,,,,,,,,,,
2012-08-04,,,,,,,,,,0.0000,,,,,,,,,,,,,,,
2012-08-05,,,,,,,,,,0.0000,,,,,,,,,,,,,,,
2012-08-06,,,,,,,1.5900,,,0.0000,,,,,,,,,,,,,,,
2012-08-07,,,,,,,1.6600,,,0.0000,,,,,,,,,,,,,,,
2012-08-08,,,,,,,1.6800,,,0.0000,,,,,,,,,,,,,,,
2012-08-09,,,,,,,1.6900,,,0.0000,,,,,,,,,,,,,,,
2012-08-10,,,,,,,1.6500,,,0.0000,,,,,,,,,,,,,,,
2012-08-11,,,,,,,,,,0.0000,,,,,,,,,,,,,,,
2012-08-12,,,,,,,,,,0.0000,,,,,,,,,,,,,,,
2012-08-13,,,,,,,1.6500,,,0.0000,,,,,,,,,,,,,,,
2012-08-14,,,,,,,1.7300,,,0.0000,,,,,,,,,,,,,,,
2012-08-15,,,,,,,1.8000,,,0.0000,,,,,,,,,,,,,,,
2012-08-16,,,,,,,1.8300,,,0.0000,,,,,,,,,,,,,,,
2012-08-17,,,,,,,1.8100,,,0.0000,,,,,,,,,,,,,,,
2012-08-18,,,,,,,,,,0.0000,,,,,,,,,,,,,,,
2012-08-19,,,,,,,,,,0.0000,,,,,,,,,,,,,,,
2012-08-20,,,,,,,1.8200,,,0.0000,,,,,,,,,,,,,,,
2012-08-21,,,,,,,1.8000,,,0.0000,,,,,,,,,,,,,,,
2012-08-22,,,,,,,1.7100,,,0.0000,,,,,,,,,,,,,,,
2012-08-23,,,,,,,1.6800,,,0.0000,,,,,,,,,,,,,,,
2012-08-24,,,,,,,1.6800,,,0.0000,,,,,,,,,,,,,,,
2012-08-25,,,,,,,,,,0.0000,,,,,,,,,,,,,,,
2012-08-26,,,,,,,,,,0.0000,,,,,,,,,,,,,,,
2012-08-27,,,,,,,1.6500,,,0.0000,,,,,,,,,,,,,,,
2012-08-28,,,,,,,1.6400,,,0.0000,,,,,,,,,,,,,,,
2012-08-29,,,,,,,1.6600,,,0.0000,,,,,,,,,,,,,,,
2012-08-30,,,,,,,1.6300,,,0.0000,,,,,,,,,,,,,,,
2012-08-31,,,,,,,1.5700,,,0.0000,,,,,,,,,,,,,,,
2012-09-01,231.0150,230.6590,94.8930,93.1190,7.8000,134517.0000,,97.3810,76.7200,0.0000,11.7000,,0.5000,7.8000,0.3000,,,0.1400,,96.4000,95.8000,101.3918,77.2600,,0.1000
2012-09-02,,,,,,,,,,0.0000,,,,,,,,,,,,,,,
2012-09-03,,,,,,,,,,0.0000,,,,,,,,,,,,,,,
2012-09-04,,,,,,,1.5900,,,0.0000,,,,,,,,,,,,,,,
2012-09-05,,,,,,,1.6000,,,0.0000,,,,,,,,,,,,,,,
2012-09-06,,,,,,,1.6800,,,0.0000,,,,,,,,,,,,,,,
2012-09-07,,,,,,,1.6700,,,0.0000,,,,,,,,,,,,,,,
2012-09-08,,,,,,,,,,0.0000,,,,,,,,,,,,,,,
2012-09-09,,,,,,,,,,0.0000,,,,,,,,,,,,,,,
2012-09-10,,,,,,,1.6800,,,0.0000,,,,,,,,,,,,,,,
2012-09-11,,,,,,,1.7000,,,0.0000,,,,,,,,,,,,,,,
2012-09-12,,,,,,,1.7700,,,0.0000,,,,,,,,,,,,,,,
2012-09-13,,,,,,,1.7500,,,0.0000,,,,,,,,,,,,,,,
2012-09-14,,,,,,,1.8800,,,0.0000,,,,,,,,,,,,,,,
2012-09-15,,,,,,,,,,0.0000,,,,,,,,,,,,,,,
2012-09-16,,,,,,,,,,0.0000,,,,,,,,,,,,,,,
2012-09-17,,,,,,,1.8500,,,0.0000,,,,,,,,,,,,,,,
2012-09-18,,,,,,,1.8200,,,0.0000,,,,,,,,,,,,,,,
2012-09-19,,,,,,,1.7900,,,0.0000,,,,,,,,,,,,,,,
2012-09-20,,,,,,,1.8000,,,0.0000,,,,,,,,,,,,,,,
2012-09-21,,,,,,,1.7700,,,0.0000,,,,,,,,,,,,,,,
2012-09-22,,,,,,,,,,0.0000,,,,,,,,,,,,,,,
2012-09-23,,,,,,,,,,0.0000,,,,,,,,,,,,,,,
2012-09-24,,,,,,,1.7400,,,0.0000,,,,,,,,,,,,,,,
2012-09-25,,,,,,,1.7000,,,0.0000,,,,,,,,,,,,,,,
2012-09-26,,,,,,,1.6400,,,0.0000,,,,,,,,,,,,,,,
2012-09-27,,,,,,,1.6600,,,0.0000,,,,,,,,,,,,,,,
2012-09-28,,,,,,,1.6500,,,0.0000,,,,,,,,,,,,,,,
2012-09-29,,,,,,,,,,0.0000,,,,,,,,,,,,,,,
2012-09-30,,,,,,,,,,0.0000,,,,,,,,,,,,,,,
2012-10-01,231.6380,231.0240,95.1740,93.3450,7.8000,134669.0000,1.6400,97.7193,76.9000,0.0000,11.9000,2407003.5000,0.5000,7.8000,0.3000,534896.5000,163889.5000,0.1600,17489.8520,96.8000,96.3000,101.5170,77.4200,578215.0000,0.0000
2012-10-02,,,,,,,1.6400,,,0.0000,,,,,,,,,,,,,,,
2012-10-03,,,,,,,1.6400,,,0.0000,,,,,,,,,,,,,,,
2012-10-04,,,,,,,1.7000,,,0.0000,,,,,,,,,,,,,,,
2012-10-05,,,,,,,1.7500,,,0.0000,,,,,,,,,,,,,,,
2012-10-06,,,,,,,,,,0.0000,,,,,,,,,,,,,,,
2012-10-07,,,,,,,,,,0.0000,,,,,,,,,,,,,,,
2012-10-08,,,,,,,,,,0.0000,,,,,,,,,,,,,,,
2012-10-09,,,,,,,1.7400,,,0.0000,,,,,,,,,,,,,,,
2012-10-10,,,,,,,1.7200,,,0.0000,,,,,,,,,,,,,,,
2012-10-11,,,,,,,1.7000,,,0.0000,,,,,,,,,,,,,,,
2012-10-12,,,,,,,1.6900,,,0.0000,,,,,,,,,,,,,,,
2012-10-13,,,,,,,,,,0.0000,,,,,,,,,,,,,,,
2012-10-14,,,,,,,,,,0.0000,,,,,,,,,,,,,,,
2012-10-15,,,,,,,1.7000,,,0.0000,,,,,,,,,,,,,,,
2012-10-16,,,,,,,1.7500,,,0.0000,,,,,,,,,,,,,,,
2012-10-17,,,,,,,1.8300,,,0.0000,,,,,,,,,,,,,,,
2012-10-18,,,,,,,1.8600,,,0.0000,,,,,,,,,,,,,,,
2012-10-19,,,,,,,1.7900,,,0.0000,,,,,,,,,,,,,,,
2012-10-20,,,,,,,,,,0.0000,,,,,,,,,,,,,,,
2012-10-21,,,,,,,,,,0.0000,,,,,,,,,,,,,,,
2012-10-22,,,,,,,1.8300,,,0.0000,,,,,,,,,,,,,,,
2012-10-23,,,,,,,1.7900,,,0.0000,,,,,,,,,,,,,,,
2012-10-24,,,,,,,1.8000,,,0.0000,,,,,,,,,,,,,,,
2012-10-25,,,,,,,1.8600,,,0.0000,,,,,,,,,,,,,,,
2012-10-26,,,,,,,1.7800,,,0.0000,,,,,,,,,,,,,,,
2012-10-27,,,,,,,,,,0.0000,,,,,,,,,,,,,,,
2012-10-28,,,,,,,,,,0.0000,,,,,,,,,,,,,,,
2012-10-29,,,,,,,1.7400,,,0.0000,,,,,,,,,,,,,,,
2012-10-30,,,,,,,,,,0.0000,,,,,,,,,,,,,,,
2012-10-31,,,,,,,1.7200,,,0.0000,,,,,,,,,,,,,,,
2012-11-01,231.2490,231.3300,95.1090,93.4450,7.7000,134825.0000,1.7500,98.0777,76.7400,0.0000,12.0000,,0.5000,7.8000,0.3000,,,0.1600,,97.0000,96.4000,101.1842,77.2600,,-0.4000
2012-11-02,,,,,,,1.7500,,,0.0000,,,,,,,,,,,,,,,
2012-11-03,,,,,,,,,,0.0000,,,,,,,,,,,,,,,
2012-11-04,,,,,,,,,,0.0000,,,,,,,,,,,,,,,
2012-11-05,,,,,,,1.7200,,,0.0000,,,,,,,,,,,,,,,
2012-11-06,,,,,,,1.7800,,,0.0000,,,,,,,,,,,,,,,
2012-11-07,,,,,,,1.6800,,,0.0000,,,,,,,,,,,,,,,
2012-11-08,,,,,,,1.6200,,,0.0000,,,,,,,,,,,,,,,
2012-11-09,,,,,,,1.6100,,,0.0000,,,,,,,,,,,,,,,
2012-11-10,,,,,,,,,,0.0000,,,,,,,,,,,,,,,
2012-11-11,,,,,,,,,,0.0000,,,,,,,,,,,,,,,
2012-11-12,,,,,,,,,,0.0000,,,,,,,,,,,,,,,
2012-11-13,,,,,,,1.5900,,,0.0000,,,,,,,,,,,,,,,
2012-11-14,,,,,,,1.5900,,,0.0000,,,,,,,,,,,,,,,
2012-11-15,,,,,,,1.5800,,,0.0000,,,,,,,,,,,,,,,
2012-11-16,,,,,,,1.5800,,,0.0000,,,,,,,,,,,,,,,
2012-11-17,,,,,,,,,,0.0000,,,,,,,,,,,,,,,
2012-11-18,,,,,,,,,,0.0000,,,,,,,,,,,,,,,
2012-11-19,,,,,,,1.6100,,,0.0000,,,,,,,,,,,,,,,
2012-11-20,,,,,,,1.6600,,,0.0000,,,,,,,,,,,,,,,
2012-11-21,,,,,,,1.6900,,,0.0000,,,,,,,,,,,,,,,
2012-11-22,,,,,,,,,,0.0000,,,,,,,,,,,,,,,
2012-11-23,,,,,,,1.7000,,,0.0000,,,,,,,,,,,,,,,
2012-11-24,,,,,,,,,,0.0000,,,,,,,,,,,,,,,
2012-11-25,,,,,,,,,,0.0000,,,,,,,,,,,,,,,
2012-11-26,,,,,,,1.6600,,,0.0000,,,,,,,,,,,,,,,
2012-11-27,,,,,,,1.6400,,,0.0000,,,,,,,,,,,,,,,
2012-11-28,,,,,,,1.6300,,,0.0000,,,,,,,,,,,,,,,
2012-11-29,,,,,,,1.6200,,,0.0000,,,,,,,,,,,,,,,
2012-11-30,,,,,,,1.6200,,,0.0000,,,,,,,,,,,,,,,
2012-12-01,231.2210,231.7250,95.0940,93.5140,7.9000,135074.0000,,98.3101,77.0200,0.0000,12.0000,,0.5000,7.8000,0.3000,,,0.1600,,97.3000,96.6000,100.9679,77.5400,,0.0000
2012-12-02,,,,,,,,,,0.0000,,,,,,,,,,,,,,,
2012-12-03,,,,,,,1.6300,,,0.0000,,,,,,,,,,,,,,,
2012-12-04,,,,,,,1.6200,,,0.0000,,,,,,,,,,,,,,,
2012-12-05,,,,,,,1.6000,,,0.0000,,,,,,,,,,,,,,,
2012-12-06,,,,,,,1.5900,,,0.0000,,,,,,,,,,,,,,,
2012-12-07,,,,,,,1.6400,,,0.0000,,,,,,,,,,,,,,,
2012-12-08,,,,,,,,,,0.0000,,,,,,,,,,,,,,,
2012-12-09,,,,,,,,,,0.0000,,,,,,,,,,,,,,,
2012-12-10,,,,,,,1.6300,,,0.0000,,,,,,,,,,,,,,,
2012-12-11,,,,,,,1.6600,,,0.0000,,,,,,,,,,,,,,,
2012-12-12,,,,,,,1.7200,,,0.0000,,,,,,,,,,,,,,,
2012-12-13,,,,,,,1.7400,,,0.0000,,,,,,,,,,,,,,,
2012-12-14,,,,,,,1.7200,,,0.0000,,,,,,,,,,,,,,,
2012-12-15,,,,,,,,,,0.0000,,,,,,,,,,,,,,,
2012-12-16,,,,,,,,,,0.0000,,,,,,,,,,,,,,,
2012-12-17,,,,,,,1.7800,,,0.0000,,,,,,,,,,,,,,,
2012-12-18,,,,,,,1.8400,,,0.0000,,,,,,,,,,,,,,,
2012-12-19,,,,,,,1.8200,,,0.0000,,,,,,,,,,,,,,,
2012-12-20,,,,,,,1.8100,,,0.0000,,,,,,,,,,,,,,,
2012-12-21,,,,,,,1.7700,,,0.0000,,,,,,,,,,,,,,,
2012-12-22,,,,,,,,,,0.0000,,,,,,,,,,,,,,,
2012-12-23,,,,,,,,,,0.0000,,,,,,,,,,,,,,,
2012-12-24,,,,,,,1.7900,,,0.0000,,,,,,,,,,,,,,,
2012-12-25,,,,,,,,,,0.0000,,,,,,,,,,,,,,,
2012-12-26,,,,,,,1.7700,,,0.0000,,,,,,,,,,,,,,,
2012-12-27,,,,,,,1.7400,,,0.0000,,,,,,,,,,,,,,,
2012-12-28,,,,,,,1.7300,,,0.0000,,,,,,,,,,,,,,,
2012-12-29,,,,,,,,,,0.0000,,,,,,,,,,,,,,,
2012-12-30,,,,,,,,,,0.0000,,,,,,,,,,,,,,,
2012-12-31,,,,,,,1.7800,,,0.0000,,,,,,,,,,,,,,,
2013-01-01,231.6790,232.2290,95.2750,93.7030,8.0000,135257.0000,,98.3342,76.2200,0.0000,12.2000,2398983.8000,0.5000,8.0000,0.3000,541700.6000,164277.7000,0.1400,17662.4000,97.0000,95.9000,100.7043,76.7100,579749.0000,0.1000
2013-01-02,,,,,,,1.8600,,,0.0000,,,,,,,,,,,,,,,
2013-01-03,,,,,,,1.9200,,,0.0000,,,,,,,,,,,,,,,
2013-01-04,,,,,,,1.9300,,,0.0000,,,,,,,,,,,,,,,
2013-01-05,,,,,,,,,,0.0000,,,,,,,,,,,,,,,
2013-01-06,,,,,,,,,,0.0000,,,,,,,,,,,,,,,
2013-01-07,,,,,,,1.9200,,,0.0000,,,,,,,,,,,,,,,
2013-01-08,,,,,,,1.8900,,,0.0000,,,,,,,,,,,,,,,
2013-01-09,,,,,,,1.8800,,,0.0000,,,,,,,,,,,,,,,
2013-01-10,,,,,,,1.9100,,,0.0000,,,,,,,,,,,,,,,
2013-01-11,,,,,,,1.8900,,,0.0000,,,,,,,,,,,,,,,
2013-01-12,,,,,,,,,,0.0000,,,,,,,,,,,,,,,
2013-01-13,,,,,,,,,,0.0000,,,,,,,,,,,,,,,
2013-01-14,,,,,,,1.8900,,,0.0000,,,,,,,,,,,,,,,
2013-01-15,,,,,,,1.8600,,,0.0000,,,,,,,,,,,,,,,
2013-01-16,,,,,,,1.8400,,,0.0000,,,,,,,,,,,,,,,
2013-01-17,,,,,,,1.8900,,,0.0000,,,,,,,,,,,,,,,
2013-01-18,,,,,,,1.8700,,,0.0000,,,,,,,,,,,,,,,
2013-01-19,,,,,,,,,,0.0000,,,,,,,,,,,,,,,
2013-01-20,,,,,,,,,,0.0000,,,,,,,,,,,,,,,
2013-01-21,,,,,,,,,,0.0000,,,,,,,,,,,,,,,
2013-01-22,,,,,,,1.8600,,,0.0000,,,,,,,,,,,,,,,
2013-01-23,,,,,,,1.8600,,,0.0000,,,,,,,,,,,,,,,
2013-01-24,,,,,,,1.8800,,,0.0000,,,,,,,,,,,,,,,
2013-01-25,,,,,,,1.9800,,,0.0000,,,,,,,,,,,,,,,
2013-01-26,,,,,,,,,,0.0000,,,,,,,,,,,,,,,
2013-01-27,,,,,,,,,,0.0000,,,,,,,,,,,,,,,
2013-01-28,,,,,,,2.0000,,,0.0000,,,,,,,,,,,,,,,
2013-01-29,,,,,,,2.0300,,,0.0000,,,,,,,,,,,,,,,
2013-01-30,,,,,,,2.0300,,,0.0000,,,,,,,,,,,,,,,
2013-01-31,,,,,,,2.0200,,,0.0000,,,,,,,,,,,,,,,
2013-02-01,232.9370,232.5690,95.6140,93.8050,7.7000,135546.0000,2.0400,98.7941,76.5000,0.0000,12.2000,,0.5000,7.8000,0.3000,,,0.1500,,97.5000,96.4000,101.0018,76.9900,,-0.2000
2013-02-02,,,,,,,,,,0.0000,,,,,,,,,,,,,,,
2013-02-03,,,,,,,,,,0.0000,,,,,,,,,,,,,,,
2013-02-04,,,,,,,2.0000,,,0.0000,,,,,,,,,,,,,,,
2013-02-05,,,,,,,2.0400,,,0.0000,,,,,,,,,,,,,,,
2013-02-06,,,,,,,2.0000,,,0.0000,,,,,,,,,,,,,,,
2013-02-07,,,,,,,1.9900,,,0.0000,,,,,,,,,,,,,,,
2013-02-08,,,,,,,1.9900,,,0.0000,,,,,,,,,,,,,,,
2013-02-09,,,,,,,,,,0.0000,,,,,,,,,,,,,,,
2013-02-10,,,,,,,,,,0.0000,,,,,,,,,,,,,,,
2013-02-11,,,,,,,1.9900,,,0.0000,,,,,,,,,,,,,,,
2013-02-12,,,,,,,2.0200,,,0.0000,,,,,,,,,,,,,,,
2013-02-13,,,,,,,2.0500,,,0.0000,,,,,,,,,,,,,,,
2013-02-14,,,,,,,2.0000,,,0.0000,,,,,,,,,,,,,,,
2013-02-15,,,,,,,2.0100,,,0.0000,,,,,,,,,,,,,,,
2013-02-16,,,,,,,,,,0.0000,,,,,,,,,,,,,,,
2013-02-17,,,,,,,,,,0.0000,,,,,,,,,,,,,,,
2013-02-18,,,,,,,,,,0.0000,,,,,,,,,,,,,,,
2013-02-19,,,,,,,2.0300,,,0.0000,,,,,,,,,,,,,,,
2013-02-20,,,,,,,2.0200,,,0.0000,,,,,,,,,,,,,,,
2013-02-21,,,,,,,1.9900,,,0.0000,,,,,,,,,,,,,,,
2013-02-22,,,,,,,1.9700,,,0.0000,,,,,,,,,,,,,,,
2013-02-23,,,,,,,,,,0.0000,,,,,,,,,,,,,,,
2013-02-24,,,,,,,,,,0.0000,,,,,,,,,,,,,,,
2013-02-25,,,,,,,1.8800,,,0.0000,,,,,,,,,,,,,,,
2013-02-26,,,,,,,1.8800,,,0.0000,,,,,,,,,,,,,,,
2013-02-27,,,,,,,1.9100,,,0.0000,,,,,,,,,,,,,,,
2013-02-28,,,,,,,1.8900,,,0.0000,,,,,,,,,,,,,,,
2013-03-01,232.2820,232.7940,95.4880,93.8910,7.5000,135689.0000,1.8600,99.1921,77.4000,0.0000,12.2000,,0.5000,7.8000,0.3000,,,0.1400,,97.8000,96.8000,101.2213,77.9100,,0.2000
2013-03-02,,,,,,,,,,0.0000,,,,,,,,,,,,,,,
2013-03-03,,,,,,,,,,0.0000,,,,,,,,,,,,,,,
2013-03-04,,,,,,,1.8800,,,0.0000,,,,,,,,,,,,,,,
2013-03-05,,,,,,,1.9000,,,0.0000,,,,,,,,,,,,,,,
2013-03-06,,,,,,,1.9500,,,0.0000,,,,,,,,,,,,,,,
2013-03-07,,,,,,,2.0000,,,0.0000,,,,,,,,,,,,,,,
2013-03-08,,,,,,,2.0600,,,0.0000,,,,,,,,,,,,,,,
2013-03-09,,,,,,,,,,0.0000,,,,,,,,,,,,,,,
2013-03-10,,,,,,,,,,0.0000,,,,,,,,,,,,,,,
2013-03-11,,,,,,,2.0700,,,0.0000,,,,,,,,,,,,,,,
2013-03-12,,,,,,,2.0300,,,0.0000,,,,,,,,,,,,,,,
2013-03-13,,,,,,,2.0400,,,0.0000,,,,,,,,,,,,,,,
2013-03-14,,,,,,,2.0400,,,0.0000,,,,,,,,,,,,,,,
2013-03-15,,,,,,,2.0100,,,0.0000,,,,,,,,,,,,,,,
2013-03-16,,,,,,,,,,0.0000,,,,,,,,,,,,,,,
2013-03-17,,,,,,,,,,0.0000,,,,,,,,,,,,,,,
2013-03-18,,,,,,,1.9600,,,0.0000,,,,,,,,,,,,,,,
2013-03-19,,,,,,,1.9200,,,0.0000,,,,,,,,,,,,,,,
2013-03-20,,,,,,,1.9600,,,0.0000,,,,,,,,,,,,,,,
2013-03-21,,,,,,,1.9500,,,0.0000,,,,,,,,,,,,,,,
2013-03-22,,,,,,,1.9300,,,0.0000,,,,,,,,,,,,,,,
2013-03-23,,,,,,,,,,0.0000,,,,,,,,,,,,,,,
2013-03-24,,,,,,,,,,0.0000,,,,,,,,,,,,,,,
2013-03-25,,,,,,,1.9300,,,0.0000,,,,,,,,,,,,,,,
2013-03-26,,,,,,,1.9200,,,0.0000,,,,,,,,,,,,,,,
2013-03-27,,,,,,,1.8700,,,0.0000,,,,,,,,,,,,,,,
2013-03-28,,,,,,,1.8700,,,0.0000,,,,,,,,,,,,,,,
2013-03-29,,,,,,,,,,0.0000,,,,,,,,,,,,,,,
2013-03-30,,,,,,,,,,0.0000,,,,,,,,,,,,,,,
2013-03-31,,,,,,,,,,0.0000,,,,,,,,,,,,,,,
2013-04-01,231.7970,232.8320,95.3910,93.9370,7.6000,135873.0000,1.8600,99.1065,77.3300,0.0000,12.2000,2414712.8000,0.5000,7.7000,0.3000,547275.9000,165902.6000,0.1500,17709.6710,98.0000,96.9000,101.2553,77.8400,583605.0000,0.3000
2013-04-02,,,,,,,1.8800,,,0.0000,,,,,,,,,,,,,,,
2013-04-03,,,,,,,1.8300,,,0.0000,,,,,,,,,,,,,,,
2013-04-04,,,,,,,1.7800,,,0.0000,,,,,,,,,,,,,,,
2013-04-05,,,,,,,1.7200,,,0.0000,,,,,,,,,,,,,,,
2013-04-06,,,,,,,,,,0.0000,,,,,,,,,,,,,,,
2013-04-07,,,,,,,,,,0.0000,,,,,,,,,,,,,,,
2013-04-08,,,,,,,1.7600,,,0.0000,,,,,,,,,,,,,,,
2013-04-09,,,,,,,1.7800,,,0.0000,,,,,,,,,,,,,,,
2013-04-10,,,,,,,1.8400,,,0.0000,,,,,,,,,,,,,,,
2013-04-11,,,,,,,1.8200,,,0.0000,,,,,,,,,,,,,,,
2013-04-12,,,,,,,1.7500,,,0.0000,,,,,,,,,,,,,,,
2013-04-13,,,,,,,,,,0.0000,,,,,,,,,,,,,,,
2013-04-14,,,,,,,,,,0.0000,,,,,,,,,,,,,,,
2013-04-15,,,,,,,1.7200,,,0.0000,,,,,,,,,,,,,,,
2013-04-16,,,,,,,1.7500,,,0.0000,,,,,,,,,,,,,,,
2013-04-17,,,,,,,1.7300,,,0.0000,,,,,,,,,,,,,,,
2013-04-18,,,,,,,1.7200,,,0.0000,,,,,,,,,,,,,,,
2013-04-19,,,,,,,1.7300,,,0.0000,,,,,,,,,,,,,,,
2013-04-20,,,,,,,,,,0.0000,,,,,,,,,,,,,,,
2013-04-21,,,,,,,,,,0.0000,,,,,,,,,,,,,,,
2013-04-22,,,,,,,1.7200,,,0.0000,,,,,,,,,,,,,,,
2013-04-23,,,,,,,1.7400,,,0.0000,,,,,,,,,,,,,,,
2013-04-24,,,,,,,1.7300,,,0.0000,,,,,,,,,,,,,,,
2013-04-25,,,,,,,1.7400,,,0.0000,,,,,,,,,,,,,,,
2013-04-26,,,,,,,1.7000,,,0.0000,,,,,,,,,,,,,,,
2013-04-27,,,,,,,,,,0.0000,,,,,,,,,,,,,,,
2013-04-28,,,,,,,,,,0.0000,,,,,,,,,,,,,,,
2013-04-29,,,,,,,1.7000,,,0.0000,,,,,,,,,,,,,,,
2013-04-30,,,,,,,1.7000,,,0.0000,,,,,,,,,,,,,,,
2013-05-01,231.8930,232.9960,95.4610,94.0470,7.5000,136096.0000,1.6600,99.1839,77.4100,0.0000,12.2000,,0.5000,7.7000,0.3000,,,0.1100,,98.2000,97.2000,101.3667,77.9200,,0.1000
2013-05-02,,,,,,,1.6600,,,0.0000,,,,,,,,,,,,,,,
2013-05-03,,,,,,,1.7800,,,0.0000,,,,,,,,,,,,,,,
2013-05-04,,,,,,,,,,0.0000,,,,,,,,,,,,,,,
2013-05-05,,,,,,,,,,0.0000,,,,,,,,,,,,,,,
2013-05-06,,,,,,,1.8000,,,0.0000,,,,,,,,,,,,,,,
2013-05-07,,,,,,,1.8200,,,0.0000,,,,,,,,,,,,,,,
2013-05-08,,,,,,,1.8100,,,0.0000,,,,,,,,,,,,,,,
2013-05-09,,,,,,,1.8100,,,0.0000,,,,,,,,,,,,,,,
2013-05-10,,,,,,,1.9000,,,0.0000,,,,,,,,,,,,,,,
2013-05-11,,,,,,,,,,0.0000,,,,,,,,,,,,,,,
2013-05-12,,,,,,,,,,0.0000,,,,,,,,,,,,,,,
2013-05-13,,,,,,,1.9200,,,0.0000,,,,,,,,,,,,,,,
2013-05-14,,,,,,,1.9600,,,0.0000,,,,,,,,,,,,,,,
2013-05-15,,,,,,,1.9400,,,0.0000,,,,,,,,,,,,,,,
2013-05-16,,,,,,,1.8700,,,0.0000,,,,,,,,,,,,,,,
2013-05-17,,,,,,,1.9500,,,0.0000,,,,,,,,,,,,,,,
2013-05-18,,,,,,,,,,0.0000,,,,,,,,,,,,,,,
2013-05-19,,,,,,,,,,0.0000,,,,,,,,,,,,,,,
2013-05-20,,,,,,,1.9700,,,0.0000,,,,,,,,,,,,,,,
2013-05-21,,,,,,,1.9400,,,0.0000,,,,,,,,,,,,,,,
2013-05-22,,,,,,,2.0300,,,0.0000,,,,,,,,,,,,,,,
2013-05-23,,,,,,,2.0200,,,0.0000,,,,,,,,,,,,,,,
2013-05-24,,,,,,,2.0100,,,0.0000,,,,,,,,,,,,,,,
2013-05-25,,,,,,,,,,0.0000,,,,,,,,,,,,,,,
2013-05-26,,,,,,,,,,0.0000,,,,,,,,,,,,,,,
2013-05-27,,,,,,,,,,0.0000,,,,,,,,,,,,,,,
2013-05-28,,,,,,,2.1500,,,0.0000,,,,,,,,,,,,,,,
2013-05-29,,,,,,,2.1300,,,0.0000,,,,,,,,,,,,,,,
2013-05-30,,,,,,,2.1300,,,0.0000,,,,,,,,,,,,,,,
2013-05-31,,,,,,,2.1600,,,0.0000,,,,,,,,,,,,,,,
2013-06-01,232.4450,233.3500,95.6730,94.2090,7.5000,136279.0000,,99.3897,77.5000,0.0000,12.2000,,0.5000,7.7000,0.3000,,,0.0900,,98.0000,97.1000,101.4664,78.0000,,0.0000
2013-06-02,,,,,,,,,,0.0000,,,,,,,,,,,,,,,
2013-06-03,,,,,,,2.1300,,,0.0000,,,,,,,,,,,,,,,
2013-06-04,,,,,,,2.1400,,,0.0000,,,,,,,,,,,,,,,
2013-06-05,,,,,,,2.1000,,,0.0000,,,,,,,,,,,,,,,
2013-06-06,,,,,,,2.0800,,,0.0000,,,,,,,,,,,,,,,
2013-06-07,,,,,,,2.1700,,,0.0000,,,,,,,,,,,,,,,
2013-06-08,,,,,,,,,,0.0000,,,,,,,,,,,,,,,
2013-06-09,,,,,,,,,,0.0000,,,,,,,,,,,,,,,
2013-06-10,,,,,,,2.2200,,,0.0000,,,,,,,,,,,,,,,
2013-06-11,,,,,,,2.2000,,,0.0000,,,,,,,,,,,,,,,
2013-06-12,,,,,,,2.2500,,,0.0000,,,,,,,,,,,,,,,
2013-06-13,,,,,,,2.1900,,,0.0000,,,,,,,,,,,,,,,
2013-06-14,,,,,,,2.1400,,,0.0000,,,,,,,,,,,,,,,
2013-06-15,,,,,,,,,,0.0000,,,,,,,,,,,,,,,
2013-06-16,,,,,,,,,,0.0000,,,,,,,,,,,,,,,
2013-06-17,,,,,,,2.1900,,,0.0000,,,,,,,,,,,,,,,
2013-06-18,,,,,,,2.2000,,,0.0000,,,,,,,,,,,,,,,
2013-06-19,,,,,,,2.3300,,,0.0000,,,,,,,,,,,,,,,
2013-06-20,,,,,,,2.4100,,,0.0000,,,,,,,,,,,,,,,
2013-06-21,,,,,,,2.5200,,,0.0000,,,,,,,,,,,,,,,
2013-06-22,,,,,,,,,,0.0000,,,,,,,,,,,,,,,
2013-06-23,,,,,,,,,,0.0000,,,,,,,,,,,,,,,
2013-06-24,,,,,,,2.5700,,,0.0000,,,,,,,,,,,,,,,
2013-06-25,,,,,,,2.6000,,,0.0000,,,,,,,,,,,,,,,
2013-06-26,,,,,,,2.5500,,,0.0000,,,,,,,,,,,,,,,
2013-06-27,,,,,,,2.4900,,,0.0000,,,,,,,,,,,,,,,
2013-06-28,,,,,,,2.5200,,,0.0000,,,,,,,,,,,,,,,
2013-06-29,,,,,,,,,,0.0000,,,,,,,,,,,,,,,
2013-06-30,,,,,,,,,,0.0000,,,,,,,,,,,,,,,
2013-07-01,232.9000,233.8800,95.7920,94.3290,7.3000,136391.0000,2.5000,99.0814,77.0800,0.0000,12.1000,2421940.3000,0.5000,7.7000,0.3000,552465.3000,166993.7000,0.0900,17860.4500,98.0000,97.0000,101.1045,77.5500,588076.0000,0.2000
2013-07-02,,,,,,,2.4800,,,0.0000,,,,,,,,,,,,,,,
2013-07-03,,,,,,,2.5200,,,0.0000,,,,,,,,,,,,,,,
2013-07-04,,,,,,,,,,0.0000,,,,,,,,,,,,,,,
2013-07-05,,,,,,,2.7300,,,0.0000,,,,,,,,,,,,,,,
2013-07-06,,,,,,,,,,0.0000,,,,,,,,,,,,,,,
2013-07-07,,,,,,,,,,0.0000,,,,,,,,,,,,,,,
2013-07-08,,,,,,,2.6500,,,0.0000,,,,,,,,,,,,,,,
2013-07-09,,,,,,,2.6500,,,0.0000,,,,,,,,,,,,,,,
2013-07-10,,,,,,,2.7000,,,0.0000,,,,,,,,,,,,,,,
2013-07-11,,,,,,,2.6000,,,0.0000,,,,,,,,,,,,,,,
2013-07-12,,,,,,,2.6100,,,0.0000,,,,,,,,,,,,,,,
2013-07-13,,,,,,,,,,0.0000,,,,,,,,,,,,,,,
2013-07-14,,,,,,,,,,0.0000,,,,,,,,,,,,,,,
2013-07-15,,,,,,,2.5700,,,0.0000,,,,,,,,,,,,,,,
2013-07-16,,,,,,,2.5500,,,0.0000,,,,,,,,,,,,,,,
2013-07-17,,,,,,,2.5200,,,0.0000,,,,,,,,,,,,,,,
2013-07-18,,,,,,,2.5600,,,0.0000,,,,,,,,,,,,,,,
2013-07-19,,,,,,,2.5000,,,0.0000,,,,,,,,,,,,,,,
2013-07-20,,,,,,,,,,0.0000,,,,,,,,,,,,,,,
2013-07-21,,,,,,,,,,0.0000,,,,,,,,,,,,,,,
2013-07-22,,,,,,,2.5000,,,0.0000,,,,,,,,,,,,,,,
2013-07-23,,,,,,,2.5300,,,0.0000,,,,,,,,,,,,,,,
2013-07-24,,,,,,,2.6100,,,0.0000,,,,,,,,,,,,,,,
2013-07-25,,,,,,,2.6100,,,0.0000,,,,,,,,,,,,,,,
2013-07-26,,,,,,,2.5800,,,0.0000,,,,,,,,,,,,,,,
2013-07-27,,,,,,,,,,0.0000,,,,,,,,,,,,,,,
2013-07-28,,,,,,,,,,0.0000,,,,,,,,,,,,,,,
2013-07-29,,,,,,,2.6100,,,0.0000,,,,,,,,,,,,,,,
2013-07-30,,,,,,,2.6300,,,0.0000,,,,,,,,,,,,,,,
2013-07-31,,,,,,,2.6000,,,0.0000,,,,,,,,,,,,,,,
2013-08-01,233.4560,234.3360,95.9340,94.4310,7.2000,136646.0000,2.7400,99.6543,77.1800,0.0000,12.1000,,0.5000,7.6000,0.3000,,,0.0800,,98.4000,97.3000,101.0317,77.6400,,0.3000
2013-08-02,,,,,,,2.6300,,,0.0000,,,,,,,,,,,,,,,
2013-08-03,,,,,,,,,,0.0000,,,,,,,,,,,,,,,
2013-08-04,,,,,,,,,,0.0000,,,,,,,,,,,,,,,
2013-08-05,,,,,,,2.6700,,,0.0000,,,,,,,,,,,,,,,
2013-08-06,,,,,,,2.6700,,,0.0000,,,,,,,,,,,,,,,
2013-08-07,,,,,,,2.6100,,,0.0000,,,,,,,,,,,,,,,
2013-08-08,,,,,,,2.5800,,,0.0000,,,,,,,,,,,,,,,
2013-08-09,,,,,,,2.5700,,,0.0000,,,,,,,,,,,,,,,
2013-08-10,,,,,,,,,,0.0000,,,,,,,,,,,,,,,
2013-08-11,,,,,,,,,,0.0000,,,,,,,,,,,,,,,
2013-08-12,,,,,,,2.6100,,,0.0000,,,,,,,,,,,,,,,
2013-08-13,,,,,,,2.7100,,,0.0000,,,,,,,,,,,,,,,
2013-08-14,,,,,,,2.7100,,,0.0000,,,,,,,,,,,,,,,
2013-08-15,,,,,,,2.7700,,,0.0000,,,,,,,,,,,,,,,
2013-08-16,,,,,,,2.8400,,,0.0000,,,,,,,,,,,,,,,
2013-08-17,,,,,,,,,,0.0000,,,,,,,,,,,,,,,
2013-08-18,,,,,,,,,,0.0000,,,,,,,,,,,,,,,
2013-08-19,,,,,,,2.8800,,,0.0000,,,,,,,,,,,,,,,
2013-08-20,,,,,,,2.8200,,,0.0000,,,,,,,,,,,,,,,
2013-08-21,,,,,,,2.8700,,,0.0000,,,,,,,,,,,,,,,
2013-08-22,,,,,,,2.9000,,,0.0000,,,,,,,,,,,,,,,
2013-08-23,,,,,,,2.8200,,,0.0000,,,,,,,,,,,,,,,
2013-08-24,,,,,,,,,,0.0000,,,,,,,,,,,,,,,
2013-08-25,,,,,,,,,,0.0000,,,,,,,,,,,,,,,
2013-08-26,,,,,,,2.7900,,,0.0000,,,,,,,,,,,,,,,
2013-08-27,,,,,,,2.7200,,,0.0000,,,,,,,,,,,,,,,
2013-08-28,,,,,,,2.7800,,,0.0000,,,,,,,,,,,,,,,
2013-08-29,,,,,,,2.7500,,,0.0000,,,,,,,,,,,,,,,
2013-08-30,,,,,,,2.7800,,,0.0000,,,,,,,,,,,,,,,
2013-08-31,,,,,,,,,,0.0000,,,,,,,,,,,,,,,
2013-09-01,233.5440,234.7000,95.9760,94.5430,7.2000,136821.0000,,100.1610,77.5500,0.0000,12.1000,,0.5000,7.4000,0.3000,,,0.0800,,98.7000,97.7000,101.3356,78.0200,,0.3000
2013-09-02,,,,,,,,,,0.0000,,,,,,,,,,,,,,,
2013-09-03,,,,,,,2.8600,,,0.0000,,,,,,,,,,,,,,,
2013-09-04,,,,,,,2.9000,,,0.0000,,,,,,,,,,,,,,,
2013-09-05,,,,,,,2.9800,,,0.0000,,,,,,,,,,,,,,,
2013-09-06,,,,,,,2.9400,,,0.0000,,,,,,,,,,,,,,,
2013-09-07,,,,,,,,,,0.0000,,,,,,,,,,,,,,,
2013-09-08,,,,,,,,,,0.0000,,,,,,,,,,,,,,,
2013-09-09,,,,,,,2.9000,,,0.0000,,,,,,,,,,,,,,,
2013-09-10,,,,,,,2.9600,,,0.0000,,,,,,,,,,,,,,,
2013-09-11,,,,,,,2.9300,,,0.0000,,,,,,,,,,,,,,,
2013-09-12,,,,,,,2.9200,,,0.0000,,,,,,,,,,,,,,,
2013-09-13,,,,,,,2.9000,,,0.0000,,,,,,,,,,,,,,,
2013-09-14,,,,,,,,,,0.0000,,,,,,,,,,,,,,,
2013-09-15,,,,,,,,,,0.0000,,,,,,,,,,,,,,,
2013-09-16,,,,,,,2.8800,,,0.0000,,,,,,,,,,,,,,,
2013-09-17,,,,,,,2.8600,,,0.0000,,,,,,,,,,,,,,,
2013-09-18,,,,,,,2.6900,,,0.0000,,,,,,,,,,,,,,,
2013-09-19,,,,,,,2.7600,,,0.0000,,,,,,,,,,,,,,,
2013-09-20,,,,,,,2.7500,,,0.0000,,,,,,,,,,,,,,,
2013-09-21,,,,,,,,,,0.0000,,,,,,,,,,,,,,,
2013-09-22,,,,,,,,,,0.0000,,,,,,,,,,,,,,,
2013-09-23,,,,,,,2.7200,,,0.0000,,,,,,,,,,,,,,,
2013-09-24,,,,,,,2.6700,,,0.0000,,,,,,,,,,,,,,,
2013-09-25,,,,,,,2.6300,,,0.0000,,,,,,,,,,,,,,,
2013-09-26,,,,,,,2.6600,,,0.0000,,,,,,,,,,,,,,,
2013-09-27,,,,,,,2.6400,,,0.0000,,,,,,,,,,,,,,,
2013-09-28,,,,,,,,,,0.0000,,,,,,,,,,,,,,,
2013-09-29,,,,,,,,,,0.0000,,,,,,,,,,,,,,,
2013-09-30,,,,,,,2.6400,,,0.0000,,,,,,,,,,,,,,,
2013-10-01,233.6690,234.9210,96.1030,94.7030,7.2000,137041.0000,2.6600,100.0820,77.4600,0.0000,12.1000,2427059.6000,0.5000,7.2000,0.3000,551701.1000,167183.8000,0.0900,18016.1470,98.8000,97.8000,101.2579,77.9200,591954.0000,0.1000
2013-10-02,,,,,,,2.6300,,,0.0000,,,,,,,,,,,,,,,
2013-10-03,,,,,,,2.6200,,,0.0000,,,,,,,,,,,,,,,
2013-10-04,,,,,,,2.6600,,,0.0000,,,,,,,,,,,,,,,
2013-10-05,,,,,,,,,,0.0000,,,,,,,,,,,,,,,
2013-10-06,,,,,,,,,,0.0000,,,,,,,,,,,,,,,
2013-10-07,,,,,,,2.6500,,,0.0000,,,,,,,,,,,,,,,
2013-10-08,,,,,,,2.6600,,,0.0000,,,,,,,,,,,,,,,
2013-10-09,,,,,,,2.6800,,,0.0000,,,,,,,,,,,,,,,
2013-10-10,,,,,,,2.7100,,,0.0000,,,,,,,,,,,,,,,
2013-10-11,,,,,,,2.7000,,,0.0000,,,,,,,,,,,,,,,
2013-10-12,,,,,,,,,,0.0000,,,,,,,,,,,,,,,
2013-10-13,,,,,,,,,,0.0000,,,,,,,,,,,,,,,
2013-10-14,,,,,,,,,,0.0000,,,,,,,,,,,,,,,
2013-10-15,,,,,,,2.7500,,,0.0000,,,,,,,,,,,,,,,
2013-10-16,,,,,,,2.6900,,,0.0000,,,,,,,,,,,,,,,
2013-10-17,,,,,,,2.6100,,,0.0000,,,,,,,,,,,,,,,
2013-10-18,,,,,,,2.6000,,,0.0000,,,,,,,,,,,,,,,
2013-10-19,,,,,,,,,,0.0000,,,,,,,,,,,,,,,
2013-10-20,,,,,,,,,,0.0000,,,,,,,,,,,,,,,
2013-10-21,,,,,,,2.6300,,,0.0000,,,,,,,,,,,,,,,
2013-10-22,,,,,,,2.5400,,,0.0000,,,,,,,,,,,,,,,
2013-10-23,,,,,,,2.5100,,,0.0000,,,,,,,,,,,,,,,
2013-10-24,,,,,,,2.5300,,,0.0000,,,,,,,,,,,,,,,
2013-10-25,,,,,,,2.5300,,,0.0000,,,,,,,,,,,,,,,
2013-10-26,,,,,,,,,,0.0000,,,,,,,,,,,,,,,
2013-10-27,,,,,,,,,,0.0000,,,,,,,,,,,,,,,
2013-10-28,,,,,,,2.5400,,,0.0000,,,,,,,,,,,,,,,
2013-10-29,,,,,,,2.5300,,,0.0000,,,,,,,,,,,,,,,
2013-10-30,,,,,,,2.5500,,,0.0000,,,,,,,,,,,,,,,
2013-10-31,,,,,,,2.5700,,,0.0000,,,,,,,,,,,,,,,
2013-11-01,234.1000,235.3590,96.2460,94.8600,6.9000,137317.0000,2.6500,100.3158,77.3900,0.0000,12.1000,,0.5000,7.2000,0.3000,,,0.0800,,98.8000,98.0000,101.2649,77.8600,,0.0000
2013-11-02,,,,,,,,,,0.0000,,,,,,,,,,,,,,,
2013-11-03,,,,,,,,,,0.0000,,,,,,,,,,,,,,,
2013-11-04,,,,,,,2.6300,,,0.0000,,,,,,,,,,,,,,,
2013-11-05,,,,,,,2.6900,,,0.0000,,,,,,,,,,,,,,,
2013-11-06,,,,,,,2.6700,,,0.0000,,,,,,,,,,,,,,,
2013-11-07,,,,,,,2.6300,,,0.0000,,,,,,,,,,,,,,,
2013-11-08,,,,,,,2.7700,,,0.0000,,,,,,,,,,,,,,,
2013-11-09,,,,,,,,,,0.0000,,,,,,,,,,,,,,,
2013-11-10,,,,,,,,,,0.0000,,,,,,,,,,,,,,,
2013-11-11,,,,,,,,,,0.0000,,,,,,,,,,,,,,,
2013-11-12,,,,,,,2.8000,,,0.0000,,,,,,,,,,,,,,,
2013-11-13,,,,,,,2.7500,,,0.0000,,,,,,,,,,,,,,,
2013-11-14,,,,,,,2.6900,,,0.0000,,,,,,,,,,,,,,,
2013-11-15,,,,,,,2.7100,,,0.0000,,,,,,,,,,,,,,,
2013-11-16,,,,,,,,,,0.0000,,,,,,,,,,,,,,,
2013-11-17,,,,,,,,,,0.0000,,,,,,,,,,,,,,,
2013-11-18,,,,,,,2.6700,,,0.0000,,,,,,,,,,,,,,,
2013-11-19,,,,,,,2.7100,,,0.0000,,,,,,,,,,,,,,,
2013-11-20,,,,,,,2.8000,,,0.0000,,,,,,,,,,,,,,,
2013-11-21,,,,,,,2.7900,,,0.0000,,,,,,,,,,,,,,,
2013-11-22,,,,,,,2.7500,,,0.0000,,,,,,,,,,,,,,,
2013-11-23,,,,,,,,,,0.0000,,,,,,,,,,,,,,,
2013-11-24,,,,,,,,,,0.0000,,,,,,,,,,,,,,,
2013-11-25,,,,,,,2.7400,,,0.0000,,,,,,,,,,,,,,,
2013-11-26,,,,,,,2.7100,,,0.0000,,,,,,,,,,,,,,,
2013-11-27,,,,,,,2.7400,,,0.0000,,,,,,,,,,,,,,,
2013-11-28,,,,,,,,,,0.0000,,,,,,,,,,,,,,,
2013-11-29,,,,,,,2.7500,,,0.0000,,,,,,,,,,,,,,,
2013-11-30,,,,,,,,,,0.0000,,,,,,,,,,,,,,,
2013-12-01,234.7190,235.7590,96.4140,94.9610,6.7000,137372.0000,,100.5175,77.6700,0.0000,12.0000,,0.5000,7.1000,0.3000,,,0.0900,,99.2000,98.1000,101.0356,78.1400,,0.1000
2013-12-02,,,,,,,2.8100,,,0.0000,,,,,,,,,,,,,,,
2013-12-03,,,,,,,2.7900,,,0.0000,,,,,,,,,,,,,,,
2013-12-04,,,,,,,2.8400,,,0.0000,,,,,,,,,,,,,,,
2013-12-05,,,,,,,2.8800,,,0.0000,,,,,,,,,,,,,,,
2013-12-06,,,,,,,2.8800,,,0.0000,,,,,,,,,,,,,,,
2013-12-07,,,,,,,,,,0.0000,,,,,,,,,,,,,,,
2013-12-08,,,,,,,,,,0.0000,,,,,,,,,,,,,,,
2013-12-09,,,,,,,2.8600,,,0.0000,,,,,,,,,,,,,,,
2013-12-10,,,,,,,2.8100,,,0.0000,,,,,,,,,,,,,,,
2013-12-11,,,,,,,2.8600,,,0.0000,,,,,,,,,,,,,,,
2013-12-12,,,,,,,2.8900,,,0.0000,,,,,,,,,,,,,,,
2013-12-13,,,,,,,2.8800,,,0.0000,,,,,,,,,,,,,,,
2013-12-14,,,,,,,,,,0.0000,,,,,,,,,,,,,,,
2013-12-15,,,,,,,,,,0.0000,,,,,,,,,,,,,,,
2013-12-16,,,,,,,2.8900,,,0.0000,,,,,,,,,,,,,,,
2013-12-17,,,,,,,2.8500,,,0.0000,,,,,,,,,,,,,,,
2013-12-18,,,,,,,2.8900,,,0.0000,,,,,,,,,,,,,,,
2013-12-19,,,,,,,2.9400,,,0.0000,,,,,,,,,,,,,,,
2013-12-20,,,,,,,2.8900,,,0.0000,,,,,,,,,,,,,,,
2013-12-21,,,,,,,,,,0.0000,,,,,,,,,,,,,,,
2013-12-22,,,,,,,,,,0.0000,,,,,,,,,,,,,,,
2013-12-23,,,,,,,2.9400,,,0.0000,,,,,,,,,,,,,,,
2013-12-24,,,,,,,2.9900,,,0.0000,,,,,,,,,,,,,,,
2013-12-25,,,,,,,,,,0.0000,,,,,,,,,,,,,,,
2013-12-26,,,,,,,3.0000,,,0.0000,,,,,,,,,,,,,,,
2013-12-27,,,,,,,3.0200,,,0.0000,,,,,,,,,,,,,,,
2013-12-28,,,,,,,,,,0.0000,,,,,,,,,,,,,,,
2013-12-29,,,,,,,,,,0.0000,,,,,,,,,,,,,,,
2013-12-30,,,,,,,2.9900,,,0.0000,,,,,,,,,,,,,,,
2013-12-31,,,,,,,3.0400,,,0.0000,,,,,,,,,,,,,,,
2014-01-01,235.2880,235.9610,96.6140,95.0640,6.6000,137561.0000,,100.1599,76.8000,0.0000,12.1000,2438561.3000,0.5000,6.9000,0.3000,557450.7000,168369.8000,0.0700,17953.9740,98.7000,97.4000,100.7592,77.2400,596696.0000,-0.2000
2014-01-02,,,,,,,3.0000,,,0.0000,,,,,,,,,,,,,,,
2014-01-03,,,,,,,3.0100,,,0.0000,,,,,,,,,,,,,,,
2014-01-04,,,,,,,,,,0.0000,,,,,,,,,,,,,,,
2014-01-05,,,,,,,,,,0.0000,,,,,,,,,,,,,,,
2014-01-06,,,,,,,2.9800,,,0.0000,,,,,,,,,,,,,,,
2014-01-07,,,,,,,2.9600,,,0.0000,,,,,,,,,,,,,,,
2014-01-08,,,,,,,3.0100,,,0.0000,,,,,,,,,,,,,,,
2014-01-09,,,,,,,2.9700,,,0.0000,,,,,,,,,,,,,,,
2014-01-10,,,,,,,2.8800,,,0.0000,,,,,,,,,,,,,,,
2014-01-11,,,,,,,,,,0.0000,,,,,,,,,,,,,,,
2014-01-12,,,,,,,,,,0.0000,,,,,,,,,,,,,,,
2014-01-13,,,,,,,2.8400,,,0.0000,,,,,,,,,,,,,,,
2014-01-14,,,,,,,2.8800,,,0.0000,,,,,,,,,,,,,,,
2014-01-15,,,,,,,2.9000,,,0.0000,,,,,,,,,,,,,,,
2014-01-16,,,,,,,2.8600,,,0.0000,,,,,,,,,,,,,,,
2014-01-17,,,,,,,2.8400,,,0.0000,,,,,,,,,,,,,,,
2014-01-18,,,,,,,,,,0.0000,,,,,,,,,,,,,,,
2014-01-19,,,,,,,,,,0.0000,,,,,,,,,,,,,,,
2014-01-20,,,,,,,,,,0.0000,,,,,,,,,,,,,,,
2014-01-21,,,,,,,2.8500,,,0.0000,,,,,,,,,,,,,,,
2014-01-22,,,,,,,2.8700,,,0.0000,,,,,,,,,,,,,,,
2014-01-23,,,,,,,2.7900,,,0.0000,,,,,,,,,,,,,,,
2014-01-24,,,,,,,2.7500,,,0.0000,,,,,,,,,,,,,,,
2014-01-25,,,,,,,,,,0.0000,,,,,,,,,,,,,,,
2014-01-26,,,,,,,,,,0.0000,,,,,,,,,,,,,,,
2014-01-27,,,,,,,2.7800,,,0.0000,,,,,,,,,,,,,,,
2014-01-28,,,,,,,2.7700,,,0.0000,,,,,,,,,,,,,,,
2014-01-29,,,,,,,2.6900,,,0.0000,,,,,,,,,,,,,,,
2014-01-30,,,,,,,2.7200,,,0.0000,,,,,,,,,,,,,,,
2014-01-31,,,,,,,2.6700,,,0.0000,,,,,,,,,,,,,,,
2014-02-01,235.5470,236.1850,96.6600,95.1090,6.7000,137712.0000,,100.9168,77.0400,0.0000,12.0000,,0.5000,6.7000,0.3000,,,0.0700,,99.1000,97.9000,100.8593,77.4700,,0.0000
2014-02-02,,,,,,,,,,0.0000,,,,,,,,,,,,,,,
2014-02-03,,,,,,,2.6100,,,0.0000,,,,,,,,,,,,,,,
2014-02-04,,,,,,,2.6400,,,0.0000,,,,,,,,,,,,,,,
2014-02-05,,,,,,,2.7000,,,0.0000,,,,,,,,,,,,,,,
2014-02-06,,,,,,,2.7300,,,0.0000,,,,,,,,,,,,,,,
2014-02-07,,,,,,,2.7100,,,0.0000,,,,,,,,,,,,,,,
2014-02-08,,,,,,,,,,0.0000,,,,,,,,,,,,,,,
2014-02-09,,,,,,,,,,0.0000,,,,,,,,,,,,,,,
2014-02-10,,,,,,,2.7000,,,0.0000,,,,,,,,,,,,,,,
2014-02-11,,,,,,,2.7500,,,0.0000,,,,,,,,,,,,,,,
2014-02-12,,,,,,,2.8000,,,0.0000,,,,,,,,,,,,,,,
2014-02-13,,,,,,,2.7300,,,0.0000,,,,,,,,,,,,,,,
2014-02-14,,,,,,,2.7500,,,0.0000,,,,,,,,,,,,,,,
2014-02-15,,,,,,,,,,0.0000,,,,,,,,,,,,,,,
2014-02-16,,,,,,,,,,0.0000,,,,,,,,,,,,,,,
2014-02-17,,,,,,,,,,0.0000,,,,,,,,,,,,,,,
2014-02-18,,,,,,,2.7100,,,0.0000,,,,,,,,,,,,,,,
2014-02-19,,,,,,,2.7300,,,0.0000,,,,,,,,,,,,,,,
2014-02-20,,,,,,,2.7600,,,0.0000,,,,,,,,,,,,,,,
2014-02-21,,,,,,,2.7300,,,0.0000,,,,,,,,,,,,,,,
2014-02-22,,,,,,,,,,0.0000,,,,,,,,,,,,,,,
2014-02-23,,,,,,,,,,0.0000,,,,,,,,,,,,,,,
2014-02-24,,,,,,,2.7500,,,0.0000,,,,,,,,,,,,,,,
2014-02-25,,,,,,,2.7000,,,0.0000,,,,,,,,,,,,,,,
2014-02-26,,,,,,,2.6700,,,0.0000,,,,,,,,,,,,,,,
2014-02-27,,,,,,,2.6500,,,0.0000,,,,,,,,,,,,,,,
2014-02-28,,,,,,,2.6600,,,0.0000,,,,,,,,,,,,,,,
2014-03-01,236.0280,236.6250,96.8150,95.2500,6.7000,137985.0000,,101.8942,77.7600,0.0000,12.0000,,0.5000,6.6000,0.3000,,,0.0800,,99.3000,98.2000,101.2241,78.2100,,0.3000
2014-03-02,,,,,,,,,,0.0000,,,,,,,,,,,,,,,
2014-03-03,,,,,,,2.6000,,,0.0000,,,,,,,,,,,,,,,
2014-03-04,,,,,,,2.7000,,,0.0000,,,,,,,,,,,,,,,
2014-03-05,,,,,,,2.7000,,,0.0000,,,,,,,,,,,,,,,
2014-03-06,,,,,,,2.7400,,,0.0000,,,,,,,,,,,,,,,
2014-03-07,,,,,,,2.8000,,,0.0000,,,,,,,,,,,,,,,
2014-03-08,,,,,,,,,,0.0000,,,,,,,,,,,,,,,
2014-03-09,,,,,,,,,,0.0000,,,,,,,,,,,,,,,
2014-03-10,,,,,,,2.7900,,,0.0000,,,,,,,,,,,,,,,
2014-03-11,,,,,,,2.7700,,,0.0000,,,,,,,,,,,,,,,
2014-03-12,,,,,,,2.7300,,,0.0000,,,,,,,,,,,,,,,
2014-03-13,,,,,,,2.6600,,,0.0000,,,,,,,,,,,,,,,
2014-03-14,,,,,,,2.6500,,,0.0000,,,,,,,,,,,,,,,
2014-03-15,,,,,,,,,,0.0000,,,,,,,,,,,,,,,
2014-03-16,,,,,,,,,,0.0000,,,,,,,,,,,,,,,
2014-03-17,,,,,,,2.7000,,,0.0000,,,,,,,,,,,,,,,
2014-03-18,,,,,,,2.6800,,,0.0000,,,,,,,,,,,,,,,
2014-03-19,,,,,,,2.7800,,,0.0000,,,,,,,,,,,,,,,
2014-03-20,,,,,,,2.7900,,,0.0000,,,,,,,,,,,,,,,
2014-03-21,,,,,,,2.7500,,,0.0000,,,,,,,,,,,,,,,
2014-03-22,,,,,,,,,,0.0000,,,,,,,,,,,,,,,
2014-03-23,,,,,,,,,,0.0000,,,,,,,,,,,,,,,
2014-03-24,,,,,,,2.7400,,,0.0000,,,,,,,,,,,,,,,
2014-03-25,,,,,,,2.7500,,,0.0000,,,,,,,,,,,,,,,
2014-03-26,,,,,,,2.7100,,,0.0000,,,,,,,,,,,,,,,
2014-03-27,,,,,,,2.6900,,,0.0000,,,,,,,,,,,,,,,
2014-03-28,,,,,,,2.7300,,,0.0000,,,,,,,,,,,,,,,
2014-03-29,,,,,,,,,,0.0000,,,,,,,,,,,,,,,
2014-03-30,,,,,,,,,,0.0000,,,,,,,,,,,,,,,
2014-03-31,,,,,,,2.7300,,,0.0000,,,,,,,,,,,,,,,
2014-04-01,236.4680,237.0720,96.9870,95.4130,6.2000,138298.0000,2.7700,101.9928,77.8800,0.0000,11.8000,2444243.2000,0.5000,6.4000,0.3000,549438.2000,169768.5000,0.0900,18185.9110,99.6000,98.7000,101.2938,78.3300,602310.0000,2.1000
2014-04-02,,,,,,,2.8200,,,0.0000,,,,,,,,,,,,,,,
2014-04-03,,,,,,,2.8000,,,0.0000,,,,,,,,,,,,,,,
2014-04-04,,,,,,,2.7400,,,0.0000,,,,,,,,,,,,,,,
2014-04-05,,,,,,,,,,0.0000,,,,,,,,,,,,,,,
2014-04-06,,,,,,,,,,0.0000,,,,,,,,,,,,,,,
2014-04-07,,,,,,,2.7100,,,0.0000,,,,,,,,,,,,,,,
2014-04-08,,,,,,,2.6900,,,0.0000,,,,,,,,,,,,,,,
2014-04-09,,,,,,,2.7100,,,0.0000,,,,,,,,,,,,,,,
2014-04-10,,,,,,,2.6500,,,0.0000,,,,,,,,,,,,,,,
2014-04-11,,,,,,,2.6300,,,0.0000,,,,,,,,,,,,,,,
2014-04-12,,,,,,,,,,0.0000,,,,,,,,,,,,,,,
2014-04-13,,,,,,,,,,0.0000,,,,,,,,,,,,,,,
2014-04-14,,,,,,,2.6500,,,0.0000,,,,,,,,,,,,,,,
2014-04-15,,,,,,,2.6400,,,0.0000,,,,,,,,,,,,,,,
2014-04-16,,,,,,,2.6500,,,0.0000,,,,,,,,,,,,,,,
2014-04-17,,,,,,,2.7300,,,0.0000,,,,,,,,,,,,,,,
2014-04-18,,,,,,,,,,0.0000,,,,,,,,,,,,,,,
2014-04-19,,,,,,,,,,0.0000,,,,,,,,,,,,,,,
2014-04-20,,,,,,,,,,0.0000,,,,,,,,,,,,,,,
2014-04-21,,,,,,,2.7300,,,0.0000,,,,,,,,,,,,,,,
2014-04-22,,,,,,,2.7300,,,0.0000,,,,,,,,,,,,,,,
2014-04-23,,,,,,,2.7000,,,0.0000,,,,,,,,,,,,,,,
2014-04-24,,,,,,,2.7000,,,0.0000,,,,,,,,,,,,,,,
2014-04-25,,,,,,,2.6800,,,0.0000,,,,,,,,,,,,,,,
2014-04-26,,,,,,,,,,0.0000,,,,,,,,,,,,,,,
2014-04-27,,,,,,,,,,0.0000,,,,,,,,,,,,,,,
2014-04-28,,,,,,,2.7000,,,0.0000,,,,,,,,,,,,,,,
2014-04-29,,,,,,,2.7100,,,0.0000,,,,,,,,,,,,,,,
2014-04-30,,,,,,,2.6700,,,0.0000,,,,,,,,,,,,,,,
2014-05-01,236.9180,237.5290,97.1470,95.5740,6.3000,138513.0000,2.6300,102.3836,77.7900,0.0000,11.8000,,0.5000,6.3000,0.3000,,,0.0900,,99.6000,98.7000,101.5906,78.2400,,0.4000
2014-05-02,,,,,,,2.6000,,,0.0000,,,,,,,,,,,,,,,
2014-05-03,,,,,,,,,,0.0000,,,,,,,,,,,,,,,
2014-05-04,,,,,,,,,,0.0000,,,,,,,,,,,,,,,
2014-05-05,,,,,,,2.6300,,,0.0000,,,,,,,,,,,,,,,
2014-05-06,,,,,,,2.6100,,,0.0000,,,,,,,,,,,,,,,
2014-05-07,,,,,,,2.6200,,,0.0000,,,,,,,,,,,,,,,
2014-05-08,,,,,,,2.6100,,,0.0000,,,,,,,,,,,,,,,
2014-05-09,,,,,,,2.6200,,,0.0000,,,,,,,,,,,,,,,
2014-05-10,,,,,,,,,,0.0000,,,,,,,,,,,,,,,
2014-05-11,,,,,,,,,,0.0000,,,,,,,,,,,,,,,
2014-05-12,,,,,,,2.6600,,,0.0000,,,,,,,,,,,,,,,
2014-05-13,,,,,,,2.6100,,,0.0000,,,,,,,,,,,,,,,
2014-05-14,,,,,,,2.5400,,,0.0000,,,,,,,,,,,,,,,
2014-05-15,,,,,,,2.5000,,,0.0000,,,,,,,,,,,,,,,
2014-05-16,,,,,,,2.5200,,,0.0000,,,,,,,,,,,,,,,
2014-05-17,,,,,,,,,,0.0000,,,,,,,,,,,,,,,
2014-05-18,,,,,,,,,,0.0000,,,,,,,,,,,,,,,
2014-05-19,,,,,,,2.5400,,,0.0000,,,,,,,,,,,,,,,
2014-05-20,,,,,,,2.5200,,,0.0000,,,,,,,,,,,,,,,
2014-05-21,,,,,,,2.5400,,,0.0000,,,,,,,,,,,,,,,
2014-05-22,,,,,,,2.5600,,,0.0000,,,,,,,,,,,,,,,
2014-05-23,,,,,,,2.5400,,,0.0000,,,,,,,,,,,,,,,
2014-05-24,,,,,,,,,,0.0000,,,,,,,,,,,,,,,
2014-05-25,,,,,,,,,,0.0000,,,,,,,,,,,,,,,
2014-05-26,,,,,,,,,,0.0000,,,,,,,,,,,,,,,
2014-05-27,,,,,,,2.5200,,,0.0000,,,,,,,,,,,,,,,
2014-05-28,,,,,,,2.4400,,,0.0000,,,,,,,,,,,,,,,
2014-05-29,,,,,,,2.4500,,,0.0000,,,,,,,,,,,,,,,
2014-05-30,,,,,,,2.4800,,,0.0000,,,,,,,,,,,,,,,
2014-05-31,,,,,,,,,,0.0000,,,,,,,,,,,,,,,
2014-06-01,237.2310,237.8370,97.2530,95.6820,6.1000,138849.0000,,102.7350,77.8800,0.0000,11.6000,,0.5000,6.1000,0.3000,,,0.1000,,99.8000,98.9000,101.5167,78.3300,,-0.1000
2014-06-02,,,,,,,2.5400,,,0.0000,,,,,,,,,,,,,,,
2014-06-03,,,,,,,2.6000,,,0.0000,,,,,,,,,,,,,,,
2014-06-04,,,,,,,2.6100,,,0.0000,,,,,,,,,,,,,,,
2014-06-05,,,,,,,2.5900,,,0.0000,,,,,,,,,,,,,,,
2014-06-06,,,,,,,2.6000,,,0.0000,,,,,,,,,,,,,,,
2014-06-07,,,,,,,,,,0.0000,,,,,,,,,,,,,,,
2014-06-08,,,,,,,,,,0.0000,,,,,,,,,,,,,,,
2014-06-09,,,,,,,2.6200,,,0.0000,,,,,,,,,,,,,,,
2014-06-10,,,,,,,2.6400,,,0.0000,,,,,,,,,,,,,,,
2014-06-11,,,,,,,2.6500,,,-0.1000,,,,,,,,,,,,,,,
2014-06-12,,,,,,,2.5800,,,-0.1000,,,,,,,,,,,,,,,
2014-06-13,,,,,,,2.6000,,,-0.1000,,,,,,,,,,,,,,,
2014-06-14,,,,,,,,,,-0.1000,,,,,,,,,,,,,,,
2014-06-15,,,,,,,,,,-0.1000,,,,,,,,,,,,,,,
2014-06-16,,,,,,,2.6100,,,-0.1000,,,,,,,,,,,,,,,
2014-06-17,,,,,,,2.6600,,,-0.1000,,,,,,,,,,,,,,,
2014-06-18,,,,,,,2.6100,,,-0.1000,,,,,,,,,,,,,,,
2014-06-19,,,,,,,2.6400,,,-0.1000,,,,,,,,,,,,,,,
2014-06-20,,,,,,,2.6300,,,-0.1000,,,,,,,,,,,,,,,
2014-06-21,,,,,,,,,,-0.1000,,,,,,,,,,,,,,,
2014-06-22,,,,,,,,,,-0.1000,,,,,,,,,,,,,,,
2014-06-23,,,,,,,2.6300,,,-0.1000,,,,,,,,,,,,,,,
2014-06-24,,,,,,,2.5900,,,-0.1000,,,,,,,,,,,,,,,
2014-06-25,,,,,,,2.5700,,,-0.1000,,,,,,,,,,,,,,,
2014-06-26,,,,,,,2.5300,,,-0.1000,,,,,,,,,,,,,,,
2014-06-27,,,,,,,2.5400,,,-0.1000,,,,,,,,,,,,,,,
2014-06-28,,,,,,,,,,-0.1000,,,,,,,,,,,,,,,
2014-06-29,,,,,,,,,,-0.1000,,,,,,,,,,,,,,,
2014-06-30,,,,,,,2.5300,,,-0.1000,,,,,,,,,,,,,,,
2014-07-01,237.4980,238.1950,97.3910,95.8480,6.2000,139072.0000,2.5800,102.9632,77.3700,-0.1000,11.7000,2456234.5000,0.5000,6.0000,0.3000,550512.5000,171040.3000,0.0900,18406.9410,99.6000,98.6000,101.1368,77.8000,607213.0000,0.0000
2014-07-02,,,,,,,2.6400,,,-0.1000,,,,,,,,,,,,,,,
2014-07-03,,,,,,,2.6500,,,-0.1000,,,,,,,,,,,,,,,
2014-07-04,,,,,,,,,,-0.1000,,,,,,,,,,,,,,,
2014-07-05,,,,,,,,,,-0.1000,,,,,,,,,,,,,,,
2014-07-06,,,,,,,,,,-0.1000,,,,,,,,,,,,,,,
2014-07-07,,,,,,,2.6300,,,-0.1000,,,,,,,,,,,,,,,
2014-07-08,,,,,,,2.5800,,,-0.1000,,,,,,,,,,,,,,,
2014-07-09,,,,,,,2.5700,,,-0.1000,,,,,,,,,,,,,,,
2014-07-10,,,,,,,2.5500,,,-0.1000,,,,,,,,,,,,,,,
2014-07-11,,,,,,,2.5300,,,-0.1000,,,,,,,,,,,,,,,
2014-07-12,,,,,,,,,,-0.1000,,,,,,,,,,,,,,,
2014-07-13,,,,,,,,,,-0.1000,,,,,,,,,,,,,,,
2014-07-14,,,,,,,2.5500,,,-0.1000,,,,,,,,,,,,,,,
2014-07-15,,,,,,,2.5600,,,-0.1000,,,,,,,,,,,,,,,
2014-07-16,,,,,,,2.5500,,,-0.1000,,,,,,,,,,,,,,,
2014-07-17,,,,,,,2.4700,,,-0.1000,,,,,,,,,,,,,,,
2014-07-18,,,,,,,2.5000,,,-0.1000,,,,,,,,,,,,,,,
2014-07-19,,,,,,,,,,-0.1000,,,,,,,,,,,,,,,
2014-07-20,,,,,,,,,,-0.1000,,,,,,,,,,,,,,,
2014-07-21,,,,,,,2.4900,,,-0.1000,,,,,,,,,,,,,,,
2014-07-22,,,,,,,2.4800,,,-0.1000,,,,,,,,,,,,,,,
2014-07-23,,,,,,,2.4800,,,-0.1000,,,,,,,,,,,,,,,
2014-07-24,,,,,,,2.5200,,,-0.1000,,,,,,,,,,,,,,,
2014-07-25,,,,,,,2.4800,,,-0.1000,,,,,,,,,,,,,,,
2014-07-26,,,,,,,,,,-0.1000,,,,,,,,,,,,,,,
2014-07-27,,,,,,,,,,-0.1000,,,,,,,,,,,,,,,
2014-07-28,,,,,,,2.5000,,,-0.1000,,,,,,,,,,,,,,,
2014-07-29,,,,,,,2.4700,,,-0.1000,,,,,,,,,,,,,,,
2014-07-30,,,,,,,2.5700,,,-0.1000,,,,,,,,,,,,,,,
2014-07-31,,,,,,,2.5800,,,-0.1000,,,,,,,,,,,,,,,
2014-08-01,237.4600,238.4050,97.3790,95.8850,6.1000,139269.0000,2.5200,102.7688,77.4600,-0.1000,11.5000,,0.5000,6.0000,0.3000,,,0.0900,,99.9000,99.1000,101.1042,77.8900,,0.2000
2014-08-02,,,,,,,,,,-0.1000,,,,,,,,,,,,,,,
2014-08-03,,,,,,,,,,-0.1000,,,,,,,,,,,,,,,
2014-08-04,,,,,,,2.5100,,,-0.1000,,,,,,,,,,,,,,,
2014-08-05,,,,,,,2.4900,,,-0.1000,,,,,,,,,,,,,,,
2014-08-06,,,,,,,2.4900,,,-0.1000,,,,,,,,,,,,,,,
2014-08-07,,,,,,,2.4300,,,-0.1000,,,,,,,,,,,,,,,
2014-08-08,,,,,,,2.4400,,,-0.1000,,,,,,,,,,,,,,,
2014-08-09,,,,,,,,,,-0.1000,,,,,,,,,,,,,,,
2014-08-10,,,,,,,,,,-0.1000,,,,,,,,,,,,,,,
2014-08-11,,,,,,,2.4400,,,-0.1000,,,,,,,,,,,,,,,
2014-08-12,,,,,,,2.4600,,,-0.1000,,,,,,,,,,,,,,,
2014-08-13,,,,,,,2.4300,,,-0.1000,,,,,,,,,,,,,,,
2014-08-14,,,,,,,2.4000,,,-0.1000,,,,,,,,,,,,,,,
2014-08-15,,,,,,,2.3400,,,-0.1000,,,,,,,,,,,,,,,
2014-08-16,,,,,,,,,,-0.1000,,,,,,,,,,,,,,,
2014-08-17,,,,,,,,,,-0.1000,,,,,,,,,,,,,,,
2014-08-18,,,,,,,2.3900,,,-0.1000,,,,,,,,,,,,,,,
2014-08-19,,,,,,,2.4000,,,-0.1000,,,,,,,,,,,,,,,
2014-08-20,,,,,,,2.4300,,,-0.1000,,,,,,,,,,,,,,,
2014-08-21,,,,,,,2.4100,,,-0.1000,,,,,,,,,,,,,,,
2014-08-22,,,,,,,2.4000,,,-0.1000,,,,,,,,,,,,,,,
2014-08-23,,,,,,,,,,-0.1000,,,,,,,,,,,,,,,
2014-08-24,,,,,,,,,,-0.1000,,,,,,,,,,,,,,,
2014-08-25,,,,,,,2.3900,,,-0.1000,,,,,,,,,,,,,,,
2014-08-26,,,,,,,2.3900,,,-0.1000,,,,,,,,,,,,,,,
2014-08-27,,,,,,,2.3700,,,-0.1000,,,,,,,,,,,,,,,
2014-08-28,,,,,,,2.3400,,,-0.1000,,,,,,,,,,,,,,,
2014-08-29,,,,,,,2.3500,,,-0.1000,,,,,,,,,,,,,,,
2014-08-30,,,,,,,,,,-0.1000,,,,,,,,,,,,,,,
2014-08-31,,,,,,,,,,-0.1000,,,,,,,,,,,,,,,
2014-09-01,237.4770,238.7860,97.4130,96.0130,5.9000,139563.0000,,103.0641,77.8000,-0.1000,11.6000,,0.5000,5.9000,0.3000,,,0.0900,,100.0000,99.2000,101.2468,78.2300,,0.2000
2014-09-02,,,,,,,2.4200,,,-0.1000,,,,,,,,,,,,,,,
2014-09-03,,,,,,,2.4100,,,-0.1000,,,,,,,,,,,,,,,
2014-09-04,,,,,,,2.4500,,,-0.1000,,,,,,,,,,,,,,,
2014-09-05,,,,,,,2.4600,,,-0.1000,,,,,,,,,,,,,,,
2014-09-06,,,,,,,,,,-0.1000,,,,,,,,,,,,,,,
2014-09-07,,,,,,,,,,-0.1000,,,,,,,,,,,,,,,
2014-09-08,,,,,,,2.4800,,,-0.1000,,,,,,,,,,,,,,,
2014-09-09,,,,,,,2.5000,,,-0.1000,,,,,,,,,,,,,,,
2014-09-10,,,,,,,2.5400,,,-0.2000,,,,,,,,,,,,,,,
2014-09-11,,,,,,,2.5400,,,-0.2000,,,,,,,,,,,,,,,
2014-09-12,,,,,,,2.6200,,,-0.2000,,,,,,,,,,,,,,,
2014-09-13,,,,,,,,,,-0.2000,,,,,,,,,,,,,,,
2014-09-14,,,,,,,,,,-0.2000,,,,,,,,,,,,,,,
2014-09-15,,,,,,,2.6000,,,-0.2000,,,,,,,,,,,,,,,
2014-09-16,,,,,,,2.6000,,,-0.2000,,,,,,,,,,,,,,,
2014-09-17,,,,,,,2.6200,,,-0.2000,,,,,,,,,,,,,,,
2014-09-18,,,,,,,2.6300,,,-0.2000,,,,,,,,,,,,,,,
2014-09-19,,,,,,,2.5900,,,-0.2000,,,,,,,,,,,,,,,
2014-09-20,,,,,,,,,,-0.2000,,,,,,,,,,,,,,,
2014-09-21,,,,,,,,,,-0.2000,,,,,,,,,,,,,,,
2014-09-22,,,,,,,2.5700,,,-0.2000,,,,,,,,,,,,,,,
2014-09-23,,,,,,,2.5400,,,-0.2000,,,,,,,,,,,,,,,
2014-09-24,,,,,,,2.5700,,,-0.2000,,,,,,,,,,,,,,,
2014-09-25,,,,,,,2.5200,,,-0.2000,,,,,,,,,,,,,,,
2014-09-26,,,,,,,2.5400,,,-0.2000,,,,,,,,,,,,,,,
2014-09-27,,,,,,,,,,-0.2000,,,,,,,,,,,,,,,
2014-09-28,,,,,,,,,,-0.2000,,,,,,,,,,,,,,,
2014-09-29,,,,,,,2.5000,,,-0.2000,,,,,,,,,,,,,,,
2014-09-30,,,,,,,2.5200,,,-0.2000,,,,,,,,,,,,,,,
2014-10-01,237.4300,239.1910,97.3840,96.0960,5.7000,139798.0000,2.4200,103.0764,77.7500,-0.2000,11.6000,2465429.0000,0.5000,5.9000,0.3000,553701.8000,172076.5000,0.0900,18500.0310,100.1000,99.4000,101.2450,78.1800,611220.0000,-0.3000
2014-10-02,,,,,,,2.4400,,,-0.2000,,,,,,,,,,,,,,,
2014-10-03,,,,,,,2.4500,,,-0.2000,,,,,,,,,,,,,,,
2014-10-04,,,,,,,,,,-0.2000,,,,,,,,,,,,,,,
2014-10-05,,,,,,,,,,-0.2000,,,,,,,,,,,,,,,
2014-10-06,,,,,,,2.4300,,,-0.2000,,,,,,,,,,,,,,,
2014-10-07,,,,,,,2.3600,,,-0.2000,,,,,,,,,,,,,,,
2014-10-08,,,,,,,2.3500,,,-0.2000,,,,,,,,,,,,,,,
2014-10-09,,,,,,,2.3400,,,-0.2000,,,,,,,,,,,,,,,
2014-10-10,,,,,,,2.3100,,,-0.2000,,,,,,,,,,,,,,,
2014-10-11,,,,,,,,,,-0.2000,,,,,,,,,,,,,,,
2014-10-12,,,,,,,,,,-0.2000,,,,,,,,,,,,,,,
2014-10-13,,,,,,,,,,-0.2000,,,,,,,,,,,,,,,
2014-10-14,,,,,,,2.2100,,,-0.2000,,,,,,,,,,,,,,,
2014-10-15,,,,,,,2.1500,,,-0.2000,,,,,,,,,,,,,,,
2014-10-16,,,,,,,2.1700,,,-0.2000,,,,,,,,,,,,,,,
2014-10-17,,,,,,,2.2200,,,-0.2000,,,,,,,,,,,,,,,
2014-10-18,,,,,,,,,,-0.2000,,,,,,,,,,,,,,,
2014-10-19,,,,,,,,,,-0.2000,,,,,,,,,,,,,,,
2014-10-20,,,,,,,2.2000,,,-0.2000,,,,,,,,,,,,,,,
2014-10-21,,,,,,,2.2300,,,-0.2000,,,,,,,,,,,,,,,
2014-10-22,,,,,,,2.2500,,,-0.2000,,,,,,,,,,,,,,,
2014-10-23,,,,,,,2.2900,,,-0.2000,,,,,,,,,,,,,,,
2014-10-24,,,,,,,2.2900,,,-0.2000,,,,,,,,,,,,,,,
2014-10-25,,,,,,,,,,-0.2000,,,,,,,,,,,,,,,
2014-10-26,,,,,,,,,,-0.2000,,,,,,,,,,,,,,,
2014-10-27,,,,,,,2.2700,,,-0.2000,,,,,,,,,,,,,,,
2014-10-28,,,,,,,2.3000,,,-0.2000,,,,,,,,,,,,,,,
2014-10-29,,,,,,,2.3400,,,-0.2000,,,,,,,,,,,,,,,
2014-10-30,,,,,,,2.3200,,,-0.2000,,,,,,,,,,,,,,,
2014-10-31,,,,,,,2.3500,,,-0.2000,,,,,,,,,,,,,,,
2014-11-01,236.9830,239.4580,97.2910,96.1810,5.8000,140089.0000,,103.7126,77.6100,-0.2000,11.6000,,0.5000,5.7000,0.3000,,,0.0900,,99.9000,99.3000,101.2055,78.0300,,-0.4000
2014-11-02,,,,,,,,,,-0.2000,,,,,,,,,,,,,,,
2014-11-03,,,,,,,2.3600,,,-0.2000,,,,,,,,,,,,,,,
2014-11-04,,,,,,,2.3500,,,-0.2000,,,,,,,,,,,,,,,
2014-11-05,,,,,,,2.3600,,,-0.2000,,,,,,,,,,,,,,,
2014-11-06,,,,,,,2.3900,,,-0.2000,,,,,,,,,,,,,,,
2014-11-07,,,,,,,2.3200,,,-0.2000,,,,,,,,,,,,,,,
2014-11-08,,,,,,,,,,-0.2000,,,,,,,,,,,,,,,
2014-11-09,,,,,,,,,,-0.2000,,,,,,,,,,,,,,,
2014-11-10,,,,,,,2.3800,,,-0.2000,,,,,,,,,,,,,,,
2014-11-11,,,,,,,,,,-0.2000,,,,,,,,,,,,,,,
2014-11-12,,,,,,,2.3700,,,-0.2000,,,,,,,,,,,,,,,
2014-11-13,,,,,,,2.3500,,,-0.2000,,,,,,,,,,,,,,,
2014-11-14,,,,,,,2.3200,,,-0.2000,,,,,,,,,,,,,,,
2014-11-15,,,,,,,,,,-0.2000,,,,,,,,,,,,,,,
2014-11-16,,,,,,,,,,-0.2000,,,,,,,,,,,,,,,
2014-11-17,,,,,,,2.3400,,,-0.2000,,,,,,,,,,,,,,,
2014-11-18,,,,,,,2.3200,,,-0.2000,,,,,,,,,,,,,,,
2014-11-19,,,,,,,2.3600,,,-0.2000,,,,,,,,,,,,,,,
2014-11-20,,,,,,,2.3400,,,-0.2000,,,,,,,,,,,,,,,
2014-11-21,,,,,,,2.3100,,,-0.2000,,,,,,,,,,,,,,,
2014-11-22,,,,,,,,,,-0.2000,,,,,,,,,,,,,,,
2014-11-23,,,,,,,,,,-0.2000,,,,,,,,,,,,,,,
2014-11-24,,,,,,,2.3000,,,-0.2000,,,,,,,,,,,,,,,
2014-11-25,,,,,,,2.2700,,,-0.2000,,,,,,,,,,,,,,,
2014-11-26,,,,,,,2.2400,,,-0.2000,,,,,,,,,,,,,,,
2014-11-27,,,,,,,,,,-0.2000,,,,,,,,,,,,,,,
2014-11-28,,,,,,,2.1800,,,-0.2000,,,,,,,,,,,,,,,
2014-11-29,,,,,,,,,,-0.2000,,,,,,,,,,,,,,,
2014-11-30,,,,,,,,,,-0.2000,,,,,,,,,,,,,,,
2014-12-01,236.2520,239.5840,97.1200,96.2490,5.6000,140364.0000,2.2200,103.7044,77.5400,-0.2000,11.5000,,0.5000,5.6000,0.3000,,,0.1200,,99.9000,99.5000,100.7038,77.9500,,0.1000
2014-12-02,,,,,,,2.2800,,,-0.2000,,,,,,,,,,,,,,,
2014-12-03,,,,,,,2.2900,,,-0.2000,,,,,,,,,,,,,,,
2014-12-04,,,,,,,2.2500,,,-0.2000,,,,,,,,,,,,,,,
2014-12-05,,,,,,,2.3100,,,-0.2000,,,,,,,,,,,,,,,
2014-12-06,,,,,,,,,,-0.2000,,,,,,,,,,,,,,,
2014-12-07,,,,,,,,,,-0.2000,,,,,,,,,,,,,,,
2014-12-08,,,,,,,2.2600,,,-0.2000,,,,,,,,,,,,,,,
2014-12-09,,,,,,,2.2200,,,-0.2000,,,,,,,,,,,,,,,
2014-12-10,,,,,,,2.1800,,,-0.2000,,,,,,,,,,,,,,,
2014-12-11,,,,,,,2.1900,,,-0.2000,,,,,,,,,,,,,,,
2014-12-12,,,,,,,2.1000,,,-0.2000,,,,,,,,,,,,,,,
2014-12-13,,,,,,,,,,-0.2000,,,,,,,,,,,,,,,
2014-12-14,,,,,,,,,,-0.2000,,,,,,,,,,,,,,,
2014-12-15,,,,,,,2.1200,,,-0.2000,,,,,,,,,,,,,,,
2014-12-16,,,,,,,2.0700,,,-0.2000,,,,,,,,,,,,,,,
2014-12-17,,,,,,,2.1400,,,-0.2000,,,,,,,,,,,,,,,
2014-12-18,,,,,,,2.2200,,,-0.2000,,,,,,,,,,,,,,,
2014-12-19,,,,,,,2.1700,,,-0.2000,,,,,,,,,,,,,,,
2014-12-20,,,,,,,,,,-0.2000,,,,,,,,,,,,,,,
2014-12-21,,,,,,,,,,-0.2000,,,,,,,,,,,,,,,
2014-12-22,,,,,,,2.1700,,,-0.2000,,,,,,,,,,,,,,,
2014-12-23,,,,,,,2.2600,,,-0.2000,,,,,,,,,,,,,,,
2014-12-24,,,,,,,2.2700,,,-0.2000,,,,,,,,,,,,,,,
2014-12-25,,,,,,,,,,-0.2000,,,,,,,,,,,,,,,
2014-12-26,,,,,,,2.2500,,,-0.2000,,,,,,,,,,,,,,,
2014-12-27,,,,,,,,,,-0.2000,,,,,,,,,,,,,,,
2014-12-28,,,,,,,,,,-0.2000,,,,,,,,,,,,,,,
2014-12-29,,,,,,,2.2200,,,-0.2000,,,,,,,,,,,,,,,
2014-12-30,,,,,,,2.2000,,,-0.2000,,,,,,,,,,,,,,,
2014-12-31,,,,,,,2.1700,,,-0.2000,,,,,,,,,,,,,,,
2015-01-01,234.7470,239.8110,96.6540,96.2140,5.7000,140568.0000,,102.8905,76.3400,-0.2000,11.4000,2484005.5000,0.5000,5.6000,0.3000,562606.5000,171382.1000,0.1100,18666.6210,99.2000,98.9000,100.2702,76.7100,613076.0000,-0.2000
2015-01-02,,,,,,,2.1200,,,-0.2000,,,,,,,,,,,,,,,
2015-01-03,,,,,,,,,,-0.2000,,,,,,,,,,,,,,,
2015-01-04,,,,,,,,,,-0.2000,,,,,,,,,,,,,,,
2015-01-05,,,,,,,2.0400,,,-0.2000,,,,,,,,,,,,,,,
2015-01-06,,,,,,,1.9700,,,-0.2000,,,,,,,,,,,,,,,
2015-01-07,,,,,,,1.9600,,,-0.2000,,,,,,,,,,,,,,,
2015-01-08,,,,,,,2.0300,,,-0.2000,,,,,,,,,,,,,,,
2015-01-09,,,,,,,1.9800,,,-0.2000,,,,,,,,,,,,,,,
2015-01-10,,,,,,,,,,-0.2000,,,,,,,,,,,,,,,
2015-01-11,,,,,,,,,,-0.2000,,,,,,,,,,,,,,,
2015-01-12,,,,,,,1.9200,,,-0.2000,,,,,,,,,,,,,,,
2015-01-13,,,,,,,1.9100,,,-0.2000,,,,,,,,,,,,,,,
2015-01-14,,,,,,,1.8600,,,-0.2000,,,,,,,,,,,,,,,
2015-01-15,,,,,,,1.7700,,,-0.2000,,,,,,,,,,,,,,,
2015-01-16,,,,,,,1.8300,,,-0.2000,,,,,,,,,,,,,,,
2015-01-17,,,,,,,,,,-0.2000,,,,,,,,,,,,,,,
2015-01-18,,,,,,,,,,-0.2000,,,,,,,,,,,,,,,
2015-01-19,,,,,,,,,,-0.2000,,,,,,,,,,,,,,,
2015-01-20,,,,,,,1.8200,,,-0.2000,,,,,,,,,,,,,,,
2015-01-21,,,,,,,1.8700,,,-0.2000,,,,,,,,,,,,,,,
2015-01-22,,,,,,,1.9000,,,-0.2000,,,,,,,,,,,,,,,
2015-01-23,,,,,,,1.8100,,,-0.2000,,,,,,,,,,,,,,,
2015-01-24,,,,,,,,,,-0.2000,,,,,,,,,,,,,,,
2015-01-25,,,,,,,,,,-0.2000,,,,,,,,,,,,,,,
2015-01-26,,,,,,,1.8300,,,-0.2000,,,,,,,,,,,,,,,
2015-01-27,,,,,,,1.8300,,,-0.2000,,,,,,,,,,,,,,,
2015-01-28,,,,,,,1.7300,,,-0.2000,,,,,,,,,,,,,,,
2015-01-29,,,,,,,1.7700,,,-0.2000,,,,,,,,,,,,,,,
2015-01-30,,,,,,,1.6800,,,-0.2000,,,,,,,,,,,,,,,
2015-01-31,,,,,,,,,,-0.2000,,,,,,,,,,,,,,,
2015-02-01,235.3420,240.1720,96.8250,96.3240,5.5000,140827.0000,,102.2335,76.8100,-0.2000,11.4000,,0.5000,5.5000,0.3000,,,0.1100,,99.5000,99.3000,100.0125,77.1800,,-0.2000
2015-02-02,,,,,,,1.6800,,,-0.2000,,,,,,,,,,,,,,,
2015-02-03,,,,,,,1.7900,,,-0.2000,,,,,,,,,,,,,,,
2015-02-04,,,,,,,1.8100,,,-0.2000,,,,,,,,,,,,,,,
2015-02-05,,,,,,,1.8300,,,-0.2000,,,,,,,,,,,,,,,
2015-02-06,,,,,,,1.9500,,,-0.2000,,,,,,,,,,,,,,,
2015-02-07,,,,,,,,,,-0.2000,,,,,,,,,,,,,,,
2015-02-08,,,,,,,,,,-0.2000,,,,,,,,,,,,,,,
2015-02-09,,,,,,,1.9600,,,-0.2000,,,,,,,,,,,,,,,
2015-02-10,,,,,,,2.0100,,,-0.2000,,,,,,,,,,,,,,,
2015-02-11,,,,,,,2.0000,,,-0.2000,,,,,,,,,,,,,,,
2015-02-12,,,,,,,1.9900,,,-0.2000,,,,,,,,,,,,,,,
2015-02-13,,,,,,,2.0200,,,-0.2000,,,,,,,,,,,,,,,
2015-02-14,,,,,,,,,,-0.2000,,,,,,,,,,,,,,,
2015-02-15,,,,,,,,,,-0.2000,,,,,,,,,,,,,,,
2015-02-16,,,,,,,,,,-0.2000,,,,,,,,,,,,,,,
2015-02-17,,,,,,,2.1400,,,-0.2000,,,,,,,,,,,,,,,
2015-02-18,,,,,,,2.0700,,,-0.2000,,,,,,,,,,,,,,,
2015-02-19,,,,,,,2.1100,,,-0.2000,,,,,,,,,,,,,,,
2015-02-20,,,,,,,2.1300,,,-0.2000,,,,,,,,,,,,,,,
2015-02-21,,,,,,,,,,-0.2000,,,,,,,,,,,,,,,
2015-02-22,,,,,,,,,,-0.2000,,,,,,,,,,,,,,,
2015-02-23,,,,,,,2.0600,,,-0.2000,,,,,,,,,,,,,,,
2015-02-24,,,,,,,1.9900,,,-0.2000,,,,,,,,,,,,,,,
2015-02-25,,,,,,,1.9600,,,-0.2000,,,,,,,,,,,,,,,
2015-02-26,,,,,,,2.0300,,,-0.2000,,,,,,,,,,,,,,,
2015-02-27,,,,,,,2.0000,,,-0.2000,,,,,,,,,,,,,,,
2015-02-28,,,,,,,,,,-0.2000,,,,,,,,,,,,,,,
2015-03-01,235.9760,240.7550,97.0080,96.4700,5.4000,140923.0000,,101.8914,77.7100,-0.2000,11.3000,,0.5000,5.5000,0.3000,,,0.1100,,99.6000,99.4000,100.3387,78.1000,,0.3000
2015-03-02,,,,,,,2.0800,,,-0.2000,,,,,,,,,,,,,,,
2015-03-03,,,,,,,2.1200,,,-0.2000,,,,,,,,,,,,,,,
2015-03-04,,,,,,,2.1200,,,-0.2000,,,,,,,,,,,,,,,
2015-03-05,,,,,,,2.1100,,,-0.2000,,,,,,,,,,,,,,,
2015-03-06,,,,,,,2.2400,,,-0.2000,,,,,,,,,,,,,,,
2015-03-07,,,,,,,,,,-0.2000,,,,,,,,,,,,,,,
2015-03-08,,,,,,,,,,-0.2000,,,,,,,,,,,,,,,
2015-03-09,,,,,,,2.2000,,,-0.2000,,,,,,,,,,,,,,,
2015-03-10,,,,,,,2.1400,,,-0.2000,,,,,,,,,,,,,,,
2015-03-11,,,,,,,2.1100,,,-0.2000,,,,,,,,,,,,,,,
2015-03-12,,,,,,,2.1000,,,-0.2000,,,,,,,,,,,,,,,
2015-03-13,,,,,,,2.1300,,,-0.2000,,,,,,,,,,,,,,,
2015-03-14,,,,,,,,,,-0.2000,,,,,,,,,,,,,,,
2015-03-15,,,,,,,,,,-0.2000,,,,,,,,,,,,,,,
2015-03-16,,,,,,,2.1000,,,-0.2000,,,,,,,,,,,,,,,
2015-03-17,,,,,,,2.0600,,,-0.2000,,,,,,,,,,,,,,,
2015-03-18,,,,,,,1.9300,,,-0.2000,,,,,,,,,,,,,,,
2015-03-19,,,,,,,1.9800,,,-0.2000,,,,,,,,,,,,,,,
2015-03-20,,,,,,,1.9300,,,-0.2000,,,,,,,,,,,,,,,
2015-03-21,,,,,,,,,,-0.2000,,,,,,,,,,,,,,,
2015-03-22,,,,,,,,,,-0.2000,,,,,,,,,,,,,,,
2015-03-23,,,,,,,1.9200,,,-0.2000,,,,,,,,,,,,,,,
2015-03-24,,,,,,,1.8800,,,-0.2000,,,,,,,,,,,,,,,
2015-03-25,,,,,,,1.9300,,,-0.2000,,,,,,,,,,,,,,,
2015-03-26,,,,,,,2.0100,,,-0.2000,,,,,,,,,,,,,,,
2015-03-27,,,,,,,1.9500,,,-0.2000,,,,,,,,,,,,,,,
2015-03-28,,,,,,,,,,-0.2000,,,,,,,,,,,,,,,
2015-03-29,,,,,,,,,,-0.2000,,,,,,,,,,,,,,,
2015-03-30,,,,,,,1.9600,,,-0.2000,,,,,,,,,,,,,,,
2015-03-31,,,,,,,1.9400,,,-0.2000,,,,,,,,,,,,,,,
2015-04-01,236.2220,241.3460,97.0940,96.6480,5.4000,141196.0000,1.8700,101.3355,78.0400,-0.2000,11.2000,2494469.7000,0.5000,5.6000,0.3000,562948.8000,171838.4000,0.1200,18782.2430,99.9000,99.7000,100.1567,78.4400,615875.0000,0.5000
2015-04-02,,,,,,,1.9200,,,-0.2000,,,,,,,,,,,,,,,
2015-04-03,,,,,,,1.8500,,,-0.2000,,,,,,,,,,,,,,,
2015-04-04,,,,,,,,,,-0.2000,,,,,,,,,,,,,,,
2015-04-05,,,,,,,,,,-0.2000,,,,,,,,,,,,,,,
2015-04-06,,,,,,,1.9200,,,-0.2000,,,,,,,,,,,,,,,
2015-04-07,,,,,,,1.8900,,,-0.2000,,,,,,,,,,,,,,,
2015-04-08,,,,,,,1.9200,,,-0.2000,,,,,,,,,,,,,,,
2015-04-09,,,,,,,1.9700,,,-0.2000,,,,,,,,,,,,,,,
2015-04-10,,,,,,,1.9600,,,-0.2000,,,,,,,,,,,,,,,
2015-04-11,,,,,,,,,,-0.2000,,,,,,,,,,,,,,,
2015-04-12,,,,,,,,,,-0.2000,,,,,,,,,,,,,,,
2015-04-13,,,,,,,1.9400,,,-0.2000,,,,,,,,,,,,,,,
2015-04-14,,,,,,,1.9000,,,-0.2000,,,,,,,,,,,,,,,
2015-04-15,,,,,,,1.9100,,,-0.2000,,,,,,,,,,,,,,,
2015-04-16,,,,,,,1.9000,,,-0.2000,,,,,,,,,,,,,,,
2015-04-17,,,,,,,1.8700,,,-0.2000,,,,,,,,,,,,,,,
2015-04-18,,,,,,,,,,-0.2000,,,,,,,,,,,,,,,
2015-04-19,,,,,,,,,,-0.2000,,,,,,,,,,,,,,,
2015-04-20,,,,,,,1.9000,,,-0.2000,,,,,,,,,,,,,,,
2015-04-21,,,,,,,1.9200,,,-0.2000,,,,,,,,,,,,,,,
2015-04-22,,,,,,,1.9900,,,-0.2000,,,,,,,,,,,,,,,
2015-04-23,,,,,,,1.9600,,,-0.2000,,,,,,,,,,,,,,,
2015-04-24,,,,,,,1.9300,,,-0.2000,,,,,,,,,,,,,,,
2015-04-25,,,,,,,,,,-0.2000,,,,,,,,,,,,,,,
2015-04-26,,,,,,,,,,-0.2000,,,,,,,,,,,,,,,
2015-04-27,,,,,,,1.9400,,,-0.2000,,,,,,,,,,,,,,,
2015-04-28,,,,,,,2.0000,,,-0.2000,,,,,,,,,,,,,,,
2015-04-29,,,,,,,2.0600,,,-0.2000,,,,,,,,,,,,,,,
2015-04-30,,,,,,,2.0500,,,-0.2000,,,,,,,,,,,,,,,
2015-05-01,237.0010,241.6880,97.3270,96.7660,5.6000,141538.0000,2.1200,100.8883,78.2600,-0.2000,11.1000,,0.5000,5.6000,0.3000,,,0.1200,,100.1000,99.9000,100.3899,78.6600,,0.2000
2015-05-02,,,,,,,,,,-0.2000,,,,,,,,,,,,,,,
2015-05-03,,,,,,,,,,-0.2000,,,,,,,,,,,,,,,
2015-05-04,,,,,,,2.1600,,,-0.2000,,,,,,,,,,,,,,,
2015-05-05,,,,,,,2.1900,,,-0.2000,,,,,,,,,,,,,,,
2015-05-06,,,,,,,2.2500,,,-0.2000,,,,,,,,,,,,,,,
2015-05-07,,,,,,,2.1800,,,-0.2000,,,,,,,,,,,,,,,
2015-05-08,,,,,,,2.1600,,,-0.2000,,,,,,,,,,,,,,,
2015-05-09,,,,,,,,,,-0.2000,,,,,,,,,,,,,,,
2015-05-10,,,,,,,,,,-0.2000,,,,,,,,,,,,,,,
2015-05-11,,,,,,,2.2800,,,-0.2000,,,,,,,,,,,,,,,
2015-05-12,,,,,,,2.2800,,,-0.2000,,,,,,,,,,,,,,,
2015-05-13,,,,,,,2.2700,,,-0.2000,,,,,,,,,,,,,,,
2015-05-14,,,,,,,2.2300,,,-0.2000,,,,,,,,,,,,,,,
2015-05-15,,,,,,,2.1400,,,-0.2000,,,,,,,,,,,,,,,
2015-05-16,,,,,,,,,,-0.2000,,,,,,,,,,,,,,,
2015-05-17,,,,,,,,,,-0.2000,,,,,,,,,,,,,,,
2015-05-18,,,,,,,2.2300,,,-0.2000,,,,,,,,,,,,,,,
2015-05-19,,,,,,,2.2700,,,-0.2000,,,,,,,,,,,,,,,
2015-05-20,,,,,,,2.2600,,,-0.2000,,,,,,,,,,,,,,,
2015-05-21,,,,,,,2.1900,,,-0.2000,,,,,,,,,,,,,,,
2015-05-22,,,,,,,2.2100,,,-0.2000,,,,,,,,,,,,,,,
2015-05-23,,,,,,,,,,-0.2000,,,,,,,,,,,,,,,
2015-05-24,,,,,,,,,,-0.2000,,,,,,,,,,,,,,,
2015-05-25,,,,,,,,,,-0.2000,,,,,,,,,,,,,,,
2015-05-26,,,,,,,2.1400,,,-0.2000,,,,,,,,,,,,,,,
2015-05-27,,,,,,,2.1400,,,-0.2000,,,,,,,,,,,,,,,
2015-05-28,,,,,,,2.1300,,,-0.2000,,,,,,,,,,,,,,,
2015-05-29,,,,,,,2.1200,,,-0.2000,,,,,,,,,,,,,,,
2015-05-30,,,,,,,,,,-0.2000,,,,,,,,,,,,,,,
2015-05-31,,,,,,,,,,-0.2000,,,,,,,,,,,,,,,
2015-06-01,237.6570,242.0640,97.5160,96.8820,5.3000,141709.0000,2.1900,100.5710,78.2700,-0.2000,11.1000,,0.5000,5.5000,0.3000,,,0.1300,,100.1000,99.9000,100.4636,78.6700,,-0.2000
2015-06-02,,,,,,,2.2700,,,-0.2000,,,,,,,,,,,,,,,
2015-06-03,,,,,,,2.3800,,,-0.2000,,,,,,,,,,,,,,,
2015-06-04,,,,,,,2.3100,,,-0.2000,,,,,,,,,,,,,,,
2015-06-05,,,,,,,2.4100,,,-0.2000,,,,,,,,,,,,,,,
2015-06-06,,,,,,,,,,-0.2000,,,,,,,,,,,,,,,
2015-06-07,,,,,,,,,,-0.2000,,,,,,,,,,,,,,,
2015-06-08,,,,,,,2.3900,,,-0.2000,,,,,,,,,,,,,,,
2015-06-09,,,,,,,2.4200,,,-0.2000,,,,,,,,,,,,,,,
2015-06-10,,,,,,,2.5000,,,-0.2000,,,,,,,,,,,,,,,
2015-06-11,,,,,,,2.3900,,,-0.2000,,,,,,,,,,,,,,,
2015-06-12,,,,,,,2.3900,,,-0.2000,,,,,,,,,,,,,,,
2015-06-13,,,,,,,,,,-0.2000,,,,,,,,,,,,,,,
2015-06-14,,,,,,,,,,-0.2000,,,,,,,,,,,,,,,
2015-06-15,,,,,,,2.3600,,,-0.2000,,,,,,,,,,,,,,,
2015-06-16,,,,,,,2.3200,,,-0.2000,,,,,,,,,,,,,,,
2015-06-17,,,,,,,2.3200,,,-0.2000,,,,,,,,,,,,,,,
2015-06-18,,,,,,,2.3500,,,-0.2000,,,,,,,,,,,,,,,
2015-06-19,,,,,,,2.2600,,,-0.2000,,,,,,,,,,,,,,,
2015-06-20,,,,,,,,,,-0.2000,,,,,,,,,,,,,,,
2015-06-21,,,,,,,,,,-0.2000,,,,,,,,,,,,,,,
2015-06-22,,,,,,,2.3700,,,-0.2000,,,,,,,,,,,,,,,
2015-06-23,,,,,,,2.4200,,,-0.2000,,,,,,,,,,,,,,,
2015-06-24,,,,,,,2.3800,,,-0.2000,,,,,,,,,,,,,,,
2015-06-25,,,,,,,2.4000,,,-0.2000,,,,,,,,,,,,,,,
2015-06-26,,,,,,,2.4900,,,-0.2000,,,,,,,,,,,,,,,
2015-06-27,,,,,,,,,,-0.2000,,,,,,,,,,,,,,,
2015-06-28,,,,,,,,,,-0.2000,,,,,,,,,,,,,,,
2015-06-29,,,,,,,2.3300,,,-0.2000,,,,,,,,,,,,,,,
2015-06-30,,,,,,,2.3500,,,-0.2000,,,,,,,,,,,,,,,
2015-07-01,238.0340,242.5650,97.6050,96.9780,5.2000,141991.0000,2.4300,101.2228,77.7900,-0.2000,10.8000,2505070.3000,0.5000,5.4000,0.3000,563778.5000,173401.4000,0.1300,18857.4180,100.0000,100.0000,99.8463,78.1700,618263.0000,-0.2000
2015-07-02,,,,,,,2.4000,,,-0.2000,,,,,,,,,,,,,,,
2015-07-03,,,,,,,,,,-0.2000,,,,,,,,,,,,,,,
2015-07-04,,,,,,,,,,-0.2000,,,,,,,,,,,,,,,
2015-07-05,,,,,,,,,,-0.2000,,,,,,,,,,,,,,,
2015-07-06,,,,,,,2.3000,,,-0.2000,,,,,,,,,,,,,,,
2015-07-07,,,,,,,2.2700,,,-0.2000,,,,,,,,,,,,,,,
2015-07-08,,,,,,,2.2200,,,-0.2000,,,,,,,,,,,,,,,
2015-07-09,,,,,,,2.3200,,,-0.2000,,,,,,,,,,,,,,,
2015-07-10,,,,,,,2.4200,,,-0.2000,,,,,,,,,,,,,,,
2015-07-11,,,,,,,,,,-0.2000,,,,,,,,,,,,,,,
2015-07-12,,,,,,,,,,-0.2000,,,,,,,,,,,,,,,
2015-07-13,,,,,,,2.4400,,,-0.2000,,,,,,,,,,,,,,,
2015-07-14,,,,,,,2.4100,,,-0.2000,,,,,,,,,,,,,,,
2015-07-15,,,,,,,2.3600,,,-0.2000,,,,,,,,,,,,,,,
2015-07-16,,,,,,,2.3600,,,-0.2000,,,,,,,,,,,,,,,
2015-07-17,,,,,,,2.3400,,,-0.2000,,,,,,,,,,,,,,,
2015-07-18,,,,,,,,,,-0.2000,,,,,,,,,,,,,,,
2015-07-19,,,,,,,,,,-0.2000,,,,,,,,,,,,,,,
2015-07-20,,,,,,,2.3800,,,-0.2000,,,,,,,,,,,,,,,
2015-07-21,,,,,,,2.3500,,,-0.2000,,,,,,,,,,,,,,,
2015-07-22,,,,,,,2.3300,,,-0.2000,,,,,,,,,,,,,,,
2015-07-23,,,,,,,2.2800,,,-0.2000,,,,,,,,,,,,,,,
2015-07-24,,,,,,,2.2700,,,-0.2000,,,,,,,,,,,,,,,
2015-07-25,,,,,,,,,,-0.2000,,,,,,,,,,,,,,,
2015-07-26,,,,,,,,,,-0.2000,,,,,,,,,,,,,,,
2015-07-27,,,,,,,2.2300,,,-0.2000,,,,,,,,,,,,,,,
2015-07-28,,,,,,,2.2600,,,-0.2000,,,,,,,,,,,,,,,
2015-07-29,,,,,,,2.2900,,,-0.2000,,,,,,,,,,,,,,,
2015-07-30,,,,,,,2.2800,,,-0.2000,,,,,,,,,,,,,,,
2015-07-31,,,,,,,2.2000,,,-0.2000,,,,,,,,,,,,,,,
2015-08-01,238.0330,242.8170,97.6120,97.0560,5.1000,142125.0000,,101.0367,77.7900,-0.2000,10.7000,,0.5000,5.3000,0.3000,,,0.1400,,100.3000,100.3000,99.6862,78.1700,,0.1000
2015-08-02,,,,,,,,,,-0.2000,,,,,,,,,,,,,,,
2015-08-03,,,,,,,2.1600,,,-0.2000,,,,,,,,,,,,,,,
2015-08-04,,,,,,,2.2300,,,-0.2000,,,,,,,,,,,,,,,
2015-08-05,,,,,,,2.2800,,,-0.2000,,,,,,,,,,,,,,,
2015-08-06,,,,,,,2.2300,,,-0.2000,,,,,,,,,,,,,,,
2015-08-07,,,,,,,2.1800,,,-0.2000,,,,,,,,,,,,,,,
2015-08-08,,,,,,,,,,-0.2000,,,,,,,,,,,,,,,
2015-08-09,,,,,,,,,,-0.2000,,,,,,,,,,,,,,,
2015-08-10,,,,,,,2.2400,,,-0.2000,,,,,,,,,,,,,,,
2015-08-11,,,,,,,2.1500,,,-0.2000,,,,,,,,,,,,,,,
2015-08-12,,,,,,,2.1400,,,-0.2000,,,,,,,,,,,,,,,
2015-08-13,,,,,,,2.1900,,,-0.2000,,,,,,,,,,,,,,,
2015-08-14,,,,,,,2.2000,,,-0.2000,,,,,,,,,,,,,,,
2015-08-15,,,,,,,,,,-0.2000,,,,,,,,,,,,,,,
2015-08-16,,,,,,,,,,-0.2000,,,,,,,,,,,,,,,
2015-08-17,,,,,,,2.1600,,,-0.2000,,,,,,,,,,,,,,,
2015-08-18,,,,,,,2.2000,,,-0.2000,,,,,,,,,,,,,,,
2015-08-19,,,,,,,2.1200,,,-0.2000,,,,,,,,,,,,,,,
2015-08-20,,,,,,,2.0900,,,-0.2000,,,,,,,,,,,,,,,
2015-08-21,,,,,,,2.0500,,,-0.2000,,,,,,,,,,,,,,,
2015-08-22,,,,,,,,,,-0.2000,,,,,,,,,,,,,,,
2015-08-23,,,,,,,,,,-0.2000,,,,,,,,,,,,,,,
2015-08-24,,,,,,,2.0100,,,-0.2000,,,,,,,,,,,,,,,
2015-08-25,,,,,,,2.1200,,,-0.2000,,,,,,,,,,,,,,,
2015-08-26,,,,,,,2.1800,,,-0.2000,,,,,,,,,,,,,,,
2015-08-27,,,,,,,2.1800,,,-0.2000,,,,,,,,,,,,,,,
2015-08-28,,,,,,,2.1900,,,-0.2000,,,,,,,,,,,,,,,
2015-08-29,,,,,,,,,,-0.2000,,,,,,,,,,,,,,,
2015-08-30,,,,,,,,,,-0.2000,,,,,,,,,,,,,,,
2015-08-31,,,,,,,2.2100,,,-0.2000,,,,,,,,,,,,,,,
2015-09-01,237.4980,243.3160,97.4770,97.1960,5.0000,142275.0000,2.1700,100.7547,77.9600,-0.2000,10.7000,,0.5000,5.2000,0.3000,,,0.1400,,100.2000,100.4000,99.7852,78.3300,,0.1000
2015-09-02,,,,,,,2.2000,,,-0.2000,,,,,,,,,,,,,,,
2015-09-03,,,,,,,2.1800,,,-0.2000,,,,,,,,,,,,,,,
2015-09-04,,,,,,,2.1300,,,-0.2000,,,,,,,,,,,,,,,
2015-09-05,,,,,,,,,,-0.2000,,,,,,,,,,,,,,,
2015-09-06,,,,,,,,,,-0.2000,,,,,,,,,,,,,,,
2015-09-07,,,,,,,,,,-0.2000,,,,,,,,,,,,,,,
2015-09-08,,,,,,,2.2000,,,-0.2000,,,,,,,,,,,,,,,
2015-09-09,,,,,,,2.2100,,,-0.2000,,,,,,,,,,,,,,,
2015-09-10,,,,,,,2.2300,,,-0.2000,,,,,,,,,,,,,,,
2015-09-11,,,,,,,2.2000,,,-0.2000,,,,,,,,,,,,,,,
2015-09-12,,,,,,,,,,-0.2000,,,,,,,,,,,,,,,
2015-09-13,,,,,,,,,,-0.2000,,,,,,,,,,,,,,,
2015-09-14,,,,,,,2.1800,,,-0.2000,,,,,,,,,,,,,,,
2015-09-15,,,,,,,2.2800,,,-0.2000,,,,,,,,,,,,,,,
2015-09-16,,,,,,,2.3000,,,-0.2000,,,,,,,,,,,,,,,
2015-09-17,,,,,,,2.2100,,,-0.2000,,,,,,,,,,,,,,,
2015-09-18,,,,,,,2.1300,,,-0.2000,,,,,,,,,,,,,,,
2015-09-19,,,,,,,,,,-0.2000,,,,,,,,,,,,,,,
2015-09-20,,,,,,,,,,-0.2000,,,,,,,,,,,,,,,
2015-09-21,,,,,,,2.2000,,,-0.2000,,,,,,,,,,,,,,,
2015-09-22,,,,,,,2.1400,,,-0.2000,,,,,,,,,,,,,,,
2015-09-23,,,,,,,2.1600,,,-0.2000,,,,,,,,,,,,,,,
2015-09-24,,,,,,,2.1300,,,-0.2000,,,,,,,,,,,,,,,
2015-09-25,,,,,,,2.1700,,,-0.2000,,,,,,,,,,,,,,,
2015-09-26,,,,,,,,,,-0.2000,,,,,,,,,,,,,,,
2015-09-27,,,,,,,,,,-0.2000,,,,,,,,,,,,,,,
2015-09-28,,,,,,,2.1000,,,-0.2000,,,,,,,,,,,,,,,
2015-09-29,,,,,,,2.0500,,,-0.2000,,,,,,,,,,,,,,,
2015-09-30,,,,,,,2.0600,,,-0.2000,,,,,,,,,,,,,,,
2015-10-01,237.7330,243.7680,97.4770,97.2280,5.0000,142579.0000,2.0500,100.2675,78.0500,-0.2000,10.7000,2517594.2000,0.5000,5.1000,0.3000,562699.8000,174542.1000,0.1200,18892.2060,100.3000,100.6000,99.8682,78.4300,621968.0000,0.0000
2015-10-02,,,,,,,1.9900,,,-0.2000,,,,,,,,,,,,,,,
2015-10-03,,,,,,,,,,-0.2000,,,,,,,,,,,,,,,
2015-10-04,,,,,,,,,,-0.2000,,,,,,,,,,,,,,,
2015-10-05,,,,,,,2.0700,,,-0.2000,,,,,,,,,,,,,,,
2015-10-06,,,,,,,2.0500,,,-0.2000,,,,,,,,,,,,,,,
2015-10-07,,,,,,,2.0800,,,-0.2000,,,,,,,,,,,,,,,
2015-10-08,,,,,,,2.1200,,,-0.2000,,,,,,,,,,,,,,,
2015-10-09,,,,,,,2.1200,,,-0.2000,,,,,,,,,,,,,,,
2015-10-10,,,,,,,,,,-0.2000,,,,,,,,,,,,,,,
2015-10-11,,,,,,,,,,-0.2000,,,,,,,,,,,,,,,
2015-10-12,,,,,,,,,,-0.2000,,,,,,,,,,,,,,,
2015-10-13,,,,,,,2.0600,,,-0.2000,,,,,,,,,,,,,,,
2015-10-14,,,,,,,1.9900,,,-0.2000,,,,,,,,,,,,,,,
2015-10-15,,,,,,,2.0400,,,-0.2000,,,,,,,,,,,,,,,
2015-10-16,,,,,,,2.0400,,,-0.2000,,,,,,,,,,,,,,,
2015-10-17,,,,,,,,,,-0.2000,,,,,,,,,,,,,,,
2015-10-18,,,,,,,,,,-0.2000,,,,,,,,,,,,,,,
2015-10-19,,,,,,,2.0400,,,-0.2000,,,,,,,,,,,,,,,
2015-10-20,,,,,,,2.0800,,,-0.2000,,,,,,,,,,,,,,,
2015-10-21,,,,,,,2.0400,,,-0.2000,,,,,,,,,,,,,,,
2015-10-22,,,,,,,2.0400,,,-0.2000,,,,,,,,,,,,,,,
2015-10-23,,,,,,,2.0900,,,-0.2000,,,,,,,,,,,,,,,
2015-10-24,,,,,,,,,,-0.2000,,,,,,,,,,,,,,,
2015-10-25,,,,,,,,,,-0.2000,,,,,,,,,,,,,,,
2015-10-26,,,,,,,2.0700,,,-0.2000,,,,,,,,,,,,,,,
2015-10-27,,,,,,,2.0500,,,-0.2000,,,,,,,,,,,,,,,
2015-10-28,,,,,,,2.1000,,,-0.2000,,,,,,,,,,,,,,,
2015-10-29,,,,,,,2.1900,,,-0.2000,,,,,,,,,,,,,,,
2015-10-30,,,,,,,2.1600,,,-0.2000,,,,,,,,,,,,,,,
2015-10-31,,,,,,,,,,-0.2000,,,,,,,,,,,,,,,
2015-11-01,238.0170,244.2410,97.5380,97.3320,5.1000,142808.0000,,99.5298,77.7200,-0.2000,10.6000,,0.5000,5.1000,0.3000,,,0.1200,,100.3000,100.7000,99.7962,78.0800,,-0.4000
2015-11-02,,,,,,,2.2000,,,-0.2000,,,,,,,,,,,,,,,
2015-11-03,,,,,,,2.2300,,,-0.2000,,,,,,,,,,,,,,,
2015-11-04,,,,,,,2.2500,,,-0.2000,,,,,,,,,,,,,,,
2015-11-05,,,,,,,2.2600,,,-0.2000,,,,,,,,,,,,,,,
2015-11-06,,,,,,,2.3400,,,-0.2000,,,,,,,,,,,,,,,
2015-11-07,,,,,,,,,,-0.2000,,,,,,,,,,,,,,,
2015-11-08,,,,,,,,,,-0.2000,,,,,,,,,,,,,,,
2015-11-09,,,,,,,2.3600,,,-0.2000,,,,,,,,,,,,,,,
2015-11-10,,,,,,,2.3200,,,-0.2000,,,,,,,,,,,,,,,
2015-11-11,,,,,,,,,,-0.2000,,,,,,,,,,,,,,,
2015-11-12,,,,,,,2.3200,,,-0.2000,,,,,,,,,,,,,,,
2015-11-13,,,,,,,2.2800,,,-0.2000,,,,,,,,,,,,,,,
2015-11-14,,,,,,,,,,-0.2000,,,,,,,,,,,,,,,
2015-11-15,,,,,,,,,,-0.2000,,,,,,,,,,,,,,,
2015-11-16,,,,,,,2.2700,,,-0.2000,,,,,,,,,,,,,,,
2015-11-17,,,,,,,2.2500,,,-0.2000,,,,,,,,,,,,,,,
2015-11-18,,,,,,,2.2700,,,-0.2000,,,,,,,,,,,,,,,
2015-11-19,,,,,,,2.2400,,,-0.2000,,,,,,,,,,,,,,,
2015-11-20,,,,,,,2.2600,,,-0.2000,,,,,,,,,,,,,,,
2015-11-21,,,,,,,,,,-0.2000,,,,,,,,,,,,,,,
2015-11-22,,,,,,,,,,-0.2000,,,,,,,,,,,,,,,
2015-11-23,,,,,,,2.2500,,,-0.2000,,,,,,,,,,,,,,,
2015-11-24,,,,,,,2.2400,,,-0.2000,,,,,,,,,,,,,,,
2015-11-25,,,,,,,2.2300,,,-0.2000,,,,,,,,,,,,,,,
2015-11-26,,,,,,,,,,-0.2000,,,,,,,,,,,,,,,
2015-11-27,,,,,,,2.2200,,,-0.2000,,,,,,,,,,,,,,,
2015-11-28,,,,,,,,,,-0.2000,,,,,,,,,,,,,,,
2015-11-29,,,,,,,,,,-0.2000,,,,,,,,,,,,,,,
2015-11-30,,,,,,,2.2100,,,-0.2000,,,,,,,,,,,,,,,
2015-12-01,237.7610,244.5470,97.4560,97.3960,5.0000,143077.0000,2.1500,99.0417,77.7300,-0.2000,10.6000,,0.5000,5.1000,0.3000,,,0.2400,,100.4000,101.0000,99.3863,78.1000,,0.0000
2015-12-02,,,,,,,2.1800,,,-0.2000,,,,,,,,,,,,,,,
2015-12-03,,,,,,,2.3300,,,-0.2000,,,,,,,,,,,,,,,
2015-12-04,,,,,,,2.2800,,,-0.2000,,,,,,,,,,,,,,,
2015-12-05,,,,,,,,,,-0.2000,,,,,,,,,,,,,,,
2015-12-06,,,,,,,,,,-0.2000,,,,,,,,,,,,,,,
2015-12-07,,,,,,,2.2300,,,-0.2000,,,,,,,,,,,,,,,
2015-12-08,,,,,,,2.2400,,,-0.2000,,,,,,,,,,,,,,,
2015-12-09,,,,,,,2.2200,,,-0.3000,,,,,,,,,,,,,,,
2015-12-10,,,,,,,2.2400,,,-0.3000,,,,,,,,,,,,,,,
2015-12-11,,,,,,,2.1300,,,-0.3000,,,,,,,,,,,,,,,
2015-12-12,,,,,,,,,,-0.3000,,,,,,,,,,,,,,,
2015-12-13,,,,,,,,,,-0.3000,,,,,,,,,,,,,,,
2015-12-14,,,,,,,2.2300,,,-0.3000,,,,,,,,,,,,,,,
2015-12-15,,,,,,,2.2800,,,-0.3000,,,,,,,,,,,,,,,
2015-12-16,,,,,,,2.3000,,,-0.3000,,,,,,,,,,,,,,,
2015-12-17,,,,,,,2.2400,,,-0.3000,,,,,,,,,,,,,,,
2015-12-18,,,,,,,2.1900,,,-0.3000,,,,,,,,,,,,,,,
2015-12-19,,,,,,,,,,-0.3000,,,,,,,,,,,,,,,
2015-12-20,,,,,,,,,,-0.3000,,,,,,,,,,,,,,,
2015-12-21,,,,,,,2.2000,,,-0.3000,,,,,,,,,,,,,,,
2015-12-22,,,,,,,2.2400,,,-0.3000,,,,,,,,,,,,,,,
2015-12-23,,,,,,,2.2700,,,-0.3000,,,,,,,,,,,,,,,
2015-12-24,,,,,,,2.2500,,,-0.3000,,,,,,,,,,,,,,,
2015-12-25,,,,,,,,,,-0.3000,,,,,,,,,,,,,,,
2015-12-26,,,,,,,,,,-0.3000,,,,,,,,,,,,,,,
2015-12-27,,,,,,,,,,-0.3000,,,,,,,,,,,,,,,
2015-12-28,,,,,,,2.2400,,,-0.3000,,,,,,,,,,,,,,,
2015-12-29,,,,,,,2.3200,,,-0.3000,,,,,,,,,,,,,,,
2015-12-30,,,,,,,2.3100,,,-0.3000,,,,,,,,,,,,,,,
2015-12-31,,,,,,,2.2700,,,-0.3000,,,,,,,,,,,,,,,
2016-01-01,237.6520,244.9550,97.4960,97.5670,4.8000,143210.0000,,99.5607,76.5800,-0.3000,10.5000,2529319.9000,0.5000,5.1000,0.3000,567574.5000,175028.5000,0.3400,19001.6900,99.9000,100.3000,99.0001,76.9200,625099.0000,-0.3000
2016-01-02,,,,,,,,,,-0.3000,,,,,,,,,,,,,,,
2016-01-03,,,,,,,,,,-0.3000,,,,,,,,,,,,,,,
2016-01-04,,,,,,,2.2400,,,-0.3000,,,,,,,,,,,,,,,
2016-01-05,,,,,,,2.2500,,,-0.3000,,,,,,,,,,,,,,,
2016-01-06,,,,,,,2.1800,,,-0.3000,,,,,,,,,,,,,,,
2016-01-07,,,,,,,2.1600,,,-0.3000,,,,,,,,,,,,,,,
2016-01-08,,,,,,,2.1300,,,-0.3000,,,,,,,,,,,,,,,
2016-01-09,,,,,,,,,,-0.3000,,,,,,,,,,,,,,,
2016-01-10,,,,,,,,,,-0.3000,,,,,,,,,,,,,,,
2016-01-11,,,,,,,2.1700,,,-0.3000,,,,,,,,,,,,,,,
2016-01-12,,,,,,,2.1200,,,-0.3000,,,,,,,,,,,,,,,
2016-01-13,,,,,,,2.0800,,,-0.3000,,,,,,,,,,,,,,,
2016-01-14,,,,,,,2.1000,,,-0.3000,,,,,,,,,,,,,,,
2016-01-15,,,,,,,2.0300,,,-0.3000,,,,,,,,,,,,,,,
2016-01-16,,,,,,,,,,-0.3000,,,,,,,,,,,,,,,
2016-01-17,,,,,,,,,,-0.3000,,,,,,,,,,,,,,,
2016-01-18,,,,,,,,,,-0.3000,,,,,,,,,,,,,,,
2016-01-19,,,,,,,2.0600,,,-0.3000,,,,,,,,,,,,,,,
2016-01-20,,,,,,,2.0100,,,-0.3000,,,,,,,,,,,,,,,
2016-01-21,,,,,,,2.0200,,,-0.3000,,,,,,,,,,,,,,,
2016-01-22,,,,,,,2.0700,,,-0.3000,,,,,,,,,,,,,,,
2016-01-23,,,,,,,,,,-0.3000,,,,,,,,,,,,,,,
2016-01-24,,,,,,,,,,-0.3000,,,,,,,,,,,,,,,
2016-01-25,,,,,,,2.0300,,,-0.3000,,,,,,,,,,,,,,,
2016-01-26,,,,,,,2.0100,,,-0.3000,,,,,,,,,,,,,,,
2016-01-27,,,,,,,2.0200,,,-0.3000,,,,,,,,,,,,,,,
2016-01-28,,,,,,,2.0000,,,-0.3000,,,,,,,,,,,,,,,
2016-01-29,,,,,,,1.9400,,,-0.3000,,,,,,,,,,,,,,,
2016-01-30,,,,,,,,,,-0.3000,,,,,,,,,,,,,,,
2016-01-31,,,,,,,,,,-0.3000,,,,,,,,,,,,,,,
2016-02-01,237.3360,245.5100,97.4450,97.7360,4.9000,143406.0000,1.9700,99.0445,76.7100,-0.3000,10.5000,,0.5000,5.1000,0.3000,,,0.3800,,100.1000,100.6000,99.1839,77.0500,,0.1000
2016-02-02,,,,,,,1.8700,,,-0.3000,,,,,,,,,,,,,,,
2016-02-03,,,,,,,1.8800,,,-0.3000,,,,,,,,,,,,,,,
2016-02-04,,,,,,,1.8700,,,-0.3000,,,,,,,,,,,,,,,
2016-02-05,,,,,,,1.8600,,,-0.3000,,,,,,,,,,,,,,,
2016-02-06,,,,,,,,,,-0.3000,,,,,,,,,,,,,,,
2016-02-07,,,,,,,,,,-0.3000,,,,,,,,,,,,,,,
2016-02-08,,,,,,,1.7500,,,-0.3000,,,,,,,,,,,,,,,
2016-02-09,,,,,,,1.7400,,,-0.3000,,,,,,,,,,,,,,,
2016-02-10,,,,,,,1.7100,,,-0.3000,,,,,,,,,,,,,,,
2016-02-11,,,,,,,1.6300,,,-0.3000,,,,,,,,,,,,,,,
2016-02-12,,,,,,,1.7400,,,-0.3000,,,,,,,,,,,,,,,
2016-02-13,,,,,,,,,,-0.3000,,,,,,,,,,,,,,,
2016-02-14,,,,,,,,,,-0.3000,,,,,,,,,,,,,,,
2016-02-15,,,,,,,,,,-0.3000,,,,,,,,,,,,,,,
2016-02-16,,,,,,,1.7800,,,-0.3000,,,,,,,,,,,,,,,
2016-02-17,,,,,,,1.8100,,,-0.3000,,,,,,,,,,,,,,,
2016-02-18,,,,,,,1.7500,,,-0.3000,,,,,,,,,,,,,,,
2016-02-19,,,,,,,1.7600,,,-0.3000,,,,,,,,,,,,,,,
2016-02-20,,,,,,,,,,-0.3000,,,,,,,,,,,,,,,
2016-02-21,,,,,,,,,,-0.3000,,,,,,,,,,,,,,,
2016-02-22,,,,,,,1.7700,,,-0.3000,,,,,,,,,,,,,,,
2016-02-23,,,,,,,1.7400,,,-0.3000,,,,,,,,,,,,,,,
2016-02-24,,,,,,,1.7500,,,-0.3000,,,,,,,,,,,,,,,
2016-02-25,,,,,,,1.7100,,,-0.3000,,,,,,,,,,,,,,,
2016-02-26,,,,,,,1.7600,,,-0.3000,,,,,,,,,,,,,,,
2016-02-27,,,,,,,,,,-0.3000,,,,,,,,,,,,,,,
2016-02-28,,,,,,,,,,-0.3000,,,,,,,,,,,,,,,
2016-02-29,,,,,,,1.7400,,,-0.3000,,,,,,,,,,,,,,,
2016-03-01,238.0800,245.9130,97.6730,97.8760,5.0000,143662.0000,1.8300,98.3096,77.6700,-0.3000,10.3000,,0.5000,5.0000,0.3000,,,0.3600,,100.4000,101.1000,99.4751,78.0300,,0.1000
2016-03-02,,,,,,,1.8400,,,-0.3000,,,,,,,,,,,,,,,
2016-03-03,,,,,,,1.8300,,,-0.3000,,,,,,,,,,,,,,,
2016-03-04,,,,,,,1.8800,,,-0.3000,,,,,,,,,,,,,,,
2016-03-05,,,,,,,,,,-0.3000,,,,,,,,,,,,,,,
2016-03-06,,,,,,,,,,-0.3000,,,,,,,,,,,,,,,
2016-03-07,,,,,,,1.9100,,,-0.3000,,,,,,,,,,,,,,,
2016-03-08,,,,,,,1.8300,,,-0.3000,,,,,,,,,,,,,,,
2016-03-09,,,,,,,1.9000,,,-0.3000,,,,,,,,,,,,,,,
2016-03-10,,,,,,,1.9300,,,-0.3000,,,,,,,,,,,,,,,
2016-03-11,,,,,,,1.9800,,,-0.3000,,,,,,,,,,,,,,,
2016-03-12,,,,,,,,,,-0.3000,,,,,,,,,,,,,,,
2016-03-13,,,,,,,,,,-0.3000,,,,,,,,,,,,,,,
2016-03-14,,,,,,,1.9700,,,-0.3000,,,,,,,,,,,,,,,
2016-03-15,,,,,,,1.9700,,,-0.3000,,,,,,,,,,,,,,,
2016-03-16,,,,,,,1.9400,,,-0.4000,,,,,,,,,,,,,,,
2016-03-17,,,,,,,1.9100,,,-0.4000,,,,,,,,,,,,,,,
2016-03-18,,,,,,,1.8800,,,-0.4000,,,,,,,,,,,,,,,
2016-03-19,,,,,,,,,,-0.4000,,,,,,,,,,,,,,,
2016-03-20,,,,,,,,,,-0.4000,,,,,,,,,,,,,,,
2016-03-21,,,,,,,1.9200,,,-0.4000,,,,,,,,,,,,,,,
2016-03-22,,,,,,,1.9400,,,-0.4000,,,,,,,,,,,,,,,
2016-03-23,,,,,,,1.8800,,,-0.4000,,,,,,,,,,,,,,,
2016-03-24,,,,,,,1.9100,,,-0.4000,,,,,,,,,,,,,,,
2016-03-25,,,,,,,,,,-0.4000,,,,,,,,,,,,,,,
2016-03-26,,,,,,,,,,-0.4000,,,,,,,,,,,,,,,
2016-03-27,,,,,,,,,,-0.4000,,,,,,,,,,,,,,,
2016-03-28,,,,,,,1.8900,,,-0.4000,,,,,,,,,,,,,,,
2016-03-29,,,,,,,1.8100,,,-0.4000,,,,,,,,,,,,,,,
2016-03-30,,,,,,,1.8300,,,-0.4000,,,,,,,,,,,,,,,
2016-03-31,,,,,,,1.7800,,,-0.4000,,,,,,,,,,,,,,,
2016-04-01,238.9920,246.5510,97.9930,98.1170,5.1000,143854.0000,1.7900,98.6421,77.8400,-0.4000,10.3000,2534282.1000,0.5000,4.9000,0.3000,565641.3000,176429.0000,0.3700,19062.7090,100.6000,101.2000,99.8042,78.1900,629697.0000,0.2000
2016-04-02,,,,,,,,,,-0.4000,,,,,,,,,,,,,,,
2016-04-03,,,,,,,,,,-0.4000,,,,,,,,,,,,,,,
2016-04-04,,,,,,,1.7800,,,-0.4000,,,,,,,,,,,,,,,
2016-04-05,,,,,,,1.7300,,,-0.4000,,,,,,,,,,,,,,,
2016-04-06,,,,,,,1.7600,,,-0.4000,,,,,,,,,,,,,,,
2016-04-07,,,,,,,1.7000,,,-0.4000,,,,,,,,,,,,,,,
2016-04-08,,,,,,,1.7200,,,-0.4000,,,,,,,,,,,,,,,
2016-04-09,,,,,,,,,,-0.4000,,,,,,,,,,,,,,,
2016-04-10,,,,,,,,,,-0.4000,,,,,,,,,,,,,,,
2016-04-11,,,,,,,1.7300,,,-0.4000,,,,,,,,,,,,,,,
2016-04-12,,,,,,,1.7900,,,-0.4000,,,,,,,,,,,,,,,
2016-04-13,,,,,,,1.7700,,,-0.4000,,,,,,,,,,,,,,,
2016-04-14,,,,,,,1.8000,,,-0.4000,,,,,,,,,,,,,,,
2016-04-15,,,,,,,1.7600,,,-0.4000,,,,,,,,,,,,,,,
2016-04-16,,,,,,,,,,-0.4000,,,,,,,,,,,,,,,
2016-04-17,,,,,,,,,,-0.4000,,,,,,,,,,,,,,,
2016-04-18,,,,,,,1.7800,,,-0.4000,,,,,,,,,,,,,,,
2016-04-19,,,,,,,1.7900,,,-0.4000,,,,,,,,,,,,,,,
2016-04-20,,,,,,,1.8500,,,-0.4000,,,,,,,,,,,,,,,
2016-04-21,,,,,,,1.8800,,,-0.4000,,,,,,,,,,,,,,,
2016-04-22,,,,,,,1.8900,,,-0.4000,,,,,,,,,,,,,,,
2016-04-23,,,,,,,,,,-0.4000,,,,,,,,,,,,,,,
2016-04-24,,,,,,,,,,-0.4000,,,,,,,,,,,,,,,
2016-04-25,,,,,,,1.9100,,,-0.4000,,,,,,,,,,,,,,,
2016-04-26,,,,,,,1.9400,,,-0.4000,,,,,,,,,,,,,,,
2016-04-27,,,,,,,1.8700,,,-0.4000,,,,,,,,,,,,,,,
2016-04-28,,,,,,,1.8400,,,-0.4000,,,,,,,,,,,,,,,
2016-04-29,,,,,,,1.8300,,,-0.4000,,,,,,,,,,,,,,,
2016-04-30,,,,,,,,,,-0.4000,,,,,,,,,,,,,,,
2016-05-01,239.5570,247.1370,98.1530,98.2840,4.8000,143900.0000,,98.4184,78.1600,-0.4000,10.2000,,0.5000,4.9000,0.3000,,,0.3700,,100.8000,101.4000,99.9482,78.5100,,0.1000
2016-05-02,,,,,,,1.8800,,,-0.4000,,,,,,,,,,,,,,,
2016-05-03,,,,,,,1.8100,,,-0.4000,,,,,,,,,,,,,,,
2016-05-04,,,,,,,1.7900,,,-0.4000,,,,,,,,,,,,,,,
2016-05-05,,,,,,,1.7600,,,-0.4000,,,,,,,,,,,,,,,
2016-05-06,,,,,,,1.7900,,,-0.4000,,,,,,,,,,,,,,,
2016-05-07,,,,,,,,,,-0.4000,,,,,,,,,,,,,,,
2016-05-08,,,,,,,,,,-0.4000,,,,,,,,,,,,,,,
2016-05-09,,,,,,,1.7700,,,-0.4000,,,,,,,,,,,,,,,
2016-05-10,,,,,,,1.7700,,,-0.4000,,,,,,,,,,,,,,,
2016-05-11,,,,,,,1.7300,,,-0.4000,,,,,,,,,,,,,,,
2016-05-12,,,,,,,1.7500,,,-0.4000,,,,,,,,,,,,,,,
2016-05-13,,,,,,,1.7100,,,-0.4000,,,,,,,,,,,,,,,
2016-05-14,,,,,,,,,,-0.4000,,,,,,,,,,,,,,,
2016-05-15,,,,,,,,,,-0.4000,,,,,,,,,,,,,,,
2016-05-16,,,,,,,1.7500,,,-0.4000,,,,,,,,,,,,,,,
2016-05-17,,,,,,,1.7600,,,-0.4000,,,,,,,,,,,,,,,
2016-05-18,,,,,,,1.8700,,,-0.4000,,,,,,,,,,,,,,,
2016-05-19,,,,,,,1.8500,,,-0.4000,,,,,,,,,,,,,,,
2016-05-20,,,,,,,1.8500,,,-0.4000,,,,,,,,,,,,,,,
2016-05-21,,,,,,,,,,-0.4000,,,,,,,,,,,,,,,
2016-05-22,,,,,,,,,,-0.4000,,,,,,,,,,,,,,,
2016-05-23,,,,,,,1.8400,,,-0.4000,,,,,,,,,,,,,,,
2016-05-24,,,,,,,1.8600,,,-0.4000,,,,,,,,,,,,,,,
2016-05-25,,,,,,,1.8700,,,-0.4000,,,,,,,,,,,,,,,
2016-05-26,,,,,,,1.8300,,,-0.4000,,,,,,,,,,,,,,,
2016-05-27,,,,,,,1.8500,,,-0.4000,,,,,,,,,,,,,,,
2016-05-28,,,,,,,,,,-0.4000,,,,,,,,,,,,,,,
2016-05-29,,,,,,,,,,-0.4000,,,,,,,,,,,,,,,
2016-05-30,,,,,,,,,,-0.4000,,,,,,,,,,,,,,,
2016-05-31,,,,,,,1.8400,,,-0.4000,,,,,,,,,,,,,,,
2016-06-01,240.2220,247.5400,98.3250,98.3860,4.9000,144147.0000,1.8500,98.8833,78.3000,-0.4000,10.2000,,0.5000,4.9000,0.3000,,,0.3800,,101.0000,101.5000,100.0878,78.6500,,-0.1000
2016-06-02,,,,,,,1.8100,,,-0.4000,,,,,,,,,,,,,,,
2016-06-03,,,,,,,1.7100,,,-0.4000,,,,,,,,,,,,,,,
2016-06-04,,,,,,,,,,-0.4000,,,,,,,,,,,,,,,
2016-06-05,,,,,,,,,,-0.4000,,,,,,,,,,,,,,,
2016-06-06,,,,,,,1.7300,,,-0.4000,,,,,,,,,,,,,,,
2016-06-07,,,,,,,1.7200,,,-0.4000,,,,,,,,,,,,,,,
2016-06-08,,,,,,,1.7100,,,-0.4000,,,,,,,,,,,,,,,
2016-06-09,,,,,,,1.6800,,,-0.4000,,,,,,,,,,,,,,,
2016-06-10,,,,,,,1.6400,,,-0.4000,,,,,,,,,,,,,,,
2016-06-11,,,,,,,,,,-0.4000,,,,,,,,,,,,,,,
2016-06-12,,,,,,,,,,-0.4000,,,,,,,,,,,,,,,
2016-06-13,,,,,,,1.6200,,,-0.4000,,,,,,,,,,,,,,,
2016-06-14,,,,,,,1.6200,,,-0.4000,,,,,,,,,,,,,,,
2016-06-15,,,,,,,1.6000,,,-0.4000,,,,,,,,,,,,,,,
2016-06-16,,,,,,,1.5700,,,-0.4000,,,,,,,,,,,,,,,
2016-06-17,,,,,,,1.6200,,,-0.4000,,,,,,,,,,,,,,,
2016-06-18,,,,,,,,,,-0.4000,,,,,,,,,,,,,,,
2016-06-19,,,,,,,,,,-0.4000,,,,,,,,,,,,,,,
2016-06-20,,,,,,,1.6700,,,-0.4000,,,,,,,,,,,,,,,
2016-06-21,,,,,,,1.7100,,,-0.4000,,,,,,,,,,,,,,,
2016-06-22,,,,,,,1.6900,,,-0.4000,,,,,,,,,,,,,,,
2016-06-23,,,,,,,1.7400,,,-0.4000,,,,,,,,,,,,,,,
2016-06-24,,,,,,,1.5700,,,-0.4000,,,,,,,,,,,,,,,
2016-06-25,,,,,,,,,,-0.4000,,,,,,,,,,,,,,,
2016-06-26,,,,,,,,,,-0.4000,,,,,,,,,,,,,,,
2016-06-27,,,,,,,1.4600,,,-0.4000,,,,,,,,,,,,,,,
2016-06-28,,,,,,,1.4600,,,-0.4000,,,,,,,,,,,,,,,
2016-06-29,,,,,,,1.5000,,,-0.4000,,,,,,,,,,,,,,,
2016-06-30,,,,,,,1.4900,,,-0.4000,,,,,,,,,,,,,,,
2016-07-01,240.1010,247.8290,98.3420,98.5290,4.8000,144520.0000,1.4600,98.9992,77.9200,-0.4000,10.0000,2546484.2000,0.5000,5.0000,0.3000,566915.0000,176676.1000,0.3900,19197.9380,100.9000,101.5000,99.6437,78.2600,632477.0000,-0.2000
2016-07-02,,,,,,,,,,-0.4000,,,,,,,,,,,,,,,
2016-07-03,,,,,,,,,,-0.4000,,,,,,,,,,,,,,,
2016-07-04,,,,,,,,,,-0.4000,,,,,,,,,,,,,,,
2016-07-05,,,,,,,1.3700,,,-0.4000,,,,,,,,,,,,,,,
2016-07-06,,,,,,,1.3800,,,-0.4000,,,,,,,,,,,,,,,
2016-07-07,,,,,,,1.4000,,,-0.4000,,,,,,,,,,,,,,,
2016-07-08,,,,,,,1.3700,,,-0.4000,,,,,,,,,,,,,,,
2016-07-09,,,,,,,,,,-0.4000,,,,,,,,,,,,,,,
2016-07-10,,,,,,,,,,-0.4000,,,,,,,,,,,,,,,
2016-07-11,,,,,,,1.4300,,,-0.4000,,,,,,,,,,,,,,,
2016-07-12,,,,,,,1.5300,,,-0.4000,,,,,,,,,,,,,,,
2016-07-13,,,,,,,1.4800,,,-0.4000,,,,,,,,,,,,,,,
2016-07-14,,,,,,,1.5300,,,-0.4000,,,,,,,,,,,,,,,
2016-07-15,,,,,,,1.6000,,,-0.4000,,,,,,,,,,,,,,,
2016-07-16,,,,,,,,,,-0.4000,,,,,,,,,,,,,,,
2016-07-17,,,,,,,,,,-0.4000,,,,,,,,,,,,,,,
2016-07-18,,,,,,,1.5900,,,-0.4000,,,,,,,,,,,,,,,
2016-07-19,,,,,,,1.5600,,,-0.4000,,,,,,,,,,,,,,,
2016-07-20,,,,,,,1.5900,,,-0.4000,,,,,,,,,,,,,,,
2016-07-21,,,,,,,1.5700,,,-0.4000,,,,,,,,,,,,,,,
2016-07-22,,,,,,,1.5700,,,-0.4000,,,,,,,,,,,,,,,
2016-07-23,,,,,,,,,,-0.4000,,,,,,,,,,,,,,,
2016-07-24,,,,,,,,,,-0.4000,,,,,,,,,,,,,,,
2016-07-25,,,,,,,1.5800,,,-0.4000,,,,,,,,,,,,,,,
2016-07-26,,,,,,,1.5700,,,-0.4000,,,,,,,,,,,,,,,
2016-07-27,,,,,,,1.5200,,,-0.4000,,,,,,,,,,,,,,,
2016-07-28,,,,,,,1.5200,,,-0.4000,,,,,,,,,,,,,,,
2016-07-29,,,,,,,1.4600,,,-0.4000,,,,,,,,,,,,,,,
2016-07-30,,,,,,,,,,-0.4000,,,,,,,,,,,,,,,
2016-07-31,,,,,,,,,,-0.4000,,,,,,,,,,,,,,,
2016-08-01,240.5450,248.4230,98.4790,98.7030,4.9000,144661.0000,1.5100,98.8500,77.9700,-0.4000,10.0000,,0.2500,4.8000,0.3000,,,0.4000,,101.2000,101.8000,99.5435,78.3000,,0.0000
2016-08-02,,,,,,,1.5500,,,-0.4000,,,,,,,,,,,,,,,
2016-08-03,,,,,,,1.5500,,,-0.4000,,,,,,,,,,,,,,,
2016-08-04,,,,,,,1.5100,,,-0.4000,,,,,,,,,,,,,,,
2016-08-05,,,,,,,1.5900,,,-0.4000,,,,,,,,,,,,,,,
2016-08-06,,,,,,,,,,-0.4000,,,,,,,,,,,,,,,
2016-08-07,,,,,,,,,,-0.4000,,,,,,,,,,,,,,,
2016-08-08,,,,,,,1.5900,,,-0.4000,,,,,,,,,,,,,,,
2016-08-09,,,,,,,1.5500,,,-0.4000,,,,,,,,,,,,,,,
2016-08-10,,,,,,,1.5000,,,-0.4000,,,,,,,,,,,,,,,
2016-08-11,,,,,,,1.5700,,,-0.4000,,,,,,,,,,,,,,,
2016-08-12,,,,,,,1.5100,,,-0.4000,,,,,,,,,,,,,,,
2016-08-13,,,,,,,,,,-0.4000,,,,,,,,,,,,,,,
2016-08-14,,,,,,,,,,-0.4000,,,,,,,,,,,,,,,
2016-08-15,,,,,,,1.5500,,,-0.4000,,,,,,,,,,,,,,,
2016-08-16,,,,,,,1.5700,,,-0.4000,,,,,,,,,,,,,,,
2016-08-17,,,,,,,1.5600,,,-0.4000,,,,,,,,,,,,,,,
2016-08-18,,,,,,,1.5300,,,-0.4000,,,,,,,,,,,,,,,
2016-08-19,,,,,,,1.5800,,,-0.4000,,,,,,,,,,,,,,,
2016-08-20,,,,,,,,,,-0.4000,,,,,,,,,,,,,,,
2016-08-21,,,,,,,,,,-0.4000,,,,,,,,,,,,,,,
2016-08-22,,,,,,,1.5500,,,-0.4000,,,,,,,,,,,,,,,
2016-08-23,,,,,,,1.5500,,,-0.4000,,,,,,,,,,,,,,,
2016-08-24,,,,,,,1.5600,,,-0.4000,,,,,,,,,,,,,,,
2016-08-25,,,,,,,1.5800,,,-0.4000,,,,,,,,,,,,,,,
2016-08-26,,,,,,,1.6200,,,-0.4000,,,,,,,,,,,,,,,
2016-08-27,,,,,,,,,,-0.4000,,,,,,,,,,,,,,,
2016-08-28,,,,,,,,,,-0.4000,,,,,,,,,,,,,,,
2016-08-29,,,,,,,1.5700,,,-0.4000,,,,,,,,,,,,,,,
2016-08-30,,,,,,,1.5700,,,-0.4000,,,,,,,,,,,,,,,
2016-08-31,,,,,,,1.5800,,,-0.4000,,,,,,,,,,,,,,,
2016-09-01,241.1760,248.8420,98.6660,98.8340,5.0000,144967.0000,1.5700,98.7457,78.2700,-0.4000,9.9000,,0.2500,4.8000,0.3000,,,0.4000,,101.5000,102.1000,99.6041,78.6100,,0.2000
2016-09-02,,,,,,,1.6000,,,-0.4000,,,,,,,,,,,,,,,
2016-09-03,,,,,,,,,,-0.4000,,,,,,,,,,,,,,,
2016-09-04,,,,,,,,,,-0.4000,,,,,,,,,,,,,,,
2016-09-05,,,,,,,,,,-0.4000,,,,,,,,,,,,,,,
2016-09-06,,,,,,,1.5500,,,-0.4000,,,,,,,,,,,,,,,
2016-09-07,,,,,,,1.5400,,,-0.4000,,,,,,,,,,,,,,,
2016-09-08,,,,,,,1.6100,,,-0.4000,,,,,,,,,,,,,,,
2016-09-09,,,,,,,1.6700,,,-0.4000,,,,,,,,,,,,,,,
2016-09-10,,,,,,,,,,-0.4000,,,,,,,,,,,,,,,
2016-09-11,,,,,,,,,,-0.4000,,,,,,,,,,,,,,,
2016-09-12,,,,,,,1.6800,,,-0.4000,,,,,,,,,,,,,,,
2016-09-13,,,,,,,1.7300,,,-0.4000,,,,,,,,,,,,,,,
2016-09-14,,,,,,,1.7000,,,-0.4000,,,,,,,,,,,,,,,
2016-09-15,,,,,,,1.7100,,,-0.4000,,,,,,,,,,,,,,,
2016-09-16,,,,,,,1.7000,,,-0.4000,,,,,,,,,,,,,,,
2016-09-17,,,,,,,,,,-0.4000,,,,,,,,,,,,,,,
2016-09-18,,,,,,,,,,-0.4000,,,,,,,,,,,,,,,
2016-09-19,,,,,,,1.7000,,,-0.4000,,,,,,,,,,,,,,,
2016-09-20,,,,,,,1.6900,,,-0.4000,,,,,,,,,,,,,,,
2016-09-21,,,,,,,1.6600,,,-0.4000,,,,,,,,,,,,,,,
2016-09-22,,,,,,,1.6300,,,-0.4000,,,,,,,,,,,,,,,
2016-09-23,,,,,,,1.6200,,,-0.4000,,,,,,,,,,,,,,,
2016-09-24,,,,,,,,,,-0.4000,,,,,,,,,,,,,,,
2016-09-25,,,,,,,,,,-0.4000,,,,,,,,,,,,,,,
2016-09-26,,,,,,,1.5900,,,-0.4000,,,,,,,,,,,,,,,
2016-09-27,,,,,,,1.5600,,,-0.4000,,,,,,,,,,,,,,,
2016-09-28,,,,,,,1.5700,,,-0.4000,,,,,,,,,,,,,,,
2016-09-29,,,,,,,1.5600,,,-0.4000,,,,,,,,,,,,,,,
2016-09-30,,,,,,,1.6000,,,-0.4000,,,,,,,,,,,,,,,
2016-10-01,241.7410,249.1420,98.8680,98.9610,4.9000,145065.0000,,98.7611,78.4500,-0.4000,9.9000,2565944.3000,0.2500,4.8000,0.3000,567004.2000,176242.7000,0.4000,19304.3520,101.6000,102.2000,99.6557,78.7900,636392.0000,0.6000
2016-10-02,,,,,,,,,,-0.4000,,,,,,,,,,,,,,,
2016-10-03,,,,,,,1.6300,,,-0.4000,,,,,,,,,,,,,,,
2016-10-04,,,,,,,1.6900,,,-0.4000,,,,,,,,,,,,,,,
2016-10-05,,,,,,,1.7200,,,-0.4000,,,,,,,,,,,,,,,
2016-10-06,,,,,,,1.7500,,,-0.4000,,,,,,,,,,,,,,,
2016-10-07,,,,,,,1.7300,,,-0.4000,,,,,,,,,,,,,,,
2016-10-08,,,,,,,,,,-0.4000,,,,,,,,,,,,,,,
2016-10-09,,,,,,,,,,-0.4000,,,,,,,,,,,,,,,
2016-10-10,,,,,,,,,,-0.4000,,,,,,,,,,,,,,,
2016-10-11,,,,,,,1.7700,,,-0.4000,,,,,,,,,,,,,,,
2016-10-12,,,,,,,1.7900,,,-0.4000,,,,,,,,,,,,,,,
2016-10-13,,,,,,,1.7500,,,-0.4000,,,,,,,,,,,,,,,
2016-10-14,,,,,,,1.8000,,,-0.4000,,,,,,,,,,,,,,,
2016-10-15,,,,,,,,,,-0.4000,,,,,,,,,,,,,,,
2016-10-16,,,,,,,,,,-0.4000,,,,,,,,,,,,,,,
2016-10-17,,,,,,,1.7700,,,-0.4000,,,,,,,,,,,,,,,
2016-10-18,,,,,,,1.7500,,,-0.4000,,,,,,,,,,,,,,,
2016-10-19,,,,,,,1.7600,,,-0.4000,,,,,,,,,,,,,,,
2016-10-20,,,,,,,1.7600,,,-0.4000,,,,,,,,,,,,,,,
2016-10-21,,,,,,,1.7400,,,-0.4000,,,,,,,,,,,,,,,
2016-10-22,,,,,,,,,,-0.4000,,,,,,,,,,,,,,,
2016-10-23,,,,,,,,,,-0.4000,,,,,,,,,,,,,,,
2016-10-24,,,,,,,1.7700,,,-0.4000,,,,,,,,,,,,,,,
2016-10-25,,,,,,,1.7700,,,-0.4000,,,,,,,,,,,,,,,
2016-10-26,,,,,,,1.7900,,,-0.4000,,,,,,,,,,,,,,,
2016-10-27,,,,,,,1.8500,,,-0.4000,,,,,,,,,,,,,,,
2016-10-28,,,,,,,1.8600,,,-0.4000,,,,,,,,,,,,,,,
2016-10-29,,,,,,,,,,-0.4000,,,,,,,,,,,,,,,
2016-10-30,,,,,,,,,,-0.4000,,,,,,,,,,,,,,,
2016-10-31,,,,,,,1.8400,,,-0.4000,,,,,,,,,,,,,,,
2016-11-01,242.0260,249.4810,98.9010,99.0050,4.7000,145183.0000,1.8300,98.3491,78.1700,-0.4000,9.9000,,0.2500,4.7000,0.3000,,,0.4100,,101.8000,102.4000,99.4587,78.5100,,0.0000
2016-11-02,,,,,,,1.8100,,,-0.4000,,,,,,,,,,,,,,,
2016-11-03,,,,,,,1.8200,,,-0.4000,,,,,,,,,,,,,,,
2016-11-04,,,,,,,1.7900,,,-0.4000,,,,,,,,,,,,,,,
2016-11-05,,,,,,,,,,-0.4000,,,,,,,,,,,,,,,
2016-11-06,,,,,,,,,,-0.4000,,,,,,,,,,,,,,,
2016-11-07,,,,,,,1.8300,,,-0.4000,,,,,,,,,,,,,,,
2016-11-08,,,,,,,1.8800,,,-0.4000,,,,,,,,,,,,,,,
2016-11-09,,,,,,,2.0700,,,-0.4000,,,,,,,,,,,,,,,
2016-11-10,,,,,,,2.1500,,,-0.4000,,,,,,,,,,,,,,,
2016-11-11,,,,,,,,,,-0.4000,,,,,,,,,,,,,,,
2016-11-12,,,,,,,,,,-0.4000,,,,,,,,,,,,,,,
2016-11-13,,,,,,,,,,-0.4000,,,,,,,,,,,,,,,
2016-11-14,,,,,,,2.2300,,,-0.4000,,,,,,,,,,,,,,,
2016-11-15,,,,,,,2.2300,,,-0.4000,,,,,,,,,,,,,,,
2016-11-16,,,,,,,2.2200,,,-0.4000,,,,,,,,,,,,,,,
2016-11-17,,,,,,,2.2900,,,-0.4000,,,,,,,,,,,,,,,
2016-11-18,,,,,,,2.3400,,,-0.4000,,,,,,,,,,,,,,,
2016-11-19,,,,,,,,,,-0.4000,,,,,,,,,,,,,,,
2016-11-20,,,,,,,,,,-0.4000,,,,,,,,,,,,,,,
2016-11-21,,,,,,,2.3300,,,-0.4000,,,,,,,,,,,,,,,
2016-11-22,,,,,,,2.3100,,,-0.4000,,,,,,,,,,,,,,,
2016-11-23,,,,,,,2.3600,,,-0.4000,,,,,,,,,,,,,,,
2016-11-24,,,,,,,,,,-0.4000,,,,,,,,,,,,,,,
2016-11-25,,,,,,,2.3600,,,-0.4000,,,,,,,,,,,,,,,
2016-11-26,,,,,,,,,,-0.4000,,,,,,,,,,,,,,,
2016-11-27,,,,,,,,,,-0.4000,,,,,,,,,,,,,,,
2016-11-28,,,,,,,2.3200,,,-0.4000,,,,,,,,,,,,,,,
2016-11-29,,,,,,,2.3000,,,-0.4000,,,,,,,,,,,,,,,
2016-11-30,,,,,,,2.3700,,,-0.4000,,,,,,,,,,,,,,,
2016-12-01,242.6370,249.9200,99.0710,99.1200,4.7000,145408.0000,2.4500,99.0214,78.5800,-0.4000,9.7000,,0.2500,4.7000,0.3000,,,0.5400,,102.2000,102.8000,99.3795,78.9300,,-0.2000
2016-12-02,,,,,,,2.4000,,,-0.4000,,,,,,,,,,,,,,,
2016-12-03,,,,,,,,,,-0.4000,,,,,,,,,,,,,,,
2016-12-04,,,,,,,,,,-0.4000,,,,,,,,,,,,,,,
2016-12-05,,,,,,,2.3900,,,-0.4000,,,,,,,,,,,,,,,
2016-12-06,,,,,,,2.3900,,,-0.4000,,,,,,,,,,,,,,,
2016-12-07,,,,,,,2.3400,,,-0.4000,,,,,,,,,,,,,,,
2016-12-08,,,,,,,2.4000,,,-0.4000,,,,,,,,,,,,,,,
2016-12-09,,,,,,,2.4700,,,-0.4000,,,,,,,,,,,,,,,
2016-12-10,,,,,,,,,,-0.4000,,,,,,,,,,,,,,,
2016-12-11,,,,,,,,,,-0.4000,,,,,,,,,,,,,,,
2016-12-12,,,,,,,2.4900,,,-0.4000,,,,,,,,,,,,,,,
2016-12-13,,,,,,,2.4800,,,-0.4000,,,,,,,,,,,,,,,
2016-12-14,,,,,,,2.5400,,,-0.4000,,,,,,,,,,,,,,,
2016-12-15,,,,,,,2.6000,,,-0.4000,,,,,,,,,,,,,,,
2016-12-16,,,,,,,2.6000,,,-0.4000,,,,,,,,,,,,,,,
2016-12-17,,,,,,,,,,-0.4000,,,,,,,,,,,,,,,
2016-12-18,,,,,,,,,,-0.4000,,,,,,,,,,,,,,,
2016-12-19,,,,,,,2.5400,,,-0.4000,,,,,,,,,,,,,,,
2016-12-20,,,,,,,2.5700,,,-0.4000,,,,,,,,,,,,,,,
2016-12-21,,,,,,,2.5500,,,-0.4000,,,,,,,,,,,,,,,
2016-12-22,,,,,,,2.5500,,,-0.4000,,,,,,,,,,,,,,,
2016-12-23,,,,,,,2.5500,,,-0.4000,,,,,,,,,,,,,,,
2016-12-24,,,,,,,,,,-0.4000,,,,,,,,,,,,,,,
2016-12-25,,,,,,,,,,-0.4000,,,,,,,,,,,,,,,
2016-12-26,,,,,,,,,,-0.4000,,,,,,,,,,,,,,,
2016-12-27,,,,,,,2.5700,,,-0.4000,,,,,,,,,,,,,,,
2016-12-28,,,,,,,2.5100,,,-0.4000,,,,,,,,,,,,,,,
2016-12-29,,,,,,,2.4900,,,-0.4000,,,,,,,,,,,,,,,
2016-12-30,,,,,,,2.4500,,,-0.4000,,,,,,,,,,,,,,,
2016-12-31,,,,,,,,,,-0.4000,,,,,,,,,,,,,,,
2017-01-01,243.6180,250.4670,99.4510,99.3850,4.7000,145628.0000,,98.7611,77.9100,-0.4000,9.7000,2586665.9000,0.2500,4.6000,0.3000,571123.8000,176838.8000,0.6500,19398.3430,101.8000,102.1000,99.3456,78.2300,642463.0000,-0.2000
2017-01-02,,,,,,,,,,-0.4000,,,,,,,,,,,,,,,
2017-01-03,,,,,,,2.4500,,,-0.4000,,,,,,,,,,,,,,,
2017-01-04,,,,,,,2.4600,,,-0.4000,,,,,,,,,,,,,,,
2017-01-05,,,,,,,2.3700,,,-0.4000,,,,,,,,,,,,,,,
2017-01-06,,,,,,,2.4200,,,-0.4000,,,,,,,,,,,,,,,
2017-01-07,,,,,,,,,,-0.4000,,,,,,,,,,,,,,,
2017-01-08,,,,,,,,,,-0.4000,,,,,,,,,,,,,,,
2017-01-09,,,,,,,2.3800,,,-0.4000,,,,,,,,,,,,,,,
2017-01-10,,,,,,,2.3800,,,-0.4000,,,,,,,,,,,,,,,
2017-01-11,,,,,,,2.3800,,,-0.4000,,,,,,,,,,,,,,,
2017-01-12,,,,,,,2.3600,,,-0.4000,,,,,,,,,,,,,,,
2017-01-13,,,,,,,2.4000,,,-0.4000,,,,,,,,,,,,,,,
2017-01-14,,,,,,,,,,-0.4000,,,,,,,,,,,,,,,
2017-01-15,,,,,,,,,,-0.4000,,,,,,,,,,,,,,,
2017-01-16,,,,,,,,,,-0.4000,,,,,,,,,,,,,,,
2017-01-17,,,,,,,2.3300,,,-0.4000,,,,,,,,,,,,,,,
2017-01-18,,,,,,,2.4200,,,-0.4000,,,,,,,,,,,,,,,
2017-01-19,,,,,,,2.4700,,,-0.4000,,,,,,,,,,,,,,,
2017-01-20,,,,,,,2.4800,,,-0.4000,,,,,,,,,,,,,,,
2017-01-21,,,,,,,,,,-0.4000,,,,,,,,,,,,,,,
2017-01-22,,,,,,,,,,-0.4000,,,,,,,,,,,,,,,
2017-01-23,,,,,,,2.4100,,,-0.4000,,,,,,,,,,,,,,,
2017-01-24,,,,,,,2.4700,,,-0.4000,,,,,,,,,,,,,,,
2017-01-25,,,,,,,2.5300,,,-0.4000,,,,,,,,,,,,,,,
2017-01-26,,,,,,,2.5100,,,-0.4000,,,,,,,,,,,,,,,
2017-01-27,,,,,,,2.4900,,,-0.4000,,,,,,,,,,,,,,,
2017-01-28,,,,,,,,,,-0.4000,,,,,,,,,,,,,,,
2017-01-29,,,,,,,,,,-0.4000,,,,,,,,,,,,,,,
2017-01-30,,,,,,,2.4900,,,-0.4000,,,,,,,,,,,,,,,
2017-01-31,,,,,,,2.4500,,,-0.4000,,,,,,,,,,,,,,,
2017-02-01,244.0060,250.9980,99.5860,99.5610,4.6000,145846.0000,2.4800,98.3646,78.2100,-0.4000,9.6000,,,4.6000,0.3000,,,0.6600,,102.4000,102.7000,99.8246,78.5400,,-0.1000
2017-02-02,,,,,,,2.4800,,,-0.4000,,,,,,,,,,,,,,,
2017-02-03,,,,,,,2.4900,,,-0.4000,,,,,,,,,,,,,,,
2017-02-04,,,,,,,,,,-0.4000,,,,,,,,,,,,,,,
2017-02-05,,,,,,,,,,-0.4000,,,,,,,,,,,,,,,
2017-02-06,,,,,,,2.4200,,,-0.4000,,,,,,,,,,,,,,,
2017-02-07,,,,,,,2.4000,,,-0.4000,,,,,,,,,,,,,,,
2017-02-08,,,,,,,2.3400,,,-0.4000,,,,,,,,,,,,,,,
2017-02-09,,,,,,,2.4000,,,-0.4000,,,,,,,,,,,,,,,
2017-02-10,,,,,,,2.4100,,,-0.4000,,,,,,,,,,,,,,,
2017-02-11,,,,,,,,,,-0.4000,,,,,,,,,,,,,,,
2017-02-12,,,,,,,,,,-0.4000,,,,,,,,,,,,,,,
2017-02-13,,,,,,,2.4300,,,-0.4000,,,,,,,,,,,,,,,
2017-02-14,,,,,,,2.4700,,,-0.4000,,,,,,,,,,,,,,,
2017-02-15,,,,,,,2.5100,,,-0.4000,,,,,,,,,,,,,,,
2017-02-16,,,,,,,2.4500,,,-0.4000,,,,,,,,,,,,,,,
2017-02-17,,,,,,,2.4200,,,-0.4000,,,,,,,,,,,,,,,
2017-02-18,,,,,,,,,,-0.4000,,,,,,,,,,,,,,,
2017-02-19,,,,,,,,,,-0.4000,,,,,,,,,,,,,,,
2017-02-20,,,,,,,,,,-0.4000,,,,,,,,,,,,,,,
2017-02-21,,,,,,,2.4300,,,-0.4000,,,,,,,,,,,,,,,
2017-02-22,,,,,,,2.4200,,,-0.4000,,,,,,,,,,,,,,,
2017-02-23,,,,,,,2.3800,,,-0.4000,,,,,,,,,,,,,,,
2017-02-24,,,,,,,2.3100,,,-0.4000,,,,,,,,,,,,,,,
2017-02-25,,,,,,,,,,-0.4000,,,,,,,,,,,,,,,
2017-02-26,,,,,,,,,,-0.4000,,,,,,,,,,,,,,,
2017-02-27,,,,,,,2.3600,,,-0.4000,,,,,,,,,,,,,,,
2017-02-28,,,,,,,2.3600,,,-0.4000,,,,,,,,,,,,,,,
2017-03-01,243.8920,250.9440,99.5350,99.5190,4.4000,145970.0000,2.4600,99.0137,78.8700,-0.4000,9.5000,,,4.5000,0.3000,,,0.7900,,102.7000,103.0000,100.0399,79.2000,,0.1000
2017-03-02,,,,,,,2.4900,,,-0.4000,,,,,,,,,,,,,,,
2017-03-03,,,,,,,2.4900,,,-0.4000,,,,,,,,,,,,,,,
2017-03-04,,,,,,,,,,-0.4000,,,,,,,,,,,,,,,
2017-03-05,,,,,,,,,,-0.4000,,,,,,,,,,,,,,,
2017-03-06,,,,,,,2.4900,,,-0.4000,,,,,,,,,,,,,,,
2017-03-07,,,,,,,2.5200,,,-0.4000,,,,,,,,,,,,,,,
2017-03-08,,,,,,,2.5700,,,-0.4000,,,,,,,,,,,,,,,
2017-03-09,,,,,,,2.6000,,,-0.4000,,,,,,,,,,,,,,,
2017-03-10,,,,,,,2.5800,,,-0.4000,,,,,,,,,,,,,,,
2017-03-11,,,,,,,,,,-0.4000,,,,,,,,,,,,,,,
2017-03-12,,,,,,,,,,-0.4000,,,,,,,,,,,,,,,
2017-03-13,,,,,,,2.6200,,,-0.4000,,,,,,,,,,,,,,,
2017-03-14,,,,,,,2.6000,,,-0.4000,,,,,,,,,,,,,,,
2017-03-15,,,,,,,2.5100,,,-0.4000,,,,,,,,,,,,,,,
2017-03-16,,,,,,,2.5300,,,-0.4000,,,,,,,,,,,,,,,
2017-03-17,,,,,,,2.5000,,,-0.4000,,,,,,,,,,,,,,,
2017-03-18,,,,,,,,,,-0.4000,,,,,,,,,,,,,,,
2017-03-19,,,,,,,,,,-0.4000,,,,,,,,,,,,,,,
2017-03-20,,,,,,,2.4700,,,-0.4000,,,,,,,,,,,,,,,
2017-03-21,,,,,,,2.4300,,,-0.4000,,,,,,,,,,,,,,,
2017-03-22,,,,,,,2.4000,,,-0.4000,,,,,,,,,,,,,,,
2017-03-23,,,,,,,2.4100,,,-0.4000,,,,,,,,,,,,,,,
2017-03-24,,,,,,,2.4000,,,-0.4000,,,,,,,,,,,,,,,
2017-03-25,,,,,,,,,,-0.4000,,,,,,,,,,,,,,,
2017-03-26,,,,,,,,,,-0.4000,,,,,,,,,,,,,,,
2017-03-27,,,,,,,2.3800,,,-0.4000,,,,,,,,,,,,,,,
2017-03-28,,,,,,,2.4200,,,-0.4000,,,,,,,,,,,,,,,
2017-03-29,,,,,,,2.3900,,,-0.4000,,,,,,,,,,,,,,,
2017-03-30,,,,,,,2.4200,,,-0.4000,,,,,,,,,,,,,,,
2017-03-31,,,,,,,2.4000,,,-0.4000,,,,,,,,,,,,,,,
2017-04-01,244.1930,251.2270,99.7250,99.7230,4.4000,146175.0000,,100.0224,79.3100,-0.4000,9.3000,2603846.0000,,4.4000,0.3000,572968.9000,177647.6000,0.9000,19506.9490,103.2000,103.6000,100.2411,79.6400,647944.0000,0.4000
2017-04-02,,,,,,,,,,-0.4000,,,,,,,,,,,,,,,
2017-04-03,,,,,,,2.3500,,,-0.4000,,,,,,,,,,,,,,,
2017-04-04,,,,,,,2.3600,,,-0.4000,,,,,,,,,,,,,,,
2017-04-05,,,,,,,2.3400,,,-0.4000,,,,,,,,,,,,,,,
2017-04-06,,,,,,,2.3400,,,-0.4000,,,,,,,,,,,,,,,
2017-04-07,,,,,,,2.3800,,,-0.4000,,,,,,,,,,,,,,,
2017-04-08,,,,,,,,,,-0.4000,,,,,,,,,,,,,,,
2017-04-09,,,,,,,,,,-0.4000,,,,,,,,,,,,,,,
2017-04-10,,,,,,,2.3700,,,-0.4000,,,,,,,,,,,,,,,
2017-04-11,,,,,,,2.3200,,,-0.4000,,,,,,,,,,,,,,,
2017-04-12,,,,,,,2.2800,,,-0.4000,,,,,,,,,,,,,,,
2017-04-13,,,,,,,2.2400,,,-0.4000,,,,,,,,,,,,,,,
2017-04-14,,,,,,,,,,-0.4000,,,,,,,,,,,,,,,
2017-04-15,,,,,,,,,,-0.4000,,,,,,,,,,,,,,,
2017-04-16,,,,,,,,,,-0.4000,,,,,,,,,,,,,,,
2017-04-17,,,,,,,2.2600,,,-0.4000,,,,,,,,,,,,,,,
2017-04-18,,,,,,,2.1800,,,-0.4000,,,,,,,,,,,,,,,
2017-04-19,,,,,,,2.2100,,,-0.4000,,,,,,,,,,,,,,,
2017-04-20,,,,,,,2.2400,,,-0.4000,,,,,,,,,,,,,,,
2017-04-21,,,,,,,2.2400,,,-0.4000,,,,,,,,,,,,,,,
2017-04-22,,,,,,,,,,-0.4000,,,,,,,,,,,,,,,
2017-04-23,,,,,,,,,,-0.4000,,,,,,,,,,,,,,,
2017-04-24,,,,,,,2.2800,,,-0.4000,,,,,,,,,,,,,,,
2017-04-25,,,,,,,2.3500,,,-0.4000,,,,,,,,,,,,,,,
2017-04-26,,,,,,,2.3200,,,-0.4000,,,,,,,,,,,,,,,
2017-04-27,,,,,,,2.3000,,,-0.4000,,,,,,,,,,,,,,,
2017-04-28,,,,,,,2.2900,,,-0.4000,,,,,,,,,,,,,,,
2017-04-29,,,,,,,,,,-0.4000,,,,,,,,,,,,,,,
2017-04-30,,,,,,,,,,-0.4000,,,,,,,,,,,,,,,
2017-05-01,244.0040,251.4300,99.6820,99.8030,4.4000,146380.0000,2.3300,100.1408,79.2500,-0.4000,9.3000,,,4.4000,0.3000,,,0.9100,,103.5000,103.9000,100.4274,79.5700,,0.1000
2017-05-02,,,,,,,2.2900,,,-0.4000,,,,,,,,,,,,,,,
2017-05-03,,,,,,,2.3300,,,-0.4000,,,,,,,,,,,,,,,
2017-05-04,,,,,,,2.3600,,,-0.4000,,,,,,,,,,,,,,,
2017-05-05,,,,,,,2.3600,,,-0.4000,,,,,,,,,,,,,,,
2017-05-06,,,,,,,,,,-0.4000,,,,,,,,,,,,,,,
2017-05-07,,,,,,,,,,-0.4000,,,,,,,,,,,,,,,
2017-05-08,,,,,,,2.3900,,,-0.4000,,,,,,,,,,,,,,,
2017-05-09,,,,,,,2.4200,,,-0.4000,,,,,,,,,,,,,,,
2017-05-10,,,,,,,2.4100,,,-0.4000,,,,,,,,,,,,,,,
2017-05-11,,,,,,,2.3900,,,-0.4000,,,,,,,,,,,,,,,
2017-05-12,,,,,,,2.3300,,,-0.4000,,,,,,,,,,,,,,,
2017-05-13,,,,,,,,,,-0.4000,,,,,,,,,,,,,,,
2017-05-14,,,,,,,,,,-0.4000,,,,,,,,,,,,,,,
2017-05-15,,,,,,,2.3400,,,-0.4000,,,,,,,,,,,,,,,
2017-05-16,,,,,,,2.3300,,,-0.4000,,,,,,,,,,,,,,,
2017-05-17,,,,,,,2.2200,,,-0.4000,,,,,,,,,,,,,,,
2017-05-18,,,,,,,2.2300,,,-0.4000,,,,,,,,,,,,,,,
2017-05-19,,,,,,,2.2300,,,-0.4000,,,,,,,,,,,,,,,
2017-05-20,,,,,,,,,,-0.4000,,,,,,,,,,,,,,,
2017-05-21,,,,,,,,,,-0.4000,,,,,,,,,,,,,,,
2017-05-22,,,,,,,2.2500,,,-0.4000,,,,,,,,,,,,,,,
2017-05-23,,,,,,,2.2900,,,-0.4000,,,,,,,,,,,,,,,
2017-05-24,,,,,,,2.2600,,,-0.4000,,,,,,,,,,,,,,,
2017-05-25,,,,,,,2.2500,,,-0.4000,,,,,,,,,,,,,,,
2017-05-26,,,,,,,2.2500,,,-0.4000,,,,,,,,,,,,,,,
2017-05-27,,,,,,,,,,-0.4000,,,,,,,,,,,,,,,
2017-05-28,,,,,,,,,,-0.4000,,,,,,,,,,,,,,,
2017-05-29,,,,,,,,,,-0.4000,,,,,,,,,,,,,,,
2017-05-30,,,,,,,2.2100,,,-0.4000,,,,,,,,,,,,,,,
2017-05-31,,,,,,,2.2100,,,-0.4000,,,,,,,,,,,,,,,
2017-06-01,244.1630,251.7460,99.7660,99.9370,4.3000,146583.0000,2.2100,100.3471,79.3200,-0.4000,9.1000,,,4.3000,0.3000,,,1.0400,,103.5000,104.0000,100.2852,79.6400,,-0.1000
2017-06-02,,,,,,,2.1500,,,-0.4000,,,,,,,,,,,,,,,
2017-06-03,,,,,,,,,,-0.4000,,,,,,,,,,,,,,,
2017-06-04,,,,,,,,,,-0.4000,,,,,,,,,,,,,,,
2017-06-05,,,,,,,2.1800,,,-0.4000,,,,,,,,,,,,,,,
2017-06-06,,,,,,,2.1400,,,-0.4000,,,,,,,,,,,,,,,
2017-06-07,,,,,,,2.1800,,,-0.4000,,,,,,,,,,,,,,,
2017-06-08,,,,,,,2.1900,,,-0.4000,,,,,,,,,,,,,,,
2017-06-09,,,,,,,2.2100,,,-0.4000,,,,,,,,,,,,,,,
2017-06-10,,,,,,,,,,-0.4000,,,,,,,,,,,,,,,
2017-06-11,,,,,,,,,,-0.4000,,,,,,,,,,,,,,,
2017-06-12,,,,,,,2.2100,,,-0.4000,,,,,,,,,,,,,,,
2017-06-13,,,,,,,2.2100,,,-0.4000,,,,,,,,,,,,,,,
2017-06-14,,,,,,,2.1500,,,-0.4000,,,,,,,,,,,,,,,
2017-06-15,,,,,,,2.1600,,,-0.4000,,,,,,,,,,,,,,,
2017-06-16,,,,,,,2.1600,,,-0.4000,,,,,,,,,,,,,,,
2017-06-17,,,,,,,,,,-0.4000,,,,,,,,,,,,,,,
2017-06-18,,,,,,,,,,-0.4000,,,,,,,,,,,,,,,
2017-06-19,,,,,,,2.1900,,,-0.4000,,,,,,,,,,,,,,,
2017-06-20,,,,,,,2.1600,,,-0.4000,,,,,,,,,,,,,,,
2017-06-21,,,,,,,2.1600,,,-0.4000,,,,,,,,,,,,,,,
2017-06-22,,,,,,,2.1500,,,-0.4000,,,,,,,,,,,,,,,
2017-06-23,,,,,,,2.1500,,,-0.4000,,,,,,,,,,,,,,,
2017-06-24,,,,,,,,,,-0.4000,,,,,,,,,,,,,,,
2017-06-25,,,,,,,,,,-0.4000,,,,,,,,,,,,,,,
2017-06-26,,,,,,,2.1400,,,-0.4000,,,,,,,,,,,,,,,
2017-06-27,,,,,,,2.2100,,,-0.4000,,,,,,,,,,,,,,,
2017-06-28,,,,,,,2.2200,,,-0.4000,,,,,,,,,,,,,,,
2017-06-29,,,,,,,2.2700,,,-0.4000,,,,,,,,,,,,,,,
2017-06-30,,,,,,,2.3100,,,-0.4000,,,,,,,,,,,,,,,
2017-07-01,244.2430,251.9850,99.8030,100.0100,4.3000,146772.0000,,100.1068,78.9600,-0.4000,9.1000,2622871.1000,,4.3000,0.3000,579488.5000,179069.8000,1.1500,19660.7660,103.5000,103.9000,99.9718,79.2700,652329.0000,-0.2000
2017-07-02,,,,,,,,,,-0.4000,,,,,,,,,,,,,,,
2017-07-03,,,,,,,2.3500,,,-0.4000,,,,,,,,,,,,,,,
2017-07-04,,,,,,,,,,-0.4000,,,,,,,,,,,,,,,
2017-07-05,,,,,,,2.3300,,,-0.4000,,,,,,,,,,,,,,,
2017-07-06,,,,,,,2.3700,,,-0.4000,,,,,,,,,,,,,,,
2017-07-07,,,,,,,2.3900,,,-0.4000,,,,,,,,,,,,,,,
2017-07-08,,,,,,,,,,-0.4000,,,,,,,,,,,,,,,
2017-07-09,,,,,,,,,,-0.4000,,,,,,,,,,,,,,,
2017-07-10,,,,,,,2.3800,,,-0.4000,,,,,,,,,,,,,,,
2017-07-11,,,,,,,2.3700,,,-0.4000,,,,,,,,,,,,,,,
2017-07-12,,,,,,,2.3300,,,-0.4000,,,,,,,,,,,,,,,
2017-07-13,,,,,,,2.3500,,,-0.4000,,,,,,,,,,,,,,,
2017-07-14,,,,,,,2.3300,,,-0.4000,,,,,,,,,,,,,,,
2017-07-15,,,,,,,,,,-0.4000,,,,,,,,,,,,,,,
2017-07-16,,,,,,,,,,-0.4000,,,,,,,,,,,,,,,
2017-07-17,,,,,,,2.3100,,,-0.4000,,,,,,,,,,,,,,,
2017-07-18,,,,,,,2.2700,,,-0.4000,,,,,,,,,,,,,,,
2017-07-19,,,,,,,2.2700,,,-0.4000,,,,,,,,,,,,,,,
2017-07-20,,,,,,,2.2700,,,-0.4000,,,,,,,,,,,,,,,
2017-07-21,,,,,,,2.2400,,,-0.4000,,,,,,,,,,,,,,,
2017-07-22,,,,,,,,,,-0.4000,,,,,,,,,,,,,,,
2017-07-23,,,,,,,,,,-0.4000,,,,,,,,,,,,,,,
2017-07-24,,,,,,,2.2600,,,-0.4000,,,,,,,,,,,,,,,
2017-07-25,,,,,,,2.3300,,,-0.4000,,,,,,,,,,,,,,,
2017-07-26,,,,,,,2.2900,,,-0.4000,,,,,,,,,,,,,,,
2017-07-27,,,,,,,2.3200,,,-0.4000,,,,,,,,,,,,,,,
2017-07-28,,,,,,,2.3000,,,-0.4000,,,,,,,,,,,,,,,
2017-07-29,,,,,,,,,,-0.4000,,,,,,,,,,,,,,,
2017-07-30,,,,,,,,,,-0.4000,,,,,,,,,,,,,,,
2017-07-31,,,,,,,2.3000,,,-0.4000,,,,,,,,,,,,,,,
2017-08-01,245.1830,252.5350,100.0270,100.1180,4.4000,146919.0000,2.2600,99.6925,79.1700,-0.4000,9.0000,,,4.3000,0.3000,,,1.1600,,104.0000,104.5000,100.0041,79.4800,,0.2000
2017-08-02,,,,,,,2.2700,,,-0.4000,,,,,,,,,,,,,,,
2017-08-03,,,,,,,2.2400,,,-0.4000,,,,,,,,,,,,,,,
2017-08-04,,,,,,,2.2700,,,-0.4000,,,,,,,,,,,,,,,
2017-08-05,,,,,,,,,,-0.4000,,,,,,,,,,,,,,,
2017-08-06,,,,,,,,,,-0.4000,,,,,,,,,,,,,,,
2017-08-07,,,,,,,2.2600,,,-0.4000,,,,,,,,,,,,,,,
2017-08-08,,,,,,,2.2900,,,-0.4000,,,,,,,,,,,,,,,
2017-08-09,,,,,,,2.2400,,,-0.4000,,,,,,,,,,,,,,,
2017-08-10,,,,,,,2.2000,,,-0.4000,,,,,,,,,,,,,,,
2017-08-11,,,,,,,2.1900,,,-0.4000,,,,,,,,,,,,,,,
2017-08-12,,,,,,,,,,-0.4000,,,,,,,,,,,,,,,
2017-08-13,,,,,,,,,,-0.4000,,,,,,,,,,,,,,,
2017-08-14,,,,,,,2.2200,,,-0.4000,,,,,,,,,,,,,,,
2017-08-15,,,,,,,2.2700,,,-0.4000,,,,,,,,,,,,,,,
2017-08-16,,,,,,,2.2300,,,-0.4000,,,,,,,,,,,,,,,
2017-08-17,,,,,,,2.1900,,,-0.4000,,,,,,,,,,,,,,,
2017-08-18,,,,,,,2.1900,,,-0.4000,,,,,,,,,,,,,,,
2017-08-19,,,,,,,,,,-0.4000,,,,,,,,,,,,,,,
2017-08-20,,,,,,,,,,-0.4000,,,,,,,,,,,,,,,
2017-08-21,,,,,,,2.1800,,,-0.4000,,,,,,,,,,,,,,,
2017-08-22,,,,,,,2.2200,,,-0.4000,,,,,,,,,,,,,,,
2017-08-23,,,,,,,2.1700,,,-0.4000,,,,,,,,,,,,,,,
2017-08-24,,,,,,,2.1900,,,-0.4000,,,,,,,,,,,,,,,
2017-08-25,,,,,,,2.1700,,,-0.4000,,,,,,,,,,,,,,,
2017-08-26,,,,,,,,,,-0.4000,,,,,,,,,,,,,,,
2017-08-27,,,,,,,,,,-0.4000,,,,,,,,,,,,,,,
2017-08-28,,,,,,,2.1600,,,-0.4000,,,,,,,,,,,,,,,
2017-08-29,,,,,,,2.1300,,,-0.4000,,,,,,,,,,,,,,,
2017-08-30,,,,,,,2.1500,,,-0.4000,,,,,,,,,,,,,,,
2017-08-31,,,,,,,2.1200,,,-0.4000,,,,,,,,,,,,,,,
2017-09-01,246.4350,252.8120,100.4000,100.2400,4.3000,147008.0000,2.1600,99.7954,79.4900,-0.4000,8.9000,,,4.2000,0.3000,,,1.1500,,104.3000,104.7000,100.2535,79.8000,,0.2000
2017-09-02,,,,,,,,,,-0.4000,,,,,,,,,,,,,,,
2017-09-03,,,,,,,,,,-0.4000,,,,,,,,,,,,,,,
2017-09-04,,,,,,,,,,-0.4000,,,,,,,,,,,,,,,
2017-09-05,,,,,,,2.0700,,,-0.4000,,,,,,,,,,,,,,,
2017-09-06,,,,,,,2.1000,,,-0.4000,,,,,,,,,,,,,,,
2017-09-07,,,,,,,2.0500,,,-0.4000,,,,,,,,,,,,,,,
2017-09-08,,,,,,,2.0600,,,-0.4000,,,,,,,,,,,,,,,
2017-09-09,,,,,,,,,,-0.4000,,,,,,,,,,,,,,,
2017-09-10,,,,,,,,,,-0.4000,,,,,,,,,,,,,,,
2017-09-11,,,,,,,2.1400,,,-0.4000,,,,,,,,,,,,,,,
2017-09-12,,,,,,,2.1700,,,-0.4000,,,,,,,,,,,,,,,
2017-09-13,,,,,,,2.2000,,,-0.4000,,,,,,,,,,,,,,,
2017-09-14,,,,,,,2.2000,,,-0.4000,,,,,,,,,,,,,,,
2017-09-15,,,,,,,2.2000,,,-0.4000,,,,,,,,,,,,,,,
2017-09-16,,,,,,,,,,-0.4000,,,,,,,,,,,,,,,
2017-09-17,,,,,,,,,,-0.4000,,,,,,,,,,,,,,,
2017-09-18,,,,,,,2.2300,,,-0.4000,,,,,,,,,,,,,,,
2017-09-19,,,,,,,2.2400,,,-0.4000,,,,,,,,,,,,,,,
2017-09-20,,,,,,,2.2800,,,-0.4000,,,,,,,,,,,,,,,
2017-09-21,,,,,,,2.2700,,,-0.4000,,,,,,,,,,,,,,,
2017-09-22,,,,,,,2.2600,,,-0.4000,,,,,,,,,,,,,,,
2017-09-23,,,,,,,,,,-0.4000,,,,,,,,,,,,,,,
2017-09-24,,,,,,,,,,-0.4000,,,,,,,,,,,,,,,
2017-09-25,,,,,,,2.2200,,,-0.4000,,,,,,,,,,,,,,,
2017-09-26,,,,,,,2.2400,,,-0.4000,,,,,,,,,,,,,,,
2017-09-27,,,,,,,2.3100,,,-0.4000,,,,,,,,,,,,,,,
2017-09-28,,,,,,,2.3100,,,-0.4000,,,,,,,,,,,,,,,
2017-09-29,,,,,,,2.3300,,,-0.4000,,,,,,,,,,,,,,,
2017-09-30,,,,,,,,,,-0.4000,,,,,,,,,,,,,,,
2017-10-01,246.6260,253.5260,100.5310,100.4860,4.2000,147149.0000,,101.0247,79.5300,-0.4000,8.8000,2644289.1000,,4.3000,0.3000,580391.2000,180824.8000,1.1500,19882.3520,104.4000,104.7000,100.3144,79.8400,657225.0000,0.0000
2017-10-02,,,,,,,2.3400,,,-0.4000,,,,,,,,,,,,,,,
2017-10-03,,,,,,,2.3300,,,-0.4000,,,,,,,,,,,,,,,
2017-10-04,,,,,,,2.3300,,,-0.4000,,,,,,,,,,,,,,,
2017-10-05,,,,,,,2.3500,,,-0.4000,,,,,,,,,,,,,,,
2017-10-06,,,,,,,2.3700,,,-0.4000,,,,,,,,,,,,,,,
2017-10-07,,,,,,,,,,-0.4000,,,,,,,,,,,,,,,
2017-10-08,,,,,,,,,,-0.4000,,,,,,,,,,,,,,,
2017-10-09,,,,,,,,,,-0.4000,,,,,,,,,,,,,,,
2017-10-10,,,,,,,2.3500,,,-0.4000,,,,,,,,,,,,,,,
2017-10-11,,,,,,,2.3500,,,-0.4000,,,,,,,,,,,,,,,
2017-10-12,,,,,,,2.3300,,,-0.4000,,,,,,,,,,,,,,,
2017-10-13,,,,,,,2.2800,,,-0.4000,,,,,,,,,,,,,,,
2017-10-14,,,,,,,,,,-0.4000,,,,,,,,,,,,,,,
2017-10-15,,,,,,,,,,-0.4000,,,,,,,,,,,,,,,
2017-10-16,,,,,,,2.3000,,,-0.4000,,,,,,,,,,,,,,,
2017-10-17,,,,,,,2.3000,,,-0.4000,,,,,,,,,,,,,,,
2017-10-18,,,,,,,2.3400,,,-0.4000,,,,,,,,,,,,,,,
2017-10-19,,,,,,,2.3300,,,-0.4000,,,,,,,,,,,,,,,
2017-10-20,,,,,,,2.3900,,,-0.4000,,,,,,,,,,,,,,,
2017-10-21,,,,,,,,,,-0.4000,,,,,,,,,,,,,,,
2017-10-22,,,,,,,,,,-0.4000,,,,,,,,,,,,,,,
2017-10-23,,,,,,,2.3800,,,-0.4000,,,,,,,,,,,,,,,
2017-10-24,,,,,,,2.4200,,,-0.4000,,,,,,,,,,,,,,,
2017-10-25,,,,,,,2.4400,,,-0.4000,,,,,,,,,,,,,,,
2017-10-26,,,,,,,2.4600,,,-0.4000,,,,,,,,,,,,,,,
2017-10-27,,,,,,,2.4200,,,-0.4000,,,,,,,,,,,,,,,
2017-10-28,,,,,,,,,,-0.4000,,,,,,,,,,,,,,,
2017-10-29,,,,,,,,,,-0.4000,,,,,,,,,,,,,,,
2017-10-30,,,,,,,2.3700,,,-0.4000,,,,,,,,,,,,,,,
2017-10-31,,,,,,,2.3800,,,-0.4000,,,,,,,,,,,,,,,
2017-11-01,247.2840,253.8160,100.6750,100.5350,4.2000,147372.0000,2.3700,101.2664,79.3600,-0.4000,8.7000,,,4.4000,0.3000,,,1.1600,,104.7000,104.9000,100.2415,79.6700,,0.4000
2017-11-02,,,,,,,2.3500,,,-0.4000,,,,,,,,,,,,,,,
2017-11-03,,,,,,,2.3400,,,-0.4000,,,,,,,,,,,,,,,
2017-11-04,,,,,,,,,,-0.4000,,,,,,,,,,,,,,,
2017-11-05,,,,,,,,,,-0.4000,,,,,,,,,,,,,,,
2017-11-06,,,,,,,2.3200,,,-0.4000,,,,,,,,,,,,,,,
2017-11-07,,,,,,,2.3200,,,-0.4000,,,,,,,,,,,,,,,
2017-11-08,,,,,,,2.3200,,,-0.4000,,,,,,,,,,,,,,,
2017-11-09,,,,,,,2.3300,,,-0.4000,,,,,,,,,,,,,,,
2017-11-10,,,,,,,2.4000,,,-0.4000,,,,,,,,,,,,,,,
2017-11-11,,,,,,,,,,-0.4000,,,,,,,,,,,,,,,
2017-11-12,,,,,,,,,,-0.4000,,,,,,,,,,,,,,,
2017-11-13,,,,,,,2.4000,,,-0.4000,,,,,,,,,,,,,,,
2017-11-14,,,,,,,2.3800,,,-0.4000,,,,,,,,,,,,,,,
2017-11-15,,,,,,,2.3300,,,-0.4000,,,,,,,,,,,,,,,
2017-11-16,,,,,,,2.3700,,,-0.4000,,,,,,,,,,,,,,,
2017-11-17,,,,,,,2.3500,,,-0.4000,,,,,,,,,,,,,,,
2017-11-18,,,,,,,,,,-0.4000,,,,,,,,,,,,,,,
2017-11-19,,,,,,,,,,-0.4000,,,,,,,,,,,,,,,
2017-11-20,,,,,,,2.3700,,,-0.4000,,,,,,,,,,,,,,,
2017-11-21,,,,,,,2.3600,,,-0.4000,,,,,,,,,,,,,,,
2017-11-22,,,,,,,2.3200,,,-0.4000,,,,,,,,,,,,,,,
2017-11-23,,,,,,,,,,-0.4000,,,,,,,,,,,,,,,
2017-11-24,,,,,,,2.3400,,,-0.4000,,,,,,,,,,,,,,,
2017-11-25,,,,,,,,,,-0.4000,,,,,,,,,,,,,,,
2017-11-26,,,,,,,,,,-0.4000,,,,,,,,,,,,,,,
2017-11-27,,,,,,,2.3200,,,-0.4000,,,,,,,,,,,,,,,
2017-11-28,,,,,,,2.3400,,,-0.4000,,,,,,,,,,,,,,,
2017-11-29,,,,,,,2.3700,,,-0.4000,,,,,,,,,,,,,,,
2017-11-30,,,,,,,2.4200,,,-0.4000,,,,,,,,,,,,,,,
2017-12-01,247.8050,254.3440,100.8210,100.6830,4.1000,147523.0000,2.3700,101.4644,79.6400,-0.4000,8.7000,,,4.3000,0.3000,,,1.3000,,105.0000,105.2000,100.2130,79.9400,,0.3000
2017-12-02,,,,,,,,,,-0.4000,,,,,,,,,,,,,,,
2017-12-03,,,,,,,,,,-0.4000,,,,,,,,,,,,,,,
2017-12-04,,,,,,,2.3700,,,-0.4000,,,,,,,,,,,,,,,
2017-12-05,,,,,,,2.3600,,,-0.4000,,,,,,,,,,,,,,,
2017-12-06,,,,,,,2.3300,,,-0.4000,,,,,,,,,,,,,,,
2017-12-07,,,,,,,2.3700,,,-0.4000,,,,,,,,,,,,,,,
2017-12-08,,,,,,,2.3800,,,-0.4000,,,,,,,,,,,,,,,
2017-12-09,,,,,,,,,,-0.4000,,,,,,,,,,,,,,,
2017-12-10,,,,,,,,,,-0.4000,,,,,,,,,,,,,,,
2017-12-11,,,,,,,2.3900,,,-0.4000,,,,,,,,,,,,,,,
2017-12-12,,,,,,,2.4000,,,-0.4000,,,,,,,,,,,,,,,
2017-12-13,,,,,,,2.3600,,,-0.4000,,,,,,,,,,,,,,,
2017-12-14,,,,,,,2.3500,,,-0.4000,,,,,,,,,,,,,,,
2017-12-15,,,,,,,2.3500,,,-0.4000,,,,,,,,,,,,,,,
2017-12-16,,,,,,,,,,-0.4000,,,,,,,,,,,,,,,
2017-12-17,,,,,,,,,,-0.4000,,,,,,,,,,,,,,,
2017-12-18,,,,,,,2.3900,,,-0.4000,,,,,,,,,,,,,,,
2017-12-19,,,,,,,2.4600,,,-0.4000,,,,,,,,,,,,,,,
2017-12-20,,,,,,,2.4900,,,-0.4000,,,,,,,,,,,,,,,
2017-12-21,,,,,,,2.4800,,,-0.4000,,,,,,,,,,,,,,,
2017-12-22,,,,,,,2.4800,,,-0.4000,,,,,,,,,,,,,,,
2017-12-23,,,,,,,,,,-0.4000,,,,,,,,,,,,,,,
2017-12-24,,,,,,,,,,-0.4000,,,,,,,,,,,,,,,
2017-12-25,,,,,,,,,,-0.4000,,,,,,,,,,,,,,,
2017-12-26,,,,,,,2.4700,,,-0.4000,,,,,,,,,,,,,,,
2017-12-27,,,,,,,2.4200,,,-0.4000,,,,,,,,,,,,,,,
2017-12-28,,,,,,,2.4300,,,-0.4000,,,,,,,,,,,,,,,
2017-12-29,,,,,,,2.4000,,,-0.4000,,,,,,,,,,,,,,,
2017-12-30,,,,,,,,,,-0.4000,,,,,,,,,,,,,,,
2017-12-31,,,,,,,,,,-0.4000,,,,,,,,,,,,,,,
2018-01-01,248.8590,255.2040,101.1990,101.0070,4.0000,147660.0000,,101.4625,78.9200,-0.4000,8.7000,2645344.1000,,4.2000,0.3000,579490.1000,183206.4000,1.4100,20044.0770,104.5000,104.5000,100.0809,79.1900,657741.0000,0.1000
2018-01-02,,,,,,,2.4600,,,-0.4000,,,,,,,,,,,,,,,
2018-01-03,,,,,,,2.4400,,,-0.4000,,,,,,,,,,,,,,,
2018-01-04,,,,,,,2.4600,,,-0.4000,,,,,,,,,,,,,,,
2018-01-05,,,,,,,2.4700,,,-0.4000,,,,,,,,,,,,,,,
2018-01-06,,,,,,,,,,-0.4000,,,,,,,,,,,,,,,
2018-01-07,,,,,,,,,,-0.4000,,,,,,,,,,,,,,,
2018-01-08,,,,,,,2.4900,,,-0.4000,,,,,,,,,,,,,,,
2018-01-09,,,,,,,2.5500,,,-0.4000,,,,,,,,,,,,,,,
2018-01-10,,,,,,,2.5500,,,-0.4000,,,,,,,,,,,,,,,
2018-01-11,,,,,,,2.5400,,,-0.4000,,,,,,,,,,,,,,,
2018-01-12,,,,,,,2.5500,,,-0.4000,,,,,,,,,,,,,,,
2018-01-13,,,,,,,,,,-0.4000,,,,,,,,,,,,,,,
2018-01-14,,,,,,,,,,-0.4000,,,,,,,,,,,,,,,
2018-01-15,,,,,,,,,,-0.4000,,,,,,,,,,,,,,,
2018-01-16,,,,,,,2.5400,,,-0.4000,,,,,,,,,,,,,,,
2018-01-17,,,,,,,2.5700,,,-0.4000,,,,,,,,,,,,,,,
2018-01-18,,,,,,,2.6200,,,-0.4000,,,,,,,,,,,,,,,
2018-01-19,,,,,,,2.6400,,,-0.4000,,,,,,,,,,,,,,,
2018-01-20,,,,,,,,,,-0.4000,,,,,,,,,,,,,,,
2018-01-21,,,,,,,,,,-0.4000,,,,,,,,,,,,,,,
2018-01-22,,,,,,,2.6600,,,-0.4000,,,,,,,,,,,,,,,
2018-01-23,,,,,,,2.6300,,,-0.4000,,,,,,,,,,,,,,,
2018-01-24,,,,,,,2.6500,,,-0.4000,,,,,,,,,,,,,,,
2018-01-25,,,,,,,2.6300,,,-0.4000,,,,,,,,,,,,,,,
2018-01-26,,,,,,,2.6600,,,-0.4000,,,,,,,,,,,,,,,
2018-01-27,,,,,,,,,,-0.4000,,,,,,,,,,,,,,,
2018-01-28,,,,,,,,,,-0.4000,,,,,,,,,,,,,,,
2018-01-29,,,,,,,2.7000,,,-0.4000,,,,,,,,,,,,,,,
2018-01-30,,,,,,,2.7300,,,-0.4000,,,,,,,,,,,,,,,
2018-01-31,,,,,,,2.7200,,,-0.4000,,,,,,,,,,,,,,,
2018-02-01,249.5290,255.7110,101.4160,101.1980,4.1000,148054.0000,2.7800,101.7085,79.0900,-0.4000,8.6000,,,4.2000,0.3000,,,1.4200,,104.9000,105.0000,100.4516,79.3700,,0.0000
2018-02-02,,,,,,,2.8400,,,-0.4000,,,,,,,,,,,,,,,
2018-02-03,,,,,,,,,,-0.4000,,,,,,,,,,,,,,,
2018-02-04,,,,,,,,,,-0.4000,,,,,,,,,,,,,,,
2018-02-05,,,,,,,2.7700,,,-0.4000,,,,,,,,,,,,,,,
2018-02-06,,,,,,,2.7900,,,-0.4000,,,,,,,,,,,,,,,
2018-02-07,,,,,,,2.8400,,,-0.4000,,,,,,,,,,,,,,,
2018-02-08,,,,,,,2.8500,,,-0.4000,,,,,,,,,,,,,,,
2018-02-09,,,,,,,2.8300,,,-0.4000,,,,,,,,,,,,,,,
2018-02-10,,,,,,,,,,-0.4000,,,,,,,,,,,,,,,
2018-02-11,,,,,,,,,,-0.4000,,,,,,,,,,,,,,,
2018-02-12,,,,,,,2.8600,,,-0.4000,,,,,,,,,,,,,,,
2018-02-13,,,,,,,2.8300,,,-0.4000,,,,,,,,,,,,,,,
2018-02-14,,,,,,,2.9100,,,-0.4000,,,,,,,,,,,,,,,
2018-02-15,,,,,,,2.9000,,,-0.4000,,,,,,,,,,,,,,,
2018-02-16,,,,,,,2.8700,,,-0.4000,,,,,,,,,,,,,,,
2018-02-17,,,,,,,,,,-0.4000,,,,,,,,,,,,,,,
2018-02-18,,,,,,,,,,-0.4000,,,,,,,,,,,,,,,
2018-02-19,,,,,,,,,,-0.4000,,,,,,,,,,,,,,,
2018-02-20,,,,,,,2.8800,,,-0.4000,,,,,,,,,,,,,,,
2018-02-21,,,,,,,2.9400,,,-0.4000,,,,,,,,,,,,,,,
2018-02-22,,,,,,,2.9200,,,-0.4000,,,,,,,,,,,,,,,
2018-02-23,,,,,,,2.8800,,,-0.4000,,,,,,,,,,,,,,,
2018-02-24,,,,,,,,,,-0.4000,,,,,,,,,,,,,,,
2018-02-25,,,,,,,,,,-0.4000,,,,,,,,,,,,,,,
2018-02-26,,,,,,,2.8600,,,-0.4000,,,,,,,,,,,,,,,
2018-02-27,,,,,,,2.9000,,,-0.4000,,,,,,,,,,,,,,,
2018-02-28,,,,,,,2.8700,,,-0.4000,,,,,,,,,,,,,,,
2018-03-01,249.5770,256.2710,101.5240,101.4190,4.0000,148280.0000,2.8100,102.2067,79.9700,-0.4000,8.5000,,,4.2000,0.3000,,,1.5100,,105.1000,105.2000,100.8356,80.2100,,-0.3000
2018-03-02,,,,,,,2.8600,,,-0.4000,,,,,,,,,,,,,,,
2018-03-03,,,,,,,,,,-0.4000,,,,,,,,,,,,,,,
2018-03-04,,,,,,,,,,-0.4000,,,,,,,,,,,,,,,
2018-03-05,,,,,,,2.8800,,,-0.4000,,,,,,,,,,,,,,,
2018-03-06,,,,,,,2.8800,,,-0.4000,,,,,,,,,,,,,,,
2018-03-07,,,,,,,2.8900,,,-0.4000,,,,,,,,,,,,,,,
2018-03-08,,,,,,,2.8600,,,-0.4000,,,,,,,,,,,,,,,
2018-03-09,,,,,,,2.9000,,,-0.4000,,,,,,,,,,,,,,,
2018-03-10,,,,,,,,,,-0.4000,,,,,,,,,,,,,,,
2018-03-11,,,,,,,,,,-0.4000,,,,,,,,,,,,,,,
2018-03-12,,,,,,,2.8700,,,-0.4000,,,,,,,,,,,,,,,
2018-03-13,,,,,,,2.8400,,,-0.4000,,,,,,,,,,,,,,,
2018-03-14,,,,,,,2.8100,,,-0.4000,,,,,,,,,,,,,,,
2018-03-15,,,,,,,2.8200,,,-0.4000,,,,,,,,,,,,,,,
2018-03-16,,,,,,,2.8500,,,-0.4000,,,,,,,,,,,,,,,
2018-03-17,,,,,,,,,,-0.4000,,,,,,,,,,,,,,,
2018-03-18,,,,,,,,,,-0.4000,,,,,,,,,,,,,,,
2018-03-19,,,,,,,2.8500,,,-0.4000,,,,,,,,,,,,,,,
2018-03-20,,,,,,,2.8900,,,-0.4000,,,,,,,,,,,,,,,
2018-03-21,,,,,,,2.8900,,,-0.4000,,,,,,,,,,,,,,,
2018-03-22,,,,,,,2.8300,,,-0.4000,,,,,,,,,,,,,,,
2018-03-23,,,,,,,2.8200,,,-0.4000,,,,,,,,,,,,,,,
2018-03-24,,,,,,,,,,-0.4000,,,,,,,,,,,,,,,
2018-03-25,,,,,,,,,,-0.4000,,,,,,,,,,,,,,,
2018-03-26,,,,,,,2.8500,,,-0.4000,,,,,,,,,,,,,,,
2018-03-27,,,,,,,2.7800,,,-0.4000,,,,,,,,,,,,,,,
2018-03-28,,,,,,,2.7700,,,-0.4000,,,,,,,,,,,,,,,
2018-03-29,,,,,,,2.7400,,,-0.4000,,,,,,,,,,,,,,,
2018-03-30,,,,,,,,,,-0.4000,,,,,,,,,,,,,,,
2018-03-31,,,,,,,,,,-0.4000,,,,,,,,,,,,,,,
2018-04-01,250.2270,256.6300,101.7660,101.6020,4.0000,148420.0000,,103.3329,80.2900,-0.4000,8.4000,2658721.7000,,4.2000,0.3000,583147.5000,185509.6000,1.6900,20150.4760,105.5000,105.6000,101.0462,80.5300,659172.0000,-0.1000
2018-04-02,,,,,,,2.7300,,,-0.4000,,,,,,,,,,,,,,,
2018-04-03,,,,,,,2.7900,,,-0.4000,,,,,,,,,,,,,,,
2018-04-04,,,,,,,2.7900,,,-0.4000,,,,,,,,,,,,,,,
2018-04-05,,,,,,,2.8300,,,-0.4000,,,,,,,,,,,,,,,
2018-04-06,,,,,,,2.7700,,,-0.4000,,,,,,,,,,,,,,,
2018-04-07,,,,,,,,,,-0.4000,,,,,,,,,,,,,,,
2018-04-08,,,,,,,,,,-0.4000,,,,,,,,,,,,,,,
2018-04-09,,,,,,,2.7800,,,-0.4000,,,,,,,,,,,,,,,
2018-04-10,,,,,,,2.8000,,,-0.4000,,,,,,,,,,,,,,,
2018-04-11,,,,,,,2.7900,,,-0.4000,,,,,,,,,,,,,,,
2018-04-12,,,,,,,2.8300,,,-0.4000,,,,,,,,,,,,,,,
2018-04-13,,,,,,,2.8200,,,-0.4000,,,,,,,,,,,,,,,
2018-04-14,,,,,,,,,,-0.4000,,,,,,,,,,,,,,,
2018-04-15,,,,,,,,,,-0.4000,,,,,,,,,,,,,,,
2018-04-16,,,,,,,2.8300,,,-0.4000,,,,,,,,,,,,,,,
2018-04-17,,,,,,,2.8200,,,-0.4000,,,,,,,,,,,,,,,
2018-04-18,,,,,,,2.8700,,,-0.4000,,,,,,,,,,,,,,,
2018-04-19,,,,,,,2.9200,,,-0.4000,,,,,,,,,,,,,,,
2018-04-20,,,,,,,2.9600,,,-0.4000,,,,,,,,,,,,,,,
2018-04-21,,,,,,,,,,-0.4000,,,,,,,,,,,,,,,
2018-04-22,,,,,,,,,,-0.4000,,,,,,,,,,,,,,,
2018-04-23,,,,,,,2.9800,,,-0.4000,,,,,,,,,,,,,,,
2018-04-24,,,,,,,3.0000,,,-0.4000,,,,,,,,,,,,,,,
2018-04-25,,,,,,,3.0300,,,-0.4000,,,,,,,,,,,,,,,
2018-04-26,,,,,,,3.0000,,,-0.4000,,,,,,,,,,,,,,,
2018-04-27,,,,,,,2.9600,,,-0.4000,,,,,,,,,,,,,,,
2018-04-28,,,,,,,,,,-0.4000,,,,,,,,,,,,,,,
2018-04-29,,,,,,,,,,-0.4000,,,,,,,,,,,,,,,
2018-04-30,,,,,,,2.9500,,,-0.4000,,,,,,,,,,,,,,,
2018-05-01,250.7920,257.1450,101.9410,101.7800,3.8000,148742.0000,2.9700,102.4024,80.7900,-0.4000,8.3000,,,4.0000,0.3000,,,1.7000,,105.9000,105.9000,101.4309,81.0400,,0.1000
2018-05-02,,,,,,,2.9700,,,-0.4000,,,,,,,,,,,,,,,
2018-05-03,,,,,,,2.9400,,,-0.4000,,,,,,,,,,,,,,,
2018-05-04,,,,,,,2.9500,,,-0.4000,,,,,,,,,,,,,,,
2018-05-05,,,,,,,,,,-0.4000,,,,,,,,,,,,,,,
2018-05-06,,,,,,,,,,-0.4000,,,,,,,,,,,,,,,
2018-05-07,,,,,,,2.9500,,,-0.4000,,,,,,,,,,,,,,,
2018-05-08,,,,,,,2.9700,,,-0.4000,,,,,,,,,,,,,,,
2018-05-09,,,,,,,3.0000,,,-0.4000,,,,,,,,,,,,,,,
2018-05-10,,,,,,,2.9700,,,-0.4000,,,,,,,,,,,,,,,
2018-05-11,,,,,,,2.9700,,,-0.4000,,,,,,,,,,,,,,,
2018-05-12,,,,,,,,,,-0.4000,,,,,,,,,,,,,,,
2018-05-13,,,,,,,,,,-0.4000,,,,,,,,,,,,,,,
2018-05-14,,,,,,,3.0000,,,-0.4000,,,,,,,,,,,,,,,
2018-05-15,,,,,,,3.0800,,,-0.4000,,,,,,,,,,,,,,,
2018-05-16,,,,,,,3.0900,,,-0.4000,,,,,,,,,,,,,,,
2018-05-17,,,,,,,3.1100,,,-0.4000,,,,,,,,,,,,,,,
2018-05-18,,,,,,,3.0600,,,-0.4000,,,,,,,,,,,,,,,
2018-05-19,,,,,,,,,,-0.4000,,,,,,,,,,,,,,,
2018-05-20,,,,,,,,,,-0.4000,,,,,,,,,,,,,,,
2018-05-21,,,,,,,3.0600,,,-0.4000,,,,,,,,,,,,,,,
2018-05-22,,,,,,,3.0600,,,-0.4000,,,,,,,,,,,,,,,
2018-05-23,,,,,,,3.0100,,,-0.4000,,,,,,,,,,,,,,,
2018-05-24,,,,,,,2.9800,,,-0.4000,,,,,,,,,,,,,,,
2018-05-25,,,,,,,2.9300,,,-0.4000,,,,,,,,,,,,,,,
2018-05-26,,,,,,,,,,-0.4000,,,,,,,,,,,,,,,
2018-05-27,,,,,,,,,,-0.4000,,,,,,,,,,,,,,,
2018-05-28,,,,,,,,,,-0.4000,,,,,,,,,,,,,,,
2018-05-29,,,,,,,2.7700,,,-0.4000,,,,,,,,,,,,,,,
2018-05-30,,,,,,,2.8400,,,-0.4000,,,,,,,,,,,,,,,
2018-05-31,,,,,,,2.8300,,,-0.4000,,,,,,,,,,,,,,,
2018-06-01,251.0180,257.3990,102.0290,101.8720,4.0000,148960.0000,2.8900,103.1980,80.8800,-0.4000,8.2000,,,4.0000,0.3000,,,1.8200,,105.9000,105.8000,101.4351,81.1300,,-0.1000
2018-06-02,,,,,,,,,,-0.4000,,,,,,,,,,,,,,,
2018-06-03,,,,,,,,,,-0.4000,,,,,,,,,,,,,,,
2018-06-04,,,,,,,2.9400,,,-0.4000,,,,,,,,,,,,,,,
2018-06-05,,,,,,,2.9200,,,-0.4000,,,,,,,,,,,,,,,
2018-06-06,,,,,,,2.9700,,,-0.4000,,,,,,,,,,,,,,,
2018-06-07,,,,,,,2.9300,,,-0.4000,,,,,,,,,,,,,,,
2018-06-08,,,,,,,2.9300,,,-0.4000,,,,,,,,,,,,,,,
2018-06-09,,,,,,,,,,-0.4000,,,,,,,,,,,,,,,
2018-06-10,,,,,,,,,,-0.4000,,,,,,,,,,,,,,,
2018-06-11,,,,,,,2.9600,,,-0.4000,,,,,,,,,,,,,,,
2018-06-12,,,,,,,2.9600,,,-0.4000,,,,,,,,,,,,,,,
2018-06-13,,,,,,,2.9800,,,-0.4000,,,,,,,,,,,,,,,
2018-06-14,,,,,,,2.9400,,,-0.4000,,,,,,,,,,,,,,,
2018-06-15,,,,,,,2.9300,,,-0.4000,,,,,,,,,,,,,,,
2018-06-16,,,,,,,,,,-0.4000,,,,,,,,,,,,,,,
2018-06-17,,,,,,,,,,-0.4000,,,,,,,,,,,,,,,
2018-06-18,,,,,,,2.9200,,,-0.4000,,,,,,,,,,,,,,,
2018-06-19,,,,,,,2.8900,,,-0.4000,,,,,,,,,,,,,,,
2018-06-20,,,,,,,2.9300,,,-0.4000,,,,,,,,,,,,,,,
2018-06-21,,,,,,,2.9000,,,-0.4000,,,,,,,,,,,,,,,
2018-06-22,,,,,,,2.9000,,,-0.4000,,,,,,,,,,,,,,,
2018-06-23,,,,,,,,,,-0.4000,,,,,,,,,,,,,,,
2018-06-24,,,,,,,,,,-0.4000,,,,,,,,,,,,,,,
2018-06-25,,,,,,,2.8700,,,-0.4000,,,,,,,,,,,,,,,
2018-06-26,,,,,,,2.8800,,,-0.4000,,,,,,,,,,,,,,,
2018-06-27,,,,,,,2.8300,,,-0.4000,,,,,,,,,,,,,,,
2018-06-28,,,,,,,2.8400,,,-0.4000,,,,,,,,,,,,,,,
2018-06-29,,,,,,,2.8500,,,-0.4000,,,,,,,,,,,,,,,
2018-06-30,,,,,,,,,,-0.4000,,,,,,,,,,,,,,,
2018-07-01,251.2140,257.6990,102.1370,102.0060,3.8000,149020.0000,,103.3646,80.7000,-0.4000,8.1000,2660736.5000,,4.0000,0.3000,580295.7000,184357.2000,1.9100,20276.1540,105.9000,105.8000,101.2017,80.9400,661262.0000,0.1000
2018-07-02,,,,,,,2.8700,,,-0.4000,,,,,,,,,,,,,,,
2018-07-03,,,,,,,2.8300,,,-0.4000,,,,,,,,,,,,,,,
2018-07-04,,,,,,,,,,-0.4000,,,,,,,,,,,,,,,
2018-07-05,,,,,,,2.8400,,,-0.4000,,,,,,,,,,,,,,,
2018-07-06,,,,,,,2.8200,,,-0.4000,,,,,,,,,,,,,,,
2018-07-07,,,,,,,,,,-0.4000,,,,,,,,,,,,,,,
2018-07-08,,,,,,,,,,-0.4000,,,,,,,,,,,,,,,
2018-07-09,,,,,,,2.8600,,,-0.4000,,,,,,,,,,,,,,,
2018-07-10,,,,,,,2.8700,,,-0.4000,,,,,,,,,,,,,,,
2018-07-11,,,,,,,2.8500,,,-0.4000,,,,,,,,,,,,,,,
2018-07-12,,,,,,,2.8500,,,-0.4000,,,,,,,,,,,,,,,
2018-07-13,,,,,,,2.8300,,,-0.4000,,,,,,,,,,,,,,,
2018-07-14,,,,,,,,,,-0.4000,,,,,,,,,,,,,,,
2018-07-15,,,,,,,,,,-0.4000,,,,,,,,,,,,,,,
2018-07-16,,,,,,,2.8500,,,-0.4000,,,,,,,,,,,,,,,
2018-07-17,,,,,,,2.8600,,,-0.4000,,,,,,,,,,,,,,,
2018-07-18,,,,,,,2.8800,,,-0.4000,,,,,,,,,,,,,,,
2018-07-19,,,,,,,2.8400,,,-0.4000,,,,,,,,,,,,,,,
2018-07-20,,,,,,,2.8900,,,-0.4000,,,,,,,,,,,,,,,
2018-07-21,,,,,,,,,,-0.4000,,,,,,,,,,,,,,,
2018-07-22,,,,,,,,,,-0.4000,,,,,,,,,,,,,,,
2018-07-23,,,,,,,2.9600,,,-0.4000,,,,,,,,,,,,,,,
2018-07-24,,,,,,,2.9500,,,-0.4000,,,,,,,,,,,,,,,
2018-07-25,,,,,,,2.9400,,,-0.4000,,,,,,,,,,,,,,,
2018-07-26,,,,,,,2.9800,,,-0.4000,,,,,,,,,,,,,,,
2018-07-27,,,,,,,2.9600,,,-0.4000,,,,,,,,,,,,,,,
2018-07-28,,,,,,,,,,-0.4000,,,,,,,,,,,,,,,
2018-07-29,,,,,,,,,,-0.4000,,,,,,,,,,,,,,,
2018-07-30,,,,,,,2.9800,,,-0.4000,,,,,,,,,,,,,,,
2018-07-31,,,,,,,2.9600,,,-0.4000,,,,,,,,,,,,,,,
2018-08-01,251.6630,257.8910,102.2080,102.0160,3.8000,149277.0000,3.0000,104.0327,80.8200,-0.4000,8.0000,,,4.1000,0.3000,,,1.9100,,106.5000,106.5000,101.1853,81.0600,,0.5000
2018-08-02,,,,,,,2.9800,,,-0.4000,,,,,,,,,,,,,,,
2018-08-03,,,,,,,2.9500,,,-0.4000,,,,,,,,,,,,,,,
2018-08-04,,,,,,,,,,-0.4000,,,,,,,,,,,,,,,
2018-08-05,,,,,,,,,,-0.4000,,,,,,,,,,,,,,,
2018-08-06,,,,,,,2.9400,,,-0.4000,,,,,,,,,,,,,,,
2018-08-07,,,,,,,2.9800,,,-0.4000,,,,,,,,,,,,,,,
2018-08-08,,,,,,,2.9600,,,-0.4000,,,,,,,,,,,,,,,
2018-08-09,,,,,,,2.9300,,,-0.4000,,,,,,,,,,,,,,,
2018-08-10,,,,,,,2.8700,,,-0.4000,,,,,,,,,,,,,,,
2018-08-11,,,,,,,,,,-0.4000,,,,,,,,,,,,,,,
2018-08-12,,,,,,,,,,-0.4000,,,,,,,,,,,,,,,
2018-08-13,,,,,,,2.8800,,,-0.4000,,,,,,,,,,,,,,,
2018-08-14,,,,,,,2.8900,,,-0.4000,,,,,,,,,,,,,,,
2018-08-15,,,,,,,2.8600,,,-0.4000,,,,,,,,,,,,,,,
2018-08-16,,,,,,,2.8700,,,-0.4000,,,,,,,,,,,,,,,
2018-08-17,,,,,,,2.8700,,,-0.4000,,,,,,,,,,,,,,,
2018-08-18,,,,,,,,,,-0.4000,,,,,,,,,,,,,,,
2018-08-19,,,,,,,,,,-0.4000,,,,,,,,,,,,,,,
2018-08-20,,,,,,,2.8200,,,-0.4000,,,,,,,,,,,,,,,
2018-08-21,,,,,,,2.8500,,,-0.4000,,,,,,,,,,,,,,,
2018-08-22,,,,,,,2.8200,,,-0.4000,,,,,,,,,,,,,,,
2018-08-23,,,,,,,2.8200,,,-0.4000,,,,,,,,,,,,,,,
2018-08-24,,,,,,,2.8200,,,-0.4000,,,,,,,,,,,,,,,
2018-08-25,,,,,,,,,,-0.4000,,,,,,,,,,,,,,,
2018-08-26,,,,,,,,,,-0.4000,,,,,,,,,,,,,,,
2018-08-27,,,,,,,2.8500,,,-0.4000,,,,,,,,,,,,,,,
2018-08-28,,,,,,,2.8800,,,-0.4000,,,,,,,,,,,,,,,
2018-08-29,,,,,,,2.8900,,,-0.4000,,,,,,,,,,,,,,,
2018-08-30,,,,,,,2.8600,,,-0.4000,,,,,,,,,,,,,,,
2018-08-31,,,,,,,2.8600,,,-0.4000,,,,,,,,,,,,,,,
2018-09-01,252.1820,258.3680,102.4180,102.2050,3.7000,149358.0000,,104.1004,81.1400,-0.4000,8.0000,,,4.1000,0.3000,,,1.9500,,106.6000,106.5000,101.2455,81.3900,,0.1000
2018-09-02,,,,,,,,,,-0.4000,,,,,,,,,,,,,,,
2018-09-03,,,,,,,,,,-0.4000,,,,,,,,,,,,,,,
2018-09-04,,,,,,,2.9000,,,-0.4000,,,,,,,,,,,,,,,
2018-09-05,,,,,,,2.9000,,,-0.4000,,,,,,,,,,,,,,,
2018-09-06,,,,,,,2.8800,,,-0.4000,,,,,,,,,,,,,,,
2018-09-07,,,,,,,2.9400,,,-0.4000,,,,,,,,,,,,,,,
2018-09-08,,,,,,,,,,-0.4000,,,,,,,,,,,,,,,
2018-09-09,,,,,,,,,,-0.4000,,,,,,,,,,,,,,,
2018-09-10,,,,,,,2.9400,,,-0.4000,,,,,,,,,,,,,,,
2018-09-11,,,,,,,2.9800,,,-0.4000,,,,,,,,,,,,,,,
2018-09-12,,,,,,,2.9700,,,-0.4000,,,,,,,,,,,,,,,
2018-09-13,,,,,,,2.9700,,,-0.4000,,,,,,,,,,,,,,,
2018-09-14,,,,,,,2.9900,,,-0.4000,,,,,,,,,,,,,,,
2018-09-15,,,,,,,,,,-0.4000,,,,,,,,,,,,,,,
2018-09-16,,,,,,,,,,-0.4000,,,,,,,,,,,,,,,
2018-09-17,,,,,,,2.9900,,,-0.4000,,,,,,,,,,,,,,,
2018-09-18,,,,,,,3.0500,,,-0.4000,,,,,,,,,,,,,,,
2018-09-19,,,,,,,3.0800,,,-0.4000,,,,,,,,,,,,,,,
2018-09-20,,,,,,,3.0700,,,-0.4000,,,,,,,,,,,,,,,
2018-09-21,,,,,,,3.0700,,,-0.4000,,,,,,,,,,,,,,,
2018-09-22,,,,,,,,,,-0.4000,,,,,,,,,,,,,,,
2018-09-23,,,,,,,,,,-0.4000,,,,,,,,,,,,,,,
2018-09-24,,,,,,,3.0800,,,-0.4000,,,,,,,,,,,,,,,
2018-09-25,,,,,,,3.1000,,,-0.4000,,,,,,,,,,,,,,,
2018-09-26,,,,,,,3.0600,,,-0.4000,,,,,,,,,,,,,,,
2018-09-27,,,,,,,3.0600,,,-0.4000,,,,,,,,,,,,,,,
2018-09-28,,,,,,,3.0500,,,-0.4000,,,,,,,,,,,,,,,
2018-09-29,,,,,,,,,,-0.4000,,,,,,,,,,,,,,,
2018-09-30,,,,,,,,,,-0.4000,,,,,,,,,,,,,,,
2018-10-01,252.7720,258.9170,102.5950,102.3660,3.8000,149527.0000,3.0900,103.9856,81.3400,-0.4000,8.0000,2675146.9000,,4.0000,0.3000,580693.6000,185078.2000,2.1900,20304.8740,106.7000,106.6000,101.4245,81.5900,662120.0000,0.3000
2018-10-02,,,,,,,3.0500,,,-0.4000,,,,,,,,,,,,,,,
2018-10-03,,,,,,,3.1500,,,-0.4000,,,,,,,,,,,,,,,
2018-10-04,,,,,,,3.1900,,,-0.4000,,,,,,,,,,,,,,,
2018-10-05,,,,,,,3.2300,,,-0.4000,,,,,,,,,,,,,,,
2018-10-06,,,,,,,,,,-0.4000,,,,,,,,,,,,,,,
2018-10-07,,,,,,,,,,-0.4000,,,,,,,,,,,,,,,
2018-10-08,,,,,,,,,,-0.4000,,,,,,,,,,,,,,,
2018-10-09,,,,,,,3.2100,,,-0.4000,,,,,,,,,,,,,,,
2018-10-10,,,,,,,3.2200,,,-0.4000,,,,,,,,,,,,,,,
2018-10-11,,,,,,,3.1400,,,-0.4000,,,,,,,,,,,,,,,
2018-10-12,,,,,,,3.1500,,,-0.4000,,,,,,,,,,,,,,,
2018-10-13,,,,,,,,,,-0.4000,,,,,,,,,,,,,,,
2018-10-14,,,,,,,,,,-0.4000,,,,,,,,,,,,,,,
2018-10-15,,,,,,,3.1600,,,-0.4000,,,,,,,,,,,,,,,
2018-10-16,,,,,,,3.1600,,,-0.4000,,,,,,,,,,,,,,,
2018-10-17,,,,,,,3.1900,,,-0.4000,,,,,,,,,,,,,,,
2018-10-18,,,,,,,3.1700,,,-0.4000,,,,,,,,,,,,,,,
2018-10-19,,,,,,,3.2000,,,-0.4000,,,,,,,,,,,,,,,
2018-10-20,,,,,,,,,,-0.4000,,,,,,,,,,,,,,,
2018-10-21,,,,,,,,,,-0.4000,,,,,,,,,,,,,,,
2018-10-22,,,,,,,3.2000,,,-0.4000,,,,,,,,,,,,,,,
2018-10-23,,,,,,,3.1700,,,-0.4000,,,,,,,,,,,,,,,
2018-10-24,,,,,,,3.1000,,,-0.4000,,,,,,,,,,,,,,,
2018-10-25,,,,,,,3.1400,,,-0.4000,,,,,,,,,,,,,,,
2018-10-26,,,,,,,3.0800,,,-0.4000,,,,,,,,,,,,,,,
2018-10-27,,,,,,,,,,-0.4000,,,,,,,,,,,,,,,
2018-10-28,,,,,,,,,,-0.4000,,,,,,,,,,,,,,,
2018-10-29,,,,,,,3.0800,,,-0.4000,,,,,,,,,,,,,,,
2018-10-30,,,,,,,3.1200,,,-0.4000,,,,,,,,,,,,,,,
2018-10-31,,,,,,,3.1500,,,-0.4000,,,,,,,,,,,,,,,
2018-11-01,252.5940,259.4390,102.6300,102.5560,3.8000,149617.0000,3.1400,104.0681,80.8900,-0.4000,7.9000,,,4.0000,0.3000,,,2.2000,,106.9000,106.8000,101.1657,81.1300,,-0.3000
2018-11-02,,,,,,,3.2200,,,-0.4000,,,,,,,,,,,,,,,
2018-11-03,,,,,,,,,,-0.4000,,,,,,,,,,,,,,,
2018-11-04,,,,,,,,,,-0.4000,,,,,,,,,,,,,,,
2018-11-05,,,,,,,3.2000,,,-0.4000,,,,,,,,,,,,,,,
2018-11-06,,,,,,,3.2200,,,-0.4000,,,,,,,,,,,,,,,
2018-11-07,,,,,,,3.2200,,,-0.4000,,,,,,,,,,,,,,,
2018-11-08,,,,,,,3.2400,,,-0.4000,,,,,,,,,,,,,,,
2018-11-09,,,,,,,3.1900,,,-0.4000,,,,,,,,,,,,,,,
2018-11-10,,,,,,,,,,-0.4000,,,,,,,,,,,,,,,
2018-11-11,,,,,,,,,,-0.4000,,,,,,,,,,,,,,,
2018-11-12,,,,,,,,,,-0.4000,,,,,,,,,,,,,,,
2018-11-13,,,,,,,3.1400,,,-0.4000,,,,,,,,,,,,,,,
2018-11-14,,,,,,,3.1200,,,-0.4000,,,,,,,,,,,,,,,
2018-11-15,,,,,,,3.1100,,,-0.4000,,,,,,,,,,,,,,,
2018-11-16,,,,,,,3.0800,,,-0.4000,,,,,,,,,,,,,,,
2018-11-17,,,,,,,,,,-0.4000,,,,,,,,,,,,,,,
2018-11-18,,,,,,,,,,-0.4000,,,,,,,,,,,,,,,
2018-11-19,,,,,,,3.0600,,,-0.4000,,,,,,,,,,,,,,,
2018-11-20,,,,,,,3.0600,,,-0.4000,,,,,,,,,,,,,,,
2018-11-21,,,,,,,3.0600,,,-0.4000,,,,,,,,,,,,,,,
2018-11-22,,,,,,,,,,-0.4000,,,,,,,,,,,,,,,
2018-11-23,,,,,,,3.0500,,,-0.4000,,,,,,,,,,,,,,,
2018-11-24,,,,,,,,,,-0.4000,,,,,,,,,,,,,,,
2018-11-25,,,,,,,,,,-0.4000,,,,,,,,,,,,,,,
2018-11-26,,,,,,,3.0700,,,-0.4000,,,,,,,,,,,,,,,
2018-11-27,,,,,,,3.0600,,,-0.4000,,,,,,,,,,,,,,,
2018-11-28,,,,,,,3.0600,,,-0.4000,,,,,,,,,,,,,,,
2018-11-29,,,,,,,3.0300,,,-0.4000,,,,,,,,,,,,,,,
2018-11-30,,,,,,,3.0100,,,-0.4000,,,,,,,,,,,,,,,
2018-12-01,252.7670,260.0630,102.7010,102.7350,3.9000,149809.0000,,104.0936,80.8500,-0.4000,7.9000,,,3.9000,0.3000,,,2.2700,,107.1000,107.1000,100.9060,81.0900,,-0.3000
2018-12-02,,,,,,,,,,-0.4000,,,,,,,,,,,,,,,
2018-12-03,,,,,,,2.9800,,,-0.4000,,,,,,,,,,,,,,,
2018-12-04,,,,,,,2.9100,,,-0.4000,,,,,,,,,,,,,,,
2018-12-05,,,,,,,,,,-0.4000,,,,,,,,,,,,,,,
2018-12-06,,,,,,,2.8700,,,-0.4000,,,,,,,,,,,,,,,
2018-12-07,,,,,,,2.8500,,,-0.4000,,,,,,,,,,,,,,,
2018-12-08,,,,,,,,,,-0.4000,,,,,,,,,,,,,,,
2018-12-09,,,,,,,,,,-0.4000,,,,,,,,,,,,,,,
2018-12-10,,,,,,,2.8500,,,-0.4000,,,,,,,,,,,,,,,
2018-12-11,,,,,,,2.8900,,,-0.4000,,,,,,,,,,,,,,,
2018-12-12,,,,,,,2.9100,,,-0.4000,,,,,,,,,,,,,,,
2018-12-13,,,,,,,2.9100,,,-0.4000,,,,,,,,,,,,,,,
2018-12-14,,,,,,,2.8900,,,-0.4000,,,,,,,,,,,,,,,
2018-12-15,,,,,,,,,,-0.4000,,,,,,,,,,,,,,,
2018-12-16,,,,,,,,,,-0.4000,,,,,,,,,,,,,,,
2018-12-17,,,,,,,2.8600,,,-0.4000,,,,,,,,,,,,,,,
2018-12-18,,,,,,,2.8200,,,-0.4000,,,,,,,,,,,,,,,
2018-12-19,,,,,,,2.7700,,,-0.4000,,,,,,,,,,,,,,,
2018-12-20,,,,,,,2.7900,,,-0.4000,,,,,,,,,,,,,,,
2018-12-21,,,,,,,2.7900,,,-0.4000,,,,,,,,,,,,,,,
2018-12-22,,,,,,,,,,-0.4000,,,,,,,,,,,,,,,
2018-12-23,,,,,,,,,,-0.4000,,,,,,,,,,,,,,,
2018-12-24,,,,,,,2.7400,,,-0.4000,,,,,,,,,,,,,,,
2018-12-25,,,,,,,,,,-0.4000,,,,,,,,,,,,,,,
2018-12-26,,,,,,,2.8100,,,-0.4000,,,,,,,,,,,,,,,
2018-12-27,,,,,,,2.7700,,,-0.4000,,,,,,,,,,,,,,,
2018-12-28,,,,,,,2.7200,,,-0.4000,,,,,,,,,,,,,,,
2018-12-29,,,,,,,,,,-0.4000,,,,,,,,,,,,,,,
2018-12-30,,,,,,,,,,-0.4000,,,,,,,,,,,,,,,
2018-12-31,,,,,,,2.6900,,,-0.4000,,,,,,,,,,,,,,,
2019-01-01,252.5610,260.7660,102.6480,102.8700,4.0000,150060.0000,,103.4021,80.0100,-0.4000,7.9000,2694300.3000,,4.0000,0.3000,581450.1000,185376.7000,2.4000,20431.6410,106.4000,106.4000,100.6415,80.2300,665456.0000,0.1000
2019-01-02,,,,,,,2.6600,,,-0.4000,,,,,,,,,,,,,,,
2019-01-03,,,,,,,2.5600,,,-0.4000,,,,,,,,,,,,,,,
2019-01-04,,,,,,,2.6700,,,-0.4000,,,,,,,,,,,,,,,
2019-01-05,,,,,,,,,,-0.4000,,,,,,,,,,,,,,,
2019-01-06,,,,,,,,,,-0.4000,,,,,,,,,,,,,,,
2019-01-07,,,,,,,2.7000,,,-0.4000,,,,,,,,,,,,,,,
2019-01-08,,,,,,,2.7300,,,-0.4000,,,,,,,,,,,,,,,
2019-01-09,,,,,,,2.7400,,,-0.4000,,,,,,,,,,,,,,,
2019-01-10,,,,,,,2.7400,,,-0.4000,,,,,,,,,,,,,,,
2019-01-11,,,,,,,2.7100,,,-0.4000,,,,,,,,,,,,,,,
2019-01-12,,,,,,,,,,-0.4000,,,,,,,,,,,,,,,
2019-01-13,,,,,,,,,,-0.4000,,,,,,,,,,,,,,,
2019-01-14,,,,,,,2.7100,,,-0.4000,,,,,,,,,,,,,,,
2019-01-15,,,,,,,2.7200,,,-0.4000,,,,,,,,,,,,,,,
2019-01-16,,,,,,,2.7300,,,-0.4000,,,,,,,,,,,,,,,
2019-01-17,,,,,,,2.7500,,,-0.4000,,,,,,,,,,,,,,,
2019-01-18,,,,,,,2.7900,,,-0.4000,,,,,,,,,,,,,,,
2019-01-19,,,,,,,,,,-0.4000,,,,,,,,,,,,,,,
2019-01-20,,,,,,,,,,-0.4000,,,,,,,,,,,,,,,
2019-01-21,,,,,,,,,,-0.4000,,,,,,,,,,,,,,,
2019-01-22,,,,,,,2.7400,,,-0.4000,,,,,,,,,,,,,,,
2019-01-23,,,,,,,2.7600,,,-0.4000,,,,,,,,,,,,,,,
2019-01-24,,,,,,,2.7200,,,-0.4000,,,,,,,,,,,,,,,
2019-01-25,,,,,,,2.7600,,,-0.4000,,,,,,,,,,,,,,,
2019-01-26,,,,,,,,,,-0.4000,,,,,,,,,,,,,,,
2019-01-27,,,,,,,,,,-0.4000,,,,,,,,,,,,,,,
2019-01-28,,,,,,,2.7500,,,-0.4000,,,,,,,,,,,,,,,
2019-01-29,,,,,,,2.7200,,,-0.4000,,,,,,,,,,,,,,,
2019-01-30,,,,,,,2.7000,,,-0.4000,,,,,,,,,,,,,,,
2019-01-31,,,,,,,2.6300,,,-0.4000,,,,,,,,,,,,,,,
2019-02-01,253.3190,261.1860,102.8360,102.9630,3.8000,150067.0000,2.7000,102.8371,80.2700,-0.4000,7.8000,,,3.8000,0.3000,,,2.4000,,106.8000,106.9000,101.0328,80.4800,,0.0000
2019-02-02,,,,,,,,,,-0.4000,,,,,,,,,,,,,,,
2019-02-03,,,,,,,,,,-0.4000,,,,,,,,,,,,,,,
2019-02-04,,,,,,,2.7300,,,-0.4000,,,,,,,,,,,,,,,
2019-02-05,,,,,,,2.7100,,,-0.4000,,,,,,,,,,,,,,,
2019-02-06,,,,,,,2.7000,,,-0.4000,,,,,,,,,,,,,,,
2019-02-07,,,,,,,2.6500,,,-0.4000,,,,,,,,,,,,,,,
2019-02-08,,,,,,,2.6300,,,-0.4000,,,,,,,,,,,,,,,
2019-02-09,,,,,,,,,,-0.4000,,,,,,,,,,,,,,,
2019-02-10,,,,,,,,,,-0.4000,,,,,,,,,,,,,,,
2019-02-11,,,,,,,2.6500,,,-0.4000,,,,,,,,,,,,,,,
2019-02-12,,,,,,,2.6800,,,-0.4000,,,,,,,,,,,,,,,
2019-02-13,,,,,,,2.7100,,,-0.4000,,,,,,,,,,,,,,,
2019-02-14,,,,,,,2.6600,,,-0.4000,,,,,,,,,,,,,,,
2019-02-15,,,,,,,2.6600,,,-0.4000,,,,,,,,,,,,,,,
2019-02-16,,,,,,,,,,-0.4000,,,,,,,,,,,,,,,
2019-02-17,,,,,,,,,,-0.4000,,,,,,,,,,,,,,,
2019-02-18,,,,,,,,,,-0.4000,,,,,,,,,,,,,,,
2019-02-19,,,,,,,2.6500,,,-0.4000,,,,,,,,,,,,,,,
2019-02-20,,,,,,,2.6500,,,-0.4000,,,,,,,,,,,,,,,
2019-02-21,,,,,,,2.6900,,,-0.4000,,,,,,,,,,,,,,,
2019-02-22,,,,,,,2.6500,,,-0.4000,,,,,,,,,,,,,,,
2019-02-23,,,,,,,,,,-0.4000,,,,,,,,,,,,,,,
2019-02-24,,,,,,,,,,-0.4000,,,,,,,,,,,,,,,
2019-02-25,,,,,,,2.6700,,,-0.4000,,,,,,,,,,,,,,,
2019-02-26,,,,,,,2.6400,,,-0.4000,,,,,,,,,,,,,,,
2019-02-27,,,,,,,2.6900,,,-0.4000,,,,,,,,,,,,,,,
2019-02-28,,,,,,,2.7300,,,-0.4000,,,,,,,,,,,,,,,
2019-03-01,254.2770,261.5670,103.0690,103.0580,3.8000,150295.0000,2.7600,102.8757,81.0900,-0.4000,7.7000,,,3.8000,0.3000,,,2.4100,,107.0000,107.0000,101.5708,81.2800,,0.0000
2019-03-02,,,,,,,,,,-0.4000,,,,,,,,,,,,,,,
2019-03-03,,,,,,,,,,-0.4000,,,,,,,,,,,,,,,
2019-03-04,,,,,,,2.7200,,,-0.4000,,,,,,,,,,,,,,,
2019-03-05,,,,,,,2.7200,,,-0.4000,,,,,,,,,,,,,,,
2019-03-06,,,,,,,2.6900,,,-0.4000,,,,,,,,,,,,,,,
2019-03-07,,,,,,,2.6400,,,-0.4000,,,,,,,,,,,,,,,
2019-03-08,,,,,,,2.6200,,,-0.4000,,,,,,,,,,,,,,,
2019-03-09,,,,,,,,,,-0.4000,,,,,,,,,,,,,,,
2019-03-10,,,,,,,,,,-0.4000,,,,,,,,,,,,,,,
2019-03-11,,,,,,,2.6400,,,-0.4000,,,,,,,,,,,,,,,
2019-03-12,,,,,,,2.6100,,,-0.4000,,,,,,,,,,,,,,,
2019-03-13,,,,,,,2.6100,,,-0.4000,,,,,,,,,,,,,,,
2019-03-14,,,,,,,2.6300,,,-0.4000,,,,,,,,,,,,,,,
2019-03-15,,,,,,,2.5900,,,-0.4000,,,,,,,,,,,,,,,
2019-03-16,,,,,,,,,,-0.4000,,,,,,,,,,,,,,,
2019-03-17,,,,,,,,,,-0.4000,,,,,,,,,,,,,,,
2019-03-18,,,,,,,2.6000,,,-0.4000,,,,,,,,,,,,,,,
2019-03-19,,,,,,,2.6100,,,-0.4000,,,,,,,,,,,,,,,
2019-03-20,,,,,,,2.5400,,,-0.4000,,,,,,,,,,,,,,,
2019-03-21,,,,,,,2.5400,,,-0.4000,,,,,,,,,,,,,,,
2019-03-22,,,,,,,2.4400,,,-0.4000,,,,,,,,,,,,,,,
2019-03-23,,,,,,,,,,-0.4000,,,,,,,,,,,,,,,
2019-03-24,,,,,,,,,,-0.4000,,,,,,,,,,,,,,,
2019-03-25,,,,,,,2.4300,,,-0.4000,,,,,,,,,,,,,,,
2019-03-26,,,,,,,2.4100,,,-0.4000,,,,,,,,,,,,,,,
2019-03-27,,,,,,,2.3900,,,-0.4000,,,,,,,,,,,,,,,
2019-03-28,,,,,,,2.3900,,,-0.4000,,,,,,,,,,,,,,,
2019-03-29,,,,,,,2.4100,,,-0.4000,,,,,,,,,,,,,,,
2019-03-30,,,,,,,,,,-0.4000,,,,,,,,,,,,,,,
2019-03-31,,,,,,,,,,-0.4000,,,,,,,,,,,,,,,
2019-04-01,255.2330,261.9970,103.3600,103.2650,3.7000,150591.0000,2.4900,102.2740,81.6700,-0.4000,7.7000,2704012.4000,,3.8000,0.3000,583719.6000,186368.1000,2.4200,20602.2750,107.6000,107.5000,101.7617,81.8700,666875.0000,0.3000
2019-04-02,,,,,,,2.4800,,,-0.4000,,,,,,,,,,,,,,,
2019-04-03,,,,,,,2.5200,,,-0.4000,,,,,,,,,,,,,,,
2019-04-04,,,,,,,2.5100,,,-0.4000,,,,,,,,,,,,,,,
2019-04-05,,,,,,,2.5000,,,-0.4000,,,,,,,,,,,,,,,
2019-04-06,,,,,,,,,,-0.4000,,,,,,,,,,,,,,,
2019-04-07,,,,,,,,,,-0.4000,,,,,,,,,,,,,,,
2019-04-08,,,,,,,2.5200,,,-0.4000,,,,,,,,,,,,,,,
2019-04-09,,,,,,,2.5100,,,-0.4000,,,,,,,,,,,,,,,
2019-04-10,,,,,,,2.4800,,,-0.4000,,,,,,,,,,,,,,,
2019-04-11,,,,,,,2.5100,,,-0.4000,,,,,,,,,,,,,,,
2019-04-12,,,,,,,2.5600,,,-0.4000,,,,,,,,,,,,,,,
2019-04-13,,,,,,,,,,-0.4000,,,,,,,,,,,,,,,
2019-04-14,,,,,,,,,,-0.4000,,,,,,,,,,,,,,,
2019-04-15,,,,,,,2.5500,,,-0.4000,,,,,,,,,,,,,,,
2019-04-16,,,,,,,2.6000,,,-0.4000,,,,,,,,,,,,,,,
2019-04-17,,,,,,,2.5900,,,-0.4000,,,,,,,,,,,,,,,
2019-04-18,,,,,,,2.5700,,,-0.4000,,,,,,,,,,,,,,,
2019-04-19,,,,,,,,,,-0.4000,,,,,,,,,,,,,,,
2019-04-20,,,,,,,,,,-0.4000,,,,,,,,,,,,,,,
2019-04-21,,,,,,,,,,-0.4000,,,,,,,,,,,,,,,
2019-04-22,,,,,,,2.5900,,,-0.4000,,,,,,,,,,,,,,,
2019-04-23,,,,,,,2.5700,,,-0.4000,,,,,,,,,,,,,,,
2019-04-24,,,,,,,2.5300,,,-0.4000,,,,,,,,,,,,,,,
2019-04-25,,,,,,,2.5400,,,-0.4000,,,,,,,,,,,,,,,
2019-04-26,,,,,,,2.5100,,,-0.4000,,,,,,,,,,,,,,,
2019-04-27,,,,,,,,,,-0.4000,,,,,,,,,,,,,,,
2019-04-28,,,,,,,,,,-0.4000,,,,,,,,,,,,,,,
2019-04-29,,,,,,,2.5400,,,-0.4000,,,,,,,,,,,,,,,
2019-04-30,,,,,,,2.5100,,,-0.4000,,,,,,,,,,,,,,,
2019-05-01,255.2960,262.2170,103.4350,103.3710,3.6000,150618.0000,2.5200,102.3920,81.7800,-0.4000,7.6000,,,3.9000,0.3000,,,2.3900,,107.9000,107.7000,102.0742,81.9800,,0.0000
2019-05-02,,,,,,,2.5500,,,-0.4000,,,,,,,,,,,,,,,
2019-05-03,,,,,,,2.5400,,,-0.4000,,,,,,,,,,,,,,,
2019-05-04,,,,,,,,,,-0.4000,,,,,,,,,,,,,,,
2019-05-05,,,,,,,,,,-0.4000,,,,,,,,,,,,,,,
2019-05-06,,,,,,,2.5100,,,-0.4000,,,,,,,,,,,,,,,
2019-05-07,,,,,,,2.4500,,,-0.4000,,,,,,,,,,,,,,,
2019-05-08,,,,,,,2.4900,,,-0.4000,,,,,,,,,,,,,,,
2019-05-09,,,,,,,2.4500,,,-0.4000,,,,,,,,,,,,,,,
2019-05-10,,,,,,,2.4700,,,-0.4000,,,,,,,,,,,,,,,
2019-05-11,,,,,,,,,,-0.4000,,,,,,,,,,,,,,,
2019-05-12,,,,,,,,,,-0.4000,,,,,,,,,,,,,,,
2019-05-13,,,,,,,2.4000,,,-0.4000,,,,,,,,,,,,,,,
2019-05-14,,,,,,,2.4200,,,-0.4000,,,,,,,,,,,,,,,
2019-05-15,,,,,,,2.3700,,,-0.4000,,,,,,,,,,,,,,,
2019-05-16,,,,,,,2.4000,,,-0.4000,,,,,,,,,,,,,,,
2019-05-17,,,,,,,2.3900,,,-0.4000,,,,,,,,,,,,,,,
2019-05-18,,,,,,,,,,-0.4000,,,,,,,,,,,,,,,
2019-05-19,,,,,,,,,,-0.4000,,,,,,,,,,,,,,,
2019-05-20,,,,,,,2.4100,,,-0.4000,,,,,,,,,,,,,,,
2019-05-21,,,,,,,2.4300,,,-0.4000,,,,,,,,,,,,,,,
2019-05-22,,,,,,,2.3900,,,-0.4000,,,,,,,,,,,,,,,
2019-05-23,,,,,,,2.3100,,,-0.4000,,,,,,,,,,,,,,,
2019-05-24,,,,,,,2.3200,,,-0.4000,,,,,,,,,,,,,,,
2019-05-25,,,,,,,,,,-0.4000,,,,,,,,,,,,,,,
2019-05-26,,,,,,,,,,-0.4000,,,,,,,,,,,,,,,
2019-05-27,,,,,,,,,,-0.4000,,,,,,,,,,,,,,,
2019-05-28,,,,,,,2.2600,,,-0.4000,,,,,,,,,,,,,,,
2019-05-29,,,,,,,2.2500,,,-0.4000,,,,,,,,,,,,,,,
2019-05-30,,,,,,,2.2200,,,-0.4000,,,,,,,,,,,,,,,
2019-05-31,,,,,,,2.1400,,,-0.4000,,,,,,,,,,,,,,,
2019-06-01,255.2130,262.7390,103.4840,103.5600,3.6000,150838.0000,,102.4375,81.9100,-0.4000,7.5000,,,3.9000,0.3000,,,2.3800,,107.9000,107.7000,102.0439,82.1100,,-0.1000
2019-06-02,,,,,,,,,,-0.4000,,,,,,,,,,,,,,,
2019-06-03,,,,,,,2.0700,,,-0.4000,,,,,,,,,,,,,,,
2019-06-04,,,,,,,2.1200,,,-0.4000,,,,,,,,,,,,,,,
2019-06-05,,,,,,,2.1200,,,-0.4000,,,,,,,,,,,,,,,
2019-06-06,,,,,,,2.1200,,,-0.4000,,,,,,,,,,,,,,,
2019-06-07,,,,,,,2.0900,,,-0.4000,,,,,,,,,,,,,,,
2019-06-08,,,,,,,,,,-0.4000,,,,,,,,,,,,,,,
2019-06-09,,,,,,,,,,-0.4000,,,,,,,,,,,,,,,
2019-06-10,,,,,,,2.1500,,,-0.4000,,,,,,,,,,,,,,,
2019-06-11,,,,,,,2.1500,,,-0.4000,,,,,,,,,,,,,,,
2019-06-12,,,,,,,2.1300,,,-0.4000,,,,,,,,,,,,,,,
2019-06-13,,,,,,,2.1000,,,-0.4000,,,,,,,,,,,,,,,
2019-06-14,,,,,,,2.0900,,,-0.4000,,,,,,,,,,,,,,,
2019-06-15,,,,,,,,,,-0.4000,,,,,,,,,,,,,,,
2019-06-16,,,,,,,,,,-0.4000,,,,,,,,,,,,,,,
2019-06-17,,,,,,,2.0900,,,-0.4000,,,,,,,,,,,,,,,
2019-06-18,,,,,,,2.0600,,,-0.4000,,,,,,,,,,,,,,,
2019-06-19,,,,,,,2.0300,,,-0.4000,,,,,,,,,,,,,,,
2019-06-20,,,,,,,2.0100,,,-0.4000,,,,,,,,,,,,,,,
2019-06-21,,,,,,,2.0700,,,-0.4000,,,,,,,,,,,,,,,
2019-06-22,,,,,,,,,,-0.4000,,,,,,,,,,,,,,,
2019-06-23,,,,,,,,,,-0.4000,,,,,,,,,,,,,,,
2019-06-24,,,,,,,2.0200,,,-0.4000,,,,,,,,,,,,,,,
2019-06-25,,,,,,,2.0000,,,-0.4000,,,,,,,,,,,,,,,
2019-06-26,,,,,,,2.0500,,,-0.4000,,,,,,,,,,,,,,,
2019-06-27,,,,,,,2.0100,,,-0.4000,,,,,,,,,,,,,,,
2019-06-28,,,,,,,2.0000,,,-0.4000,,,,,,,,,,,,,,,
2019-06-29,,,,,,,,,,-0.4000,,,,,,,,,,,,,,,
2019-06-30,,,,,,,,,,-0.4000,,,,,,,,,,,,,,,
2019-07-01,255.8020,263.2800,103.6220,103.6780,3.7000,150937.0000,2.0300,101.9408,81.5200,-0.4000,7.5000,2709163.7000,,3.9000,0.3000,584007.2000,187230.3000,2.4000,20843.3220,108.0000,107.8000,101.5173,81.7100,670547.0000,-0.1000
2019-07-02,,,,,,,1.9800,,,-0.4000,,,,,,,,,,,,,,,
2019-07-03,,,,,,,1.9600,,,-0.4000,,,,,,,,,,,,,,,
2019-07-04,,,,,,,,,,-0.4000,,,,,,,,,,,,,,,
2019-07-05,,,,,,,2.0400,,,-0.4000,,,,,,,,,,,,,,,
2019-07-06,,,,,,,,,,-0.4000,,,,,,,,,,,,,,,
2019-07-07,,,,,,,,,,-0.4000,,,,,,,,,,,,,,,
2019-07-08,,,,,,,2.0500,,,-0.4000,,,,,,,,,,,,,,,
2019-07-09,,,,,,,2.0700,,,-0.4000,,,,,,,,,,,,,,,
2019-07-10,,,,,,,2.0700,,,-0.4000,,,,,,,,,,,,,,,
2019-07-11,,,,,,,2.1300,,,-0.4000,,,,,,,,,,,,,,,
2019-07-12,,,,,,,2.1200,,,-0.4000,,,,,,,,,,,,,,,
2019-07-13,,,,,,,,,,-0.4000,,,,,,,,,,,,,,,
2019-07-14,,,,,,,,,,-0.4000,,,,,,,,,,,,,,,
2019-07-15,,,,,,,2.0900,,,-0.4000,,,,,,,,,,,,,,,
2019-07-16,,,,,,,2.1300,,,-0.4000,,,,,,,,,,,,,,,
2019-07-17,,,,,,,2.0600,,,-0.4000,,,,,,,,,,,,,,,
2019-07-18,,,,,,,2.0400,,,-0.4000,,,,,,,,,,,,,,,
2019-07-19,,,,,,,2.0500,,,-0.4000,,,,,,,,,,,,,,,
2019-07-20,,,,,,,,,,-0.4000,,,,,,,,,,,,,,,
2019-07-21,,,,,,,,,,-0.4000,,,,,,,,,,,,,,,
2019-07-22,,,,,,,2.0500,,,-0.4000,,,,,,,,,,,,,,,
2019-07-23,,,,,,,2.0800,,,-0.4000,,,,,,,,,,,,,,,
2019-07-24,,,,,,,2.0500,,,-0.4000,,,,,,,,,,,,,,,
2019-07-25,,,,,,,2.0800,,,-0.4000,,,,,,,,,,,,,,,
2019-07-26,,,,,,,2.0800,,,-0.4000,,,,,,,,,,,,,,,
2019-07-27,,,,,,,,,,-0.4000,,,,,,,,,,,,,,,
2019-07-28,,,,,,,,,,-0.4000,,,,,,,,,,,,,,,
2019-07-29,,,,,,,2.0600,,,-0.4000,,,,,,,,,,,,,,,
2019-07-30,,,,,,,2.0600,,,-0.4000,,,,,,,,,,,,,,,
2019-07-31,,,,,,,2.0200,,,-0.4000,,,,,,,,,,,,,,,
2019-08-01,256.0360,263.8770,103.6700,103.7970,3.6000,151169.0000,1.9000,102.6390,81.6400,-0.4000,7.5000,,,3.9000,0.3000,,,2.1300,,108.3000,108.1000,101.5070,81.8300,,0.3000
2019-08-02,,,,,,,1.8600,,,-0.4000,,,,,,,,,,,,,,,
2019-08-03,,,,,,,,,,-0.4000,,,,,,,,,,,,,,,
2019-08-04,,,,,,,,,,-0.4000,,,,,,,,,,,,,,,
2019-08-05,,,,,,,1.7500,,,-0.4000,,,,,,,,,,,,,,,
2019-08-06,,,,,,,1.7300,,,-0.4000,,,,,,,,,,,,,,,
2019-08-07,,,,,,,1.7100,,,-0.4000,,,,,,,,,,,,,,,
2019-08-08,,,,,,,1.7200,,,-0.4000,,,,,,,,,,,,,,,
2019-08-09,,,,,,,1.7400,,,-0.4000,,,,,,,,,,,,,,,
2019-08-10,,,,,,,,,,-0.4000,,,,,,,,,,,,,,,
2019-08-11,,,,,,,,,,-0.4000,,,,,,,,,,,,,,,
2019-08-12,,,,,,,1.6500,,,-0.4000,,,,,,,,,,,,,,,
2019-08-13,,,,,,,1.6800,,,-0.4000,,,,,,,,,,,,,,,
2019-08-14,,,,,,,1.5900,,,-0.4000,,,,,,,,,,,,,,,
2019-08-15,,,,,,,1.5200,,,-0.4000,,,,,,,,,,,,,,,
2019-08-16,,,,,,,1.5500,,,-0.4000,,,,,,,,,,,,,,,
2019-08-17,,,,,,,,,,-0.4000,,,,,,,,,,,,,,,
2019-08-18,,,,,,,,,,-0.4000,,,,,,,,,,,,,,,
2019-08-19,,,,,,,1.6000,,,-0.4000,,,,,,,,,,,,,,,
2019-08-20,,,,,,,1.5500,,,-0.4000,,,,,,,,,,,,,,,
2019-08-21,,,,,,,1.5900,,,-0.4000,,,,,,,,,,,,,,,
2019-08-22,,,,,,,1.6200,,,-0.4000,,,,,,,,,,,,,,,
2019-08-23,,,,,,,1.5200,,,-0.4000,,,,,,,,,,,,,,,
2019-08-24,,,,,,,,,,-0.4000,,,,,,,,,,,,,,,
2019-08-25,,,,,,,,,,-0.4000,,,,,,,,,,,,,,,
2019-08-26,,,,,,,1.5400,,,-0.4000,,,,,,,,,,,,,,,
2019-08-27,,,,,,,1.4900,,,-0.4000,,,,,,,,,,,,,,,
2019-08-28,,,,,,,1.4700,,,-0.4000,,,,,,,,,,,,,,,
2019-08-29,,,,,,,1.5000,,,-0.4000,,,,,,,,,,,,,,,
2019-08-30,,,,,,,1.5000,,,-0.4000,,,,,,,,,,,,,,,
2019-08-31,,,,,,,,,,-0.4000,,,,,,,,,,,,,,,
2019-09-01,256.4300,264.3880,103.7330,103.8730,3.5000,151365.0000,,102.2917,81.8200,-0.4000,7.5000,,,3.8000,0.3000,,,2.0400,,108.4000,108.3000,101.3957,82.0000,,0.1000
2019-09-02,,,,,,,,,,-0.4000,,,,,,,,,,,,,,,
2019-09-03,,,,,,,1.4700,,,-0.4000,,,,,,,,,,,,,,,
2019-09-04,,,,,,,1.4700,,,-0.4000,,,,,,,,,,,,,,,
2019-09-05,,,,,,,1.5700,,,-0.4000,,,,,,,,,,,,,,,
2019-09-06,,,,,,,1.5500,,,-0.4000,,,,,,,,,,,,,,,
2019-09-07,,,,,,,,,,-0.4000,,,,,,,,,,,,,,,
2019-09-08,,,,,,,,,,-0.4000,,,,,,,,,,,,,,,
2019-09-09,,,,,,,1.6300,,,-0.4000,,,,,,,,,,,,,,,
2019-09-10,,,,,,,1.7200,,,-0.4000,,,,,,,,,,,,,,,
2019-09-11,,,,,,,1.7500,,,-0.4000,,,,,,,,,,,,,,,
2019-09-12,,,,,,,1.7900,,,-0.4000,,,,,,,,,,,,,,,
2019-09-13,,,,,,,1.9000,,,-0.4000,,,,,,,,,,,,,,,
2019-09-14,,,,,,,,,,-0.4000,,,,,,,,,,,,,,,
2019-09-15,,,,,,,,,,-0.4000,,,,,,,,,,,,,,,
2019-09-16,,,,,,,1.8400,,,-0.4000,,,,,,,,,,,,,,,
2019-09-17,,,,,,,1.8100,,,-0.4000,,,,,,,,,,,,,,,
2019-09-18,,,,,,,1.8000,,,-0.5000,,,,,,,,,,,,,,,
2019-09-19,,,,,,,1.7900,,,-0.5000,,,,,,,,,,,,,,,
2019-09-20,,,,,,,1.7400,,,-0.5000,,,,,,,,,,,,,,,
2019-09-21,,,,,,,,,,-0.5000,,,,,,,,,,,,,,,
2019-09-22,,,,,,,,,,-0.5000,,,,,,,,,,,,,,,
2019-09-23,,,,,,,1.7200,,,-0.5000,,,,,,,,,,,,,,,
2019-09-24,,,,,,,1.6400,,,-0.5000,,,,,,,,,,,,,,,
2019-09-25,,,,,,,1.7300,,,-0.5000,,,,,,,,,,,,,,,
2019-09-26,,,,,,,1.7000,,,-0.5000,,,,,,,,,,,,,,,
2019-09-27,,,,,,,1.6900,,,-0.5000,,,,,,,,,,,,,,,
2019-09-28,,,,,,,,,,-0.5000,,,,,,,,,,,,,,,
2019-09-29,,,,,,,,,,-0.5000,,,,,,,,,,,,,,,
2019-09-30,,,,,,,1.6800,,,-0.5000,,,,,,,,,,,,,,,
2019-10-01,257.1550,264.9700,103.9170,104.0280,3.6000,151460.0000,1.6500,101.4281,81.9300,-0.5000,7.4000,2706397.6000,,3.8000,0.3000,567196.9000,187409.1000,1.8300,20985.4480,108.3000,108.4000,101.1677,82.1200,670587.0000,0.3000
2019-10-02,,,,,,,1.6000,,,-0.5000,,,,,,,,,,,,,,,
2019-10-03,,,,,,,1.5400,,,-0.5000,,,,,,,,,,,,,,,
2019-10-04,,,,,,,1.5200,,,-0.5000,,,,,,,,,,,,,,,
2019-10-05,,,,,,,,,,-0.5000,,,,,,,,,,,,,,,
2019-10-06,,,,,,,,,,-0.5000,,,,,,,,,,,,,,,
2019-10-07,,,,,,,1.5600,,,-0.5000,,,,,,,,,,,,,,,
2019-10-08,,,,,,,1.5400,,,-0.5000,,,,,,,,,,,,,,,
2019-10-09,,,,,,,1.5900,,,-0.5000,,,,,,,,,,,,,,,
2019-10-10,,,,,,,1.6700,,,-0.5000,,,,,,,,,,,,,,,
2019-10-11,,,,,,,1.7600,,,-0.5000,,,,,,,,,,,,,,,
2019-10-12,,,,,,,,,,-0.5000,,,,,,,,,,,,,,,
2019-10-13,,,,,,,,,,-0.5000,,,,,,,,,,,,,,,
2019-10-14,,,,,,,,,,-0.5000,,,,,,,,,,,,,,,
2019-10-15,,,,,,,1.7700,,,-0.5000,,,,,,,,,,,,,,,
2019-10-16,,,,,,,1.7500,,,-0.5000,,,,,,,,,,,,,,,
2019-10-17,,,,,,,1.7600,,,-0.5000,,,,,,,,,,,,,,,
2019-10-18,,,,,,,1.7600,,,-0.5000,,,,,,,,,,,,,,,
2019-10-19,,,,,,,,,,-0.5000,,,,,,,,,,,,,,,
2019-10-20,,,,,,,,,,-0.5000,,,,,,,,,,,,,,,
2019-10-21,,,,,,,1.8000,,,-0.5000,,,,,,,,,,,,,,,
2019-10-22,,,,,,,1.7800,,,-0.5000,,,,,,,,,,,,,,,
2019-10-23,,,,,,,1.7700,,,-0.5000,,,,,,,,,,,,,,,
2019-10-24,,,,,,,1.7700,,,-0.5000,,,,,,,,,,,,,,,
2019-10-25,,,,,,,1.8000,,,-0.5000,,,,,,,,,,,,,,,
2019-10-26,,,,,,,,,,-0.5000,,,,,,,,,,,,,,,
2019-10-27,,,,,,,,,,-0.5000,,,,,,,,,,,,,,,
2019-10-28,,,,,,,1.8500,,,-0.5000,,,,,,,,,,,,,,,
2019-10-29,,,,,,,1.8400,,,-0.5000,,,,,,,,,,,,,,,
2019-10-30,,,,,,,1.7800,,,-0.5000,,,,,,,,,,,,,,,
2019-10-31,,,,,,,1.6900,,,-0.5000,,,,,,,,,,,,,,,
2019-11-01,257.8790,265.5480,104.0240,104.0920,3.6000,151667.0000,1.7300,101.9372,81.6700,-0.5000,7.5000,,,3.7000,0.3000,,,1.5500,,108.5000,108.6000,101.0330,81.8300,,0.1000
2019-11-02,,,,,,,,,,-0.5000,,,,,,,,,,,,,,,
2019-11-03,,,,,,,,,,-0.5000,,,,,,,,,,,,,,,
2019-11-04,,,,,,,1.7900,,,-0.5000,,,,,,,,,,,,,,,
2019-11-05,,,,,,,1.8600,,,-0.5000,,,,,,,,,,,,,,,
2019-11-06,,,,,,,1.8100,,,-0.5000,,,,,,,,,,,,,,,
2019-11-07,,,,,,,1.9200,,,-0.5000,,,,,,,,,,,,,,,
2019-11-08,,,,,,,1.9400,,,-0.5000,,,,,,,,,,,,,,,
2019-11-09,,,,,,,,,,-0.5000,,,,,,,,,,,,,,,
2019-11-10,,,,,,,,,,-0.5000,,,,,,,,,,,,,,,
2019-11-11,,,,,,,,,,-0.5000,,,,,,,,,,,,,,,
2019-11-12,,,,,,,1.9200,,,-0.5000,,,,,,,,,,,,,,,
2019-11-13,,,,,,,1.8800,,,-0.5000,,,,,,,,,,,,,,,
2019-11-14,,,,,,,1.8200,,,-0.5000,,,,,,,,,,,,,,,
2019-11-15,,,,,,,1.8400,,,-0.5000,,,,,,,,,,,,,,,
2019-11-16,,,,,,,,,,-0.5000,,,,,,,,,,,,,,,
2019-11-17,,,,,,,,,,-0.5000,,,,,,,,,,,,,,,
2019-11-18,,,,,,,1.8100,,,-0.5000,,,,,,,,,,,,,,,
2019-11-19,,,,,,,1.7900,,,-0.5000,,,,,,,,,,,,,,,
2019-11-20,,,,,,,1.7300,,,-0.5000,,,,,,,,,,,,,,,
2019-11-21,,,,,,,1.7700,,,-0.5000,,,,,,,,,,,,,,,
2019-11-22,,,,,,,1.7700,,,-0.5000,,,,,,,,,,,,,,,
2019-11-23,,,,,,,,,,-0.5000,,,,,,,,,,,,,,,
2019-11-24,,,,,,,,,,-0.5000,,,,,,,,,,,,,,,
2019-11-25,,,,,,,1.7600,,,-0.5000,,,,,,,,,,,,,,,
2019-11-26,,,,,,,1.7400,,,-0.5000,,,,,,,,,,,,,,,
2019-11-27,,,,,,,1.7700,,,-0.5000,,,,,,,,,,,,,,,
2019-11-28,,,,,,,,,,-0.5000,,,,,,,,,,,,,,,
2019-11-29,,,,,,,1.7800,,,-0.5000,,,,,,,,,,,,,,,
2019-11-30,,,,,,,,,,-0.5000,,,,,,,,,,,,,,,
2019-12-01,258.6300,266.0200,104.3070,104.3220,3.6000,151794.0000,,101.7003,81.9300,-0.5000,7.5000,,,3.9000,0.3000,,,1.5500,,108.5000,108.6000,101.0632,82.0900,,0.0000
2019-12-02,,,,,,,1.8300,,,-0.5000,,,,,,,,,,,,,,,
2019-12-03,,,,,,,1.7200,,,-0.5000,,,,,,,,,,,,,,,
2019-12-04,,,,,,,1.7700,,,-0.5000,,,,,,,,,,,,,,,
2019-12-05,,,,,,,1.8000,,,-0.5000,,,,,,,,,,,,,,,
2019-12-06,,,,,,,1.8400,,,-0.5000,,,,,,,,,,,,,,,
2019-12-07,,,,,,,,,,-0.5000,,,,,,,,,,,,,,,
2019-12-08,,,,,,,,,,-0.5000,,,,,,,,,,,,,,,
2019-12-09,,,,,,,1.8300,,,-0.5000,,,,,,,,,,,,,,,
2019-12-10,,,,,,,1.8500,,,-0.5000,,,,,,,,,,,,,,,
2019-12-11,,,,,,,1.7900,,,-0.5000,,,,,,,,,,,,,,,
2019-12-12,,,,,,,1.9000,,,-0.5000,,,,,,,,,,,,,,,
2019-12-13,,,,,,,1.8200,,,-0.5000,,,,,,,,,,,,,,,
2019-12-14,,,,,,,,,,-0.5000,,,,,,,,,,,,,,,
2019-12-15,,,,,,,,,,-0.5000,,,,,,,,,,,,,,,
2019-12-16,,,,,,,1.8900,,,-0.5000,,,,,,,,,,,,,,,
2019-12-17,,,,,,,1.8900,,,-0.5000,,,,,,,,,,,,,,,
2019-12-18,,,,,,,1.9200,,,-0.5000,,,,,,,,,,,,,,,
2019-12-19,,,,,,,1.9200,,,-0.5000,,,,,,,,,,,,,,,
2019-12-20,,,,,,,1.9200,,,-0.5000,,,,,,,,,,,,,,,
2019-12-21,,,,,,,,,,-0.5000,,,,,,,,,,,,,,,
2019-12-22,,,,,,,,,,-0.5000,,,,,,,,,,,,,,,
2019-12-23,,,,,,,1.9300,,,-0.5000,,,,,,,,,,,,,,,
2019-12-24,,,,,,,1.9000,,,-0.5000,,,,,,,,,,,,,,,
2019-12-25,,,,,,,,,,-0.5000,,,,,,,,,,,,,,,
2019-12-26,,,,,,,1.9000,,,-0.5000,,,,,,,,,,,,,,,
2019-12-27,,,,,,,1.8800,,,-0.5000,,,,,,,,,,,,,,,
2019-12-28,,,,,,,,,,-0.5000,,,,,,,,,,,,,,,
2019-12-29,,,,,,,,,,-0.5000,,,,,,,,,,,,,,,
2019-12-30,,,,,,,1.9000,,,-0.5000,,,,,,,,,,,,,,,
2019-12-31,,,,,,,1.9200,,,-0.5000,,,,,,,,,,,,,,,
2020-01-01,259.1270,266.7160,104.4900,104.5070,3.6000,152031.0000,,101.0338,81.1000,-0.5000,7.5000,2618347.1000,,3.9000,0.3000,569447.8000,185462.3000,1.5500,20709.2120,108.3000,108.2000,100.8451,81.2500,652180.0000,-0.1000
2020-01-02,,,,,,,1.8800,,,-0.5000,,,,,,,,,,,,,,,
2020-01-03,,,,,,,1.8000,,,-0.5000,,,,,,,,,,,,,,,
2020-01-04,,,,,,,,,,-0.5000,,,,,,,,,,,,,,,
2020-01-05,,,,,,,,,,-0.5000,,,,,,,,,,,,,,,
2020-01-06,,,,,,,1.8100,,,-0.5000,,,,,,,,,,,,,,,
2020-01-07,,,,,,,1.8300,,,-0.5000,,,,,,,,,,,,,,,
2020-01-08,,,,,,,1.8700,,,-0.5000,,,,,,,,,,,,,,,
2020-01-09,,,,,,,1.8500,,,-0.5000,,,,,,,,,,,,,,,
2020-01-10,,,,,,,1.8300,,,-0.5000,,,,,,,,,,,,,,,
2020-01-11,,,,,,,,,,-0.5000,,,,,,,,,,,,,,,
2020-01-12,,,,,,,,,,-0.5000,,,,,,,,,,,,,,,
2020-01-13,,,,,,,1.8500,,,-0.5000,,,,,,,,,,,,,,,
2020-01-14,,,,,,,1.8200,,,-0.5000,,,,,,,,,,,,,,,
2020-01-15,,,,,,,1.7900,,,-0.5000,,,,,,,,,,,,,,,
2020-01-16,,,,,,,1.8100,,,-0.5000,,,,,,,,,,,,,,,
2020-01-17,,,,,,,1.8400,,,-0.5000,,,,,,,,,,,,,,,
2020-01-18,,,,,,,,,,-0.5000,,,,,,,,,,,,,,,
2020-01-19,,,,,,,,,,-0.5000,,,,,,,,,,,,,,,
2020-01-20,,,,,,,,,,-0.5000,,,,,,,,,,,,,,,
2020-01-21,,,,,,,1.7800,,,-0.5000,,,,,,,,,,,,,,,
2020-01-22,,,,,,,1.7700,,,-0.5000,,,,,,,,,,,,,,,
2020-01-23,,,,,,,1.7400,,,-0.5000,,,,,,,,,,,,,,,
2020-01-24,,,,,,,1.7000,,,-0.5000,,,,,,,,,,,,,,,
2020-01-25,,,,,,,,,,-0.5000,,,,,,,,,,,,,,,
2020-01-26,,,,,,,,,,-0.5000,,,,,,,,,,,,,,,
2020-01-27,,,,,,,1.6100,,,-0.5000,,,,,,,,,,,,,,,
2020-01-28,,,,,,,1.6500,,,-0.5000,,,,,,,,,,,,,,,
2020-01-29,,,,,,,1.6000,,,-0.5000,,,,,,,,,,,,,,,
2020-01-30,,,,,,,1.5700,,,-0.5000,,,,,,,,,,,,,,,
2020-01-31,,,,,,,1.5100,,,-0.5000,,,,,,,,,,,,,,,
2020-02-01,259.2500,267.3700,104.5730,104.7110,3.5000,152293.0000,,101.3735,81.2500,-0.5000,7.4000,,,4.1000,0.3000,,,1.5800,,108.6000,108.6000,100.9700,81.3900,,-0.2000
2020-02-02,,,,,,,,,,-0.5000,,,,,,,,,,,,,,,
2020-02-03,,,,,,,1.5400,,,-0.5000,,,,,,,,,,,,,,,
2020-02-04,,,,,,,1.6100,,,-0.5000,,,,,,,,,,,,,,,
2020-02-05,,,,,,,1.6600,,,-0.5000,,,,,,,,,,,,,,,
2020-02-06,,,,,,,1.6500,,,-0.5000,,,,,,,,,,,,,,,
2020-02-07,,,,,,,1.5900,,,-0.5000,,,,,,,,,,,,,,,
2020-02-08,,,,,,,,,,-0.5000,,,,,,,,,,,,,,,
2020-02-09,,,,,,,,,,-0.5000,,,,,,,,,,,,,,,
2020-02-10,,,,,,,1.5600,,,-0.5000,,,,,,,,,,,,,,,
2020-02-11,,,,,,,1.5900,,,-0.5000,,,,,,,,,,,,,,,
2020-02-12,,,,,,,1.6200,,,-0.5000,,,,,,,,,,,,,,,
2020-02-13,,,,,,,1.6100,,,-0.5000,,,,,,,,,,,,,,,
2020-02-14,,,,,,,1.5900,,,-0.5000,,,,,,,,,,,,,,,
2020-02-15,,,,,,,,,,-0.5000,,,,,,,,,,,,,,,
2020-02-16,,,,,,,,,,-0.5000,,,,,,,,,,,,,,,
2020-02-17,,,,,,,,,,-0.5000,,,,,,,,,,,,,,,
2020-02-18,,,,,,,1.5500,,,-0.5000,,,,,,,,,,,,,,,
2020-02-19,,,,,,,1.5600,,,-0.5000,,,,,,,,,,,,,,,
2020-02-20,,,,,,,1.5200,,,-0.5000,,,,,,,,,,,,,,,
2020-02-21,,,,,,,1.4600,,,-0.5000,,,,,,,,,,,,,,,
2020-02-22,,,,,,,,,,-0.5000,,,,,,,,,,,,,,,
2020-02-23,,,,,,,,,,-0.5000,,,,,,,,,,,,,,,
2020-02-24,,,,,,,1.3800,,,-0.5000,,,,,,,,,,,,,,,
2020-02-25,,,,,,,1.3300,,,-0.5000,,,,,,,,,,,,,,,
2020-02-26,,,,,,,1.3300,,,-0.5000,,,,,,,,,,,,,,,
2020-02-27,,,,,,,1.3000,,,-0.5000,,,,,,,,,,,,,,,
2020-02-28,,,,,,,1.1300,,,-0.5000,,,,,,,,,,,,,,,
2020-02-29,,,,,,,,,,-0.5000,,,,,,,,,,,,,,,
2020-03-01,258.0760,267.0540,104.2710,104.6320,4.4000,150895.0000,,97.4078,81.6900,-0.5000,7.2000,,,4.1000,0.3000,,,0.6500,,108.6000,108.8000,101.0475,81.8100,,0.0000
2020-03-02,,,,,,,1.1000,,,-0.5000,,,,,,,,,,,,,,,
2020-03-03,,,,,,,1.0200,,,-0.5000,,,,,,,,,,,,,,,
2020-03-04,,,,,,,1.0200,,,-0.5000,,,,,,,,,,,,,,,
2020-03-05,,,,,,,0.9200,,,-0.5000,,,,,,,,,,,,,,,
2020-03-06,,,,,,,0.7400,,,-0.5000,,,,,,,,,,,,,,,
2020-03-07,,,,,,,,,,-0.5000,,,,,,,,,,,,,,,
2020-03-08,,,,,,,,,,-0.5000,,,,,,,,,,,,,,,
2020-03-09,,,,,,,0.5400,,,-0.5000,,,,,,,,,,,,,,,
2020-03-10,,,,,,,0.7600,,,-0.5000,,,,,,,,,,,,,,,
2020-03-11,,,,,,,0.8200,,,-0.5000,,,,,,,,,,,,,,,
2020-03-12,,,,,,,0.8800,,,-0.5000,,,,,,,,,,,,,,,
2020-03-13,,,,,,,0.9400,,,-0.5000,,,,,,,,,,,,,,,
2020-03-14,,,,,,,,,,-0.5000,,,,,,,,,,,,,,,
2020-03-15,,,,,,,,,,-0.5000,,,,,,,,,,,,,,,
2020-03-16,,,,,,,0.7300,,,-0.5000,,,,,,,,,,,,,,,
2020-03-17,,,,,,,1.0200,,,-0.5000,,,,,,,,,,,,,,,
2020-03-18,,,,,,,1.1800,,,-0.5000,,,,,,,,,,,,,,,
2020-03-19,,,,,,,1.1200,,,-0.5000,,,,,,,,,,,,,,,
2020-03-20,,,,,,,0.9200,,,-0.5000,,,,,,,,,,,,,,,
2020-03-21,,,,,,,,,,-0.5000,,,,,,,,,,,,,,,
2020-03-22,,,,,,,,,,-0.5000,,,,,,,,,,,,,,,
2020-03-23,,,,,,,0.7600,,,-0.5000,,,,,,,,,,,,,,,
2020-03-24,,,,,,,0.8400,,,-0.5000,,,,,,,,,,,,,,,
2020-03-25,,,,,,,0.8800,,,-0.5000,,,,,,,,,,,,,,,
2020-03-26,,,,,,,0.8300,,,-0.5000,,,,,,,,,,,,,,,
2020-03-27,,,,,,,0.7200,,,-0.5000,,,,,,,,,,,,,,,
2020-03-28,,,,,,,,,,-0.5000,,,,,,,,,,,,,,,
2020-03-29,,,,,,,,,,-0.5000,,,,,,,,,,,,,,,
2020-03-30,,,,,,,0.7000,,,-0.5000,,,,,,,,,,,,,,,
2020-03-31,,,,,,,0.7000,,,-0.5000,,,,,,,,,,,,,,,
2020-04-01,256.0320,265.7460,103.8380,104.2930,14.8000,130426.0000,0.6200,84.5619,81.9300,-0.5000,7.4000,2327598.0000,,4.1000,0.3000,528204.6000,173487.9000,0.0500,19077.9920,108.6000,109.0000,100.6800,82.0400,522356.0000,-0.1000
2020-04-02,,,,,,,0.6300,,,-0.5000,,,,,,,,,,,,,,,
2020-04-03,,,,,,,0.6200,,,-0.5000,,,,,,,,,,,,,,,
2020-04-04,,,,,,,,,,-0.5000,,,,,,,,,,,,,,,
2020-04-05,,,,,,,,,,-0.5000,,,,,,,,,,,,,,,
2020-04-06,,,,,,,0.6700,,,-0.5000,,,,,,,,,,,,,,,
2020-04-07,,,,,,,0.7500,,,-0.5000,,,,,,,,,,,,,,,
2020-04-08,,,,,,,0.7700,,,-0.5000,,,,,,,,,,,,,,,
2020-04-09,,,,,,,0.7300,,,-0.5000,,,,,,,,,,,,,,,
2020-04-10,,,,,,,,,,-0.5000,,,,,,,,,,,,,,,
2020-04-11,,,,,,,,,,-0.5000,,,,,,,,,,,,,,,
2020-04-12,,,,,,,,,,-0.5000,,,,,,,,,,,,,,,
2020-04-13,,,,,,,0.7600,,,-0.5000,,,,,,,,,,,,,,,
2020-04-14,,,,,,,0.7600,,,-0.5000,,,,,,,,,,,,,,,
2020-04-15,,,,,,,0.6300,,,-0.5000,,,,,,,,,,,,,,,
2020-04-16,,,,,,,0.6100,,,-0.5000,,,,,,,,,,,,,,,
2020-04-17,,,,,,,0.6500,,,-0.5000,,,,,,,,,,,,,,,
2020-04-18,,,,,,,,,,-0.5000,,,,,,,,,,,,,,,
2020-04-19,,,,,,,,,,-0.5000,,,,,,,,,,,,,,,
2020-04-20,,,,,,,0.6300,,,-0.5000,,,,,,,,,,,,,,,
2020-04-21,,,,,,,0.5800,,,-0.5000,,,,,,,,,,,,,,,
2020-04-22,,,,,,,0.6300,,,-0.5000,,,,,,,,,,,,,,,
2020-04-23,,,,,,,0.6100,,,-0.5000,,,,,,,,,,,,,,,
2020-04-24,,,,,,,0.6000,,,-0.5000,,,,,,,,,,,,,,,
2020-04-25,,,,,,,,,,-0.5000,,,,,,,,,,,,,,,
2020-04-26,,,,,,,,,,-0.5000,,,,,,,,,,,,,,,
2020-04-27,,,,,,,0.6700,,,-0.5000,,,,,,,,,,,,,,,
2020-04-28,,,,,,,0.6200,,,-0.5000,,,,,,,,,,,,,,,
2020-04-29,,,,,,,0.6300,,,-0.5000,,,,,,,,,,,,,,,
2020-04-30,,,,,,,0.6400,,,-0.5000,,,,,,,,,,,,,,,
2020-05-01,255.8020,265.4120,103.9420,104.4020,13.2000,133040.0000,0.6400,85.9604,81.8500,-0.5000,7.6000,,,4.1000,0.3000,,,0.0500,,108.6000,109.1000,100.7222,81.9400,,0.0000
2020-05-02,,,,,,,,,,-0.5000,,,,,,,,,,,,,,,
2020-05-03,,,,,,,,,,-0.5000,,,,,,,,,,,,,,,
2020-05-04,,,,,,,0.6400,,,-0.5000,,,,,,,,,,,,,,,
2020-05-05,,,,,,,0.6600,,,-0.5000,,,,,,,,,,,,,,,
2020-05-06,,,,,,,0.7200,,,-0.5000,,,,,,,,,,,,,,,
2020-05-07,,,,,,,0.6300,,,-0.5000,,,,,,,,,,,,,,,
2020-05-08,,,,,,,0.6900,,,-0.5000,,,,,,,,,,,,,,,
2020-05-09,,,,,,,,,,-0.5000,,,,,,,,,,,,,,,
2020-05-10,,,,,,,,,,-0.5000,,,,,,,,,,,,,,,
2020-05-11,,,,,,,0.7300,,,-0.5000,,,,,,,,,,,,,,,
2020-05-12,,,,,,,0.6900,,,-0.5000,,,,,,,,,,,,,,,
2020-05-13,,,,,,,0.6400,,,-0.5000,,,,,,,,,,,,,,,
2020-05-14,,,,,,,0.6300,,,-0.5000,,,,,,,,,,,,,,,
2020-05-15,,,,,,,0.6400,,,-0.5000,,,,,,,,,,,,,,,
2020-05-16,,,,,,,,,,-0.5000,,,,,,,,,,,,,,,
2020-05-17,,,,,,,,,,-0.5000,,,,,,,,,,,,,,,
2020-05-18,,,,,,,0.7300,,,-0.5000,,,,,,,,,,,,,,,
2020-05-19,,,,,,,0.7000,,,-0.5000,,,,,,,,,,,,,,,
2020-05-20,,,,,,,0.6800,,,-0.5000,,,,,,,,,,,,,,,
2020-05-21,,,,,,,0.6800,,,-0.5000,,,,,,,,,,,,,,,
2020-05-22,,,,,,,0.6600,,,-0.5000,,,,,,,,,,,,,,,
2020-05-23,,,,,,,,,,-0.5000,,,,,,,,,,,,,,,
2020-05-24,,,,,,,,,,-0.5000,,,,,,,,,,,,,,,
2020-05-25,,,,,,,,,,-0.5000,,,,,,,,,,,,,,,
2020-05-26,,,,,,,0.6900,,,-0.5000,,,,,,,,,,,,,,,
2020-05-27,,,,,,,0.6800,,,-0.5000,,,,,,,,,,,,,,,
2020-05-28,,,,,,,0.7000,,,-0.5000,,,,,,,,,,,,,,,
2020-05-29,,,,,,,0.6500,,,-0.5000,,,,,,,,,,,,,,,
2020-05-30,,,,,,,,,,-0.5000,,,,,,,,,,,,,,,
2020-05-31,,,,,,,,,,-0.5000,,,,,,,,,,,,,,,
2020-06-01,257.0420,265.8490,104.2700,104.5650,11.0000,137671.0000,0.6600,91.5934,82.1300,-0.5000,8.1000,,,4.4000,0.3000,,,0.0800,,108.8000,109.3000,100.7431,82.2200,,-0.2000
2020-06-02,,,,,,,0.6800,,,-0.5000,,,,,,,,,,,,,,,
2020-06-03,,,,,,,0.7700,,,-0.5000,,,,,,,,,,,,,,,
2020-06-04,,,,,,,0.8200,,,-0.5000,,,,,,,,,,,,,,,
2020-06-05,,,,,,,0.9100,,,-0.5000,,,,,,,,,,,,,,,
2020-06-06,,,,,,,,,,-0.5000,,,,,,,,,,,,,,,
2020-06-07,,,,,,,,,,-0.5000,,,,,,,,,,,,,,,
2020-06-08,,,,,,,0.8800,,,-0.5000,,,,,,,,,,,,,,,
2020-06-09,,,,,,,0.8400,,,-0.5000,,,,,,,,,,,,,,,
2020-06-10,,,,,,,0.7500,,,-0.5000,,,,,,,,,,,,,,,
2020-06-11,,,,,,,0.6600,,,-0.5000,,,,,,,,,,,,,,,
2020-06-12,,,,,,,0.7100,,,-0.5000,,,,,,,,,,,,,,,
2020-06-13,,,,,,,,,,-0.5000,,,,,,,,,,,,,,,
2020-06-14,,,,,,,,,,-0.5000,,,,,,,,,,,,,,,
2020-06-15,,,,,,,0.7100,,,-0.5000,,,,,,,,,,,,,,,
2020-06-16,,,,,,,0.7500,,,-0.5000,,,,,,,,,,,,,,,
2020-06-17,,,,,,,0.7400,,,-0.5000,,,,,,,,,,,,,,,
2020-06-18,,,,,,,0.7100,,,-0.5000,,,,,,,,,,,,,,,
2020-06-19,,,,,,,0.7000,,,-0.5000,,,,,,,,,,,,,,,
2020-06-20,,,,,,,,,,-0.5000,,,,,,,,,,,,,,,
2020-06-21,,,,,,,,,,-0.5000,,,,,,,,,,,,,,,
2020-06-22,,,,,,,0.7100,,,-0.5000,,,,,,,,,,,,,,,
2020-06-23,,,,,,,0.7200,,,-0.5000,,,,,,,,,,,,,,,
2020-06-24,,,,,,,0.6900,,,-0.5000,,,,,,,,,,,,,,,
2020-06-25,,,,,,,0.6800,,,-0.5000,,,,,,,,,,,,,,,
2020-06-26,,,,,,,0.6400,,,-0.5000,,,,,,,,,,,,,,,
2020-06-27,,,,,,,,,,-0.5000,,,,,,,,,,,,,,,
2020-06-28,,,,,,,,,,-0.5000,,,,,,,,,,,,,,,
2020-06-29,,,,,,,0.6400,,,-0.5000,,,,,,,,,,,,,,,
2020-06-30,,,,,,,0.6600,,,-0.5000,,,,,,,,,,,,,,,
2020-07-01,258.3520,267.3890,104.5780,104.9370,10.2000,139255.0000,0.6900,95.0256,81.8400,-0.5000,8.5000,2596966.6000,,4.6000,0.3000,554569.6000,184522.5000,0.0900,20558.8790,109.2000,109.7000,100.5834,81.9100,610972.0000,0.1000
2020-07-02,,,,,,,0.6800,,,-0.5000,,,,,,,,,,,,,,,
2020-07-03,,,,,,,,,,-0.5000,,,,,,,,,,,,,,,
2020-07-04,,,,,,,,,,-0.5000,,,,,,,,,,,,,,,
2020-07-05,,,,,,,,,,-0.5000,,,,,,,,,,,,,,,
2020-07-06,,,,,,,0.6900,,,-0.5000,,,,,,,,,,,,,,,
2020-07-07,,,,,,,0.6500,,,-0.5000,,,,,,,,,,,,,,,
2020-07-08,,,,,,,0.6700,,,-0.5000,,,,,,,,,,,,,,,
2020-07-09,,,,,,,0.6200,,,-0.5000,,,,,,,,,,,,,,,
2020-07-10,,,,,,,0.6500,,,-0.5000,,,,,,,,,,,,,,,
2020-07-11,,,,,,,,,,-0.5000,,,,,,,,,,,,,,,
2020-07-12,,,,,,,,,,-0.5000,,,,,,,,,,,,,,,
2020-07-13,,,,,,,0.6400,,,-0.5000,,,,,,,,,,,,,,,
2020-07-14,,,,,,,0.6300,,,-0.5000,,,,,,,,,,,,,,,
2020-07-15,,,,,,,0.6400,,,-0.5000,,,,,,,,,,,,,,,
2020-07-16,,,,,,,0.6200,,,-0.5000,,,,,,,,,,,,,,,
2020-07-17,,,,,,,0.6400,,,-0.5000,,,,,,,,,,,,,,,
2020-07-18,,,,,,,,,,-0.5000,,,,,,,,,,,,,,,
2020-07-19,,,,,,,,,,-0.5000,,,,,,,,,,,,,,,
2020-07-20,,,,,,,0.6200,,,-0.5000,,,,,,,,,,,,,,,
2020-07-21,,,,,,,0.6100,,,-0.5000,,,,,,,,,,,,,,,
2020-07-22,,,,,,,0.6000,,,-0.5000,,,,,,,,,,,,,,,
2020-07-23,,,,,,,0.5900,,,-0.5000,,,,,,,,,,,,,,,
2020-07-24,,,,,,,0.5900,,,-0.5000,,,,,,,,,,,,,,,
2020-07-25,,,,,,,,,,-0.5000,,,,,,,,,,,,,,,
2020-07-26,,,,,,,,,,-0.5000,,,,,,,,,,,,,,,
2020-07-27,,,,,,,0.6200,,,-0.5000,,,,,,,,,,,,,,,
2020-07-28,,,,,,,0.5900,,,-0.5000,,,,,,,,,,,,,,,
2020-07-29,,,,,,,0.5800,,,-0.5000,,,,,,,,,,,,,,,
2020-07-30,,,,,,,0.5500,,,-0.5000,,,,,,,,,,,,,,,
2020-07-31,,,,,,,0.5500,,,-0.5000,,,,,,,,,,,,,,,
2020-08-01,259.3160,268.4220,104.8700,105.2430,8.4000,140821.0000,,95.9549,81.5000,-0.5000,8.6000,,,5.0000,0.3000,,,0.1000,,108.8000,109.2000,100.6277,81.5600,,0.1000
2020-08-02,,,,,,,,,,-0.5000,,,,,,,,,,,,,,,
2020-08-03,,,,,,,0.5600,,,-0.5000,,,,,,,,,,,,,,,
2020-08-04,,,,,,,0.5200,,,-0.5000,,,,,,,,,,,,,,,
2020-08-05,,,,,,,0.5500,,,-0.5000,,,,,,,,,,,,,,,
2020-08-06,,,,,,,0.5500,,,-0.5000,,,,,,,,,,,,,,,
2020-08-07,,,,,,,0.5700,,,-0.5000,,,,,,,,,,,,,,,
2020-08-08,,,,,,,,,,-0.5000,,,,,,,,,,,,,,,
2020-08-09,,,,,,,,,,-0.5000,,,,,,,,,,,,,,,
2020-08-10,,,,,,,0.5900,,,-0.5000,,,,,,,,,,,,,,,
2020-08-11,,,,,,,0.6400,,,-0.5000,,,,,,,,,,,,,,,
2020-08-12,,,,,,,0.6900,,,-0.5000,,,,,,,,,,,,,,,
2020-08-13,,,,,,,0.7100,,,-0.5000,,,,,,,,,,,,,,,
2020-08-14,,,,,,,0.7100,,,-0.5000,,,,,,,,,,,,,,,
2020-08-15,,,,,,,,,,-0.5000,,,,,,,,,,,,,,,
2020-08-16,,,,,,,,,,-0.5000,,,,,,,,,,,,,,,
2020-08-17,,,,,,,0.6900,,,-0.5000,,,,,,,,,,,,,,,
2020-08-18,,,,,,,0.6700,,,-0.5000,,,,,,,,,,,,,,,
2020-08-19,,,,,,,0.6800,,,-0.5000,,,,,,,,,,,,,,,
2020-08-20,,,,,,,0.6500,,,-0.5000,,,,,,,,,,,,,,,
2020-08-21,,,,,,,0.6400,,,-0.5000,,,,,,,,,,,,,,,
2020-08-22,,,,,,,,,,-0.5000,,,,,,,,,,,,,,,
2020-08-23,,,,,,,,,,-0.5000,,,,,,,,,,,,,,,
2020-08-24,,,,,,,0.6500,,,-0.5000,,,,,,,,,,,,,,,
2020-08-25,,,,,,,0.6900,,,-0.5000,,,,,,,,,,,,,,,
2020-08-26,,,,,,,0.6900,,,-0.5000,,,,,,,,,,,,,,,
2020-08-27,,,,,,,0.7400,,,-0.5000,,,,,,,,,,,,,,,
2020-08-28,,,,,,,0.7400,,,-0.5000,,,,,,,,,,,,,,,
2020-08-29,,,,,,,,,,-0.5000,,,,,,,,,,,,,,,
2020-08-30,,,,,,,,,,-0.5000,,,,,,,,,,,,,,,
2020-08-31,,,,,,,0.7200,,,-0.5000,,,,,,,,,,,,,,,
2020-09-01,259.9970,268.9330,105.0570,105.4100,7.8000,141770.0000,0.6800,95.9669,81.5600,-0.5000,8.6000,,,5.2000,0.3000,,,0.0900,,109.2000,109.8000,100.5846,81.6300,,-0.2000
2020-09-02,,,,,,,0.6600,,,-0.5000,,,,,,,,,,,,,,,
2020-09-03,,,,,,,0.6300,,,-0.5000,,,,,,,,,,,,,,,
2020-09-04,,,,,,,0.7200,,,-0.5000,,,,,,,,,,,,,,,
2020-09-05,,,,,,,,,,-0.5000,,,,,,,,,,,,,,,
2020-09-06,,,,,,,,,,-0.5000,,,,,,,,,,,,,,,
2020-09-07,,,,,,,,,,-0.5000,,,,,,,,,,,,,,,
2020-09-08,,,,,,,0.6900,,,-0.5000,,,,,,,,,,,,,,,
2020-09-09,,,,,,,0.7100,,,-0.5000,,,,,,,,,,,,,,,
2020-09-10,,,,,,,0.6800,,,-0.5000,,,,,,,,,,,,,,,
2020-09-11,,,,,,,0.6700,,,-0.5000,,,,,,,,,,,,,,,
2020-09-12,,,,,,,,,,-0.5000,,,,,,,,,,,,,,,
2020-09-13,,,,,,,,,,-0.5000,,,,,,,,,,,,,,,
2020-09-14,,,,,,,0.6800,,,-0.5000,,,,,,,,,,,,,,,
2020-09-15,,,,,,,0.6800,,,-0.5000,,,,,,,,,,,,,,,
2020-09-16,,,,,,,0.6900,,,-0.5000,,,,,,,,,,,,,,,
2020-09-17,,,,,,,0.6900,,,-0.5000,,,,,,,,,,,,,,,
2020-09-18,,,,,,,0.7000,,,-0.5000,,,,,,,,,,,,,,,
2020-09-19,,,,,,,,,,-0.5000,,,,,,,,,,,,,,,
2020-09-20,,,,,,,,,,-0.5000,,,,,,,,,,,,,,,
2020-09-21,,,,,,,0.6800,,,-0.5000,,,,,,,,,,,,,,,
2020-09-22,,,,,,,0.6800,,,-0.5000,,,,,,,,,,,,,,,
2020-09-23,,,,,,,0.6800,,,-0.5000,,,,,,,,,,,,,,,
2020-09-24,,,,,,,0.6700,,,-0.5000,,,,,,,,,,,,,,,
2020-09-25,,,,,,,0.6600,,,-0.5000,,,,,,,,,,,,,,,
2020-09-26,,,,,,,,,,-0.5000,,,,,,,,,,,,,,,
2020-09-27,,,,,,,,,,-0.5000,,,,,,,,,,,,,,,
2020-09-28,,,,,,,0.6700,,,-0.5000,,,,,,,,,,,,,,,
2020-09-29,,,,,,,0.6600,,,-0.5000,,,,,,,,,,,,,,,
2020-09-30,,,,,,,0.6900,,,-0.5000,,,,,,,,,,,,,,,
2020-10-01,260.3190,269.3060,105.1510,105.5070,6.9000,142460.0000,0.6800,96.7394,81.7100,-0.5000,8.4000,2605657.7000,,5.2000,0.3000,563846.1000,186078.7000,0.0900,20791.9170,109.2000,110.0000,100.5908,81.7800,619330.0000,-0.1000
2020-10-02,,,,,,,0.7000,,,-0.5000,,,,,,,,,,,,,,,
2020-10-03,,,,,,,,,,-0.5000,,,,,,,,,,,,,,,
2020-10-04,,,,,,,,,,-0.5000,,,,,,,,,,,,,,,
2020-10-05,,,,,,,0.7800,,,-0.5000,,,,,,,,,,,,,,,
2020-10-06,,,,,,,0.7600,,,-0.5000,,,,,,,,,,,,,,,
2020-10-07,,,,,,,0.8100,,,-0.5000,,,,,,,,,,,,,,,
2020-10-08,,,,,,,0.7800,,,-0.5000,,,,,,,,,,,,,,,
2020-10-09,,,,,,,0.7900,,,-0.5000,,,,,,,,,,,,,,,
2020-10-10,,,,,,,,,,-0.5000,,,,,,,,,,,,,,,
2020-10-11,,,,,,,,,,-0.5000,,,,,,,,,,,,,,,
2020-10-12,,,,,,,,,,-0.5000,,,,,,,,,,,,,,,
2020-10-13,,,,,,,0.7400,,,-0.5000,,,,,,,,,,,,,,,
2020-10-14,,,,,,,0.7300,,,-0.5000,,,,,,,,,,,,,,,
2020-10-15,,,,,,,0.7400,,,-0.5000,,,,,,,,,,,,,,,
2020-10-16,,,,,,,0.7600,,,-0.5000,,,,,,,,,,,,,,,
2020-10-17,,,,,,,,,,-0.5000,,,,,,,,,,,,,,,
2020-10-18,,,,,,,,,,-0.5000,,,,,,,,,,,,,,,
2020-10-19,,,,,,,0.7800,,,-0.5000,,,,,,,,,,,,,,,
2020-10-20,,,,,,,0.8100,,,-0.5000,,,,,,,,,,,,,,,
2020-10-21,,,,,,,0.8300,,,-0.5000,,,,,,,,,,,,,,,
2020-10-22,,,,,,,0.8700,,,-0.5000,,,,,,,,,,,,,,,
2020-10-23,,,,,,,0.8500,,,-0.5000,,,,,,,,,,,,,,,
2020-10-24,,,,,,,,,,-0.5000,,,,,,,,,,,,,,,
2020-10-25,,,,,,,,,,-0.5000,,,,,,,,,,,,,,,
2020-10-26,,,,,,,0.8100,,,-0.5000,,,,,,,,,,,,,,,
2020-10-27,,,,,,,0.7900,,,-0.5000,,,,,,,,,,,,,,,
2020-10-28,,,,,,,0.7900,,,-0.5000,,,,,,,,,,,,,,,
2020-10-29,,,,,,,0.8500,,,-0.5000,,,,,,,,,,,,,,,
2020-10-30,,,,,,,0.8800,,,-0.5000,,,,,,,,,,,,,,,
2020-10-31,,,,,,,,,,-0.5000,,,,,,,,,,,,,,,
2020-11-01,260.9110,269.9810,105.2580,105.6050,6.7000,142733.0000,,97.0816,81.4300,-0.5000,8.2000,,,5.3000,0.3000,,,0.0900,,109.1000,109.9000,100.3412,81.4800,,-0.3000
2020-11-02,,,,,,,0.8700,,,-0.5000,,,,,,,,,,,,,,,
2020-11-03,,,,,,,0.9000,,,-0.5000,,,,,,,,,,,,,,,
2020-11-04,,,,,,,0.7800,,,-0.5000,,,,,,,,,,,,,,,
2020-11-05,,,,,,,0.7900,,,-0.5000,,,,,,,,,,,,,,,
2020-11-06,,,,,,,0.8300,,,-0.5000,,,,,,,,,,,,,,,
2020-11-07,,,,,,,,,,-0.5000,,,,,,,,,,,,,,,
2020-11-08,,,,,,,,,,-0.5000,,,,,,,,,,,,,,,
2020-11-09,,,,,,,0.9600,,,-0.5000,,,,,,,,,,,,,,,
2020-11-10,,,,,,,0.9800,,,-0.5000,,,,,,,,,,,,,,,
2020-11-11,,,,,,,,,,-0.5000,,,,,,,,,,,,,,,
2020-11-12,,,,,,,0.8800,,,-0.5000,,,,,,,,,,,,,,,
2020-11-13,,,,,,,0.8900,,,-0.5000,,,,,,,,,,,,,,,
2020-11-14,,,,,,,,,,-0.5000,,,,,,,,,,,,,,,
2020-11-15,,,,,,,,,,-0.5000,,,,,,,,,,,,,,,
2020-11-16,,,,,,,0.9100,,,-0.5000,,,,,,,,,,,,,,,
2020-11-17,,,,,,,0.8700,,,-0.5000,,,,,,,,,,,,,,,
2020-11-18,,,,,,,0.8800,,,-0.5000,,,,,,,,,,,,,,,
2020-11-19,,,,,,,0.8600,,,-0.5000,,,,,,,,,,,,,,,
2020-11-20,,,,,,,0.8300,,,-0.5000,,,,,,,,,,,,,,,
2020-11-21,,,,,,,,,,-0.5000,,,,,,,,,,,,,,,
2020-11-22,,,,,,,,,,-0.5000,,,,,,,,,,,,,,,
2020-11-23,,,,,,,0.8600,,,-0.5000,,,,,,,,,,,,,,,
2020-11-24,,,,,,,0.8800,,,-0.5000,,,,,,,,,,,,,,,
2020-11-25,,,,,,,0.8800,,,-0.5000,,,,,,,,,,,,,,,
2020-11-26,,,,,,,,,,-0.5000,,,,,,,,,,,,,,,
2020-11-27,,,,,,,0.8400,,,-0.5000,,,,,,,,,,,,,,,
2020-11-28,,,,,,,,,,-0.5000,,,,,,,,,,,,,,,
2020-11-29,,,,,,,,,,-0.5000,,,,,,,,,,,,,,,
2020-11-30,,,,,,,0.8400,,,-0.5000,,,,,,,,,,,,,,,
2020-12-01,262.0450,270.3410,105.6990,105.8960,6.7000,142548.0000,0.9200,98.3630,81.7000,-0.5000,8.2000,,,5.2000,0.3000,,,0.0900,,109.4000,110.2000,100.2407,81.7600,,-0.2000
2020-12-02,,,,,,,0.9500,,,-0.5000,,,,,,,,,,,,,,,
2020-12-03,,,,,,,0.9200,,,-0.5000,,,,,,,,,,,,,,,
2020-12-04,,,,,,,0.9700,,,-0.5000,,,,,,,,,,,,,,,
2020-12-05,,,,,,,,,,-0.5000,,,,,,,,,,,,,,,
2020-12-06,,,,,,,,,,-0.5000,,,,,,,,,,,,,,,
2020-12-07,,,,,,,0.9400,,,-0.5000,,,,,,,,,,,,,,,
2020-12-08,,,,,,,0.9200,,,-0.5000,,,,,,,,,,,,,,,
2020-12-09,,,,,,,0.9500,,,-0.5000,,,,,,,,,,,,,,,
2020-12-10,,,,,,,0.9200,,,-0.5000,,,,,,,,,,,,,,,
2020-12-11,,,,,,,0.9000,,,-0.5000,,,,,,,,,,,,,,,
2020-12-12,,,,,,,,,,-0.5000,,,,,,,,,,,,,,,
2020-12-13,,,,,,,,,,-0.5000,,,,,,,,,,,,,,,
2020-12-14,,,,,,,0.9000,,,-0.5000,,,,,,,,,,,,,,,
2020-12-15,,,,,,,0.9200,,,-0.5000,,,,,,,,,,,,,,,
2020-12-16,,,,,,,0.9200,,,-0.5000,,,,,,,,,,,,,,,
2020-12-17,,,,,,,0.9400,,,-0.5000,,,,,,,,,,,,,,,
2020-12-18,,,,,,,0.9500,,,-0.5000,,,,,,,,,,,,,,,
2020-12-19,,,,,,,,,,-0.5000,,,,,,,,,,,,,,,
2020-12-20,,,,,,,,,,-0.5000,,,,,,,,,,,,,,,
2020-12-21,,,,,,,0.9500,,,-0.5000,,,,,,,,,,,,,,,
2020-12-22,,,,,,,0.9300,,,-0.5000,,,,,,,,,,,,,,,
2020-12-23,,,,,,,0.9600,,,-0.5000,,,,,,,,,,,,,,,
2020-12-24,,,,,,,0.9400,,,-0.5000,,,,,,,,,,,,,,,
2020-12-25,,,,,,,,,,-0.5000,,,,,,,,,,,,,,,
2020-12-26,,,,,,,,,,-0.5000,,,,,,,,,,,,,,,
2020-12-27,,,,,,,,,,-0.5000,,,,,,,,,,,,,,,
2020-12-28,,,,,,,0.9400,,,-0.5000,,,,,,,,,,,,,,,
2020-12-29,,,,,,,0.9400,,,-0.5000,,,,,,,,,,,,,,,
2020-12-30,,,,,,,0.9300,,,-0.5000,,,,,,,,,,,,,,,
2020-12-31,,,,,,,0.9300,,,-0.5000,,,,,,,,,,,,,,,
2021-01-01,262.6870,270.3870,106.1470,106.2810,6.4000,142863.0000,,98.8822,81.8400,-0.5000,8.2000,2625773.7000,,5.0000,0.3000,570000.1000,187247.5000,0.0900,21082.1340,109.3000,109.8000,100.2961,81.9000,612665.0000,0.5000
2021-01-02,,,,,,,,,,-0.5000,,,,,,,,,,,,,,,
2021-01-03,,,,,,,,,,-0.5000,,,,,,,,,,,,,,,
2021-01-04,,,,,,,0.9300,,,-0.5000,,,,,,,,,,,,,,,
2021-01-05,,,,,,,0.9600,,,-0.5000,,,,,,,,,,,,,,,
2021-01-06,,,,,,,1.0400,,,-0.5000,,,,,,,,,,,,,,,
2021-01-07,,,,,,,1.0800,,,-0.5000,,,,,,,,,,,,,,,
2021-01-08,,,,,,,1.1300,,,-0.5000,,,,,,,,,,,,,,,
2021-01-09,,,,,,,,,,-0.5000,,,,,,,,,,,,,,,
2021-01-10,,,,,,,,,,-0.5000,,,,,,,,,,,,,,,
2021-01-11,,,,,,,1.1500,,,-0.5000,,,,,,,,,,,,,,,
2021-01-12,,,,,,,1.1500,,,-0.5000,,,,,,,,,,,,,,,
2021-01-13,,,,,,,1.1000,,,-0.5000,,,,,,,,,,,,,,,
2021-01-14,,,,,,,1.1500,,,-0.5000,,,,,,,,,,,,,,,
2021-01-15,,,,,,,1.1100,,,-0.5000,,,,,,,,,,,,,,,
2021-01-16,,,,,,,,,,-0.5000,,,,,,,,,,,,,,,
2021-01-17,,,,,,,,,,-0.5000,,,,,,,,,,,,,,,
2021-01-18,,,,,,,,,,-0.5000,,,,,,,,,,,,,,,
2021-01-19,,,,,,,1.1000,,,-0.5000,,,,,,,,,,,,,,,
2021-01-20,,,,,,,1.1000,,,-0.5000,,,,,,,,,,,,,,,
2021-01-21,,,,,,,1.1200,,,-0.5000,,,,,,,,,,,,,,,
2021-01-22,,,,,,,1.1000,,,-0.5000,,,,,,,,,,,,,,,
2021-01-23,,,,,,,,,,-0.5000,,,,,,,,,,,,,,,
2021-01-24,,,,,,,,,,-0.5000,,,,,,,,,,,,,,,
2021-01-25,,,,,,,1.0500,,,-0.5000,,,,,,,,,,,,,,,
2021-01-26,,,,,,,1.0500,,,-0.5000,,,,,,,,,,,,,,,
2021-01-27,,,,,,,1.0400,,,-0.5000,,,,,,,,,,,,,,,
2021-01-28,,,,,,,1.0700,,,-0.5000,,,,,,,,,,,,,,,
2021-01-29,,,,,,,1.1100,,,-0.5000,,,,,,,,,,,,,,,
2021-01-30,,,,,,,,,,-0.5000,,,,,,,,,,,,,,,
2021-01-31,,,,,,,,,,-0.5000,,,,,,,,,,,,,,,
2021-02-01,263.5790,270.7930,106.5000,106.5010,6.2000,143380.0000,1.0900,95.6149,82.0100,-0.5000,8.2000,,,4.9000,0.3000,,,0.0800,,109.4000,109.9000,100.4610,82.0700,,-0.1000
2021-02-02,,,,,,,1.1200,,,-0.5000,,,,,,,,,,,,,,,
2021-02-03,,,,,,,1.1500,,,-0.5000,,,,,,,,,,,,,,,
2021-02-04,,,,,,,1.1500,,,-0.5000,,,,,,,,,,,,,,,
2021-02-05,,,,,,,1.1900,,,-0.5000,,,,,,,,,,,,,,,
2021-02-06,,,,,,,,,,-0.5000,,,,,,,,,,,,,,,
2021-02-07,,,,,,,,,,-0.5000,,,,,,,,,,,,,,,
2021-02-08,,,,,,,1.1900,,,-0.5000,,,,,,,,,,,,,,,
2021-02-09,,,,,,,1.1800,,,-0.5000,,,,,,,,,,,,,,,
2021-02-10,,,,,,,1.1500,,,-0.5000,,,,,,,,,,,,,,,
2021-02-11,,,,,,,1.1600,,,-0.5000,,,,,,,,,,,,,,,
2021-02-12,,,,,,,1.2000,,,-0.5000,,,,,,,,,,,,,,,
2021-02-13,,,,,,,,,,-0.5000,,,,,,,,,,,,,,,
2021-02-14,,,,,,,,,,-0.5000,,,,,,,,,,,,,,,
2021-02-15,,,,,,,,,,-0.5000,,,,,,,,,,,,,,,
2021-02-16,,,,,,,1.3000,,,-0.5000,,,,,,,,,,,,,,,
2021-02-17,,,,,,,1.2900,,,-0.5000,,,,,,,,,,,,,,,
2021-02-18,,,,,,,1.2900,,,-0.5000,,,,,,,,,,,,,,,
2021-02-19,,,,,,,1.3400,,,-0.5000,,,,,,,,,,,,,,,
2021-02-20,,,,,,,,,,-0.5000,,,,,,,,,,,,,,,
2021-02-21,,,,,,,,,,-0.5000,,,,,,,,,,,,,,,
2021-02-22,,,,,,,1.3700,,,-0.5000,,,,,,,,,,,,,,,
2021-02-23,,,,,,,1.3700,,,-0.5000,,,,,,,,,,,,,,,
2021-02-24,,,,,,,1.3800,,,-0.5000,,,,,,,,,,,,,,,
2021-02-25,,,,,,,1.5400,,,-0.5000,,,,,,,,,,,,,,,
2021-02-26,,,,,,,1.4400,,,-0.5000,,,,,,,,,,,,,,,
2021-02-27,,,,,,,,,,-0.5000,,,,,,,,,,,,,,,
2021-02-28,,,,,,,,,,-0.5000,,,,,,,,,,,,,,,
2021-03-01,264.9610,271.4590,107.0540,106.9330,6.1000,144232.0000,1.4500,98.3856,82.7800,-0.5000,8.2000,,,4.8000,0.3000,,,0.0700,,109.7000,110.2000,100.7998,82.8400,,0.1000
2021-03-02,,,,,,,1.4200,,,-0.5000,,,,,,,,,,,,,,,
2021-03-03,,,,,,,1.4700,,,-0.5000,,,,,,,,,,,,,,,
2021-03-04,,,,,,,1.5400,,,-0.5000,,,,,,,,,,,,,,,
2021-03-05,,,,,,,1.5600,,,-0.5000,,,,,,,,,,,,,,,
2021-03-06,,,,,,,,,,-0.5000,,,,,,,,,,,,,,,
2021-03-07,,,,,,,,,,-0.5000,,,,,,,,,,,,,,,
2021-03-08,,,,,,,1.5900,,,-0.5000,,,,,,,,,,,,,,,
2021-03-09,,,,,,,1.5500,,,-0.5000,,,,,,,,,,,,,,,
2021-03-10,,,,,,,1.5300,,,-0.5000,,,,,,,,,,,,,,,
2021-03-11,,,,,,,1.5400,,,-0.5000,,,,,,,,,,,,,,,
2021-03-12,,,,,,,1.6400,,,-0.5000,,,,,,,,,,,,,,,
2021-03-13,,,,,,,,,,-0.5000,,,,,,,,,,,,,,,
2021-03-14,,,,,,,,,,-0.5000,,,,,,,,,,,,,,,
2021-03-15,,,,,,,1.6200,,,-0.5000,,,,,,,,,,,,,,,
2021-03-16,,,,,,,1.6200,,,-0.5000,,,,,,,,,,,,,,,
2021-03-17,,,,,,,1.6300,,,-0.5000,,,,,,,,,,,,,,,
2021-03-18,,,,,,,1.7100,,,-0.5000,,,,,,,,,,,,,,,
2021-03-19,,,,,,,1.7400,,,-0.5000,,,,,,,,,,,,,,,
2021-03-20,,,,,,,,,,-0.5000,,,,,,,,,,,,,,,
2021-03-21,,,,,,,,,,-0.5000,,,,,,,,,,,,,,,
2021-03-22,,,,,,,1.6900,,,-0.5000,,,,,,,,,,,,,,,
2021-03-23,,,,,,,1.6300,,,-0.5000,,,,,,,,,,,,,,,
2021-03-24,,,,,,,1.6200,,,-0.5000,,,,,,,,,,,,,,,
2021-03-25,,,,,,,1.6300,,,-0.5000,,,,,,,,,,,,,,,
2021-03-26,,,,,,,1.6700,,,-0.5000,,,,,,,,,,,,,,,
2021-03-27,,,,,,,,,,-0.5000,,,,,,,,,,,,,,,
2021-03-28,,,,,,,,,,-0.5000,,,,,,,,,,,,,,,
2021-03-29,,,,,,,1.7300,,,-0.5000,,,,,,,,,,,,,,,
2021-03-30,,,,,,,1.7300,,,-0.5000,,,,,,,,,,,,,,,
2021-03-31,,,,,,,1.7400,,,-0.5000,,,,,,,,,,,,,,,
2021-04-01,266.6140,273.6600,107.6180,107.5580,6.1000,144587.0000,1.6900,98.5587,83.2500,-0.5000,8.2000,2682820.6000,,4.8000,0.3000,573949.5000,192452.5000,0.0700,21440.9290,110.4000,110.6000,101.0101,83.3100,655443.0000,-0.8000
2021-04-02,,,,,,,1.7200,,,-0.5000,,,,,,,,,,,,,,,
2021-04-03,,,,,,,,,,-0.5000,,,,,,,,,,,,,,,
2021-04-04,,,,,,,,,,-0.5000,,,,,,,,,,,,,,,
2021-04-05,,,,,,,1.7300,,,-0.5000,,,,,,,,,,,,,,,
2021-04-06,,,,,,,1.6700,,,-0.5000,,,,,,,,,,,,,,,
2021-04-07,,,,,,,1.6800,,,-0.5000,,,,,,,,,,,,,,,
2021-04-08,,,,,,,1.6400,,,-0.5000,,,,,,,,,,,,,,,
2021-04-09,,,,,,,1.6700,,,-0.5000,,,,,,,,,,,,,,,
2021-04-10,,,,,,,,,,-0.5000,,,,,,,,,,,,,,,
2021-04-11,,,,,,,,,,-0.5000,,,,,,,,,,,,,,,
2021-04-12,,,,,,,1.6900,,,-0.5000,,,,,,,,,,,,,,,
2021-04-13,,,,,,,1.6400,,,-0.5000,,,,,,,,,,,,,,,
2021-04-14,,,,,,,1.6400,,,-0.5000,,,,,,,,,,,,,,,
2021-04-15,,,,,,,1.5600,,,-0.5000,,,,,,,,,,,,,,,
2021-04-16,,,,,,,1.5900,,,-0.5000,,,,,,,,,,,,,,,
2021-04-17,,,,,,,,,,-0.5000,,,,,,,,,,,,,,,
2021-04-18,,,,,,,,,,-0.5000,,,,,,,,,,,,,,,
2021-04-19,,,,,,,1.6100,,,-0.5000,,,,,,,,,,,,,,,
2021-04-20,,,,,,,1.5800,,,-0.5000,,,,,,,,,,,,,,,
2021-04-21,,,,,,,1.5700,,,-0.5000,,,,,,,,,,,,,,,
2021-04-22,,,,,,,1.5700,,,-0.5000,,,,,,,,,,,,,,,
2021-04-23,,,,,,,1.5800,,,-0.5000,,,,,,,,,,,,,,,
2021-04-24,,,,,,,,,,-0.5000,,,,,,,,,,,,,,,
2021-04-25,,,,,,,,,,-0.5000,,,,,,,,,,,,,,,
2021-04-26,,,,,,,1.5800,,,-0.5000,,,,,,,,,,,,,,,
2021-04-27,,,,,,,1.6300,,,-0.5000,,,,,,,,,,,,,,,
2021-04-28,,,,,,,1.6300,,,-0.5000,,,,,,,,,,,,,,,
2021-04-29,,,,,,,1.6500,,,-0.5000,,,,,,,,,,,,,,,
2021-04-30,,,,,,,1.6500,,,-0.5000,,,,,,,,,,,,,,,
2021-05-01,268.3830,275.4650,108.1750,108.0990,5.8000,145065.0000,,99.4333,83.4700,-0.5000,8.0000,,,4.7000,0.3000,,,0.0600,,111.0000,111.3000,101.2771,83.5300,,0.3000
2021-05-02,,,,,,,,,,-0.5000,,,,,,,,,,,,,,,
2021-05-03,,,,,,,1.6300,,,-0.5000,,,,,,,,,,,,,,,
2021-05-04,,,,,,,1.6100,,,-0.5000,,,,,,,,,,,,,,,
2021-05-05,,,,,,,1.5900,,,-0.5000,,,,,,,,,,,,,,,
2021-05-06,,,,,,,1.5800,,,-0.5000,,,,,,,,,,,,,,,
2021-05-07,,,,,,,1.6000,,,-0.5000,,,,,,,,,,,,,,,
2021-05-08,,,,,,,,,,-0.5000,,,,,,,,,,,,,,,
2021-05-09,,,,,,,,,,-0.5000,,,,,,,,,,,,,,,
2021-05-10,,,,,,,1.6300,,,-0.5000,,,,,,,,,,,,,,,
2021-05-11,,,,,,,1.6400,,,-0.5000,,,,,,,,,,,,,,,
2021-05-12,,,,,,,1.6900,,,-0.5000,,,,,,,,,,,,,,,
2021-05-13,,,,,,,1.6600,,,-0.5000,,,,,,,,,,,,,,,
2021-05-14,,,,,,,1.6300,,,-0.5000,,,,,,,,,,,,,,,
2021-05-15,,,,,,,,,,-0.5000,,,,,,,,,,,,,,,
2021-05-16,,,,,,,,,,-0.5000,,,,,,,,,,,,,,,
2021-05-17,,,,,,,1.6400,,,-0.5000,,,,,,,,,,,,,,,
2021-05-18,,,,,,,1.6400,,,-0.5000,,,,,,,,,,,,,,,
2021-05-19,,,,,,,1.6800,,,-0.5000,,,,,,,,,,,,,,,
2021-05-20,,,,,,,1.6300,,,-0.5000,,,,,,,,,,,,,,,
2021-05-21,,,,,,,1.6300,,,-0.5000,,,,,,,,,,,,,,,
2021-05-22,,,,,,,,,,-0.5000,,,,,,,,,,,,,,,
2021-05-23,,,,,,,,,,-0.5000,,,,,,,,,,,,,,,
2021-05-24,,,,,,,1.6100,,,-0.5000,,,,,,,,,,,,,,,
2021-05-25,,,,,,,1.5600,,,-0.5000,,,,,,,,,,,,,,,
2021-05-26,,,,,,,1.5800,,,-0.5000,,,,,,,,,,,,,,,
2021-05-27,,,,,,,1.6100,,,-0.5000,,,,,,,,,,,,,,,
2021-05-28,,,,,,,1.5800,,,-0.5000,,,,,,,,,,,,,,,
2021-05-29,,,,,,,,,,-0.5000,,,,,,,,,,,,,,,
2021-05-30,,,,,,,,,,-0.5000,,,,,,,,,,,,,,,
2021-05-31,,,,,,,,,,-0.5000,,,,,,,,,,,,,,,
2021-06-01,270.6540,277.6510,108.7600,108.6030,5.9000,145820.0000,1.6200,99.7987,83.6900,-0.5000,7.8000,,,4.6000,0.3000,,,0.0800,,111.4000,111.8000,101.3521,83.7500,,0.1000
2021-06-02,,,,,,,1.5900,,,-0.5000,,,,,,,,,,,,,,,
2021-06-03,,,,,,,1.6300,,,-0.5000,,,,,,,,,,,,,,,
2021-06-04,,,,,,,1.5600,,,-0.5000,,,,,,,,,,,,,,,
2021-06-05,,,,,,,,,,-0.5000,,,,,,,,,,,,,,,
2021-06-06,,,,,,,,,,-0.5000,,,,,,,,,,,,,,,
2021-06-07,,,,,,,1.5700,,,-0.5000,,,,,,,,,,,,,,,
2021-06-08,,,,,,,1.5300,,,-0.5000,,,,,,,,,,,,,,,
2021-06-09,,,,,,,1.5000,,,-0.5000,,,,,,,,,,,,,,,
2021-06-10,,,,,,,1.4500,,,-0.5000,,,,,,,,,,,,,,,
2021-06-11,,,,,,,1.4700,,,-0.5000,,,,,,,,,,,,,,,
2021-06-12,,,,,,,,,,-0.5000,,,,,,,,,,,,,,,
2021-06-13,,,,,,,,,,-0.5000,,,,,,,,,,,,,,,
2021-06-14,,,,,,,1.5100,,,-0.5000,,,,,,,,,,,,,,,
2021-06-15,,,,,,,1.5100,,,-0.5000,,,,,,,,,,,,,,,
2021-06-16,,,,,,,1.5700,,,-0.5000,,,,,,,,,,,,,,,
2021-06-17,,,,,,,1.5200,,,-0.5000,,,,,,,,,,,,,,,
2021-06-18,,,,,,,1.4500,,,-0.5000,,,,,,,,,,,,,,,
2021-06-19,,,,,,,,,,-0.5000,,,,,,,,,,,,,,,
2021-06-20,,,,,,,,,,-0.5000,,,,,,,,,,,,,,,
2021-06-21,,,,,,,1.5000,,,-0.5000,,,,,,,,,,,,,,,
2021-06-22,,,,,,,1.4800,,,-0.5000,,,,,,,,,,,,,,,
2021-06-23,,,,,,,1.5000,,,-0.5000,,,,,,,,,,,,,,,
2021-06-24,,,,,,,1.4900,,,-0.5000,,,,,,,,,,,,,,,
2021-06-25,,,,,,,1.5400,,,-0.5000,,,,,,,,,,,,,,,
2021-06-26,,,,,,,,,,-0.5000,,,,,,,,,,,,,,,
2021-06-27,,,,,,,,,,-0.5000,,,,,,,,,,,,,,,
2021-06-28,,,,,,,1.4900,,,-0.5000,,,,,,,,,,,,,,,
2021-06-29,,,,,,,1.4900,,,-0.5000,,,,,,,,,,,,,,,
2021-06-30,,,,,,,1.4500,,,-0.5000,,,,,,,,,,,,,,,
2021-07-01,271.9030,278.6480,109.2560,109.0580,5.4000,146762.0000,1.4800,100.2519,83.6100,-0.5000,7.7000,2729901.5000,,4.5000,0.3000,573103.7000,196670.0000,0.1000,21617.8280,111.4000,111.8000,101.2662,83.6700,666498.0000,
2021-07-02,,,,,,,1.4400,,,-0.5000,,,,,,,,,,,,,,,
2021-07-03,,,,,,,,,,-0.5000,,,,,,,,,,,,,,,
2021-07-04,,,,,,,,,,-0.5000,,,,,,,,,,,,,,,
2021-07-05,,,,,,,,,,-0.5000,,,,,,,,,,,,,,,
2021-07-06,,,,,,,1.3700,,,-0.5000,,,,,,,,,,,,,,,
2021-07-07,,,,,,,1.3300,,,-0.5000,,,,,,,,,,,,,,,
2021-07-08,,,,,,,1.3000,,,-0.5000,,,,,,,,,,,,,,,
2021-07-09,,,,,,,1.3700,,,-0.5000,,,,,,,,,,,,,,,
2021-07-10,,,,,,,,,,-0.5000,,,,,,,,,,,,,,,
2021-07-11,,,,,,,,,,-0.5000,,,,,,,,,,,,,,,
2021-07-12,,,,,,,1.3800,,,-0.5000,,,,,,,,,,,,,,,
2021-07-13,,,,,,,1.4200,,,-0.5000,,,,,,,,,,,,,,,
2021-07-14,,,,,,,1.3700,,,-0.5000,,,,,,,,,,,,,,,
2021-07-15,,,,,,,1.3100,,,-0.5000,,,,,,,,,,,,,,,
2021-07-16,,,,,,,1.3100,,,-0.5000,,,,,,,,,,,,,,,
2021-07-17,,,,,,,,,,-0.5000,,,,,,,,,,,,,,,
2021-07-18,,,,,,,,,,-0.5000,,,,,,,,,,,,,,,
2021-07-19,,,,,,,1.1900,,,-0.5000,,,,,,,,,,,,,,,
2021-07-20,,,,,,,1.2300,,,-0.5000,,,,,,,,,,,,,,,
2021-07-21,,,,,,,1.3000,,,-0.5000,,,,,,,,,,,,,,,
2021-07-22,,,,,,,1.2700,,,-0.5000,,,,,,,,,,,,,,,
2021-07-23,,,,,,,1.3000,,,-0.5000,,,,,,,,,,,,,,,
2021-07-24,,,,,,,,,,-0.5000,,,,,,,,,,,,,,,
2021-07-25,,,,,,,,,,-0.5000,,,,,,,,,,,,,,,
2021-07-26,,,,,,,1.2900,,,-0.5000,,,,,,,,,,,,,,,
2021-07-27,,,,,,,1.2500,,,-0.5000,,,,,,,,,,,,,,,
2021-07-28,,,,,,,1.2600,,,-0.5000,,,,,,,,,,,,,,,
2021-07-29,,,,,,,1.2800,,,-0.5000,,,,,,,,,,,,,,,
2021-07-30,,,,,,,1.2400,,,-0.5000,,,,,,,,,,,,,,,
2021-07-31,,,,,,,,,,-0.5000,,,,,,,,,,,,,,,
2021-08-01,272.6760,278.9970,109.6740,109.4090,5.1000,147314.0000,,100.0437,83.9000,-0.5000,7.5000,,,4.4000,0.3000,,,0.0900,,112.1000,112.4000,101.5149,83.9700,,
2021-08-02,,,,,,,1.2000,,,-0.5000,,,,,,,,,,,,,,,
2021-08-03,,,,,,,1.1900,,,-0.5000,,,,,,,,,,,,,,,
2021-08-04,,,,,,,1.1900,,,-0.5000,,,,,,,,,,,,,,,
2021-08-05,,,,,,,1.2300,,,-0.5000,,,,,,,,,,,,,,,
2021-08-06,,,,,,,1.3100,,,-0.5000,,,,,,,,,,,,,,,
2021-08-07,,,,,,,,,,-0.5000,,,,,,,,,,,,,,,
2021-08-08,,,,,,,,,,-0.5000,,,,,,,,,,,,,,,
2021-08-09,,,,,,,1.3300,,,-0.5000,,,,,,,,,,,,,,,
2021-08-10,,,,,,,1.3600,,,-0.5000,,,,,,,,,,,,,,,
2021-08-11,,,,,,,1.3500,,,-0.5000,,,,,,,,,,,,,,,
2021-08-12,,,,,,,1.3600,,,-0.5000,,,,,,,,,,,,,,,
2021-08-13,,,,,,,1.2900,,,-0.5000,,,,,,,,,,,,,,,
2021-08-14,,,,,,,,,,-0.5000,,,,,,,,,,,,,,,
2021-08-15,,,,,,,,,,-0.5000,,,,,,,,,,,,,,,
2021-08-16,,,,,,,1.2600,,,-0.5000,,,,,,,,,,,,,,,
2021-08-17,,,,,,,1.2600,,,-0.5000,,,,,,,,,,,,,,,
2021-08-18,,,,,,,1.2700,,,-0.5000,,,,,,,,,,,,,,,
2021-08-19,,,,,,,1.2400,,,-0.5000,,,,,,,,,,,,,,,
2021-08-20,,,,,,,1.2600,,,-0.5000,,,,,,,,,,,,,,,
2021-08-21,,,,,,,,,,-0.5000,,,,,,,,,,,,,,,
2021-08-22,,,,,,,,,,-0.5000,,,,,,,,,,,,,,,
2021-08-23,,,,,,,1.2500,,,-0.5000,,,,,,,,,,,,,,,
2021-08-24,,,,,,,1.2900,,,-0.5000,,,,,,,,,,,,,,,
2021-08-25,,,,,,,1.3500,,,-0.5000,,,,,,,,,,,,,,,
2021-08-26,,,,,,,1.3400,,,-0.5000,,,,,,,,,,,,,,,
2021-08-27,,,,,,,1.3100,,,-0.5000,,,,,,,,,,,,,,,
2021-08-28,,,,,,,,,,-0.5000,,,,,,,,,,,,,,,
2021-08-29,,,,,,,,,,-0.5000,,,,,,,,,,,,,,,
2021-08-30,,,,,,,1.2900,,,-0.5000,,,,,,,,,,,,,,,
2021-08-31,,,,,,,1.3000,,,-0.5000,,,,,,,,,,,,,,,
2021-09-01,273.9100,279.6980,110.0340,109.6410,4.7000,147771.0000,1.3100,98.8579,84.3000,-0.5000,7.4000,,,4.3000,0.3000,,,0.0800,,112.4000,112.8000,101.5325,84.3800,,
2021-09-02,,,,,,,1.2900,,,-0.5000,,,,,,,,,,,,,,,
2021-09-03,,,,,,,1.3300,,,-0.5000,,,,,,,,,,,,,,,
2021-09-04,,,,,,,,,,-0.5000,,,,,,,,,,,,,,,
2021-09-05,,,,,,,,,,-0.5000,,,,,,,,,,,,,,,
2021-09-06,,,,,,,,,,-0.5000,,,,,,,,,,,,,,,
2021-09-07,,,,,,,1.3800,,,-0.5000,,,,,,,,,,,,,,,
2021-09-08,,,,,,,1.3500,,,-0.5000,,,,,,,,,,,,,,,
2021-09-09,,,,,,,1.3000,,,-0.5000,,,,,,,,,,,,,,,
2021-09-10,,,,,,,1.3500,,,-0.5000,,,,,,,,,,,,,,,
2021-09-11,,,,,,,,,,-0.5000,,,,,,,,,,,,,,,
2021-09-12,,,,,,,,,,-0.5000,,,,,,,,,,,,,,,
2021-09-13,,,,,,,1.3300,,,-0.5000,,,,,,,,,,,,,,,
2021-09-14,,,,,,,1.2800,,,-0.5000,,,,,,,,,,,,,,,
2021-09-15,,,,,,,1.3100,,,-0.5000,,,,,,,,,,,,,,,
2021-09-16,,,,,,,1.3400,,,-0.5000,,,,,,,,,,,,,,,
2021-09-17,,,,,,,1.3700,,,-0.5000,,,,,,,,,,,,,,,
2021-09-18,,,,,,,,,,-0.5000,,,,,,,,,,,,,,,
2021-09-19,,,,,,,,,,-0.5000,,,,,,,,,,,,,,,
2021-09-20,,,,,,,1.3100,,,-0.5000,,,,,,,,,,,,,,,
2021-09-21,,,,,,,1.3300,,,-0.5000,,,,,,,,,,,,,,,
2021-09-22,,,,,,,1.3200,,,-0.5000,,,,,,,,,,,,,,,
2021-09-23,,,,,,,1.4100,,,-0.5000,,,,,,,,,,,,,,,
2021-09-24,,,,,,,1.4700,,,-0.5000,,,,,,,,,,,,,,,
2021-09-25,,,,,,,,,,-0.5000,,,,,,,,,,,,,,,
2021-09-26,,,,,,,,,,-0.5000,,,,,,,,,,,,,,,
2021-09-27,,,,,,,1.4800,,,-0.5000,,,,,,,,,,,,,,,
2021-09-28,,,,,,,1.5400,,,-0.5000,,,,,,,,,,,,,,,
2021-09-29,,,,,,,1.5500,,,-0.5000,,,,,,,,,,,,,,,
2021-09-30,,,,,,,1.5200,,,-0.5000,,,,,,,,,,,,,,,
2021-10-01,276.5500,281.6680,110.7620,110.1880,4.5000,148572.0000,1.4800,100.1861,85.0200,-0.5000,7.3000,2751638.4000,,4.2000,0.3000,580029.3000,198240.1000,0.0800,21988.7370,113.4000,113.4000,101.8400,85.1100,675680.0000,
2021-10-02,,,,,,,,,,-0.5000,,,,,,,,,,,,,,,
2021-10-03,,,,,,,,,,-0.5000,,,,,,,,,,,,,,,
2021-10-04,,,,,,,1.4900,,,-0.5000,,,,,,,,,,,,,,,
2021-10-05,,,,,,,1.5400,,,-0.5000,,,,,,,,,,,,,,,
2021-10-06,,,,,,,1.5300,,,-0.5000,,,,,,,,,,,,,,,
2021-10-07,,,,,,,1.5800,,,-0.5000,,,,,,,,,,,,,,,
2021-10-08,,,,,,,1.6100,,,-0.5000,,,,,,,,,,,,,,,
2021-10-09,,,,,,,,,,-0.5000,,,,,,,,,,,,,,,
2021-10-10,,,,,,,,,,-0.5000,,,,,,,,,,,,,,,
2021-10-11,,,,,,,,,,-0.5000,,,,,,,,,,,,,,,
2021-10-12,,,,,,,1.5900,,,-0.5000,,,,,,,,,,,,,,,
2021-10-13,,,,,,,1.5600,,,-0.5000,,,,,,,,,,,,,,,
2021-10-14,,,,,,,1.5200,,,-0.5000,,,,,,,,,,,,,,,
2021-10-15,,,,,,,1.5900,,,-0.5000,,,,,,,,,,,,,,,
2021-10-16,,,,,,,,,,-0.5000,,,,,,,,,,,,,,,
2021-10-17,,,,,,,,,,-0.5000,,,,,,,,,,,,,,,
2021-10-18,,,,,,,1.5900,,,-0.5000,,,,,,,,,,,,,,,
2021-10-19,,,,,,,1.6500,,,-0.5000,,,,,,,,,,,,,,,
2021-10-20,,,,,,,1.6500,,,-0.5000,,,,,,,,,,,,,,,
2021-10-21,,,,,,,1.6800,,,-0.5000,,,,,,,,,,,,,,,
2021-10-22,,,,,,,1.6600,,,-0.5000,,,,,,,,,,,,,,,
2021-10-23,,,,,,,,,,-0.5000,,,,,,,,,,,,,,,
2021-10-24,,,,,,,,,,-0.5000,,,,,,,,,,,,,,,
2021-10-25,,,,,,,1.6400,,,-0.5000,,,,,,,,,,,,,,,
2021-10-26,,,,,,,1.6300,,,-0.5000,,,,,,,,,,,,,,,
2021-10-27,,,,,,,1.5400,,,-0.5000,,,,,,,,,,,,,,,
2021-10-28,,,,,,,1.5700,,,-0.5000,,,,,,,,,,,,,,,
2021-10-29,,,,,,,1.5500,,,-0.5000,,,,,,,,,,,,,,,
2021-10-30,,,,,,,,,,-0.5000,,,,,,,,,,,,,,,
2021-10-31,,,,,,,,,,-0.5000,,,,,,,,,,,,,,,
2021-11-01,278.9190,283.4060,111.5000,110.7700,4.1000,149230.0000,1.5800,100.8654,85.4000,-0.5000,7.1000,,,4.2000,0.3000,,,0.0800,,114.1000,113.9000,101.8792,85.5000,,
2021-11-02,,,,,,,1.5600,,,-0.5000,,,,,,,,,,,,,,,
2021-11-03,,,,,,,1.6000,,,-0.5000,,,,,,,,,,,,,,,
2021-11-04,,,,,,,1.5300,,,-0.5000,,,,,,,,,,,,,,,
2021-11-05,,,,,,,1.4500,,,-0.5000,,,,,,,,,,,,,,,
2021-11-06,,,,,,,,,,-0.5000,,,,,,,,,,,,,,,
2021-11-07,,,,,,,,,,-0.5000,,,,,,,,,,,,,,,
2021-11-08,,,,,,,1.5100,,,-0.5000,,,,,,,,,,,,,,,
2021-11-09,,,,,,,1.4600,,,-0.5000,,,,,,,,,,,,,,,
2021-11-10,,,,,,,1.5600,,,-0.5000,,,,,,,,,,,,,,,
2021-11-11,,,,,,,,,,-0.5000,,,,,,,,,,,,,,,
2021-11-12,,,,,,,1.5800,,,-0.5000,,,,,,,,,,,,,,,
2021-11-13,,,,,,,,,,-0.5000,,,,,,,,,,,,,,,
2021-11-14,,,,,,,,,,-0.5000,,,,,,,,,,,,,,,
2021-11-15,,,,,,,1.6300,,,-0.5000,,,,,,,,,,,,,,,
2021-11-16,,,,,,,1.6300,,,-0.5000,,,,,,,,,,,,,,,
2021-11-17,,,,,,,1.6000,,,-0.5000,,,,,,,,,,,,,,,
2021-11-18,,,,,,,1.5900,,,-0.5000,,,,,,,,,,,,,,,
2021-11-19,,,,,,,1.5400,,,-0.5000,,,,,,,,,,,,,,,
2021-11-20,,,,,,,,,,-0.5000,,,,,,,,,,,,,,,
2021-11-21,,,,,,,,,,-0.5000,,,,,,,,,,,,,,,
2021-11-22,,,,,,,1.6300,,,-0.5000,,,,,,,,,,,,,,,
2021-11-23,,,,,,,1.6700,,,-0.5000,,,,,,,,,,,,,,,
2021-11-24,,,,,,,1.6400,,,-0.5000,,,,,,,,,,,,,,,
2021-11-25,,,,,,,,,,-0.5000,,,,,,,,,,,,,,,
2021-11-26,,,,,,,1.4800,,,-0.5000,,,,,,,,,,,,,,,
2021-11-27,,,,,,,,,,-0.5000,,,,,,,,,,,,,,,
2021-11-28,,,,,,,,,,-0.5000,,,,,,,,,,,,,,,
2021-11-29,,,,,,,1.5200,,,-0.5000,,,,,,,,,,,,,,,
2021-11-30,,,,,,,1.4300,,,-0.5000,,,,,,,,,,,,,,,
2021-12-01,280.8450,285.1800,112.1910,111.4180,3.9000,149816.0000,1.4300,100.5726,85.7600,-0.5000,7.0000,,,4.1000,0.3000,,,0.0800,,114.7000,114.4000,101.7755,85.8700,,
2021-12-02,,,,,,,1.4400,,,-0.5000,,,,,,,,,,,,,,,
2021-12-03,,,,,,,1.3500,,,-0.5000,,,,,,,,,,,,,,,
2021-12-04,,,,,,,,,,-0.5000,,,,,,,,,,,,,,,
2021-12-05,,,,,,,,,,-0.5000,,,,,,,,,,,,,,,
2021-12-06,,,,,,,1.4300,,,-0.5000,,,,,,,,,,,,,,,
2021-12-07,,,,,,,1.4800,,,-0.5000,,,,,,,,,,,,,,,
2021-12-08,,,,,,,1.5200,,,-0.5000,,,,,,,,,,,,,,,
2021-12-09,,,,,,,1.4900,,,-0.5000,,,,,,,,,,,,,,,
2021-12-10,,,,,,,1.4800,,,-0.5000,,,,,,,,,,,,,,,
2021-12-11,,,,,,,,,,-0.5000,,,,,,,,,,,,,,,
2021-12-12,,,,,,,,,,-0.5000,,,,,,,,,,,,,,,
2021-12-13,,,,,,,1.4200,,,-0.5000,,,,,,,,,,,,,,,
2021-12-14,,,,,,,1.4400,,,-0.5000,,,,,,,,,,,,,,,
2021-12-15,,,,,,,1.4700,,,-0.5000,,,,,,,,,,,,,,,
2021-12-16,,,,,,,1.4400,,,-0.5000,,,,,,,,,,,,,,,
2021-12-17,,,,,,,1.4100,,,-0.5000,,,,,,,,,,,,,,,
2021-12-18,,,,,,,,,,-0.5000,,,,,,,,,,,,,,,
2021-12-19,,,,,,,,,,-0.5000,,,,,,,,,,,,,,,
2021-12-20,,,,,,,1.4300,,,-0.5000,,,,,,,,,,,,,,,
2021-12-21,,,,,,,1.4800,,,-0.5000,,,,,,,,,,,,,,,
2021-12-22,,,,,,,1.4600,,,-0.5000,,,,,,,,,,,,,,,
2021-12-23,,,,,,,1.5000,,,-0.5000,,,,,,,,,,,,,,,
2021-12-24,,,,,,,,,,-0.5000,,,,,,,,,,,,,,,
2021-12-25,,,,,,,,,,-0.5000,,,,,,,,,,,,,,,
2021-12-26,,,,,,,,,,-0.5000,,,,,,,,,,,,,,,
2021-12-27,,,,,,,1.4800,,,-0.5000,,,,,,,,,,,,,,,
2021-12-28,,,,,,,1.4900,,,-0.5000,,,,,,,,,,,,,,,
2021-12-29,,,,,,,1.5500,,,-0.5000,,,,,,,,,,,,,,,
2021-12-30,,,,,,,1.5200,,,-0.5000,,,,,,,,,,,,,,,
2021-12-31,,,,,,,1.5200,,,-0.5000,,,,,,,,,,,,,,,
2022-01-01,282.5430,286.7570,112.8050,111.9760,4.0000,150006.0000,,100.1856,86.0200,-0.5000,6.9000,2771936.8000,,3.9000,0.3000,578103.2000,198900.5000,0.0800,21932.7100,114.6000,114.2000,101.9498,86.1300,682527.0000,
2022-01-02,,,,,,,,,,-0.5000,,,,,,,,,,,,,,,
2022-01-03,,,,,,,1.6300,,,-0.5000,,,,,,,,,,,,,,,
2022-01-04,,,,,,,1.6600,,,-0.5000,,,,,,,,,,,,,,,
2022-01-05,,,,,,,1.7100,,,-0.5000,,,,,,,,,,,,,,,
2022-01-06,,,,,,,1.7300,,,-0.5000,,,,,,,,,,,,,,,
2022-01-07,,,,,,,1.7600,,,-0.5000,,,,,,,,,,,,,,,
2022-01-08,,,,,,,,,,-0.5000,,,,,,,,,,,,,,,
2022-01-09,,,,,,,,,,-0.5000,,,,,,,,,,,,,,,
2022-01-10,,,,,,,1.7800,,,-0.5000,,,,,,,,,,,,,,,
2022-01-11,,,,,,,1.7500,,,-0.5000,,,,,,,,,,,,,,,
2022-01-12,,,,,,,1.7400,,,-0.5000,,,,,,,,,,,,,,,
2022-01-13,,,,,,,1.7000,,,-0.5000,,,,,,,,,,,,,,,
2022-01-14,,,,,,,1.7800,,,-0.5000,,,,,,,,,,,,,,,
2022-01-15,,,,,,,,,,-0.5000,,,,,,,,,,,,,,,
2022-01-16,,,,,,,,,,-0.5000,,,,,,,,,,,,,,,
2022-01-17,,,,,,,,,,-0.5000,,,,,,,,,,,,,,,
2022-01-18,,,,,,,1.8700,,,-0.5000,,,,,,,,,,,,,,,
2022-01-19,,,,,,,1.8300,,,-0.5000,,,,,,,,,,,,,,,
2022-01-20,,,,,,,1.8300,,,-0.5000,,,,,,,,,,,,,,,
2022-01-21,,,,,,,1.7500,,,-0.5000,,,,,,,,,,,,,,,
2022-01-22,,,,,,,,,,-0.5000,,,,,,,,,,,,,,,
2022-01-23,,,,,,,,,,-0.5000,,,,,,,,,,,,,,,
2022-01-24,,,,,,,1.7500,,,-0.5000,,,,,,,,,,,,,,,
2022-01-25,,,,,,,1.7800,,,-0.5000,,,,,,,,,,,,,,,
2022-01-26,,,,,,,1.8500,,,-0.5000,,,,,,,,,,,,,,,
2022-01-27,,,,,,,1.8100,,,-0.5000,,,,,,,,,,,,,,,
2022-01-28,,,,,,,1.7800,,,-0.5000,,,,,,,,,,,,,,,
2022-01-29,,,,,,,,,,-0.5000,,,,,,,,,,,,,,,
2022-01-30,,,,,,,,,,-0.5000,,,,,,,,,,,,,,,
2022-01-31,,,,,,,1.7900,,,-0.5000,,,,,,,,,,,,,,,
2022-02-01,284.5000,288.2730,113.4710,112.4680,3.9000,150825.0000,1.8100,100.8064,86.8300,-0.5000,6.8000,,,3.8000,0.3000,,,0.0800,,115.4000,114.9000,102.6218,86.9500,,
2022-02-02,,,,,,,1.7800,,,-0.5000,,,,,,,,,,,,,,,
2022-02-03,,,,,,,1.8200,,,-0.5000,,,,,,,,,,,,,,,
2022-02-04,,,,,,,1.9300,,,-0.5000,,,,,,,,,,,,,,,
2022-02-05,,,,,,,,,,-0.5000,,,,,,,,,,,,,,,
2022-02-06,,,,,,,,,,-0.5000,,,,,,,,,,,,,,,
2022-02-07,,,,,,,1.9200,,,-0.5000,,,,,,,,,,,,,,,
2022-02-08,,,,,,,1.9600,,,-0.5000,,,,,,,,,,,,,,,
2022-02-09,,,,,,,1.9400,,,-0.5000,,,,,,,,,,,,,,,
2022-02-10,,,,,,,2.0300,,,-0.5000,,,,,,,,,,,,,,,
2022-02-11,,,,,,,1.9200,,,-0.5000,,,,,,,,,,,,,,,
2022-02-12,,,,,,,,,,-0.5000,,,,,,,,,,,,,,,
2022-02-13,,,,,,,,,,-0.5000,,,,,,,,,,,,,,,
2022-02-14,,,,,,,1.9800,,,-0.5000,,,,,,,,,,,,,,,
2022-02-15,,,,,,,2.0500,,,-0.5000,,,,,,,,,,,,,,,
2022-02-16,,,,,,,2.0300,,,-0.5000,,,,,,,,,,,,,,,
2022-02-17,,,,,,,1.9700,,,-0.5000,,,,,,,,,,,,,,,
2022-02-18,,,,,,,1.9200,,,-0.5000,,,,,,,,,,,,,,,
2022-02-19,,,,,,,,,,-0.5000,,,,,,,,,,,,,,,
2022-02-20,,,,,,,,,,-0.5000,,,,,,,,,,,,,,,
2022-02-21,,,,,,,,,,-0.5000,,,,,,,,,,,,,,,
2022-02-22,,,,,,,1.9400,,,-0.5000,,,,,,,,,,,,,,,
2022-02-23,,,,,,,1.9900,,,-0.5000,,,,,,,,,,,,,,,
2022-02-24,,,,,,,1.9600,,,-0.5000,,,,,,,,,,,,,,,
2022-02-25,,,,,,,1.9700,,,-0.5000,,,,,,,,,,,,,,,
2022-02-26,,,,,,,,,,-0.5000,,,,,,,,,,,,,,,
2022-02-27,,,,,,,,,,-0.5000,,,,,,,,,,,,,,,
2022-02-28,,,,,,,1.8300,,,-0.5000,,,,,,,,,,,,,,,
2022-03-01,287.6740,289.0560,114.4690,112.9140,3.7000,151315.0000,1.7200,101.3907,88.9400,-0.5000,6.8000,,,3.8000,0.3000,,,0.2000,,116.5000,115.8000,103.2050,89.1100,,
2022-03-02,,,,,,,1.8600,,,-0.5000,,,,,,,,,,,,,,,
2022-03-03,,,,,,,1.8600,,,-0.5000,,,,,,,,,,,,,,,
2022-03-04,,,,,,,1.7400,,,-0.5000,,,,,,,,,,,,,,,
2022-03-05,,,,,,,,,,-0.5000,,,,,,,,,,,,,,,
2022-03-06,,,,,,,,,,-0.5000,,,,,,,,,,,,,,,
2022-03-07,,,,,,,1.7800,,,-0.5000,,,,,,,,,,,,,,,
2022-03-08,,,,,,,1.8600,,,-0.5000,,,,,,,,,,,,,,,
2022-03-09,,,,,,,1.9400,,,-0.5000,,,,,,,,,,,,,,,
2022-03-10,,,,,,,1.9800,,,-0.5000,,,,,,,,,,,,,,,
2022-03-11,,,,,,,2.0000,,,-0.5000,,,,,,,,,,,,,,,
2022-03-12,,,,,,,,,,-0.5000,,,,,,,,,,,,,,,
2022-03-13,,,,,,,,,,-0.5000,,,,,,,,,,,,,,,
2022-03-14,,,,,,,2.1400,,,-0.5000,,,,,,,,,,,,,,,
2022-03-15,,,,,,,2.1500,,,-0.5000,,,,,,,,,,,,,,,
2022-03-16,,,,,,,2.1900,,,-0.5000,,,,,,,,,,,,,,,
2022-03-17,,,,,,,2.2000,,,-0.5000,,,,,,,,,,,,,,,
2022-03-18,,,,,,,2.1400,,,-0.5000,,,,,,,,,,,,,,,
2022-03-19,,,,,,,,,,-0.5000,,,,,,,,,,,,,,,
2022-03-20,,,,,,,,,,-0.5000,,,,,,,,,,,,,,,
2022-03-21,,,,,,,2.3200,,,-0.5000,,,,,,,,,,,,,,,
2022-03-22,,,,,,,2.3800,,,-0.5000,,,,,,,,,,,,,,,
2022-03-23,,,,,,,2.3200,,,-0.5000,,,,,,,,,,,,,,,
2022-03-24,,,,,,,2.3400,,,-0.5000,,,,,,,,,,,,,,,
2022-03-25,,,,,,,2.4800,,,-0.5000,,,,,,,,,,,,,,,
2022-03-26,,,,,,,,,,-0.5000,,,,,,,,,,,,,,,
2022-03-27,,,,,,,,,,-0.5000,,,,,,,,,,,,,,,
2022-03-28,,,,,,,2.4600,,,-0.5000,,,,,,,,,,,,,,,
2022-03-29,,,,,,,2.4100,,,-0.5000,,,,,,,,,,,,,,,
2022-03-30,,,,,,,2.3500,,,-0.5000,,,,,,,,,,,,,,,
2022-03-31,,,,,,,2.3200,,,-0.5000,,,,,,,,,,,,,,,
2022-04-01,288.5610,290.5140,114.8120,113.3070,3.7000,151623.0000,2.3900,101.4400,89.4500,-0.5000,6.7000,2797523.0000,,3.7000,0.3000,583366.7000,200098.7000,0.3300,21967.0450,119.0000,116.6000,103.5838,89.6200,686335.0000,
2022-04-02,,,,,,,,,,-0.5000,,,,,,,,,,,,,,,
2022-04-03,,,,,,,,,,-0.5000,,,,,,,,,,,,,,,
2022-04-04,,,,,,,2.4200,,,-0.5000,,,,,,,,,,,,,,,
2022-04-05,,,,,,,2.5400,,,-0.5000,,,,,,,,,,,,,,,
2022-04-06,,,,,,,2.6100,,,-0.5000,,,,,,,,,,,,,,,
2022-04-07,,,,,,,2.6600,,,-0.5000,,,,,,,,,,,,,,,
2022-04-08,,,,,,,2.7200,,,-0.5000,,,,,,,,,,,,,,,
2022-04-09,,,,,,,,,,-0.5000,,,,,,,,,,,,,,,
2022-04-10,,,,,,,,,,-0.5000,,,,,,,,,,,,,,,
2022-04-11,,,,,,,2.7900,,,-0.5000,,,,,,,,,,,,,,,
2022-04-12,,,,,,,2.7200,,,-0.5000,,,,,,,,,,,,,,,
2022-04-13,,,,,,,2.7000,,,-0.5000,,,,,,,,,,,,,,,
2022-04-14,,,,,,,2.8300,,,-0.5000,,,,,,,,,,,,,,,
2022-04-15,,,,,,,,,,-0.5000,,,,,,,,,,,,,,,
2022-04-16,,,,,,,,,,-0.5000,,,,,,,,,,,,,,,
2022-04-17,,,,,,,,,,-0.5000,,,,,,,,,,,,,,,
2022-04-18,,,,,,,2.8500,,,-0.5000,,,,,,,,,,,,,,,
2022-04-19,,,,,,,2.9300,,,-0.5000,,,,,,,,,,,,,,,
2022-04-20,,,,,,,2.8500,,,-0.5000,,,,,,,,,,,,,,,
2022-04-21,,,,,,,2.9000,,,-0.5000,,,,,,,,,,,,,,,
2022-04-22,,,,,,,2.9000,,,-0.5000,,,,,,,,,,,,,,,
2022-04-23,,,,,,,,,,-0.5000,,,,,,,,,,,,,,,
2022-04-24,,,,,,,,,,-0.5000,,,,,,,,,,,,,,,
2022-04-25,,,,,,,2.8100,,,-0.5000,,,,,,,,,,,,,,,
2022-04-26,,,,,,,2.7700,,,-0.5000,,,,,,,,,,,,,,,
2022-04-27,,,,,,,2.8200,,,-0.5000,,,,,,,,,,,,,,,
2022-04-28,,,,,,,2.8500,,,-0.5000,,,,,,,,,,,,,,,
2022-04-29,,,,,,,2.8900,,,-0.5000,,,,,,,,,,,,,,,
2022-04-30,,,,,,,,,,-0.5000,,,,,,,,,,,,,,,
2022-05-01,291.2980,292.0630,115.5250,113.7030,3.6000,151924.0000,,101.3335,90.1900,-0.5000,6.7000,,,3.8000,0.3000,,,0.7700,,119.7000,117.1000,104.2572,90.3800,,
2022-05-02,,,,,,,2.9900,,,-0.5000,,,,,,,,,,,,,,,
2022-05-03,,,,,,,2.9700,,,-0.5000,,,,,,,,,,,,,,,
2022-05-04,,,,,,,2.9300,,,-0.5000,,,,,,,,,,,,,,,
2022-05-05,,,,,,,3.0500,,,-0.5000,,,,,,,,,,,,,,,
2022-05-06,,,,,,,3.1200,,,-0.5000,,,,,,,,,,,,,,,
2022-05-07,,,,,,,,,,-0.5000,,,,,,,,,,,,,,,
2022-05-08,,,,,,,,,,-0.5000,,,,,,,,,,,,,,,
2022-05-09,,,,,,,3.0500,,,-0.5000,,,,,,,,,,,,,,,
2022-05-10,,,,,,,2.9900,,,-0.5000,,,,,,,,,,,,,,,
2022-05-11,,,,,,,2.9100,,,-0.5000,,,,,,,,,,,,,,,
2022-05-12,,,,,,,2.8400,,,-0.5000,,,,,,,,,,,,,,,
2022-05-13,,,,,,,2.9300,,,-0.5000,,,,,,,,,,,,,,,
2022-05-14,,,,,,,,,,-0.5000,,,,,,,,,,,,,,,
2022-05-15,,,,,,,,,,-0.5000,,,,,,,,,,,,,,,
2022-05-16,,,,,,,2.8800,,,-0.5000,,,,,,,,,,,,,,,
2022-05-17,,,,,,,2.9800,,,-0.5000,,,,,,,,,,,,,,,
2022-05-18,,,,,,,2.8900,,,-0.5000,,,,,,,,,,,,,,,
2022-05-19,,,,,,,2.8400,,,-0.5000,,,,,,,,,,,,,,,
2022-05-20,,,,,,,2.7800,,,-0.5000,,,,,,,,,,,,,,,
2022-05-21,,,,,,,,,,-0.5000,,,,,,,,,,,,,,,
2022-05-22,,,,,,,,,,-0.5000,,,,,,,,,,,,,,,
2022-05-23,,,,,,,2.8600,,,-0.5000,,,,,,,,,,,,,,,
2022-05-24,,,,,,,2.7600,,,-0.5000,,,,,,,,,,,,,,,
2022-05-25,,,,,,,2.7500,,,-0.5000,,,,,,,,,,,,,,,
2022-05-26,,,,,,,2.7500,,,-0.5000,,,,,,,,,,,,,,,
2022-05-27,,,,,,,2.7400,,,-0.5000,,,,,,,,,,,,,,,
2022-05-28,,,,,,,,,,-0.5000,,,,,,,,,,,,,,,
2022-05-29,,,,,,,,,,-0.5000,,,,,,,,,,,,,,,
2022-05-30,,,,,,,,,,-0.5000,,,,,,,,,,,,,,,
2022-05-31,,,,,,,2.8500,,,-0.5000,,,,,,,,,,,,,,,
2022-06-01,294.9570,294.0500,116.6380,114.3760,3.6000,152358.0000,2.9400,101.0180,90.9200,-0.5000,6.7000,,,3.6000,0.3000,,,1.2100,,120.5000,117.6000,104.7828,91.1200,,
2022-06-02,,,,,,,2.9200,,,-0.5000,,,,,,,,,,,,,,,
2022-06-03,,,,,,,2.9600,,,-0.5000,,,,,,,,,,,,,,,
2022-06-04,,,,,,,,,,-0.5000,,,,,,,,,,,,,,,
2022-06-05,,,,,,,,,,-0.5000,,,,,,,,,,,,,,,
2022-06-06,,,,,,,3.0400,,,-0.5000,,,,,,,,,,,,,,,
2022-06-07,,,,,,,2.9800,,,-0.5000,,,,,,,,,,,,,,,
2022-06-08,,,,,,,3.0300,,,-0.5000,,,,,,,,,,,,,,,
2022-06-09,,,,,,,3.0400,,,-0.5000,,,,,,,,,,,,,,,
2022-06-10,,,,,,,3.1500,,,-0.5000,,,,,,,,,,,,,,,
2022-06-11,,,,,,,,,,-0.5000,,,,,,,,,,,,,,,
2022-06-12,,,,,,,,,,-0.5000,,,,,,,,,,,,,,,
2022-06-13,,,,,,,3.4300,,,-0.5000,,,,,,,,,,,,,,,
2022-06-14,,,,,,,3.4900,,,-0.5000,,,,,,,,,,,,,,,
2022-06-15,,,,,,,3.3300,,,-0.5000,,,,,,,,,,,,,,,
2022-06-16,,,,,,,3.2800,,,-0.5000,,,,,,,,,,,,,,,
2022-06-17,,,,,,,3.2500,,,-0.5000,,,,,,,,,,,,,,,
2022-06-18,,,,,,,,,,-0.5000,,,,,,,,,,,,,,,
2022-06-19,,,,,,,,,,-0.5000,,,,,,,,,,,,,,,
2022-06-20,,,,,,,,,,-0.5000,,,,,,,,,,,,,,,
2022-06-21,,,,,,,3.3100,,,-0.5000,,,,,,,,,,,,,,,
2022-06-22,,,,,,,3.1600,,,-0.5000,,,,,,,,,,,,,,,
2022-06-23,,,,,,,3.0900,,,-0.5000,,,,,,,,,,,,,,,
2022-06-24,,,,,,,3.1300,,,-0.5000,,,,,,,,,,,,,,,
2022-06-25,,,,,,,,,,-0.5000,,,,,,,,,,,,,,,
2022-06-26,,,,,,,,,,-0.5000,,,,,,,,,,,,,,,
2022-06-27,,,,,,,3.2000,,,-0.5000,,,,,,,,,,,,,,,
2022-06-28,,,,,,,3.2000,,,-0.5000,,,,,,,,,,,,,,,
2022-06-29,,,,,,,3.1000,,,-0.5000,,,,,,,,,,,,,,,
2022-06-30,,,,,,,2.9800,,,-0.5000,,,,,,,,,,,,,,,
2022-07-01,294.9130,295.0880,116.6310,114.6280,3.5000,153072.0000,2.8800,101.2230,91.0200,-0.5000,6.7000,2810181.8000,,3.6000,0.3000,581222.2000,201288.0000,1.6800,22125.6250,121.2000,117.9000,104.7431,91.2300,687029.0000,
2022-07-02,,,,,,,,,,-0.5000,,,,,,,,,,,,,,,
2022-07-03,,,,,,,,,,-0.5000,,,,,,,,,,,,,,,
2022-07-04,,,,,,,,,,-0.5000,,,,,,,,,,,,,,,
2022-07-05,,,,,,,2.8200,,,-0.5000,,,,,,,,,,,,,,,
2022-07-06,,,,,,,2.9300,,,-0.5000,,,,,,,,,,,,,,,
2022-07-07,,,,,,,3.0100,,,-0.5000,,,,,,,,,,,,,,,
2022-07-08,,,,,,,3.0900,,,-0.5000,,,,,,,,,,,,,,,
2022-07-09,,,,,,,,,,-0.5000,,,,,,,,,,,,,,,
2022-07-10,,,,,,,,,,-0.5000,,,,,,,,,,,,,,,
2022-07-11,,,,,,,2.9900,,,-0.5000,,,,,,,,,,,,,,,
2022-07-12,,,,,,,2.9600,,,-0.5000,,,,,,,,,,,,,,,
2022-07-13,,,,,,,2.9100,,,-0.5000,,,,,,,,,,,,,,,
2022-07-14,,,,,,,2.9600,,,-0.5000,,,,,,,,,,,,,,,
2022-07-15,,,,,,,2.9300,,,-0.5000,,,,,,,,,,,,,,,
2022-07-16,,,,,,,,,,-0.5000,,,,,,,,,,,,,,,
2022-07-17,,,,,,,,,,-0.5000,,,,,,,,,,,,,,,
2022-07-18,,,,,,,2.9600,,,-0.5000,,,,,,,,,,,,,,,
2022-07-19,,,,,,,3.0100,,,-0.5000,,,,,,,,,,,,,,,
2022-07-20,,,,,,,3.0400,,,-0.5000,,,,,,,,,,,,,,,
2022-07-21,,,,,,,2.9100,,,-0.5000,,,,,,,,,,,,,,,
2022-07-22,,,,,,,2.7700,,,-0.5000,,,,,,,,,,,,,,,
2022-07-23,,,,,,,,,,-0.5000,,,,,,,,,,,,,,,
2022-07-24,,,,,,,,,,-0.5000,,,,,,,,,,,,,,,
2022-07-25,,,,,,,2.8100,,,-0.5000,,,,,,,,,,,,,,,
2022-07-26,,,,,,,2.8100,,,-0.5000,,,,,,,,,,,,,,,
2022-07-27,,,,,,,2.7800,,,0.0000,,,,,,,,,,,,,,,
2022-07-28,,,,,,,2.6800,,,0.0000,,,,,,,,,,,,,,,
2022-07-29,,,,,,,2.6700,,,0.0000,,,,,,,,,,,,,,,
2022-07-30,,,,,,,,,,0.0000,,,,,,,,,,,,,,,
2022-07-31,,,,,,,,,,0.0000,,,,,,,,,,,,,,,
2022-08-01,295.0970,296.5350,116.9560,115.2760,3.6000,153362.0000,2.6000,101.0963,91.5800,0.0000,6.7000,,,3.7000,0.3000,,,2.3300,,121.8000,118.7000,105.0193,91.7900,,
2022-08-02,,,,,,,2.7500,,,0.0000,,,,,,,,,,,,,,,
2022-08-03,,,,,,,2.7300,,,0.0000,,,,,,,,,,,,,,,
2022-08-04,,,,,,,2.6800,,,0.0000,,,,,,,,,,,,,,,
2022-08-05,,,,,,,2.8300,,,0.0000,,,,,,,,,,,,,,,
2022-08-06,,,,,,,,,,0.0000,,,,,,,,,,,,,,,
2022-08-07,,,,,,,,,,0.0000,,,,,,,,,,,,,,,
2022-08-08,,,,,,,2.7700,,,0.0000,,,,,,,,,,,,,,,
2022-08-09,,,,,,,2.8000,,,0.0000,,,,,,,,,,,,,,,
2022-08-10,,,,,,,2.7800,,,0.0000,,,,,,,,,,,,,,,
2022-08-11,,,,,,,2.8700,,,0.0000,,,,,,,,,,,,,,,
2022-08-12,,,,,,,2.8400,,,0.0000,,,,,,,,,,,,,,,
2022-08-13,,,,,,,,,,0.0000,,,,,,,,,,,,,,,
2022-08-14,,,,,,,,,,0.0000,,,,,,,,,,,,,,,
2022-08-15,,,,,,,2.7900,,,0.0000,,,,,,,,,,,,,,,
2022-08-16,,,,,,,2.8200,,,0.0000,,,,,,,,,,,,,,,
2022-08-17,,,,,,,2.8900,,,0.0000,,,,,,,,,,,,,,,
2022-08-18,,,,,,,2.8800,,,0.0000,,,,,,,,,,,,,,,
2022-08-19,,,,,,,2.9800,,,0.0000,,,,,,,,,,,,,,,
2022-08-20,,,,,,,,,,0.0000,,,,,,,,,,,,,,,
2022-08-21,,,,,,,,,,0.0000,,,,,,,,,,,,,,,
2022-08-22,,,,,,,3.0300,,,0.0000,,,,,,,,,,,,,,,
2022-08-23,,,,,,,3.0500,,,0.0000,,,,,,,,,,,,,,,
2022-08-24,,,,,,,3.1100,,,0.0000,,,,,,,,,,,,,,,
2022-08-25,,,,,,,3.0300,,,0.0000,,,,,,,,,,,,,,,
2022-08-26,,,,,,,3.0400,,,0.0000,,,,,,,,,,,,,,,
2022-08-27,,,,,,,,,,0.0000,,,,,,,,,,,,,,,
2022-08-28,,,,,,,,,,0.0000,,,,,,,,,,,,,,,
2022-08-29,,,,,,,3.1200,,,0.0000,,,,,,,,,,,,,,,
2022-08-30,,,,,,,3.1100,,,0.0000,,,,,,,,,,,,,,,
2022-08-31,,,,,,,3.1500,,,0.0000,,,,,,,,,,,,,,,
2022-09-01,296.3490,298.2260,117.3710,115.7880,3.5000,153582.0000,3.2600,101.2918,92.6700,0.0000,6.7000,,,3.8000,0.3000,,,2.5600,,122.3000,119.3000,104.8348,92.9100,,
2022-09-02,,,,,,,3.2000,,,0.0000,,,,,,,,,,,,,,,
2022-09-03,,,,,,,,,,0.0000,,,,,,,,,,,,,,,
2022-09-04,,,,,,,,,,0.0000,,,,,,,,,,,,,,,
2022-09-05,,,,,,,,,,0.0000,,,,,,,,,,,,,,,
2022-09-06,,,,,,,3.3300,,,0.0000,,,,,,,,,,,,,,,
2022-09-07,,,,,,,3.2700,,,0.0000,,,,,,,,,,,,,,,
2022-09-08,,,,,,,3.2900,,,0.0000,,,,,,,,,,,,,,,
2022-09-09,,,,,,,3.3300,,,0.0000,,,,,,,,,,,,,,,
2022-09-10,,,,,,,,,,0.0000,,,,,,,,,,,,,,,
2022-09-11,,,,,,,,,,0.0000,,,,,,,,,,,,,,,
2022-09-12,,,,,,,3.3700,,,0.0000,,,,,,,,,,,,,,,
2022-09-13,,,,,,,3.4200,,,0.0000,,,,,,,,,,,,,,,
2022-09-14,,,,,,,3.4100,,,0.7500,,,,,,,,,,,,,,,
2022-09-15,,,,,,,3.4500,,,0.7500,,,,,,,,,,,,,,,
2022-09-16,,,,,,,3.4500,,,0.7500,,,,,,,,,,,,,,,
2022-09-17,,,,,,,,,,0.7500,,,,,,,,,,,,,,,
2022-09-18,,,,,,,,,,0.7500,,,,,,,,,,,,,,,
2022-09-19,,,,,,,3.4900,,,0.7500,,,,,,,,,,,,,,,
2022-09-20,,,,,,,3.5700,,,0.7500,,,,,,,,,,,,,,,
2022-09-21,,,,,,,3.5100,,,0.7500,,,,,,,,,,,,,,,
2022-09-22,,,,,,,3.7000,,,0.7500,,,,,,,,,,,,,,,
2022-09-23,,,,,,,3.6900,,,0.7500,,,,,,,,,,,,,,,
2022-09-24,,,,,,,,,,0.7500,,,,,,,,,,,,,,,
2022-09-25,,,,,,,,,,0.7500,,,,,,,,,,,,,,,
2022-09-26,,,,,,,3.8800,,,0.7500,,,,,,,,,,,,,,,
2022-09-27,,,,,,,3.9700,,,0.7500,,,,,,,,,,,,,,,
2022-09-28,,,,,,,3.7200,,,0.7500,,,,,,,,,,,,,,,
2022-09-29,,,,,,,3.7600,,,0.7500,,,,,,,,,,,,,,,
2022-09-30,,,,,,,3.8300,,,0.7500,,,,,,,,,,,,,,,
2022-10-01,298.0070,299.3990,117.9190,116.2040,3.6000,153939.0000,,101.2529,94.0500,0.7500,6.6000,2808699.8000,,3.9000,0.3000,583989.2000,201700.0000,3.0800,22278.3450,124.3000,120.0000,104.8911,94.3200,688817.0000,
2022-10-02,,,,,,,,,,0.7500,,,,,,,,,,,,,,,
2022-10-03,,,,,,,3.6700,,,0.7500,,,,,,,,,,,,,,,
2022-10-04,,,,,,,3.6200,,,0.7500,,,,,,,,,,,,,,,
2022-10-05,,,,,,,3.7600,,,0.7500,,,,,,,,,,,,,,,
2022-10-06,,,,,,,3.8300,,,0.7500,,,,,,,,,,,,,,,
2022-10-07,,,,,,,3.8900,,,0.7500,,,,,,,,,,,,,,,
2022-10-08,,,,,,,,,,0.7500,,,,,,,,,,,,,,,
2022-10-09,,,,,,,,,,0.7500,,,,,,,,,,,,,,,
2022-10-10,,,,,,,,,,0.7500,,,,,,,,,,,,,,,
2022-10-11,,,,,,,3.9300,,,0.7500,,,,,,,,,,,,,,,
2022-10-12,,,,,,,3.9100,,,0.7500,,,,,,,,,,,,,,,
2022-10-13,,,,,,,3.9700,,,0.7500,,,,,,,,,,,,,,,
2022-10-14,,,,,,,4.0000,,,0.7500,,,,,,,,,,,,,,,
2022-10-15,,,,,,,,,,0.7500,,,,,,,,,,,,,,,
2022-10-16,,,,,,,,,,0.7500,,,,,,,,,,,,,,,
2022-10-17,,,,,,,4.0200,,,0.7500,,,,,,,,,,,,,,,
2022-10-18,,,,,,,4.0100,,,0.7500,,,,,,,,,,,,,,,
2022-10-19,,,,,,,4.1400,,,0.7500,,,,,,,,,,,,,,,
2022-10-20,,,,,,,4.2400,,,0.7500,,,,,,,,,,,,,,,
2022-10-21,,,,,,,4.2100,,,0.7500,,,,,,,,,,,,,,,
2022-10-22,,,,,,,,,,0.7500,,,,,,,,,,,,,,,
2022-10-23,,,,,,,,,,0.7500,,,,,,,,,,,,,,,
2022-10-24,,,,,,,4.2500,,,0.7500,,,,,,,,,,,,,,,
2022-10-25,,,,,,,4.1000,,,0.7500,,,,,,,,,,,,,,,
2022-10-26,,,,,,,4.0400,,,0.7500,,,,,,,,,,,,,,,
2022-10-27,,,,,,,3.9600,,,0.7500,,,,,,,,,,,,,,,
2022-10-28,,,,,,,4.0200,,,0.7500,,,,,,,,,,,,,,,
2022-10-29,,,,,,,,,,0.7500,,,,,,,,,,,,,,,
2022-10-30,,,,,,,,,,0.7500,,,,,,,,,,,,,,,
2022-10-31,,,,,,,4.1000,,,0.7500,,,,,,,,,,,,,,,
2022-11-01,298.7860,300.3250,118.2240,116.5390,3.6000,154242.0000,4.0700,100.9552,93.9800,0.7500,6.7000,,,3.9000,0.3000,,,3.7800,,124.8000,120.4000,104.8951,94.2500,,
2022-11-02,,,,,,,4.1000,,,1.5000,,,,,,,,,,,,,,,
2022-11-03,,,,,,,4.1400,,,1.5000,,,,,,,,,,,,,,,
2022-11-04,,,,,,,4.1700,,,1.5000,,,,,,,,,,,,,,,
2022-11-05,,,,,,,,,,1.5000,,,,,,,,,,,,,,,
2022-11-06,,,,,,,,,,1.5000,,,,,,,,,,,,,,,
2022-11-07,,,,,,,4.2200,,,1.5000,,,,,,,,,,,,,,,
2022-11-08,,,,,,,4.1400,,,1.5000,,,,,,,,,,,,,,,
2022-11-09,,,,,,,4.1200,,,1.5000,,,,,,,,,,,,,,,
2022-11-10,,,,,,,3.8200,,,1.5000,,,,,,,,,,,,,,,
2022-11-11,,,,,,,,,,1.5000,,,,,,,,,,,,,,,
2022-11-12,,,,,,,,,,1.5000,,,,,,,,,,,,,,,
2022-11-13,,,,,,,,,,1.5000,,,,,,,,,,,,,,,
2022-11-14,,,,,,,3.8800,,,1.5000,,,,,,,,,,,,,,,
2022-11-15,,,,,,,3.8000,,,1.5000,,,,,,,,,,,,,,,
2022-11-16,,,,,,,3.6700,,,1.5000,,,,,,,,,,,,,,,
2022-11-17,,,,,,,3.7700,,,1.5000,,,,,,,,,,,,,,,
2022-11-18,,,,,,,3.8200,,,1.5000,,,,,,,,,,,,,,,
2022-11-19,,,,,,,,,,1.5000,,,,,,,,,,,,,,,
2022-11-20,,,,,,,,,,1.5000,,,,,,,,,,,,,,,
2022-11-21,,,,,,,3.8300,,,1.5000,,,,,,,,,,,,,,,
2022-11-22,,,,,,,3.7600,,,1.5000,,,,,,,,,,,,,,,
2022-11-23,,,,,,,3.7100,,,1.5000,,,,,,,,,,,,,,,
2022-11-24,,,,,,,,,,1.5000,,,,,,,,,,,,,,,
2022-11-25,,,,,,,3.6800,,,1.5000,,,,,,,,,,,,,,,
2022-11-26,,,,,,,,,,1.5000,,,,,,,,,,,,,,,
2022-11-27,,,,,,,,,,1.5000,,,,,,,,,,,,,,,
2022-11-28,,,,,,,3.6900,,,1.5000,,,,,,,,,,,,,,,
2022-11-29,,,,,,,3.7500,,,1.5000,,,,,,,,,,,,,,,
2022-11-30,,,,,,,3.6800,,,1.5000,,,,,,,,,,,,,,,
2022-12-01,298.8320,301.3940,118.3840,116.9520,3.5000,154342.0000,3.5300,99.7664,93.6500,1.5000,6.7000,,,3.9000,0.3000,,,4.1000,,125.3000,121.0000,104.6662,93.8900,,
2022-12-02,,,,,,,3.5100,,,1.5000,,,,,,,,,,,,,,,
2022-12-03,,,,,,,,,,1.5000,,,,,,,,,,,,,,,
2022-12-04,,,,,,,,,,1.5000,,,,,,,,,,,,,,,
2022-12-05,,,,,,,3.6000,,,1.5000,,,,,,,,,,,,,,,
2022-12-06,,,,,,,3.5100,,,1.5000,,,,,,,,,,,,,,,
2022-12-07,,,,,,,3.4200,,,1.5000,,,,,,,,,,,,,,,
2022-12-08,,,,,,,3.4800,,,1.5000,,,,,,,,,,,,,,,
2022-12-09,,,,,,,3.5700,,,1.5000,,,,,,,,,,,,,,,
2022-12-10,,,,,,,,,,1.5000,,,,,,,,,,,,,,,
2022-12-11,,,,,,,,,,1.5000,,,,,,,,,,,,,,,
2022-12-12,,,,,,,3.6100,,,1.5000,,,,,,,,,,,,,,,
2022-12-13,,,,,,,3.5100,,,1.5000,,,,,,,,,,,,,,,
2022-12-14,,,,,,,3.4900,,,1.5000,,,,,,,,,,,,,,,
2022-12-15,,,,,,,3.4400,,,1.5000,,,,,,,,,,,,,,,
2022-12-16,,,,,,,3.4800,,,1.5000,,,,,,,,,,,,,,,
2022-12-17,,,,,,,,,,1.5000,,,,,,,,,,,,,,,
2022-12-18,,,,,,,,,,1.5000,,,,,,,,,,,,,,,
2022-12-19,,,,,,,3.5700,,,1.5000,,,,,,,,,,,,,,,
2022-12-20,,,,,,,3.6900,,,1.5000,,,,,,,,,,,,,,,
2022-12-21,,,,,,,3.6800,,,2.0000,,,,,,,,,,,,,,,
2022-12-22,,,,,,,3.6700,,,2.0000,,,,,,,,,,,,,,,
2022-12-23,,,,,,,3.7500,,,2.0000,,,,,,,,,,,,,,,
2022-12-24,,,,,,,,,,2.0000,,,,,,,,,,,,,,,
2022-12-25,,,,,,,,,,2.0000,,,,,,,,,,,,,,,
2022-12-26,,,,,,,,,,2.0000,,,,,,,,,,,,,,,
2022-12-27,,,,,,,3.8400,,,2.0000,,,,,,,,,,,,,,,
2022-12-28,,,,,,,3.8800,,,2.0000,,,,,,,,,,,,,,,
2022-12-29,,,,,,,3.8300,,,2.0000,,,,,,,,,,,,,,,
2022-12-30,,,,,,,3.8800,,,2.0000,,,,,,,,,,,,,,,
2022-12-31,,,,,,,,,,2.0000,,,,,,,,,,,,,,,
2023-01-01,300.4200,302.6420,119.0180,117.5050,3.5000,154776.0000,,100.5050,93.4500,2.0000,6.7000,2807720.3000,,4.0000,0.3000,588696.9000,202549.2000,4.3300,22439.6070,124.8000,120.3000,105.2963,93.6700,689206.0000,
2023-01-02,,,,,,,,,,2.0000,,,,,,,,,,,,,,,
2023-01-03,,,,,,,3.7900,,,2.0000,,,,,,,,,,,,,,,
2023-01-04,,,,,,,3.6900,,,2.0000,,,,,,,,,,,,,,,
2023-01-05,,,,,,,3.7100,,,2.0000,,,,,,,,,,,,,,,
2023-01-06,,,,,,,3.5500,,,2.0000,,,,,,,,,,,,,,,
2023-01-07,,,,,,,,,,2.0000,,,,,,,,,,,,,,,
2023-01-08,,,,,,,,,,2.0000,,,,,,,,,,,,,,,
2023-01-09,,,,,,,3.5300,,,2.0000,,,,,,,,,,,,,,,
2023-01-10,,,,,,,3.6100,,,2.0000,,,,,,,,,,,,,,,
2023-01-11,,,,,,,3.5400,,,2.0000,,,,,,,,,,,,,,,
2023-01-12,,,,,,,3.4300,,,2.0000,,,,,,,,,,,,,,,
2023-01-13,,,,,,,3.4900,,,2.0000,,,,,,,,,,,,,,,
2023-01-14,,,,,,,,,,2.0000,,,,,,,,,,,,,,,
2023-01-15,,,,,,,,,,2.0000,,,,,,,,,,,,,,,
2023-01-16,,,,,,,,,,2.0000,,,,,,,,,,,,,,,
2023-01-17,,,,,,,3.5300,,,2.0000,,,,,,,,,,,,,,,
2023-01-18,,,,,,,3.3700,,,2.0000,,,,,,,,,,,,,,,
2023-01-19,,,,,,,3.3900,,,2.0000,,,,,,,,,,,,,,,
2023-01-20,,,,,,,3.4800,,,2.0000,,,,,,,,,,,,,,,
2023-01-21,,,,,,,,,,2.0000,,,,,,,,,,,,,,,
2023-01-22,,,,,,,,,,2.0000,,,,,,,,,,,,,,,
2023-01-23,,,,,,,3.5200,,,2.0000,,,,,,,,,,,,,,,
2023-01-24,,,,,,,3.4600,,,2.0000,,,,,,,,,,,,,,,
2023-01-25,,,,,,,3.4600,,,2.0000,,,,,,,,,,,,,,,
2023-01-26,,,,,,,3.4900,,,2.0000,,,,,,,,,,,,,,,
2023-01-27,,,,,,,3.5200,,,2.0000,,,,,,,,,,,,,,,
2023-01-28,,,,,,,,,,2.0000,,,,,,,,,,,,,,,
2023-01-29,,,,,,,,,,2.0000,,,,,,,,,,,,,,,
2023-01-30,,,,,,,3.5500,,,2.0000,,,,,,,,,,,,,,,
2023-01-31,,,,,,,3.5200,,,2.0000,,,,,,,,,,,,,,,
2023-02-01,301.4500,304.1230,119.3690,117.9290,3.6000,155066.0000,3.3900,100.6416,94.2100,2.0000,,,,4.0000,0.3000,,,4.5700,,126.0000,121.5000,106.0820,94.4300,,
2023-02-02,,,,,,,3.4000,,,2.0000,,,,,,,,,,,,,,,
2023-02-03,,,,,,,3.5300,,,2.0000,,,,,,,,,,,,,,,
2023-02-04,,,,,,,,,,2.0000,,,,,,,,,,,,,,,
2023-02-05,,,,,,,,,,2.0000,,,,,,,,,,,,,,,
2023-02-06,,,,,,,3.6300,,,2.0000,,,,,,,,,,,,,,,
2023-02-07,,,,,,,3.6700,,,2.0000,,,,,,,,,,,,,,,
2023-02-08,,,,,,,3.6300,,,2.5000,,,,,,,,,,,,,,,
2023-02-09,,,,,,,3.6700,,,2.5000,,,,,,,,,,,,,,,
2023-02-10,,,,,,,3.7400,,,2.5000,,,,,,,,,,,,,,,
2023-02-11,,,,,,,,,,2.5000,,,,,,,,,,,,,,,
2023-02-12,,,,,,,,,,2.5000,,,,,,,,,,,,,,,
2023-02-13,,,,,,,3.7200,,,2.5000,,,,,,,,,,,,,,,
2023-02-14,,,,,,,3.7700,,,2.5000,,,,,,,,,,,,,,,
2023-02-15,,,,,,,3.8100,,,2.5000,,,,,,,,,,,,,,,
2023-02-16,,,,,,,3.8600,,,2.5000,,,,,,,,,,,,,,,
2023-02-17,,,,,,,3.8200,,,2.5000,,,,,,,,,,,,,,,
2023-02-18,,,,,,,,,,2.5000,,,,,,,,,,,,,,,
2023-02-19,,,,,,,,,,2.5000,,,,,,,,,,,,,,,
2023-02-20,,,,,,,,,,2.5000,,,,,,,,,,,,,,,
2023-02-21,,,,,,,3.9500,,,2.5000,,,,,,,,,,,,,,,
2023-02-22,,,,,,,3.9300,,,2.5000,,,,,,,,,,,,,,,
2023-02-23,,,,,,,3.8800,,,2.5000,,,,,,,,,,,,,,,
2023-02-24,,,,,,,3.9500,,,2.5000,,,,,,,,,,,,,,,
2023-02-25,,,,,,,,,,2.5000,,,,,,,,,,,,,,,
2023-02-26,,,,,,,,,,2.5000,,,,,,,,,,,,,,,
2023-02-27,,,,,,,3.9200,,,2.5000,,,,,,,,,,,,,,,
2023-02-28,,,,,,,3.9200,,,2.5000,,,,,,,,,,,,,,,
2023-03-01,301.8210,305.1470,119.5380,118.3150,3.5000,155134.0000,4.0100,101.0205,95.0600,2.5000,,,,3.9000,0.3000,,,4.6500,,126.8000,122.3000,106.2447,95.2700,,
2023-03-02,,,,,,,4.0800,,,2.5000,,,,,,,,,,,,,,,
2023-03-03,,,,,,,3.9700,,,2.5000,,,,,,,,,,,,,,,
2023-03-04,,,,,,,,,,2.5000,,,,,,,,,,,,,,,
2023-03-05,,,,,,,,,,2.5000,,,,,,,,,,,,,,,
2023-03-06,,,,,,,3.9800,,,2.5000,,,,,,,,,,,,,,,
2023-03-07,,,,,,,3.9700,,,2.5000,,,,,,,,,,,,,,,
2023-03-08,,,,,,,3.9800,,,2.5000,,,,,,,,,,,,,,,
2023-03-09,,,,,,,3.9300,,,2.5000,,,,,,,,,,,,,,,
2023-03-10,,,,,,,3.7000,,,2.5000,,,,,,,,,,,,,,,
2023-03-11,,,,,,,,,,2.5000,,,,,,,,,,,,,,,
2023-03-12,,,,,,,,,,2.5000,,,,,,,,,,,,,,,
2023-03-13,,,,,,,3.5500,,,2.5000,,,,,,,,,,,,,,,
2023-03-14,,,,,,,3.6400,,,2.5000,,,,,,,,,,,,,,,
2023-03-15,,,,,,,3.5100,,,2.5000,,,,,,,,,,,,,,,
2023-03-16,,,,,,,3.5600,,,2.5000,,,,,,,,,,,,,,,
2023-03-17,,,,,,,3.3900,,,2.5000,,,,,,,,,,,,,,,
2023-03-18,,,,,,,,,,2.5000,,,,,,,,,,,,,,,
2023-03-19,,,,,,,,,,2.5000,,,,,,,,,,,,,,,
2023-03-20,,,,,,,3.4700,,,2.5000,,,,,,,,,,,,,,,
2023-03-21,,,,,,,3.5900,,,2.5000,,,,,,,,,,,,,,,
2023-03-22,,,,,,,3.4800,,,3.0000,,,,,,,,,,,,,,,
2023-03-23,,,,,,,3.3800,,,3.0000,,,,,,,,,,,,,,,
2023-03-24,,,,,,,3.3800,,,3.0000,,,,,,,,,,,,,,,
2023-03-25,,,,,,,,,,3.0000,,,,,,,,,,,,,,,
2023-03-26,,,,,,,,,,3.0000,,,,,,,,,,,,,,,
2023-03-27,,,,,,,3.5300,,,3.0000,,,,,,,,,,,,,,,
2023-03-28,,,,,,,3.5500,,,3.0000,,,,,,,,,,,,,,,
2023-03-29,,,,,,,3.5700,,,3.0000,,,,,,,,,,,,,,,
2023-03-30,,,,,,,3.5500,,,3.0000,,,,,,,,,,,,,,,
2023-03-31,,,,,,,3.4800,,,3.0000,,,,,,,,,,,,,,,
2023-04-01,302.8450,306.5340,119.9510,118.7340,3.4000,155375.0000,,101.2530,95.6600,3.0000,,2812552.8000,,4.0000,0.3000,589192.2000,201226.6000,4.8300,22580.4990,128.3000,123.9000,106.2411,95.8700,689491.0000,
2023-04-02,,,,,,,,,,3.0000,,,,,,,,,,,,,,,
2023-04-03,,,,,,,3.4300,,,3.0000,,,,,,,,,,,,,,,
2023-04-04,,,,,,,3.3500,,,3.0000,,,,,,,,,,,,,,,
2023-04-05,,,,,,,3.3000,,,3.0000,,,,,,,,,,,,,,,
2023-04-06,,,,,,,3.3000,,,3.0000,,,,,,,,,,,,,,,
2023-04-07,,,,,,,3.3900,,,3.0000,,,,,,,,,,,,,,,
2023-04-08,,,,,,,,,,3.0000,,,,,,,,,,,,,,,
2023-04-09,,,,,,,,,,3.0000,,,,,,,,,,,,,,,
2023-04-10,,,,,,,3.4100,,,3.0000,,,,,,,,,,,,,,,
2023-04-11,,,,,,,3.4300,,,3.0000,,,,,,,,,,,,,,,
2023-04-12,,,,,,,3.4100,,,3.0000,,,,,,,,,,,,,,,
2023-04-13,,,,,,,3.4500,,,3.0000,,,,,,,,,,,,,,,
2023-04-14,,,,,,,3.5200,,,3.0000,,,,,,,,,,,,,,,
2023-04-15,,,,,,,,,,3.0000,,,,,,,,,,,,,,,
2023-04-16,,,,,,,,,,3.0000,,,,,,,,,,,,,,,
2023-04-17,,,,,,,3.6000,,,3.0000,,,,,,,,,,,,,,,
2023-04-18,,,,,,,3.5800,,,3.0000,,,,,,,,,,,,,,,
2023-04-19,,,,,,,3.6000,,,3.0000,,,,,,,,,,,,,,,
2023-04-20,,,,,,,3.5400,,,3.0000,,,,,,,,,,,,,,,
2023-04-21,,,,,,,3.5700,,,3.0000,,,,,,,,,,,,,,,
2023-04-22,,,,,,,,,,3.0000,,,,,,,,,,,,,,,
2023-04-23,,,,,,,,,,3.0000,,,,,,,,,,,,,,,
2023-04-24,,,,,,,3.5200,,,3.0000,,,,,,,,,,,,,,,
2023-04-25,,,,,,,3.4000,,,3.0000,,,,,,,,,,,,,,,
2023-04-26,,,,,,,3.4300,,,3.0000,,,,,,,,,,,,,,,
2023-04-27,,,,,,,3.5300,,,3.0000,,,,,,,,,,,,,,,
2023-04-28,,,,,,,3.4400,,,3.0000,,,,,,,,,,,,,,,
2023-04-29,,,,,,,,,,3.0000,,,,,,,,,,,,,,,
2023-04-30,,,,,,,,,,3.0000,,,,,,,,,,,,,,,
2023-05-01,303.3340,307.6520,120.1500,119.0830,3.6000,155655.0000,3.5900,100.9286,95.6900,3.0000,,,,4.2000,0.3000,,,5.0600,,129.1000,124.7000,106.5078,95.8900,,
2023-05-02,,,,,,,3.4400,,,3.0000,,,,,,,,,,,,,,,
2023-05-03,,,,,,,3.3800,,,3.0000,,,,,,,,,,,,,,,
2023-05-04,,,,,,,3.3700,,,3.0000,,,,,,,,,,,,,,,
2023-05-05,,,,,,,3.4400,,,3.0000,,,,,,,,,,,,,,,
2023-05-06,,,,,,,,,,3.0000,,,,,,,,,,,,,,,
2023-05-07,,,,,,,,,,3.0000,,,,,,,,,,,,,,,
2023-05-08,,,,,,,3.5200,,,3.0000,,,,,,,,,,,,,,,
2023-05-09,,,,,,,3.5300,,,3.0000,,,,,,,,,,,,,,,
2023-05-10,,,,,,,3.4300,,,3.2500,,,,,,,,,,,,,,,
2023-05-11,,,,,,,3.3900,,,3.2500,,,,,,,,,,,,,,,
2023-05-12,,,,,,,3.4600,,,3.2500,,,,,,,,,,,,,,,
2023-05-13,,,,,,,,,,3.2500,,,,,,,,,,,,,,,
2023-05-14,,,,,,,,,,3.2500,,,,,,,,,,,,,,,
2023-05-15,,,,,,,3.5000,,,3.2500,,,,,,,,,,,,,,,
2023-05-16,,,,,,,3.5400,,,3.2500,,,,,,,,,,,,,,,
2023-05-17,,,,,,,3.5700,,,3.2500,,,,,,,,,,,,,,,
2023-05-18,,,,,,,3.6500,,,3.2500,,,,,,,,,,,,,,,
2023-05-19,,,,,,,3.7000,,,3.2500,,,,,,,,,,,,,,,
2023-05-20,,,,,,,,,,3.2500,,,,,,,,,,,,,,,
2023-05-21,,,,,,,,,,3.2500,,,,,,,,,,,,,,,
2023-05-22,,,,,,,3.7200,,,3.2500,,,,,,,,,,,,,,,
2023-05-23,,,,,,,3.7000,,,3.2500,,,,,,,,,,,,,,,
2023-05-24,,,,,,,3.7300,,,3.2500,,,,,,,,,,,,,,,
2023-05-25,,,,,,,3.8300,,,3.2500,,,,,,,,,,,,,,,
2023-05-26,,,,,,,3.8000,,,3.2500,,,,,,,,,,,,,,,
2023-05-27,,,,,,,,,,3.2500,,,,,,,,,,,,,,,
2023-05-28,,,,,,,,,,3.2500,,,,,,,,,,,,,,,
2023-05-29,,,,,,,,,,3.2500,,,,,,,,,,,,,,,
2023-05-30,,,,,,,3.6900,,,3.2500,,,,,,,,,,,,,,,
2023-05-31,,,,,,,3.6400,,,3.2500,,,,,,,,,,,,,,,
2023-06-01,304.0140,308.3220,120.4690,119.3900,3.6000,155880.0000,3.6100,100.1196,95.9300,3.2500,,,,4.3000,0.3000,,,5.0800,,129.4000,125.1000,106.5755,96.1100,,
2023-06-02,,,,,,,3.6900,,,3.2500,,,,,,,,,,,,,,,
2023-06-03,,,,,,,,,,3.2500,,,,,,,,,,,,,,,
2023-06-04,,,,,,,,,,3.2500,,,,,,,,,,,,,,,
2023-06-05,,,,,,,3.6900,,,3.2500,,,,,,,,,,,,,,,
2023-06-06,,,,,,,3.7000,,,3.2500,,,,,,,,,,,,,,,
2023-06-07,,,,,,,3.7900,,,3.2500,,,,,,,,,,,,,,,
2023-06-08,,,,,,,3.7300,,,3.2500,,,,,,,,,,,,,,,
2023-06-09,,,,,,,3.7500,,,3.2500,,,,,,,,,,,,,,,
2023-06-10,,,,,,,,,,3.2500,,,,,,,,,,,,,,,
2023-06-11,,,,,,,,,,3.2500,,,,,,,,,,,,,,,
2023-06-12,,,,,,,3.7300,,,3.2500,,,,,,,,,,,,,,,
2023-06-13,,,,,,,3.8400,,,3.2500,,,,,,,,,,,,,,,
2023-06-14,,,,,,,3.8300,,,3.2500,,,,,,,,,,,,,,,
2023-06-15,,,,,,,3.7200,,,3.2500,,,,,,,,,,,,,,,
2023-06-16,,,,,,,3.7700,,,3.2500,,,,,,,,,,,,,,,
2023-06-17,,,,,,,,,,3.2500,,,,,,,,,,,,,,,
2023-06-18,,,,,,,,,,3.2500,,,,,,,,,,,,,,,
2023-06-19,,,,,,,,,,3.2500,,,,,,,,,,,,,,,
2023-06-20,,,,,,,3.7400,,,3.2500,,,,,,,,,,,,,,,
2023-06-21,,,,,,,3.7200,,,3.5000,,,,,,,,,,,,,,,
2023-06-22,,,,,,,3.8000,,,3.5000,,,,,,,,,,,,,,,
2023-06-23,,,,,,,3.7400,,,3.5000,,,,,,,,,,,,,,,
2023-06-24,,,,,,,,,,3.5000,,,,,,,,,,,,,,,
2023-06-25,,,,,,,,,,3.5000,,,,,,,,,,,,,,,
2023-06-26,,,,,,,3.7200,,,3.5000,,,,,,,,,,,,,,,
2023-06-27,,,,,,,3.7700,,,3.5000,,,,,,,,,,,,,,,
2023-06-28,,,,,,,3.7100,,,3.5000,,,,,,,,,,,,,,,
2023-06-29,,,,,,,3.8500,,,3.5000,,,,,,,,,,,,,,,
2023-06-30,,,,,,,3.8100,,,3.5000,,,,,,,,,,,,,,,
2023-07-01,304.6090,308.9600,120.6070,119.5560,3.5000,156043.0000,,100.9067,95.8300,3.5000,,2812405.2000,,4.3000,0.3000,581110.6000,202076.6000,5.1200,22840.9890,129.0000,125.5000,106.4244,96.0000,687839.0000,
2023-07-02,,,,,,,,,,3.5000,,,,,,,,,,,,,,,
2023-07-03,,,,,,,3.8600,,,3.5000,,,,,,,,,,,,,,,
2023-07-04,,,,,,,,,,3.5000,,,,,,,,,,,,,,,
2023-07-05,,,,,,,3.9500,,,3.5000,,,,,,,,,,,,,,,
2023-07-06,,,,,,,4.0500,,,3.5000,,,,,,,,,,,,,,,
2023-07-07,,,,,,,4.0600,,,3.5000,,,,,,,,,,,,,,,
2023-07-08,,,,,,,,,,3.5000,,,,,,,,,,,,,,,
2023-07-09,,,,,,,,,,3.5000,,,,,,,,,,,,,,,
2023-07-10,,,,,,,4.0100,,,3.5000,,,,,,,,,,,,,,,
2023-07-11,,,,,,,3.9900,,,3.5000,,,,,,,,,,,,,,,
2023-07-12,,,,,,,3.8600,,,3.5000,,,,,,,,,,,,,,,
2023-07-13,,,,,,,3.7600,,,3.5000,,,,,,,,,,,,,,,
2023-07-14,,,,,,,3.8300,,,3.5000,,,,,,,,,,,,,,,
2023-07-15,,,,,,,,,,3.5000,,,,,,,,,,,,,,,
2023-07-16,,,,,,,,,,3.5000,,,,,,,,,,,,,,,
2023-07-17,,,,,,,3.8100,,,3.5000,,,,,,,,,,,,,,,
2023-07-18,,,,,,,3.8000,,,3.5000,,,,,,,,,,,,,,,
2023-07-19,,,,,,,3.7500,,,3.5000,,,,,,,,,,,,,,,
2023-07-20,,,,,,,3.8500,,,3.5000,,,,,,,,,,,,,,,
2023-07-21,,,,,,,3.8400,,,3.5000,,,,,,,,,,,,,,,
2023-07-22,,,,,,,,,,3.5000,,,,,,,,,,,,,,,
2023-07-23,,,,,,,,,,3.5000,,,,,,,,,,,,,,,
2023-07-24,,,,,,,3.8600,,,3.5000,,,,,,,,,,,,,,,
2023-07-25,,,,,,,3.9100,,,3.5000,,,,,,,,,,,,,,,
2023-07-26,,,,,,,3.8600,,,3.5000,,,,,,,,,,,,,,,
2023-07-27,,,,,,,4.0100,,,3.5000,,,,,,,,,,,,,,,
2023-07-28,,,,,,,3.9600,,,3.5000,,,,,,,,,,,,,,,
2023-07-29,,,,,,,,,,3.5000,,,,,,,,,,,,,,,
2023-07-30,,,,,,,,,,3.5000,,,,,,,,,,,,,,,
2023-07-31,,,,,,,3.9700,,,3.5000,,,,,,,,,,,,,,,
2023-08-01,306.0820,309.5800,120.9700,119.6890,3.7000,156261.0000,4.0500,100.8393,96.3500,3.5000,,,,4.1000,0.3000,,,5.3300,,129.4000,125.7000,106.6516,96.5300,,
2023-08-02,,,,,,,4.0800,,,3.7500,,,,,,,,,,,,,,,
2023-08-03,,,,,,,4.2000,,,3.7500,,,,,,,,,,,,,,,
2023-08-04,,,,,,,4.0500,,,3.7500,,,,,,,,,,,,,,,
2023-08-05,,,,,,,,,,3.7500,,,,,,,,,,,,,,,
2023-08-06,,,,,,,,,,3.7500,,,,,,,,,,,,,,,
2023-08-07,,,,,,,4.0900,,,3.7500,,,,,,,,,,,,,,,
2023-08-08,,,,,,,4.0200,,,3.7500,,,,,,,,,,,,,,,
2023-08-09,,,,,,,4.0000,,,3.7500,,,,,,,,,,,,,,,
2023-08-10,,,,,,,4.0900,,,3.7500,,,,,,,,,,,,,,,
2023-08-11,,,,,,,4.1600,,,3.7500,,,,,,,,,,,,,,,
2023-08-12,,,,,,,,,,3.7500,,,,,,,,,,,,,,,
2023-08-13,,,,,,,,,,3.7500,,,,,,,,,,,,,,,
2023-08-14,,,,,,,4.1900,,,3.7500,,,,,,,,,,,,,,,
2023-08-15,,,,,,,4.2100,,,3.7500,,,,,,,,,,,,,,,
2023-08-16,,,,,,,4.2800,,,3.7500,,,,,,,,,,,,,,,
2023-08-17,,,,,,,4.3000,,,3.7500,,,,,,,,,,,,,,,
2023-08-18,,,,,,,4.2600,,,3.7500,,,,,,,,,,,,,,,
2023-08-19,,,,,,,,,,3.7500,,,,,,,,,,,,,,,
2023-08-20,,,,,,,,,,3.7500,,,,,,,,,,,,,,,
2023-08-21,,,,,,,4.3400,,,3.7500,,,,,,,,,,,,,,,
2023-08-22,,,,,,,4.3400,,,3.7500,,,,,,,,,,,,,,,
2023-08-23,,,,,,,4.1900,,,3.7500,,,,,,,,,,,,,,,
2023-08-24,,,,,,,4.2300,,,3.7500,,,,,,,,,,,,,,,
2023-08-25,,,,,,,4.2500,,,3.7500,,,,,,,,,,,,,,,
2023-08-26,,,,,,,,,,3.7500,,,,,,,,,,,,,,,
2023-08-27,,,,,,,,,,3.7500,,,,,,,,,,,,,,,
2023-08-28,,,,,,,4.2000,,,3.7500,,,,,,,,,,,,,,,
2023-08-29,,,,,,,4.1200,,,3.7500,,,,,,,,,,,,,,,
2023-08-30,,,,,,,4.1200,,,3.7500,,,,,,,,,,,,,,,
2023-08-31,,,,,,,4.0900,,,3.7500,,,,,,,,,,,,,,,
2023-09-01,307.2760,310.5390,121.4190,120.0580,3.7000,156417.0000,4.1800,101.0211,96.6700,3.7500,,,,4.0000,0.3000,,,5.3300,,130.1000,126.3000,106.5695,96.8600,,
2023-09-02,,,,,,,,,,3.7500,,,,,,,,,,,,,,,
2023-09-03,,,,,,,,,,3.7500,,,,,,,,,,,,,,,
2023-09-04,,,,,,,,,,3.7500,,,,,,,,,,,,,,,
2023-09-05,,,,,,,4.2700,,,3.7500,,,,,,,,,,,,,,,
2023-09-06,,,,,,,4.3000,,,3.7500,,,,,,,,,,,,,,,
2023-09-07,,,,,,,4.2700,,,3.7500,,,,,,,,,,,,,,,
2023-09-08,,,,,,,4.2600,,,3.7500,,,,,,,,,,,,,,,
2023-09-09,,,,,,,,,,3.7500,,,,,,,,,,,,,,,
2023-09-10,,,,,,,,,,3.7500,,,,,,,,,,,,,,,
2023-09-11,,,,,,,4.2900,,,3.7500,,,,,,,,,,,,,,,
2023-09-12,,,,,,,4.2700,,,3.7500,,,,,,,,,,,,,,,
2023-09-13,,,,,,,4.2500,,,3.7500,,,,,,,,,,,,,,,
2023-09-14,,,,,,,4.2900,,,3.7500,,,,,,,,,,,,,,,
2023-09-15,,,,,,,4.3300,,,3.7500,,,,,,,,,,,,,,,
2023-09-16,,,,,,,,,,3.7500,,,,,,,,,,,,,,,
2023-09-17,,,,,,,,,,3.7500,,,,,,,,,,,,,,,
2023-09-18,,,,,,,4.3200,,,3.7500,,,,,,,,,,,,,,,
2023-09-19,,,,,,,4.3700,,,3.7500,,,,,,,,,,,,,,,
2023-09-20,,,,,,,4.3500,,,4.0000,,,,,,,,,,,,,,,
2023-09-21,,,,,,,4.4900,,,4.0000,,,,,,,,,,,,,,,
2023-09-22,,,,,,,4.4400,,,4.0000,,,,,,,,,,,,,,,
2023-09-23,,,,,,,,,,4.0000,,,,,,,,,,,,,,,
2023-09-24,,,,,,,,,,4.0000,,,,,,,,,,,,,,,
2023-09-25,,,,,,,4.5500,,,4.0000,,,,,,,,,,,,,,,
2023-09-26,,,,,,,4.5600,,,4.0000,,,,,,,,,,,,,,,
2023-09-27,,,,,,,4.6100,,,4.0000,,,,,,,,,,,,,,,
2023-09-28,,,,,,,4.5900,,,4.0000,,,,,,,,,,,,,,,
2023-09-29,,,,,,,4.5900,,,4.0000,,,,,,,,,,,,,,,
2023-09-30,,,,,,,,,,4.0000,,,,,,,,,,,,,,,
2023-10-01,307.6960,311.4570,121.4840,120.2410,3.9000,156576.0000,,100.4689,96.7500,4.0000,,2814279.6000,,4.0000,0.3000,584312.6000,202755.7000,5.3300,23033.7800,130.2000,126.8000,106.6673,96.9400,685628.0000,
2023-10-02,,,,,,,4.6900,,,4.0000,,,,,,,,,,,,,,,
2023-10-03,,,,,,,4.8100,,,4.0000,,,,,,,,,,,,,,,
2023-10-04,,,,,,,4.7300,,,4.0000,,,,,,,,,,,,,,,
2023-10-05,,,,,,,4.7200,,,4.0000,,,,,,,,,,,,,,,
2023-10-06,,,,,,,4.7800,,,4.0000,,,,,,,,,,,,,,,
2023-10-07,,,,,,,,,,4.0000,,,,,,,,,,,,,,,
2023-10-08,,,,,,,,,,4.0000,,,,,,,,,,,,,,,
2023-10-09,,,,,,,,,,4.0000,,,,,,,,,,,,,,,
2023-10-10,,,,,,,4.6600,,,4.0000,,,,,,,,,,,,,,,
2023-10-11,,,,,,,4.5800,,,4.0000,,,,,,,,,,,,,,,
2023-10-12,,,,,,,4.7000,,,4.0000,,,,,,,,,,,,,,,
2023-10-13,,,,,,,4.6300,,,4.0000,,,,,,,,,,,,,,,
2023-10-14,,,,,,,,,,4.0000,,,,,,,,,,,,,,,
2023-10-15,,,,,,,,,,4.0000,,,,,,,,,,,,,,,
2023-10-16,,,,,,,4.7100,,,4.0000,,,,,,,,,,,,,,,
2023-10-17,,,,,,,4.8300,,,4.0000,,,,,,,,,,,,,,,
2023-10-18,,,,,,,4.9100,,,4.0000,,,,,,,,,,,,,,,
2023-10-19,,,,,,,4.9800,,,4.0000,,,,,,,,,,,,,,,
2023-10-20,,,,,,,4.9300,,,4.0000,,,,,,,,,,,,,,,
2023-10-21,,,,,,,,,,4.0000,,,,,,,,,,,,,,,
2023-10-22,,,,,,,,,,4.0000,,,,,,,,,,,,,,,
2023-10-23,,,,,,,4.8600,,,4.0000,,,,,,,,,,,,,,,
2023-10-24,,,,,,,4.8300,,,4.0000,,,,,,,,,,,,,,,
2023-10-25,,,,,,,4.9500,,,4.0000,,,,,,,,,,,,,,,
2023-10-26,,,,,,,4.8600,,,4.0000,,,,,,,,,,,,,,,
2023-10-27,,,,,,,4.8400,,,4.0000,,,,,,,,,,,,,,,
2023-10-28,,,,,,,,,,4.0000,,,,,,,,,,,,,,,
2023-10-29,,,,,,,,,,4.0000,,,,,,,,,,,,,,,
2023-10-30,,,,,,,4.8800,,,4.0000,,,,,,,,,,,,,,,
2023-10-31,,,,,,,4.8800,,,4.0000,,,,,,,,,,,,,,,
2023-11-01,308.1480,312.3920,121.4930,120.3740,3.7000,156703.0000,4.7700,100.8639,96.2100,4.0000,,,,3.9000,0.3000,,,5.3300,,130.0000,126.6000,106.4094,96.3800,,
2023-11-02,,,,,,,4.6700,,,4.0000,,,,,,,,,,,,,,,
2023-11-03,,,,,,,4.5700,,,4.0000,,,,,,,,,,,,,,,
2023-11-04,,,,,,,,,,4.0000,,,,,,,,,,,,,,,
2023-11-05,,,,,,,,,,4.0000,,,,,,,,,,,,,,,
2023-11-06,,,,,,,4.6700,,,4.0000,,,,,,,,,,,,,,,
2023-11-07,,,,,,,4.5800,,,4.0000,,,,,,,,,,,,,,,
2023-11-08,,,,,,,4.4900,,,4.0000,,,,,,,,,,,,,,,
2023-11-09,,,,,,,4.6200,,,4.0000,,,,,,,,,,,,,,,
2023-11-10,,,,,,,4.6100,,,4.0000,,,,,,,,,,,,,,,
2023-11-11,,,,,,,,,,4.0000,,,,,,,,,,,,,,,
2023-11-12,,,,,,,,,,4.0000,,,,,,,,,,,,,,,
2023-11-13,,,,,,,4.6300,,,4.0000,,,,,,,,,,,,,,,
2023-11-14,,,,,,,4.4400,,,4.0000,,,,,,,,,,,,,,,
2023-11-15,,,,,,,4.5300,,,4.0000,,,,,,,,,,,,,,,
2023-11-16,,,,,,,4.4500,,,4.0000,,,,,,,,,,,,,,,
2023-11-17,,,,,,,4.4400,,,4.0000,,,,,,,,,,,,,,,
2023-11-18,,,,,,,,,,4.0000,,,,,,,,,,,,,,,
2023-11-19,,,,,,,,,,4.0000,,,,,,,,,,,,,,,
2023-11-20,,,,,,,4.4200,,,4.0000,,,,,,,,,,,,,,,
2023-11-21,,,,,,,4.4100,,,4.0000,,,,,,,,,,,,,,,
2023-11-22,,,,,,,4.4200,,,4.0000,,,,,,,,,,,,,,,
2023-11-23,,,,,,,,,,4.0000,,,,,,,,,,,,,,,
2023-11-24,,,,,,,4.4700,,,4.0000,,,,,,,,,,,,,,,
2023-11-25,,,,,,,,,,4.0000,,,,,,,,,,,,,,,
2023-11-26,,,,,,,,,,4.0000,,,,,,,,,,,,,,,
2023-11-27,,,,,,,4.3900,,,4.0000,,,,,,,,,,,,,,,
2023-11-28,,,,,,,4.3400,,,4.0000,,,,,,,,,,,,,,,
2023-11-29,,,,,,,4.2700,,,4.0000,,,,,,,,,,,,,,,
2023-11-30,,,,,,,4.3700,,,4.0000,,,,,,,,,,,,,,,
2023-12-01,308.7410,313.1950,121.6600,120.5920,3.8000,156857.0000,4.2200,100.6031,96.3700,4.0000,,,,4.1000,0.3000,,,5.3300,,130.5000,127.3000,106.4612,96.5400,,
2023-12-02,,,,,,,,,,4.0000,,,,,,,,,,,,,,,
2023-12-03,,,,,,,,,,4.0000,,,,,,,,,,,,,,,
2023-12-04,,,,,,,4.2800,,,4.0000,,,,,,,,,,,,,,,
2023-12-05,,,,,,,4.1800,,,4.0000,,,,,,,,,,,,,,,
2023-12-06,,,,,,,4.1200,,,4.0000,,,,,,,,,,,,,,,
2023-12-07,,,,,,,4.1400,,,4.0000,,,,,,,,,,,,,,,
2023-12-08,,,,,,,4.2300,,,4.0000,,,,,,,,,,,,,,,
2023-12-09,,,,,,,,,,4.0000,,,,,,,,,,,,,,,
2023-12-10,,,,,,,,,,4.0000,,,,,,,,,,,,,,,
2023-12-11,,,,,,,4.2300,,,4.0000,,,,,,,,,,,,,,,
2023-12-12,,,,,,,4.2000,,,4.0000,,,,,,,,,,,,,,,
2023-12-13,,,,,,,4.0400,,,4.0000,,,,,,,,,,,,,,,
2023-12-14,,,,,,,3.9200,,,4.0000,,,,,,,,,,,,,,,
2023-12-15,,,,,,,3.9100,,,4.0000,,,,,,,,,,,,,,,
2023-12-16,,,,,,,,,,4.0000,,,,,,,,,,,,,,,
2023-12-17,,,,,,,,,,4.0000,,,,,,,,,,,,,,,
2023-12-18,,,,,,,3.9500,,,4.0000,,,,,,,,,,,,,,,
2023-12-19,,,,,,,3.9300,,,4.0000,,,,,,,,,,,,,,,
2023-12-20,,,,,,,3.8600,,,4.0000,,,,,,,,,,,,,,,
2023-12-21,,,,,,,3.8900,,,4.0000,,,,,,,,,,,,,,,
2023-12-22,,,,,,,3.9000,,,4.0000,,,,,,,,,,,,,,,
2023-12-23,,,,,,,,,,4.0000,,,,,,,,,,,,,,,
2023-12-24,,,,,,,,,,4.0000,,,,,,,,,,,,,,,
2023-12-25,,,,,,,,,,4.0000,,,,,,,,,,,,,,,
2023-12-26,,,,,,,3.8900,,,4.0000,,,,,,,,,,,,,,,
2023-12-27,,,,,,,3.7900,,,4.0000,,,,,,,,,,,,,,,
2023-12-28,,,,,,,3.8400,,,4.0000,,,,,,,,,,,,,,,
2023-12-29,,,,,,,3.8800,,,4.0000,,,,,,,,,,,,,,,
2023-12-30,,,,,,,,,,4.0000,,,,,,,,,,,,,,,
2023-12-31,,,,,,,,,,4.0000,,,,,,,,,,,,,,,
2024-01-01,309.6980,314.3190,122.2300,121.2170,3.7000,157032.0000,,99.2223,96.0300,4.0000,,2822404.3000,,4.2000,,582321.2000,202709.7000,5.3300,23082.1190,130.0000,126.5000,106.6427,96.1500,690605.0000,
2024-01-02,,,,,,,3.9500,,,4.0000,,,,,,,,,,,,,,,
2024-01-03,,,,,,,3.9100,,,4.0000,,,,,,,,,,,,,,,
2024-01-04,,,,,,,3.9900,,,4.0000,,,,,,,,,,,,,,,
2024-01-05,,,,,,,4.0500,,,4.0000,,,,,,,,,,,,,,,
2024-01-06,,,,,,,,,,4.0000,,,,,,,,,,,,,,,
2024-01-07,,,,,,,,,,4.0000,,,,,,,,,,,,,,,
2024-01-08,,,,,,,4.0100,,,4.0000,,,,,,,,,,,,,,,
2024-01-09,,,,,,,4.0200,,,4.0000,,,,,,,,,,,,,,,
2024-01-10,,,,,,,4.0400,,,4.0000,,,,,,,,,,,,,,,
2024-01-11,,,,,,,3.9800,,,4.0000,,,,,,,,,,,,,,,
2024-01-12,,,,,,,3.9600,,,4.0000,,,,,,,,,,,,,,,
2024-01-13,,,,,,,,,,4.0000,,,,,,,,,,,,,,,
2024-01-14,,,,,,,,,,4.0000,,,,,,,,,,,,,,,
2024-01-15,,,,,,,,,,4.0000,,,,,,,,,,,,,,,
2024-01-16,,,,,,,4.0700,,,4.0000,,,,,,,,,,,,,,,
2024-01-17,,,,,,,4.1000,,,4.0000,,,,,,,,,,,,,,,
2024-01-18,,,,,,,4.1400,,,4.0000,,,,,,,,,,,,,,,
2024-01-19,,,,,,,4.1500,,,4.0000,,,,,,,,,,,,,,,
2024-01-20,,,,,,,,,,4.0000,,,,,,,,,,,,,,,
2024-01-21,,,,,,,,,,4.0000,,,,,,,,,,,,,,,
2024-01-22,,,,,,,4.1100,,,4.0000,,,,,,,,,,,,,,,
2024-01-23,,,,,,,4.1400,,,4.0000,,,,,,,,,,,,,,,
2024-01-24,,,,,,,4.1800,,,4.0000,,,,,,,,,,,,,,,
2024-01-25,,,,,,,4.1400,,,4.0000,,,,,,,,,,,,,,,
2024-01-26,,,,,,,4.1500,,,4.0000,,,,,,,,,,,,,,,
2024-01-27,,,,,,,,,,4.0000,,,,,,,,,,,,,,,
2024-01-28,,,,,,,,,,4.0000,,,,,,,,,,,,,,,
2024-01-29,,,,,,,4.0800,,,4.0000,,,,,,,,,,,,,,,
2024-01-30,,,,,,,4.0600,,,4.0000,,,,,,,,,,,,,,,
2024-01-31,,,,,,,3.9900,,,4.0000,,,,,,,,,,,,,,,
2024-02-01,310.9670,315.5640,122.5980,121.5370,3.9000,157238.0000,3.8700,100.2850,96.6300,4.0000,,,,4.3000,,,,5.3300,,130.8000,127.3000,107.3215,96.7300,,
2024-02-02,,,,,,,4.0300,,,4.0000,,,,,,,,,,,,,,,
2024-02-03,,,,,,,,,,4.0000,,,,,,,,,,,,,,,
2024-02-04,,,,,,,,,,4.0000,,,,,,,,,,,,,,,
2024-02-05,,,,,,,4.1700,,,4.0000,,,,,,,,,,,,,,,
2024-02-06,,,,,,,4.0900,,,4.0000,,,,,,,,,,,,,,,
2024-02-07,,,,,,,4.0900,,,4.0000,,,,,,,,,,,,,,,
2024-02-08,,,,,,,4.1500,,,4.0000,,,,,,,,,,,,,,,
2024-02-09,,,,,,,4.1700,,,4.0000,,,,,,,,,,,,,,,
2024-02-10,,,,,,,,,,4.0000,,,,,,,,,,,,,,,
2024-02-11,,,,,,,,,,4.0000,,,,,,,,,,,,,,,
2024-02-12,,,,,,,4.1700,,,4.0000,,,,,,,,,,,,,,,
2024-02-13,,,,,,,4.3100,,,4.0000,,,,,,,,,,,,,,,
2024-02-14,,,,,,,4.2700,,,4.0000,,,,,,,,,,,,,,,
2024-02-15,,,,,,,4.2400,,,4.0000,,,,,,,,,,,,,,,
2024-02-16,,,,,,,4.3000,,,4.0000,,,,,,,,,,,,,,,
2024-02-17,,,,,,,,,,4.0000,,,,,,,,,,,,,,,
2024-02-18,,,,,,,,,,4.0000,,,,,,,,,,,,,,,
2024-02-19,,,,,,,,,,4.0000,,,,,,,,,,,,,,,
2024-02-20,,,,,,,4.2700,,,4.0000,,,,,,,,,,,,,,,
2024-02-21,,,,,,,4.3200,,,4.0000,,,,,,,,,,,,,,,
2024-02-22,,,,,,,4.3300,,,4.0000,,,,,,,,,,,,,,,
2024-02-23,,,,,,,4.2600,,,4.0000,,,,,,,,,,,,,,,
2024-02-24,,,,,,,,,,4.0000,,,,,,,,,,,,,,,
2024-02-25,,,,,,,,,,4.0000,,,,,,,,,,,,,,,
2024-02-26,,,,,,,4.2800,,,4.0000,,,,,,,,,,,,,,,
2024-02-27,,,,,,,4.3100,,,4.0000,,,,,,,,,,,,,,,
2024-02-28,,,,,,,4.2700,,,4.0000,,,,,,,,,,,,,,,
2024-02-29,,,,,,,4.2500,,,4.0000,,,,,,,,,,,,,,,
2024-03-01,312.3450,316.7920,123.0380,122.0090,3.9000,157466.0000,4.1900,100.4575,97.3500,4.0000,,,,4.4000,,,,5.3300,,131.6000,128.1000,107.3549,97.4700,,
2024-03-02,,,,,,,,,,4.0000,,,,,,,,,,,,,,,
2024-03-03,,,,,,,,,,4.0000,,,,,,,,,,,,,,,
2024-03-04,,,,,,,4.2200,,,4.0000,,,,,,,,,,,,,,,
2024-03-05,,,,,,,4.1300,,,4.0000,,,,,,,,,,,,,,,
2024-03-06,,,,,,,4.1100,,,4.0000,,,,,,,,,,,,,,,
2024-03-07,,,,,,,4.0900,,,4.0000,,,,,,,,,,,,,,,
2024-03-08,,,,,,,4.0900,,,4.0000,,,,,,,,,,,,,,,
2024-03-09,,,,,,,,,,4.0000,,,,,,,,,,,,,,,
2024-03-10,,,,,,,,,,4.0000,,,,,,,,,,,,,,,
2024-03-11,,,,,,,4.1000,,,4.0000,,,,,,,,,,,,,,,
2024-03-12,,,,,,,4.1600,,,4.0000,,,,,,,,,,,,,,,
2024-03-13,,,,,,,4.1900,,,4.0000,,,,,,,,,,,,,,,
2024-03-14,,,,,,,4.2900,,,4.0000,,,,,,,,,,,,,,,
2024-03-15,,,,,,,4.3100,,,4.0000,,,,,,,,,,,,,,,
2024-03-16,,,,,,,,,,4.0000,,,,,,,,,,,,,,,
2024-03-17,,,,,,,,,,4.0000,,,,,,,,,,,,,,,
2024-03-18,,,,,,,4.3400,,,4.0000,,,,,,,,,,,,,,,
2024-03-19,,,,,,,4.3000,,,4.0000,,,,,,,,,,,,,,,
2024-03-20,,,,,,,4.2700,,,4.0000,,,,,,,,,,,,,,,
2024-03-21,,,,,,,4.2700,,,4.0000,,,,,,,,,,,,,,,
2024-03-22,,,,,,,4.2200,,,4.0000,,,,,,,,,,,,,,,
2024-03-23,,,,,,,,,,4.0000,,,,,,,,,,,,,,,
2024-03-24,,,,,,,,,,4.0000,,,,,,,,,,,,,,,
2024-03-25,,,,,,,4.2500,,,4.0000,,,,,,,,,,,,,,,
2024-03-26,,,,,,,4.2400,,,4.0000,,,,,,,,,,,,,,,
2024-03-27,,,,,,,4.2000,,,4.0000,,,,,,,,,,,,,,,
2024-03-28,,,,,,,4.2000,,,4.0000,,,,,,,,,,,,,,,
2024-03-29,,,,,,,,,,4.0000,,,,,,,,,,,,,,,
2024-03-30,,,,,,,,,,4.0000,,,,,,,,,,,,,,,
2024-03-31,,,,,,,,,,4.0000,,,,,,,,,,,,,,,
2024-04-01,313.0230,317.6490,123.3410,122.3040,3.9000,157530.0000,4.3300,100.2434,97.9100,4.0000,,2827902.5000,,4.4000,,582416.5000,205061.5000,5.3300,23286.5080,132.2000,129.3000,107.6943,98.0300,694810.0000,
2024-04-02,,,,,,,4.3600,,,4.0000,,,,,,,,,,,,,,,
2024-04-03,,,,,,,4.3600,,,4.0000,,,,,,,,,,,,,,,
2024-04-04,,,,,,,4.3100,,,4.0000,,,,,,,,,,,,,,,
2024-04-05,,,,,,,4.3900,,,4.0000,,,,,,,,,,,,,,,
2024-04-06,,,,,,,,,,4.0000,,,,,,,,,,,,,,,
2024-04-07,,,,,,,,,,4.0000,,,,,,,,,,,,,,,
2024-04-08,,,,,,,4.4200,,,4.0000,,,,,,,,,,,,,,,
2024-04-09,,,,,,,4.3600,,,4.0000,,,,,,,,,,,,,,,
2024-04-10,,,,,,,4.5500,,,4.0000,,,,,,,,,,,,,,,
2024-04-11,,,,,,,4.5600,,,4.0000,,,,,,,,,,,,,,,
2024-04-12,,,,,,,4.5000,,,4.0000,,,,,,,,,,,,,,,
2024-04-13,,,,,,,,,,4.0000,,,,,,,,,,,,,,,
2024-04-14,,,,,,,,,,4.0000,,,,,,,,,,,,,,,
2024-04-15,,,,,,,4.6300,,,4.0000,,,,,,,,,,,,,,,
2024-04-16,,,,,,,4.6700,,,4.0000,,,,,,,,,,,,,,,
2024-04-17,,,,,,,4.5900,,,4.0000,,,,,,,,,,,,,,,
2024-04-18,,,,,,,4.6400,,,4.0000,,,,,,,,,,,,,,,
2024-04-19,,,,,,,4.6200,,,4.0000,,,,,,,,,,,,,,,
2024-04-20,,,,,,,,,,4.0000,,,,,,,,,,,,,,,
2024-04-21,,,,,,,,,,4.0000,,,,,,,,,,,,,,,
2024-04-22,,,,,,,4.6200,,,4.0000,,,,,,,,,,,,,,,
2024-04-23,,,,,,,4.6100,,,4.0000,,,,,,,,,,,,,,,
2024-04-24,,,,,,,4.6500,,,4.0000,,,,,,,,,,,,,,,
2024-04-25,,,,,,,4.7000,,,4.0000,,,,,,,,,,,,,,,
2024-04-26,,,,,,,4.6700,,,4.0000,,,,,,,,,,,,,,,
2024-04-27,,,,,,,,,,4.0000,,,,,,,,,,,,,,,
2024-04-28,,,,,,,,,,4.0000,,,,,,,,,,,,,,,
2024-04-29,,,,,,,4.6300,,,4.0000,,,,,,,,,,,,,,,
2024-04-30,,,,,,,4.6900,,,4.0000,,,,,,,,,,,,,,,
2024-05-01,313.1750,318.0950,123.3480,122.3830,3.9000,157608.0000,4.6300,100.8630,98.1300,4.0000,,,,4.2000,,,,5.3300,,132.7000,129.9000,107.9883,98.2400,,
2024-05-02,,,,,,,4.5800,,,4.0000,,,,,,,,,,,,,,,
2024-05-03,,,,,,,4.5000,,,4.0000,,,,,,,,,,,,,,,
2024-05-04,,,,,,,,,,4.0000,,,,,,,,,,,,,,,
2024-05-05,,,,,,,,,,4.0000,,,,,,,,,,,,,,,
2024-05-06,,,,,,,4.4900,,,4.0000,,,,,,,,,,,,,,,
2024-05-07,,,,,,,4.4700,,,4.0000,,,,,,,,,,,,,,,
2024-05-08,,,,,,,4.4800,,,4.0000,,,,,,,,,,,,,,,
2024-05-09,,,,,,,4.4500,,,4.0000,,,,,,,,,,,,,,,
2024-05-10,,,,,,,4.5000,,,4.0000,,,,,,,,,,,,,,,
2024-05-11,,,,,,,,,,4.0000,,,,,,,,,,,,,,,
2024-05-12,,,,,,,,,,4.0000,,,,,,,,,,,,,,,
2024-05-13,,,,,,,4.4800,,,4.0000,,,,,,,,,,,,,,,
2024-05-14,,,,,,,4.4500,,,4.0000,,,,,,,,,,,,,,,
2024-05-15,,,,,,,4.3600,,,4.0000,,,,,,,,,,,,,,,
2024-05-16,,,,,,,4.3800,,,4.0000,,,,,,,,,,,,,,,
2024-05-17,,,,,,,4.4200,,,4.0000,,,,,,,,,,,,,,,
2024-05-18,,,,,,,,,,4.0000,,,,,,,,,,,,,,,
2024-05-19,,,,,,,,,,4.0000,,,,,,,,,,,,,,,
2024-05-20,,,,,,,4.4400,,,4.0000,,,,,,,,,,,,,,,
2024-05-21,,,,,,,4.4100,,,4.0000,,,,,,,,,,,,,,,
2024-05-22,,,,,,,4.4300,,,4.0000,,,,,,,,,,,,,,,
2024-05-23,,,,,,,4.4700,,,4.0000,,,,,,,,,,,,,,,
2024-05-24,,,,,,,4.4600,,,4.0000,,,,,,,,,,,,,,,
2024-05-25,,,,,,,,,,4.0000,,,,,,,,,,,,,,,
2024-05-26,,,,,,,,,,4.0000,,,,,,,,,,,,,,,
2024-05-27,,,,,,,,,,4.0000,,,,,,,,,,,,,,,
2024-05-28,,,,,,,4.5400,,,4.0000,,,,,,,,,,,,,,,
2024-05-29,,,,,,,4.6100,,,4.0000,,,,,,,,,,,,,,,
2024-05-30,,,,,,,4.5500,,,4.0000,,,,,,,,,,,,,,,
2024-05-31,,,,,,,4.5100,,,4.0000,,,,,,,,,,,,,,,
2024-06-01,313.0440,318.3900,123.5390,122.6770,4.1000,157695.0000,,100.8940,98.3300,4.0000,,,,4.2000,,,,5.3300,,133.0000,130.3000,107.9909,98.4200,,
2024-06-02,,,,,,,,,,4.0000,,,,,,,,,,,,,,,
2024-06-03,,,,,,,4.4100,,,4.0000,,,,,,,,,,,,,,,
2024-06-04,,,,,,,4.3300,,,4.0000,,,,,,,,,,,,,,,
2024-06-05,,,,,,,4.2900,,,4.0000,,,,,,,,,,,,,,,
2024-06-06,,,,,,,4.2800,,,4.0000,,,,,,,,,,,,,,,
2024-06-07,,,,,,,4.4300,,,4.0000,,,,,,,,,,,,,,,
2024-06-08,,,,,,,,,,4.0000,,,,,,,,,,,,,,,
2024-06-09,,,,,,,,,,4.0000,,,,,,,,,,,,,,,
2024-06-10,,,,,,,4.4700,,,4.0000,,,,,,,,,,,,,,,
2024-06-11,,,,,,,4.3900,,,4.0000,,,,,,,,,,,,,,,
2024-06-12,,,,,,,4.3100,,,3.7500,,,,,,,,,,,,,,,
2024-06-13,,,,,,,4.2400,,,3.7500,,,,,,,,,,,,,,,
2024-06-14,,,,,,,4.2000,,,3.7500,,,,,,,,,,,,,,,
2024-06-15,,,,,,,,,,3.7500,,,,,,,,,,,,,,,
2024-06-16,,,,,,,,,,3.7500,,,,,,,,,,,,,,,
2024-06-17,,,,,,,4.2800,,,3.7500,,,,,,,,,,,,,,,
2024-06-18,,,,,,,4.2200,,,3.7500,,,,,,,,,,,,,,,
2024-06-19,,,,,,,,,,3.7500,,,,,,,,,,,,,,,
2024-06-20,,,,,,,4.2500,,,3.7500,,,,,,,,,,,,,,,
2024-06-21,,,,,,,4.2500,,,3.7500,,,,,,,,,,,,,,,
2024-06-22,,,,,,,,,,3.7500,,,,,,,,,,,,,,,
2024-06-23,,,,,,,,,,3.7500,,,,,,,,,,,,,,,
2024-06-24,,,,,,,4.2500,,,3.7500,,,,,,,,,,,,,,,
2024-06-25,,,,,,,4.2300,,,3.7500,,,,,,,,,,,,,,,
2024-06-26,,,,,,,4.3200,,,3.7500,,,,,,,,,,,,,,,
2024-06-27,,,,,,,4.2900,,,3.7500,,,,,,,,,,,,,,,
2024-06-28,,,,,,,4.3600,,,3.7500,,,,,,,,,,,,,,,
2024-06-29,,,,,,,,,,3.7500,,,,,,,,,,,,,,,
2024-06-30,,,,,,,,,,3.7500,,,,,,,,,,,,,,,
2024-07-01,313.5690,318.9400,123.7360,122.9110,4.2000,157748.0000,4.4800,99.9757,98.3000,3.7500,,2840341.3000,,4.1000,,586284.2000,205888.4000,5.3300,23478.5700,132.9000,130.6000,107.7979,98.3600,696183.0000,
2024-07-02,,,,,,,4.4300,,,3.7500,,,,,,,,,,,,,,,
2024-07-03,,,,,,,4.3600,,,3.7500,,,,,,,,,,,,,,,
2024-07-04,,,,,,,,,,3.7500,,,,,,,,,,,,,,,
2024-07-05,,,,,,,4.2800,,,3.7500,,,,,,,,,,,,,,,
2024-07-06,,,,,,,,,,3.7500,,,,,,,,,,,,,,,
2024-07-07,,,,,,,,,,3.7500,,,,,,,,,,,,,,,
2024-07-08,,,,,,,4.2800,,,3.7500,,,,,,,,,,,,,,,
2024-07-09,,,,,,,4.3000,,,3.7500,,,,,,,,,,,,,,,
2024-07-10,,,,,,,4.2800,,,3.7500,,,,,,,,,,,,,,,
2024-07-11,,,,,,,4.2000,,,3.7500,,,,,,,,,,,,,,,
2024-07-12,,,,,,,4.1800,,,3.7500,,,,,,,,,,,,,,,
2024-07-13,,,,,,,,,,3.7500,,,,,,,,,,,,,,,
2024-07-14,,,,,,,,,,3.7500,,,,,,,,,,,,,,,
2024-07-15,,,,,,,4.2300,,,3.7500,,,,,,,,,,,,,,,
2024-07-16,,,,,,,4.1700,,,3.7500,,,,,,,,,,,,,,,
2024-07-17,,,,,,,4.1600,,,3.7500,,,,,,,,,,,,,,,
2024-07-18,,,,,,,4.2000,,,3.7500,,,,,,,,,,,,,,,
2024-07-19,,,,,,,4.2500,,,3.7500,,,,,,,,,,,,,,,
2024-07-20,,,,,,,,,,3.7500,,,,,,,,,,,,,,,
2024-07-21,,,,,,,,,,3.7500,,,,,,,,,,,,,,,
2024-07-22,,,,,,,4.2600,,,3.7500,,,,,,,,,,,,,,,
2024-07-23,,,,,,,4.2500,,,3.7500,,,,,,,,,,,,,,,
2024-07-24,,,,,,,4.2800,,,3.7500,,,,,,,,,,,,,,,
2024-07-25,,,,,,,4.2700,,,3.7500,,,,,,,,,,,,,,,
2024-07-26,,,,,,,4.2000,,,3.7500,,,,,,,,,,,,,,,
2024-07-27,,,,,,,,,,3.7500,,,,,,,,,,,,,,,
2024-07-28,,,,,,,,,,3.7500,,,,,,,,,,,,,,,
2024-07-29,,,,,,,4.1700,,,3.7500,,,,,,,,,,,,,,,
2024-07-30,,,,,,,4.1500,,,3.7500,,,,,,,,,,,,,,,
2024-07-31,,,,,,,4.0900,,,3.7500,,,,,,,,,,,,,,,
2024-08-01,314.0620,319.7500,123.8890,123.1280,4.2000,157757.0000,3.9900,100.4309,98.4300,3.7500,,,,4.3000,,,,5.3300,,133.4000,131.2000,107.7825,98.4900,,
2024-08-02,,,,,,,3.8000,,,3.7500,,,,,,,,,,,,,,,
2024-08-03,,,,,,,,,,3.7500,,,,,,,,,,,,,,,
2024-08-04,,,,,,,,,,3.7500,,,,,,,,,,,,,,,
2024-08-05,,,,,,,3.7800,,,3.7500,,,,,,,,,,,,,,,
2024-08-06,,,,,,,3.9000,,,3.7500,,,,,,,,,,,,,,,
2024-08-07,,,,,,,3.9600,,,3.7500,,,,,,,,,,,,,,,
2024-08-08,,,,,,,3.9900,,,3.7500,,,,,,,,,,,,,,,
2024-08-09,,,,,,,3.9400,,,3.7500,,,,,,,,,,,,,,,
2024-08-10,,,,,,,,,,3.7500,,,,,,,,,,,,,,,
2024-08-11,,,,,,,,,,3.7500,,,,,,,,,,,,,,,
2024-08-12,,,,,,,3.9000,,,3.7500,,,,,,,,,,,,,,,
2024-08-13,,,,,,,3.8500,,,3.7500,,,,,,,,,,,,,,,
2024-08-14,,,,,,,3.8300,,,3.7500,,,,,,,,,,,,,,,
2024-08-15,,,,,,,3.9200,,,3.7500,,,,,,,,,,,,,,,
2024-08-16,,,,,,,3.8900,,,3.7500,,,,,,,,,,,,,,,
2024-08-17,,,,,,,,,,3.7500,,,,,,,,,,,,,,,
2024-08-18,,,,,,,,,,3.7500,,,,,,,,,,,,,,,
2024-08-19,,,,,,,3.8600,,,3.7500,,,,,,,,,,,,,,,
2024-08-20,,,,,,,3.8200,,,3.7500,,,,,,,,,,,,,,,
2024-08-21,,,,,,,3.7900,,,3.7500,,,,,,,,,,,,,,,
2024-08-22,,,,,,,3.8600,,,3.7500,,,,,,,,,,,,,,,
2024-08-23,,,,,,,3.8100,,,3.7500,,,,,,,,,,,,,,,
2024-08-24,,,,,,,,,,3.7500,,,,,,,,,,,,,,,
2024-08-25,,,,,,,,,,3.7500,,,,,,,,,,,,,,,
2024-08-26,,,,,,,3.8200,,,3.7500,,,,,,,,,,,,,,,
2024-08-27,,,,,,,3.8300,,,3.7500,,,,,,,,,,,,,,,
2024-08-28,,,,,,,3.8400,,,3.7500,,,,,,,,,,,,,,,
2024-08-29,,,,,,,3.8700,,,3.7500,,,,,,,,,,,,,,,
2024-08-30,,,,,,,3.9100,,,3.7500,,,,,,,,,,,,,,,
2024-08-31,,,,,,,,,,3.7500,,,,,,,,,,,,,,,
2024-09-01,314.7320,320.7320,124.1640,123.4660,4.1000,157912.0000,,99.8084,98.3400,3.7500,,,,4.3000,,,,5.1300,,133.5000,131.4000,107.4679,98.3900,,
2024-09-02,,,,,,,,,,3.7500,,,,,,,,,,,,,,,
2024-09-03,,,,,,,3.8400,,,3.7500,,,,,,,,,,,,,,,
2024-09-04,,,,,,,3.7700,,,3.7500,,,,,,,,,,,,,,,
2024-09-05,,,,,,,3.7300,,,3.7500,,,,,,,,,,,,,,,
2024-09-06,,,,,,,3.7200,,,3.7500,,,,,,,,,,,,,,,
2024-09-07,,,,,,,,,,3.7500,,,,,,,,,,,,,,,
2024-09-08,,,,,,,,,,3.7500,,,,,,,,,,,,,,,
2024-09-09,,,,,,,3.7000,,,3.7500,,,,,,,,,,,,,,,
2024-09-10,,,,,,,3.6500,,,3.7500,,,,,,,,,,,,,,,
2024-09-11,,,,,,,3.6500,,,3.7500,,,,,,,,,,,,,,,
2024-09-12,,,,,,,3.6800,,,3.7500,,,,,,,,,,,,,,,
2024-09-13,,,,,,,3.6600,,,3.7500,,,,,,,,,,,,,,,
2024-09-14,,,,,,,,,,3.7500,,,,,,,,,,,,,,,
2024-09-15,,,,,,,,,,3.7500,,,,,,,,,,,,,,,
2024-09-16,,,,,,,3.6300,,,3.7500,,,,,,,,,,,,,,,
2024-09-17,,,,,,,3.6500,,,3.7500,,,,,,,,,,,,,,,
2024-09-18,,,,,,,3.7000,,,3.5000,,,,,,,,,,,,,,,
2024-09-19,,,,,,,3.7300,,,3.5000,,,,,,,,,,,,,,,
2024-09-20,,,,,,,3.7300,,,3.5000,,,,,,,,,,,,,,,
2024-09-21,,,,,,,,,,3.5000,,,,,,,,,,,,,,,
2024-09-22,,,,,,,,,,3.5000,,,,,,,,,,,,,,,
2024-09-23,,,,,,,3.7500,,,3.5000,,,,,,,,,,,,,,,
2024-09-24,,,,,,,3.7400,,,3.5000,,,,,,,,,,,,,,,
2024-09-25,,,,,,,3.7900,,,3.5000,,,,,,,,,,,,,,,
2024-09-26,,,,,,,3.7900,,,3.5000,,,,,,,,,,,,,,,
2024-09-27,,,,,,,3.7500,,,3.5000,,,,,,,,,,,,,,,
2024-09-28,,,,,,,,,,3.5000,,,,,,,,,,,,,,,
2024-09-29,,,,,,,,,,3.5000,,,,,,,,,,,,,,,
2024-09-30,,,,,,,3.8100,,,3.5000,,,,,,,,,,,,,,,
2024-10-01,315.6310,321.7310,124.4940,123.8320,4.1000,157945.0000,3.7400,99.4695,98.6800,3.5000,,2851202.6000,,4.4000,,588523.7000,206190.9000,4.8300,23586.5420,134.3000,132.0000,107.3318,98.7200,699177.0000,
2024-10-02,,,,,,,3.7900,,,3.5000,,,,,,,,,,,,,,,
2024-10-03,,,,,,,3.8500,,,3.5000,,,,,,,,,,,,,,,
2024-10-04,,,,,,,3.9800,,,3.5000,,,,,,,,,,,,,,,
2024-10-05,,,,,,,,,,3.5000,,,,,,,,,,,,,,,
2024-10-06,,,,,,,,,,3.5000,,,,,,,,,,,,,,,
2024-10-07,,,,,,,4.0300,,,3.5000,,,,,,,,,,,,,,,
2024-10-08,,,,,,,4.0400,,,3.5000,,,,,,,,,,,,,,,
2024-10-09,,,,,,,4.0600,,,3.5000,,,,,,,,,,,,,,,
2024-10-10,,,,,,,4.0900,,,3.5000,,,,,,,,,,,,,,,
2024-10-11,,,,,,,4.0800,,,3.5000,,,,,,,,,,,,,,,
2024-10-12,,,,,,,,,,3.5000,,,,,,,,,,,,,,,
2024-10-13,,,,,,,,,,3.5000,,,,,,,,,,,,,,,
2024-10-14,,,,,,,,,,3.5000,,,,,,,,,,,,,,,
2024-10-15,,,,,,,4.0300,,,3.5000,,,,,,,,,,,,,,,
2024-10-16,,,,,,,4.0200,,,3.5000,,,,,,,,,,,,,,,
2024-10-17,,,,,,,4.0900,,,3.5000,,,,,,,,,,,,,,,
2024-10-18,,,,,,,4.0800,,,3.5000,,,,,,,,,,,,,,,
2024-10-19,,,,,,,,,,3.5000,,,,,,,,,,,,,,,
2024-10-20,,,,,,,,,,3.5000,,,,,,,,,,,,,,,
2024-10-21,,,,,,,4.1900,,,3.5000,,,,,,,,,,,,,,,
2024-10-22,,,,,,,4.2000,,,3.5000,,,,,,,,,,,,,,,
2024-10-23,,,,,,,4.2400,,,3.2500,,,,,,,,,,,,,,,
2024-10-24,,,,,,,4.2100,,,3.2500,,,,,,,,,,,,,,,
2024-10-25,,,,,,,4.2500,,,3.2500,,,,,,,,,,,,,,,
2024-10-26,,,,,,,,,,3.2500,,,,,,,,,,,,,,,
2024-10-27,,,,,,,,,,3.2500,,,,,,,,,,,,,,,
2024-10-28,,,,,,,4.2800,,,3.2500,,,,,,,,,,,,,,,
2024-10-29,,,,,,,4.2800,,,3.2500,,,,,,,,,,,,,,,
2024-10-30,,,,,,,4.2900,,,3.2500,,,,,,,,,,,,,,,
2024-10-31,,,,,,,4.2800,,,3.2500,,,,,,,,,,,,,,,
2024-11-01,316.5280,322.6570,124.6370,123.9620,4.2000,158079.0000,4.3700,99.2925,98.3600,3.2500,,,,4.4000,,,,4.6400,,134.6000,132.2000,107.1870,98.3900,,
2024-11-02,,,,,,,,,,3.2500,,,,,,,,,,,,,,,
2024-11-03,,,,,,,,,,3.2500,,,,,,,,,,,,,,,
2024-11-04,,,,,,,4.3100,,,3.2500,,,,,,,,,,,,,,,
2024-11-05,,,,,,,4.2600,,,3.2500,,,,,,,,,,,,,,,
2024-11-06,,,,,,,4.4200,,,3.2500,,,,,,,,,,,,,,,
2024-11-07,,,,,,,4.3100,,,3.2500,,,,,,,,,,,,,,,
2024-11-08,,,,,,,4.3000,,,3.2500,,,,,,,,,,,,,,,
2024-11-09,,,,,,,,,,3.2500,,,,,,,,,,,,,,,
2024-11-10,,,,,,,,,,3.2500,,,,,,,,,,,,,,,
2024-11-11,,,,,,,,,,3.2500,,,,,,,,,,,,,,,
2024-11-12,,,,,,,4.4300,,,3.2500,,,,,,,,,,,,,,,
2024-11-13,,,,,,,4.4400,,,3.2500,,,,,,,,,,,,,,,
2024-11-14,,,,,,,4.4300,,,3.2500,,,,,,,,,,,,,,,
2024-11-15,,,,,,,4.4300,,,3.2500,,,,,,,,,,,,,,,
2024-11-16,,,,,,,,,,3.2500,,,,,,,,,,,,,,,
2024-11-17,,,,,,,,,,3.2500,,,,,,,,,,,,,,,
2024-11-18,,,,,,,4.4200,,,3.2500,,,,,,,,,,,,,,,
2024-11-19,,,,,,,4.3900,,,3.2500,,,,,,,,,,,,,,,
2024-11-20,,,,,,,4.4100,,,3.2500,,,,,,,,,,,,,,,
2024-11-21,,,,,,,4.4300,,,3.2500,,,,,,,,,,,,,,,
2024-11-22,,,,,,,4.4100,,,3.2500,,,,,,,,,,,,,,,
2024-11-23,,,,,,,,,,3.2500,,,,,,,,,,,,,,,
2024-11-24,,,,,,,,,,3.2500,,,,,,,,,,,,,,,
2024-11-25,,,,,,,4.2700,,,3.2500,,,,,,,,,,,,,,,
2024-11-26,,,,,,,4.3000,,,3.2500,,,,,,,,,,,,,,,
2024-11-27,,,,,,,4.2500,,,3.2500,,,,,,,,,,,,,,,
2024-11-28,,,,,,,,,,3.2500,,,,,,,,,,,,,,,
2024-11-29,,,,,,,4.1800,,,3.2500,,,,,,,,,,,,,,,
2024-11-30,,,,,,,,,,3.2500,,,,,,,,,,,,,,,
2024-12-01,317.6040,323.2590,124.9790,124.1960,4.1000,158316.0000,,100.3273,98.7100,3.2500,,,,4.4000,,,,4.4800,,135.1000,132.7000,107.1281,98.7400,,
2024-12-02,,,,,,,4.1900,,,3.2500,,,,,,,,,,,,,,,
2024-12-03,,,,,,,4.2300,,,3.2500,,,,,,,,,,,,,,,
2024-12-04,,,,,,,4.1900,,,3.2500,,,,,,,,,,,,,,,
2024-12-05,,,,,,,4.1700,,,3.2500,,,,,,,,,,,,,,,
2024-12-06,,,,,,,4.1500,,,3.2500,,,,,,,,,,,,,,,
2024-12-07,,,,,,,,,,3.2500,,,,,,,,,,,,,,,
2024-12-08,,,,,,,,,,3.2500,,,,,,,,,,,,,,,
2024-12-09,,,,,,,4.2000,,,3.2500,,,,,,,,,,,,,,,
2024-12-10,,,,,,,4.2200,,,3.2500,,,,,,,,,,,,,,,
2024-12-11,,,,,,,4.2600,,,3.2500,,,,,,,,,,,,,,,
2024-12-12,,,,,,,4.3200,,,3.2500,,,,,,,,,,,,,,,
2024-12-13,,,,,,,4.4000,,,3.2500,,,,,,,,,,,,,,,
2024-12-14,,,,,,,,,,3.2500,,,,,,,,,,,,,,,
2024-12-15,,,,,,,,,,3.2500,,,,,,,,,,,,,,,
2024-12-16,,,,,,,4.3900,,,3.2500,,,,,,,,,,,,,,,
2024-12-17,,,,,,,4.4000,,,3.2500,,,,,,,,,,,,,,,
2024-12-18,,,,,,,4.5000,,,3.0000,,,,,,,,,,,,,,,
2024-12-19,,,,,,,4.5700,,,3.0000,,,,,,,,,,,,,,,
2024-12-20,,,,,,,4.5200,,,3.0000,,,,,,,,,,,,,,,
2024-12-21,,,,,,,,,,3.0000,,,,,,,,,,,,,,,
2024-12-22,,,,,,,,,,3.0000,,,,,,,,,,,,,,,
2024-12-23,,,,,,,4.5900,,,3.0000,,,,,,,,,,,,,,,
2024-12-24,,,,,,,4.5900,,,3.0000,,,,,,,,,,,,,,,
2024-12-25,,,,,,,,,,3.0000,,,,,,,,,,,,,,,
2024-12-26,,,,,,,4.5800,,,3.0000,,,,,,,,,,,,,,,
2024-12-27,,,,,,,4.6200,,,3.0000,,,,,,,,,,,,,,,
2024-12-28,,,,,,,,,,3.0000,,,,,,,,,,,,,,,
2024-12-29,,,,,,,,,,3.0000,,,,,,,,,,,,,,,
2024-12-30,,,,,,,4.5500,,,3.0000,,,,,,,,,,,,,,,
2024-12-31,,,,,,,4.5800,,,3.0000,,,,,,,,,,,,,,,
2025-01-01,318.9610,324.6380,125.4170,124.5870,4.0000,158268.0000,,100.0647,98.4300,3.0000,,2868130.8000,,4.4000,,591103.8000,207789.5000,4.3300,23548.2100,135.1000,132.3000,107.0709,98.4300,703218.0000,
2025-01-02,,,,,,,4.5700,,,3.0000,,,,,,,,,,,,,,,
2025-01-03,,,,,,,4.6000,,,3.0000,,,,,,,,,,,,,,,
2025-01-04,,,,,,,,,,3.0000,,,,,,,,,,,,,,,
2025-01-05,,,,,,,,,,3.0000,,,,,,,,,,,,,,,
2025-01-06,,,,,,,4.6200,,,3.0000,,,,,,,,,,,,,,,
2025-01-07,,,,,,,4.6700,,,3.0000,,,,,,,,,,,,,,,
2025-01-08,,,,,,,4.6700,,,3.0000,,,,,,,,,,,,,,,
2025-01-09,,,,,,,4.6800,,,3.0000,,,,,,,,,,,,,,,
2025-01-10,,,,,,,4.7700,,,3.0000,,,,,,,,,,,,,,,
2025-01-11,,,,,,,,,,3.0000,,,,,,,,,,,,,,,
2025-01-12,,,,,,,,,,3.0000,,,,,,,,,,,,,,,
2025-01-13,,,,,,,4.7900,,,3.0000,,,,,,,,,,,,,,,
2025-01-14,,,,,,,4.7800,,,3.0000,,,,,,,,,,,,,,,
2025-01-15,,,,,,,4.6600,,,3.0000,,,,,,,,,,,,,,,
2025-01-16,,,,,,,4.6100,,,3.0000,,,,,,,,,,,,,,,
2025-01-17,,,,,,,4.6100,,,3.0000,,,,,,,,,,,,,,,
2025-01-18,,,,,,,,,,3.0000,,,,,,,,,,,,,,,
2025-01-19,,,,,,,,,,3.0000,,,,,,,,,,,,,,,
2025-01-20,,,,,,,,,,3.0000,,,,,,,,,,,,,,,
2025-01-21,,,,,,,4.5700,,,3.0000,,,,,,,,,,,,,,,
2025-01-22,,,,,,,4.6000,,,3.0000,,,,,,,,,,,,,,,
2025-01-23,,,,,,,4.6500,,,3.0000,,,,,,,,,,,,,,,
2025-01-24,,,,,,,4.6300,,,3.0000,,,,,,,,,,,,,,,
2025-01-25,,,,,,,,,,3.0000,,,,,,,,,,,,,,,
2025-01-26,,,,,,,,,,3.0000,,,,,,,,,,,,,,,
2025-01-27,,,,,,,4.5300,,,3.0000,,,,,,,,,,,,,,,
2025-01-28,,,,,,,4.5500,,,3.0000,,,,,,,,,,,,,,,
2025-01-29,,,,,,,4.5500,,,3.0000,,,,,,,,,,,,,,,
2025-01-30,,,,,,,4.5200,,,3.0000,,,,,,,,,,,,,,,
2025-01-31,,,,,,,4.5800,,,3.0000,,,,,,,,,,,,,,,
2025-02-01,319.6790,325.4650,125.9210,125.1450,4.2000,158310.0000,,101.0993,98.8500,3.0000,,,,4.5000,,,,4.3300,,135.6000,132.9000,107.6701,98.8600,,
2025-02-02,,,,,,,,,,3.0000,,,,,,,,,,,,,,,
2025-02-03,,,,,,,4.5400,,,3.0000,,,,,,,,,,,,,,,
2025-02-04,,,,,,,4.5200,,,3.0000,,,,,,,,,,,,,,,
2025-02-05,,,,,,,4.4300,,,2.7500,,,,,,,,,,,,,,,
2025-02-06,,,,,,,4.4500,,,2.7500,,,,,,,,,,,,,,,
2025-02-07,,,,,,,4.4900,,,2.7500,,,,,,,,,,,,,,,
2025-02-08,,,,,,,,,,2.7500,,,,,,,,,,,,,,,
2025-02-09,,,,,,,,,,2.7500,,,,,,,,,,,,,,,
2025-02-10,,,,,,,4.5100,,,2.7500,,,,,,,,,,,,,,,
2025-02-11,,,,,,,4.5400,,,2.7500,,,,,,,,,,,,,,,
2025-02-12,,,,,,,4.6200,,,2.7500,,,,,,,,,,,,,,,
2025-02-13,,,,,,,4.5200,,,2.7500,,,,,,,,,,,,,,,
2025-02-14,,,,,,,4.4700,,,2.7500,,,,,,,,,,,,,,,
2025-02-15,,,,,,,,,,2.7500,,,,,,,,,,,,,,,
2025-02-16,,,,,,,,,,2.7500,,,,,,,,,,,,,,,
2025-02-17,,,,,,,,,,2.7500,,,,,,,,,,,,,,,
2025-02-18,,,,,,,4.5500,,,2.7500,,,,,,,,,,,,,,,
2025-02-19,,,,,,,4.5300,,,2.7500,,,,,,,,,,,,,,,
2025-02-20,,,,,,,4.5000,,,2.7500,,,,,,,,,,,,,,,
2025-02-21,,,,,,,4.4200,,,2.7500,,,,,,,,,,,,,,,
2025-02-22,,,,,,,,,,2.7500,,,,,,,,,,,,,,,
2025-02-23,,,,,,,,,,2.7500,,,,,,,,,,,,,,,
2025-02-24,,,,,,,4.4000,,,2.7500,,,,,,,,,,,,,,,
2025-02-25,,,,,,,4.3000,,,2.7500,,,,,,,,,,,,,,,
2025-02-26,,,,,,,4.2500,,,2.7500,,,,,,,,,,,,,,,
2025-02-27,,,,,,,4.2900,,,2.7500,,,,,,,,,,,,,,,
2025-02-28,,,,,,,4.2400,,,2.7500,,,,,,,,,,,,,,,
2025-03-01,319.7850,325.6900,125.9410,125.2670,4.2000,158377.0000,,101.0404,99.4600,2.7500,,,,4.6000,,,,4.3300,,136.1000,133.5000,107.7224,99.4700,,
2025-03-02,,,,,,,,,,2.7500,,,,,,,,,,,,,,,
2025-03-03,,,,,,,4.1600,,,2.7500,,,,,,,,,,,,,,,
2025-03-04,,,,,,,4.2200,,,2.7500,,,,,,,,,,,,,,,
2025-03-05,,,,,,,4.2800,,,2.7500,,,,,,,,,,,,,,,
2025-03-06,,,,,,,4.2900,,,2.7500,,,,,,,,,,,,,,,
2025-03-07,,,,,,,4.3200,,,2.7500,,,,,,,,,,,,,,,
2025-03-08,,,,,,,,,,2.7500,,,,,,,,,,,,,,,
2025-03-09,,,,,,,,,,2.7500,,,,,,,,,,,,,,,
2025-03-10,,,,,,,4.2200,,,2.7500,,,,,,,,,,,,,,,
2025-03-11,,,,,,,4.2800,,,2.7500,,,,,,,,,,,,,,,
2025-03-12,,,,,,,4.3200,,,2.5000,,,,,,,,,,,,,,,
2025-03-13,,,,,,,4.2700,,,2.5000,,,,,,,,,,,,,,,
2025-03-14,,,,,,,4.3100,,,2.5000,,,,,,,,,,,,,,,
2025-03-15,,,,,,,,,,2.5000,,,,,,,,,,,,,,,
2025-03-16,,,,,,,,,,2.5000,,,,,,,,,,,,,,,
2025-03-17,,,,,,,4.3100,,,2.5000,,,,,,,,,,,,,,,
2025-03-18,,,,,,,4.2900,,,2.5000,,,,,,,,,,,,,,,
2025-03-19,,,,,,,4.2500,,,2.5000,,,,,,,,,,,,,,,
2025-03-20,,,,,,,4.2400,,,2.5000,,,,,,,,,,,,,,,
2025-03-21,,,,,,,4.2500,,,2.5000,,,,,,,,,,,,,,,
2025-03-22,,,,,,,,,,2.5000,,,,,,,,,,,,,,,
2025-03-23,,,,,,,,,,2.5000,,,,,,,,,,,,,,,
2025-03-24,,,,,,,4.3400,,,2.5000,,,,,,,,,,,,,,,
2025-03-25,,,,,,,4.3100,,,2.5000,,,,,,,,,,,,,,,
2025-03-26,,,,,,,4.3500,,,2.5000,,,,,,,,,,,,,,,
2025-03-27,,,,,,,4.3800,,,2.5000,,,,,,,,,,,,,,,
2025-03-28,,,,,,,4.2700,,,2.5000,,,,,,,,,,,,,,,
2025-03-29,,,,,,,,,,2.5000,,,,,,,,,,,,,,,
2025-03-30,,,,,,,,,,2.5000,,,,,,,,,,,,,,,
2025-03-31,,,,,,,4.2300,,,2.5000,,,,,,,,,,,,,,,
2025-04-01,320.3020,326.4670,126.1500,125.5020,4.2000,158485.0000,4.1700,101.1279,100.0200,2.5000,,2872132.8000,,4.7000,,593119.6000,207861.8000,4.3300,23770.9760,,,107.7312,100.0400,704206.0000,
2025-04-02,,,,,,,4.2000,,,2.5000,,,,,,,,,,,,,,,
2025-04-03,,,,,,,4.0600,,,2.5000,,,,,,,,,,,,,,,
2025-04-04,,,,,,,4.0100,,,2.5000,,,,,,,,,,,,,,,
2025-04-05,,,,,,,,,,2.5000,,,,,,,,,,,,,,,
2025-04-06,,,,,,,,,,2.5000,,,,,,,,,,,,,,,
2025-04-07,,,,,,,4.1500,,,2.5000,,,,,,,,,,,,,,,
2025-04-08,,,,,,,4.2600,,,2.5000,,,,,,,,,,,,,,,
2025-04-09,,,,,,,4.3400,,,2.5000,,,,,,,,,,,,,,,
2025-04-10,,,,,,,4.4000,,,2.5000,,,,,,,,,,,,,,,
2025-04-11,,,,,,,4.4800,,,2.5000,,,,,,,,,,,,,,,
2025-04-12,,,,,,,,,,2.5000,,,,,,,,,,,,,,,
2025-04-13,,,,,,,,,,2.5000,,,,,,,,,,,,,,,
2025-04-14,,,,,,,4.3800,,,2.5000,,,,,,,,,,,,,,,
2025-04-15,,,,,,,4.3500,,,2.5000,,,,,,,,,,,,,,,
2025-04-16,,,,,,,4.2900,,,2.5000,,,,,,,,,,,,,,,
2025-04-17,,,,,,,4.3400,,,2.5000,,,,,,,,,,,,,,,
2025-04-18,,,,,,,,,,2.5000,,,,,,,,,,,,,,,
2025-04-19,,,,,,,,,,2.5000,,,,,,,,,,,,,,,
2025-04-20,,,,,,,,,,2.5000,,,,,,,,,,,,,,,
2025-04-21,,,,,,,4.4200,,,2.5000,,,,,,,,,,,,,,,
2025-04-22,,,,,,,4.4100,,,2.5000,,,,,,,,,,,,,,,
2025-04-23,,,,,,,4.4000,,,2.2500,,,,,,,,,,,,,,,
2025-04-24,,,,,,,4.3200,,,2.2500,,,,,,,,,,,,,,,
2025-04-25,,,,,,,4.2900,,,2.2500,,,,,,,,,,,,,,,
2025-04-26,,,,,,,,,,2.2500,,,,,,,,,,,,,,,
2025-04-27,,,,,,,,,,2.2500,,,,,,,,,,,,,,,
2025-04-28,,,,,,,4.2300,,,2.2500,,,,,,,,,,,,,,,
2025-04-29,,,,,,,4.1900,,,2.2500,,,,,,,,,,,,,,,
2025-04-30,,,,,,,4.1700,,,2.2500,,,,,,,,,,,,,,,
2025-05-01,320.6200,326.8930,126.3800,125.7900,4.3000,158498.0000,4.2500,100.9655,99.9600,2.2500,,,,4.7000,,,,4.3300,,,,,99.9600,,
2025-05-02,,,,,,,4.3300,,,2.2500,,,,,,,,,,,,,,,
2025-05-03,,,,,,,,,,2.2500,,,,,,,,,,,,,,,
2025-05-04,,,,,,,,,,2.2500,,,,,,,,,,,,,,,
2025-05-05,,,,,,,4.3600,,,2.2500,,,,,,,,,,,,,,,
2025-05-06,,,,,,,4.3000,,,2.2500,,,,,,,,,,,,,,,
2025-05-07,,,,,,,4.2600,,,2.2500,,,,,,,,,,,,,,,
2025-05-08,,,,,,,4.3700,,,2.2500,,,,,,,,,,,,,,,
2025-05-09,,,,,,,4.3700,,,2.2500,,,,,,,,,,,,,,,
2025-05-10,,,,,,,,,,2.2500,,,,,,,,,,,,,,,
2025-05-11,,,,,,,,,,2.2500,,,,,,,,,,,,,,,
2025-05-12,,,,,,,4.4500,,,2.2500,,,,,,,,,,,,,,,
2025-05-13,,,,,,,4.4900,,,2.2500,,,,,,,,,,,,,,,
2025-05-14,,,,,,,4.5300,,,2.2500,,,,,,,,,,,,,,,
2025-05-15,,,,,,,4.4500,,,2.2500,,,,,,,,,,,,,,,
2025-05-16,,,,,,,4.4300,,,2.2500,,,,,,,,,,,,,,,
2025-05-17,,,,,,,,,,2.2500,,,,,,,,,,,,,,,
2025-05-18,,,,,,,,,,2.2500,,,,,,,,,,,,,,,
2025-05-19,,,,,,,4.4600,,,2.2500,,,,,,,,,,,,,,,
2025-05-20,,,,,,,4.4800,,,2.2500,,,,,,,,,,,,,,,
2025-05-21,,,,,,,4.5800,,,2.2500,,,,,,,,,,,,,,,
2025-05-22,,,,,,,4.5400,,,2.2500,,,,,,,,,,,,,,,
2025-05-23,,,,,,,4.5100,,,2.2500,,,,,,,,,,,,,,,
2025-05-24,,,,,,,,,,2.2500,,,,,,,,,,,,,,,
2025-05-25,,,,,,,,,,2.2500,,,,,,,,,,,,,,,
2025-05-26,,,,,,,,,,2.2500,,,,,,,,,,,,,,,
2025-05-27,,,,,,,4.4300,,,2.2500,,,,,,,,,,,,,,,
2025-05-28,,,,,,,4.4700,,,2.2500,,,,,,,,,,,,,,,
2025-05-29,,,,,,,4.4300,,,2.2500,,,,,,,,,,,,,,,
2025-05-30,,,,,,,4.4100,,,2.2500,,,,,,,,,,,,,,,
2025-05-31,,,,,,,,,,2.2500,,,,,,,,,,,,,,,
2025-06-01,321.4350,327.6580,126.7430,126.1210,4.1000,158478.0000,,101.4785,100.2600,2.2500,,,,4.7000,,,,4.3300,,,,,100.2600,,
2025-06-02,,,,,,,4.4600,,,2.2500,,,,,,,,,,,,,,,
2025-06-03,,,,,,,4.4600,,,2.2500,,,,,,,,,,,,,,,
2025-06-04,,,,,,,4.3700,,,2.2500,,,,,,,,,,,,,,,
2025-06-05,,,,,,,4.4000,,,2.2500,,,,,,,,,,,,,,,
2025-06-06,,,,,,,4.5100,,,2.2500,,,,,,,,,,,,,,,
2025-06-07,,,,,,,,,,2.2500,,,,,,,,,,,,,,,
2025-06-08,,,,,,,,,,2.2500,,,,,,,,,,,,,,,
2025-06-09,,,,,,,4.4900,,,2.2500,,,,,,,,,,,,,,,
2025-06-10,,,,,,,4.4700,,,2.2500,,,,,,,,,,,,,,,
2025-06-11,,,,,,,4.4100,,,2.0000,,,,,,,,,,,,,,,
2025-06-12,,,,,,,4.3600,,,2.0000,,,,,,,,,,,,,,,
2025-06-13,,,,,,,4.4100,,,2.0000,,,,,,,,,,,,,,,
2025-06-14,,,,,,,,,,2.0000,,,,,,,,,,,,,,,
2025-06-15,,,,,,,,,,2.0000,,,,,,,,,,,,,,,
2025-06-16,,,,,,,4.4600,,,2.0000,,,,,,,,,,,,,,,
2025-06-17,,,,,,,4.3900,,,2.0000,,,,,,,,,,,,,,,
2025-06-18,,,,,,,4.3800,,,2.0000,,,,,,,,,,,,,,,
2025-06-19,,,,,,,,,,2.0000,,,,,,,,,,,,,,,
2025-06-20,,,,,,,4.3800,,,2.0000,,,,,,,,,,,,,,,
2025-06-21,,,,,,,,,,2.0000,,,,,,,,,,,,,,,
2025-06-22,,,,,,,,,,2.0000,,,,,,,,,,,,,,,
2025-06-23,,,,,,,4.3400,,,2.0000,,,,,,,,,,,,,,,
2025-06-24,,,,,,,4.3000,,,2.0000,,,,,,,,,,,,,,,
2025-06-25,,,,,,,4.2900,,,2.0000,,,,,,,,,,,,,,,
2025-06-26,,,,,,,4.2600,,,2.0000,,,,,,,,,,,,,,,
2025-06-27,,,,,,,4.2900,,,2.0000,,,,,,,,,,,,,,,
2025-06-28,,,,,,,,,,2.0000,,,,,,,,,,,,,,,
2025-06-29,,,,,,,,,,2.0000,,,,,,,,,,,,,,,
2025-06-30,,,,,,,4.2400,,,2.0000,,,,,,,,,,,,,,,
2025-07-01,322.1690,328.6820,126.9600,126.4300,4.3000,158542.0000,4.2600,101.8940,100.2800,2.0000,,2880708.1000,,4.8000,,589441.3000,207221.9000,4.3300,24026.8340,,,,100.2700,705348.0000,
2025-07-02,,,,,,,4.3000,,,2.0000,,,,,,,,,,,,,,,
2025-07-03,,,,,,,4.3500,,,2.0000,,,,,,,,,,,,,,,
2025-07-04,,,,,,,,,,2.0000,,,,,,,,,,,,,,,
2025-07-05,,,,,,,,,,2.0000,,,,,,,,,,,,,,,
2025-07-06,,,,,,,,,,2.0000,,,,,,,,,,,,,,,
2025-07-07,,,,,,,4.4000,,,2.0000,,,,,,,,,,,,,,,
2025-07-08,,,,,,,4.4200,,,2.0000,,,,,,,,,,,,,,,
2025-07-09,,,,,,,4.3400,,,2.0000,,,,,,,,,,,,,,,
2025-07-10,,,,,,,4.3500,,,2.0000,,,,,,,,,,,,,,,
2025-07-11,,,,,,,4.4300,,,2.0000,,,,,,,,,,,,,,,
2025-07-12,,,,,,,,,,2.0000,,,,,,,,,,,,,,,
2025-07-13,,,,,,,,,,2.0000,,,,,,,,,,,,,,,
2025-07-14,,,,,,,4.4300,,,2.0000,,,,,,,,,,,,,,,
2025-07-15,,,,,,,4.5000,,,2.0000,,,,,,,,,,,,,,,
2025-07-16,,,,,,,4.4600,,,2.0000,,,,,,,,,,,,,,,
2025-07-17,,,,,,,4.4700,,,2.0000,,,,,,,,,,,,,,,
2025-07-18,,,,,,,4.4400,,,2.0000,,,,,,,,,,,,,,,
2025-07-19,,,,,,,,,,2.0000,,,,,,,,,,,,,,,
2025-07-20,,,,,,,,,,2.0000,,,,,,,,,,,,,,,
2025-07-21,,,,,,,4.3800,,,2.0000,,,,,,,,,,,,,,,
2025-07-22,,,,,,,4.3500,,,2.0000,,,,,,,,,,,,,,,
2025-07-23,,,,,,,4.4000,,,2.0000,,,,,,,,,,,,,,,
2025-07-24,,,,,,,4.4300,,,2.0000,,,,,,,,,,,,,,,
2025-07-25,,,,,,,4.4000,,,2.0000,,,,,,,,,,,,,,,
2025-07-26,,,,,,,,,,2.0000,,,,,,,,,,,,,,,
2025-07-27,,,,,,,,,,2.0000,,,,,,,,,,,,,,,
2025-07-28,,,,,,,4.4200,,,2.0000,,,,,,,,,,,,,,,
2025-07-29,,,,,,,4.3400,,,2.0000,,,,,,,,,,,,,,,
2025-07-30,,,,,,,4.3800,,,2.0000,,,,,,,,,,,,,,,
2025-07-31,,,,,,,4.3700,,,2.0000,,,,,,,,,,,,,,,
2025-08-01,323.2910,329.7000,127.2930,126.7140,4.3000,158472.0000,4.2300,101.6247,100.4200,2.0000,,,,5.0000,,,,4.3300,,,,,100.4200,,
2025-08-02,,,,,,,,,,2.0000,,,,,,,,,,,,,,,
2025-08-03,,,,,,,,,,2.0000,,,,,,,,,,,,,,,
2025-08-04,,,,,,,4.2200,,,2.0000,,,,,,,,,,,,,,,
2025-08-05,,,,,,,4.2200,,,2.0000,,,,,,,,,,,,,,,
2025-08-06,,,,,,,4.2200,,,2.0000,,,,,,,,,,,,,,,
2025-08-07,,,,,,,4.2300,,,2.0000,,,,,,,,,,,,,,,
2025-08-08,,,,,,,4.2700,,,2.0000,,,,,,,,,,,,,,,
2025-08-09,,,,,,,,,,2.0000,,,,,,,,,,,,,,,
2025-08-10,,,,,,,,,,2.0000,,,,,,,,,,,,,,,
2025-08-11,,,,,,,4.2700,,,2.0000,,,,,,,,,,,,,,,
2025-08-12,,,,,,,4.2900,,,2.0000,,,,,,,,,,,,,,,
2025-08-13,,,,,,,4.2400,,,2.0000,,,,,,,,,,,,,,,
2025-08-14,,,,,,,4.2900,,,2.0000,,,,,,,,,,,,,,,
2025-08-15,,,,,,,4.3300,,,2.0000,,,,,,,,,,,,,,,
2025-08-16,,,,,,,,,,2.0000,,,,,,,,,,,,,,,
2025-08-17,,,,,,,,,,2.0000,,,,,,,,,,,,,,,
2025-08-18,,,,,,,4.3400,,,2.0000,,,,,,,,,,,,,,,
2025-08-19,,,,,,,4.3000,,,2.0000,,,,,,,,,,,,,,,
2025-08-20,,,,,,,4.2900,,,2.0000,,,,,,,,,,,,,,,
2025-08-21,,,,,,,4.3300,,,2.0000,,,,,,,,,,,,,,,
2025-08-22,,,,,,,4.2600,,,2.0000,,,,,,,,,,,,,,,
2025-08-23,,,,,,,,,,2.0000,,,,,,,,,,,,,,,
2025-08-24,,,,,,,,,,2.0000,,,,,,,,,,,,,,,
2025-08-25,,,,,,,4.2800,,,2.0000,,,,,,,,,,,,,,,
2025-08-26,,,,,,,4.2600,,,2.0000,,,,,,,,,,,,,,,
2025-08-27,,,,,,,4.2400,,,2.0000,,,,,,,,,,,,,,,
2025-08-28,,,,,,,4.2200,,,2.0000,,,,,,,,,,,,,,,
2025-08-29,,,,,,,4.2300,,,2.0000,,,,,,,,,,,,,,,
2025-08-30,,,,,,,,,,2.0000,,,,,,,,,,,,,,,
2025-08-31,,,,,,,,,,2.0000,,,,,,,,,,,,,,,
2025-09-01,324.2450,330.4180,127.6250,126.9540,4.4000,158548.0000,,101.6680,100.5200,2.0000,,,,5.1000,,,,4.2200,,,,,100.5100,,
2025-09-02,,,,,,,4.2800,,,2.0000,,,,,,,,,,,,,,,
2025-09-03,,,,,,,4.2200,,,2.0000,,,,,,,,,,,,,,,
2025-09-04,,,,,,,4.1700,,,2.0000,,,,,,,,,,,,,,,
2025-09-05,,,,,,,4.1000,,,2.0000,,,,,,,,,,,,,,,
2025-09-06,,,,,,,,,,2.0000,,,,,,,,,,,,,,,
2025-09-07,,,,,,,,,,2.0000,,,,,,,,,,,,,,,
2025-09-08,,,,,,,4.0500,,,2.0000,,,,,,,,,,,,,,,
2025-09-09,,,,,,,4.0800,,,2.0000,,,,,,,,,,,,,,,
2025-09-10,,,,,,,4.0400,,,2.0000,,,,,,,,,,,,,,,
2025-09-11,,,,,,,4.0100,,,2.0000,,,,,,,,,,,,,,,
2025-09-12,,,,,,,4.0600,,,2.0000,,,,,,,,,,,,,,,
2025-09-13,,,,,,,,,,2.0000,,,,,,,,,,,,,,,
2025-09-14,,,,,,,,,,2.0000,,,,,,,,,,,,,,,
2025-09-15,,,,,,,4.0500,,,2.0000,,,,,,,,,,,,,,,
2025-09-16,,,,,,,4.0400,,,2.0000,,,,,,,,,,,,,,,
2025-09-17,,,,,,,4.0600,,,2.0000,,,,,,,,,,,,,,,
2025-09-18,,,,,,,4.1100,,,2.0000,,,,,,,,,,,,,,,
2025-09-19,,,,,,,4.1400,,,2.0000,,,,,,,,,,,,,,,
2025-09-20,,,,,,,,,,2.0000,,,,,,,,,,,,,,,
2025-09-21,,,,,,,,,,2.0000,,,,,,,,,,,,,,,
2025-09-22,,,,,,,4.1500,,,2.0000,,,,,,,,,,,,,,,
2025-09-23,,,,,,,4.1200,,,2.0000,,,,,,,,,,,,,,,
2025-09-24,,,,,,,4.1600,,,2.0000,,,,,,,,,,,,,,,
2025-09-25,,,,,,,4.1800,,,2.0000,,,,,,,,,,,,,,,
2025-09-26,,,,,,,4.2000,,,2.0000,,,,,,,,,,,,,,,
2025-09-27,,,,,,,,,,2.0000,,,,,,,,,,,,,,,
2025-09-28,,,,,,,,,,2.0000,,,,,,,,,,,,,,,
2025-09-29,,,,,,,4.1500,,,2.0000,,,,,,,,,,,,,,,
2025-09-30,,,,,,,4.1600,,,2.0000,,,,,,,,,,,,,,,
2025-10-01,,,127.8710,127.2430,,158408.0000,4.1200,101.2195,100.7300,2.0000,,2886252.2000,,5.1000,,590673.3000,207635.8000,4.0900,24055.7490,,,,100.7300,706453.0000,
2025-10-02,,,,,,,4.1000,,,2.0000,,,,,,,,,,,,,,,
2025-10-03,,,,,,,4.1300,,,2.0000,,,,,,,,,,,,,,,
2025-10-04,,,,,,,,,,2.0000,,,,,,,,,,,,,,,
2025-10-05,,,,,,,,,,2.0000,,,,,,,,,,,,,,,
2025-10-06,,,,,,,4.1800,,,2.0000,,,,,,,,,,,,,,,
2025-10-07,,,,,,,4.1400,,,2.0000,,,,,,,,,,,,,,,
2025-10-08,,,,,,,4.1300,,,2.0000,,,,,,,,,,,,,,,
2025-10-09,,,,,,,4.1400,,,2.0000,,,,,,,,,,,,,,,
2025-10-10,,,,,,,4.0500,,,2.0000,,,,,,,,,,,,,,,
2025-10-11,,,,,,,,,,2.0000,,,,,,,,,,,,,,,
2025-10-12,,,,,,,,,,2.0000,,,,,,,,,,,,,,,
2025-10-13,,,,,,,,,,2.0000,,,,,,,,,,,,,,,
2025-10-14,,,,,,,4.0300,,,2.0000,,,,,,,,,,,,,,,
2025-10-15,,,,,,,4.0500,,,2.0000,,,,,,,,,,,,,,,
2025-10-16,,,,,,,3.9900,,,2.0000,,,,,,,,,,,,,,,
2025-10-17,,,,,,,4.0200,,,2.0000,,,,,,,,,,,,,,,
2025-10-18,,,,,,,,,,2.0000,,,,,,,,,,,,,,,
2025-10-19,,,,,,,,,,2.0000,,,,,,,,,,,,,,,
2025-10-20,,,,,,,4.0000,,,2.0000,,,,,,,,,,,,,,,
2025-10-21,,,,,,,3.9800,,,2.0000,,,,,,,,,,,,,,,
2025-10-22,,,,,,,3.9700,,,2.0000,,,,,,,,,,,,,,,
2025-10-23,,,,,,,4.0100,,,2.0000,,,,,,,,,,,,,,,
2025-10-24,,,,,,,4.0200,,,2.0000,,,,,,,,,,,,,,,
2025-10-25,,,,,,,,,,2.0000,,,,,,,,,,,,,,,
2025-10-26,,,,,,,,,,2.0000,,,,,,,,,,,,,,,
2025-10-27,,,,,,,4.0100,,,2.0000,,,,,,,,,,,,,,,
2025-10-28,,,,,,,3.9900,,,2.0000,,,,,,,,,,,,,,,
2025-10-29,,,,,,,4.0800,,,2.0000,,,,,,,,,,,,,,,
2025-10-30,,,,,,,4.1100,,,2.0000,,,,,,,,,,,,,,,
2025-10-31,,,,,,,4.1100,,,2.0000,,,,,,,,,,,,,,,
2025-11-01,325.0630,331.0430,128.1520,127.4690,4.5000,158449.0000,,101.0344,100.4400,2.0000,,,,5.2000,,,,3.8800,,,,,100.4300,,
2025-11-02,,,,,,,,,,2.0000,,,,,,,,,,,,,,,
2025-11-03,,,,,,,4.1300,,,2.0000,,,,,,,,,,,,,,,
2025-11-04,,,,,,,4.1000,,,2.0000,,,,,,,,,,,,,,,
2025-11-05,,,,,,,4.1700,,,2.0000,,,,,,,,,,,,,,,
2025-11-06,,,,,,,4.1100,,,2.0000,,,,,,,,,,,,,,,
2025-11-07,,,,,,,4.1100,,,2.0000,,,,,,,,,,,,,,,
2025-11-08,,,,,,,,,,2.0000,,,,,,,,,,,,,,,
2025-11-09,,,,,,,,,,2.0000,,,,,,,,,,,,,,,
2025-11-10,,,,,,,4.1300,,,2.0000,,,,,,,,,,,,,,,
2025-11-11,,,,,,,,,,2.0000,,,,,,,,,,,,,,,
2025-11-12,,,,,,,4.0800,,,2.0000,,,,,,,,,,,,,,,
2025-11-13,,,,,,,4.1100,,,2.0000,,,,,,,,,,,,,,,
2025-11-14,,,,,,,4.1400,,,2.0000,,,,,,,,,,,,,,,
2025-11-15,,,,,,,,,,2.0000,,,,,,,,,,,,,,,
2025-11-16,,,,,,,,,,2.0000,,,,,,,,,,,,,,,
2025-11-17,,,,,,,4.1300,,,2.0000,,,,,,,,,,,,,,,
2025-11-18,,,,,,,4.1200,,,2.0000,,,,,,,,,,,,,,,
2025-11-19,,,,,,,4.1300,,,2.0000,,,,,,,,,,,,,,,
2025-11-20,,,,,,,4.1000,,,2.0000,,,,,,,,,,,,,,,
2025-11-21,,,,,,,4.0600,,,2.0000,,,,,,,,,,,,,,,
2025-11-22,,,,,,,,,,2.0000,,,,,,,,,,,,,,,
2025-11-23,,,,,,,,,,2.0000,,,,,,,,,,,,,,,
2025-11-24,,,,,,,4.0400,,,2.0000,,,,,,,,,,,,,,,
2025-11-25,,,,,,,4.0100,,,2.0000,,,,,,,,,,,,,,,
2025-11-26,,,,,,,4.0000,,,2.0000,,,,,,,,,,,,,,,
2025-11-27,,,,,,,,,,2.0000,,,,,,,,,,,,,,,
2025-11-28,,,,,,,4.0200,,,2.0000,,,,,,,,,,,,,,,
2025-11-29,,,,,,,,,,2.0000,,,,,,,,,,,,,,,
2025-11-30,,,,,,,,,,2.0000,,,,,,,,,,,,,,,
2025-12-01,326.0310,331.8140,128.5760,127.8860,4.4000,158432.0000,4.0900,101.5203,100.6200,2.0000,,,,5.2000,,,,3.7200,,,,,100.6000,,
2025-12-02,,,,,,,4.0900,,,2.0000,,,,,,,,,,,,,,,
2025-12-03,,,,,,,4.0600,,,2.0000,,,,,,,,,,,,,,,
2025-12-04,,,,,,,4.1100,,,2.0000,,,,,,,,,,,,,,,
2025-12-05,,,,,,,4.1400,,,2.0000,,,,,,,,,,,,,,,
2025-12-06,,,,,,,,,,2.0000,,,,,,,,,,,,,,,
2025-12-07,,,,,,,,,,2.0000,,,,,,,,,,,,,,,
2025-12-08,,,,,,,4.1700,,,2.0000,,,,,,,,,,,,,,,
2025-12-09,,,,,,,4.1800,,,2.0000,,,,,,,,,,,,,,,
2025-12-10,,,,,,,4.1300,,,2.0000,,,,,,,,,,,,,,,
2025-12-11,,,,,,,4.1400,,,2.0000,,,,,,,,,,,,,,,
2025-12-12,,,,,,,4.1900,,,2.0000,,,,,,,,,,,,,,,
2025-12-13,,,,,,,,,,2.0000,,,,,,,,,,,,,,,
2025-12-14,,,,,,,,,,2.0000,,,,,,,,,,,,,,,
2025-12-15,,,,,,,4.1800,,,2.0000,,,,,,,,,,,,,,,
2025-12-16,,,,,,,4.1500,,,2.0000,,,,,,,,,,,,,,,
2025-12-17,,,,,,,4.1600,,,2.0000,,,,,,,,,,,,,,,
2025-12-18,,,,,,,4.1200,,,2.0000,,,,,,,,,,,,,,,
2025-12-19,,,,,,,4.1600,,,2.0000,,,,,,,,,,,,,,,
2025-12-20,,,,,,,,,,2.0000,,,,,,,,,,,,,,,
2025-12-21,,,,,,,,,,2.0000,,,,,,,,,,,,,,,
2025-12-22,,,,,,,4.1700,,,2.0000,,,,,,,,,,,,,,,
2025-12-23,,,,,,,4.1800,,,2.0000,,,,,,,,,,,,,,,
2025-12-24,,,,,,,4.1500,,,2.0000,,,,,,,,,,,,,,,
2025-12-25,,,,,,,,,,2.0000,,,,,,,,,,,,,,,
2025-12-26,,,,,,,4.1400,,,2.0000,,,,,,,,,,,,,,,
2025-12-27,,,,,,,,,,2.0000,,,,,,,,,,,,,,,
2025-12-28,,,,,,,,,,2.0000,,,,,,,,,,,,,,,
2025-12-29,,,,,,,4.1200,,,2.0000,,,,,,,,,,,,,,,
2025-12-30,,,,,,,4.1400,,,2.0000,,,,,,,,,,,,,,,
2025-12-31,,,,,,,4.1800,,,2.0000,,,,,,,,,,,,,,,
2026-01-01,326.5880,332.7930,129.0020,128.4320,4.3000,158592.0000,,101.4737,100.0400,2.0000,,2890460.2000,,,,593693.3000,,3.6400,24152.6560,,,,100.0000,710896.0000,
2026-01-02,,,,,,,4.1900,,,2.0000,,,,,,,,,,,,,,,
2026-01-03,,,,,,,,,,2.0000,,,,,,,,,,,,,,,
2026-01-04,,,,,,,,,,2.0000,,,,,,,,,,,,,,,
2026-01-05,,,,,,,4.1700,,,2.0000,,,,,,,,,,,,,,,
2026-01-06,,,,,,,4.1800,,,2.0000,,,,,,,,,,,,,,,
2026-01-07,,,,,,,4.1500,,,2.0000,,,,,,,,,,,,,,,
2026-01-08,,,,,,,4.1900,,,2.0000,,,,,,,,,,,,,,,
2026-01-09,,,,,,,4.1800,,,2.0000,,,,,,,,,,,,,,,
2026-01-10,,,,,,,,,,2.0000,,,,,,,,,,,,,,,
2026-01-11,,,,,,,,,,2.0000,,,,,,,,,,,,,,,
2026-01-12,,,,,,,4.1900,,,2.0000,,,,,,,,,,,,,,,
2026-01-13,,,,,,,4.1800,,,2.0000,,,,,,,,,,,,,,,
2026-01-14,,,,,,,4.1500,,,2.0000,,,,,,,,,,,,,,,
2026-01-15,,,,,,,4.1700,,,2.0000,,,,,,,,,,,,,,,
2026-01-16,,,,,,,4.2400,,,2.0000,,,,,,,,,,,,,,,
2026-01-17,,,,,,,,,,2.0000,,,,,,,,,,,,,,,
2026-01-18,,,,,,,,,,2.0000,,,,,,,,,,,,,,,
2026-01-19,,,,,,,,,,2.0000,,,,,,,,,,,,,,,
2026-01-20,,,,,,,4.3000,,,2.0000,,,,,,,,,,,,,,,
2026-01-21,,,,,,,4.2600,,,2.0000,,,,,,,,,,,,,,,
2026-01-22,,,,,,,4.2600,,,2.0000,,,,,,,,,,,,,,,
2026-01-23,,,,,,,4.2400,,,2.0000,,,,,,,,,,,,,,,
2026-01-24,,,,,,,,,,2.0000,,,,,,,,,,,,,,,
2026-01-25,,,,,,,,,,2.0000,,,,,,,,,,,,,,,
2026-01-26,,,,,,,4.2200,,,2.0000,,,,,,,,,,,,,,,
2026-01-27,,,,,,,4.2400,,,2.0000,,,,,,,,,,,,,,,
2026-01-28,,,,,,,4.2600,,,2.0000,,,,,,,,,,,,,,,
2026-01-29,,,,,,,4.2400,,,2.0000,,,,,,,,,,,,,,,
2026-01-30,,,,,,,4.2600,,,2.0000,,,,,,,,,,,,,,,
2026-01-31,,,,,,,,,,2.0000,,,,,,,,,,,,,,,
2026-02-01,327.4600,333.5120,129.5200,128.9400,4.4000,158436.0000,,102.1009,100.7000,2.0000,,,,,,,,3.6400,,,,,100.6500,,
2026-02-02,,,,,,,4.2900,,,2.0000,,,,,,,,,,,,,,,
2026-02-03,,,,,,,4.2800,,,2.0000,,,,,,,,,,,,,,,
2026-02-04,,,,,,,4.2900,,,2.0000,,,,,,,,,,,,,,,
2026-02-05,,,,,,,4.2100,,,2.0000,,,,,,,,,,,,,,,
2026-02-06,,,,,,,4.2200,,,2.0000,,,,,,,,,,,,,,,
2026-02-07,,,,,,,,,,2.0000,,,,,,,,,,,,,,,
2026-02-08,,,,,,,,,,2.0000,,,,,,,,,,,,,,,
2026-02-09,,,,,,,4.2200,,,2.0000,,,,,,,,,,,,,,,
2026-02-10,,,,,,,4.1600,,,2.0000,,,,,,,,,,,,,,,
2026-02-11,,,,,,,4.1800,,,2.0000,,,,,,,,,,,,,,,
2026-02-12,,,,,,,4.0900,,,2.0000,,,,,,,,,,,,,,,
2026-02-13,,,,,,,4.0400,,,2.0000,,,,,,,,,,,,,,,
2026-02-14,,,,,,,,,,2.0000,,,,,,,,,,,,,,,
2026-02-15,,,,,,,,,,2.0000,,,,,,,,,,,,,,,
2026-02-16,,,,,,,,,,2.0000,,,,,,,,,,,,,,,
2026-02-17,,,,,,,4.0500,,,2.0000,,,,,,,,,,,,,,,
2026-02-18,,,,,,,4.0900,,,2.0000,,,,,,,,,,,,,,,
2026-02-19,,,,,,,4.0800,,,2.0000,,,,,,,,,,,,,,,
2026-02-20,,,,,,,4.0800,,,2.0000,,,,,,,,,,,,,,,
2026-02-21,,,,,,,,,,2.0000,,,,,,,,,,,,,,,
2026-02-22,,,,,,,,,,2.0000,,,,,,,,,,,,,,,
2026-02-23,,,,,,,4.0300,,,2.0000,,,,,,,,,,,,,,,
2026-02-24,,,,,,,4.0400,,,2.0000,,,,,,,,,,,,,,,
2026-02-25,,,,,,,4.0500,,,2.0000,,,,,,,,,,,,,,,
2026-02-26,,,,,,,4.0200,,,2.0000,,,,,,,,,,,,,,,
2026-02-27,,,,,,,3.9700,,,2.0000,,,,,,,,,,,,,,,
2026-02-28,,,,,,,,,,2.0000,,,,,,,,,,,,,,,
2026-03-01,330.2930,334.1650,130.3810,129.3210,4.3000,158621.0000,,101.8060,101.9800,2.0000,,,,,,,,3.6400,,,,,101.9500,,
2026-03-02,,,,,,,4.0500,,,2.0000,,,,,,,,,,,,,,,
2026-03-03,,,,,,,4.0600,,,2.0000,,,,,,,,,,,,,,,
2026-03-04,,,,,,,4.0900,,,2.0000,,,,,,,,,,,,,,,
2026-03-05,,,,,,,4.1300,,,2.0000,,,,,,,,,,,,,,,
2026-03-06,,,,,,,4.1500,,,2.0000,,,,,,,,,,,,,,,
2026-03-07,,,,,,,,,,2.0000,,,,,,,,,,,,,,,
2026-03-08,,,,,,,,,,2.0000,,,,,,,,,,,,,,,
2026-03-09,,,,,,,4.1200,,,2.0000,,,,,,,,,,,,,,,
2026-03-10,,,,,,,4.1500,,,2.0000,,,,,,,,,,,,,,,
2026-03-11,,,,,,,4.2100,,,2.0000,,,,,,,,,,,,,,,
2026-03-12,,,,,,,4.2700,,,2.0000,,,,,,,,,,,,,,,
2026-03-13,,,,,,,4.2800,,,2.0000,,,,,,,,,,,,,,,
2026-03-14,,,,,,,,,,2.0000,,,,,,,,,,,,,,,
2026-03-15,,,,,,,,,,2.0000,,,,,,,,,,,,,,,
2026-03-16,,,,,,,4.2300,,,2.0000,,,,,,,,,,,,,,,
2026-03-17,,,,,,,4.2000,,,2.0000,,,,,,,,,,,,,,,
2026-03-18,,,,,,,4.2600,,,2.0000,,,,,,,,,,,,,,,
2026-03-19,,,,,,,4.2500,,,2.0000,,,,,,,,,,,,,,,
2026-03-20,,,,,,,4.3900,,,2.0000,,,,,,,,,,,,,,,
2026-03-21,,,,,,,,,,2.0000,,,,,,,,,,,,,,,
2026-03-22,,,,,,,,,,2.0000,,,,,,,,,,,,,,,
2026-03-23,,,,,,,4.3400,,,2.0000,,,,,,,,,,,,,,,
2026-03-24,,,,,,,4.3900,,,2.0000,,,,,,,,,,,,,,,
2026-03-25,,,,,,,4.3300,,,2.0000,,,,,,,,,,,,,,,
2026-03-26,,,,,,,4.4200,,,2.0000,,,,,,,,,,,,,,,
2026-03-27,,,,,,,4.4400,,,2.0000,,,,,,,,,,,,,,,
2026-03-28,,,,,,,,,,2.0000,,,,,,,,,,,,,,,
2026-03-29,,,,,,,,,,2.0000,,,,,,,,,,,,,,,
2026-03-30,,,,,,,4.3500,,,2.0000,,,,,,,,,,,,,,,
2026-03-31,,,,,,,4.3000,,,2.0000,,,,,,,,,,,,,,,
2026-04-01,332.4070,335.4230,130.9020,129.6300,4.3000,158736.0000,4.3300,102.4963,103.0200,2.0000,,,,,,,,3.6400,,,,,103.0000,,
2026-04-02,,,,,,,4.3100,,,2.0000,,,,,,,,,,,,,,,
2026-04-03,,,,,,,4.3500,,,2.0000,,,,,,,,,,,,,,,
2026-04-04,,,,,,,,,,2.0000,,,,,,,,,,,,,,,
2026-04-05,,,,,,,,,,2.0000,,,,,,,,,,,,,,,
2026-04-06,,,,,,,4.3400,,,2.0000,,,,,,,,,,,,,,,
2026-04-07,,,,,,,4.3300,,,2.0000,,,,,,,,,,,,,,,
2026-04-08,,,,,,,4.2900,,,2.0000,,,,,,,,,,,,,,,
2026-04-09,,,,,,,4.2900,,,2.0000,,,,,,,,,,,,,,,
2026-04-10,,,,,,,4.3100,,,2.0000,,,,,,,,,,,,,,,
2026-04-11,,,,,,,,,,2.0000,,,,,,,,,,,,,,,
2026-04-12,,,,,,,,,,2.0000,,,,,,,,,,,,,,,
2026-04-13,,,,,,,4.3000,,,2.0000,,,,,,,,,,,,,,,
2026-04-14,,,,,,,4.2600,,,2.0000,,,,,,,,,,,,,,,
2026-04-15,,,,,,,4.2900,,,2.0000,,,,,,,,,,,,,,,
2026-04-16,,,,,,,4.3200,,,2.0000,,,,,,,,,,,,,,,
2026-04-17,,,,,,,4.2600,,,2.0000,,,,,,,,,,,,,,,
2026-04-18,,,,,,,,,,2.0000,,,,,,,,,,,,,,,
2026-04-19,,,,,,,,,,2.0000,,,,,,,,,,,,,,,
2026-04-20,,,,,,,4.2600,,,2.0000,,,,,,,,,,,,,,,
2026-04-21,,,,,,,4.3000,,,2.0000,,,,,,,,,,,,,,,
2026-04-22,,,,,,,4.3000,,,2.0000,,,,,,,,,,,,,,,
2026-04-23,,,,,,,4.3400,,,2.0000,,,,,,,,,,,,,,,
2026-04-24,,,,,,,4.3100,,,2.0000,,,,,,,,,,,,,,,
2026-04-25,,,,,,,,,,2.0000,,,,,,,,,,,,,,,
2026-04-26,,,,,,,,,,2.0000,,,,,,,,,,,,,,,
2026-04-27,,,,,,,4.3500,,,2.0000,,,,,,,,,,,,,,,
2026-04-28,,,,,,,4.3600,,,2.0000,,,,,,,,,,,,,,,
2026-04-29,,,,,,,4.4200,,,2.0000,,,,,,,,,,,,,,,
2026-04-30,,,,,,,4.4000,,,2.0000,,,,,,,,,,,,,,,
2026-05-01,,,,,,,4.3900,,,2.0000,,,,,,,,3.6300,,,,,,,
2026-05-02,,,,,,,,,,2.0000,,,,,,,,,,,,,,,
2026-05-03,,,,,,,,,,2.0000,,,,,,,,,,,,,,,
2026-05-04,,,,,,,4.4500,,,2.0000,,,,,,,,,,,,,,,
2026-05-05,,,,,,,4.4300,,,2.0000,,,,,,,,,,,,,,,
2026-05-06,,,,,,,4.3600,,,2.0000,,,,,,,,,,,,,,,
2026-05-07,,,,,,,4.4100,,,2.0000,,,,,,,,,,,,,,,
2026-05-08,,,,,,,4.3800,,,2.0000,,,,,,,,,,,,,,,
2026-05-09,,,,,,,,,,2.0000,,,,,,,,,,,,,,,
2026-05-10,,,,,,,,,,2.0000,,,,,,,,,,,,,,,
2026-05-11,,,,,,,4.4200,,,2.0000,,,,,,,,,,,,,,,
2026-05-12,,,,,,,4.4600,,,2.0000,,,,,,,,,,,,,,,
2026-05-13,,,,,,,4.4600,,,2.0000,,,,,,,,,,,,,,,
2026-05-14,,,,,,,4.4700,,,2.0000,,,,,,,,,,,,,,,
2026-05-15,,,,,,,4.5900,,,2.0000,,,,,,,,,,,,,,,
2026-05-16,,,,,,,,,,2.0000,,,,,,,,,,,,,,,
2026-05-17,,,,,,,,,,2.0000,,,,,,,,,,,,,,,
2026-05-18,,,,,,,4.6100,,,2.0000,,,,,,,,,,,,,,,
2026-05-19,,,,,,,4.6700,,,2.0000,,,,,,,,,,,,,,,
2026-05-20,,,,,,,4.5700,,,2.0000,,,,,,,,,,,,,,,
2026-05-21,,,,,,,4.5700,,,2.0000,,,,,,,,,,,,,,,
2026-05-22,,,,,,,4.5600,,,2.0000,,,,,,,,,,,,,,,
2026-05-23,,,,,,,,,,2.0000,,,,,,,,,,,,,,,
2026-05-24,,,,,,,,,,2.0000,,,,,,,,,,,,,,,
2026-05-25,,,,,,,,,,2.0000,,,,,,,,,,,,,,,
2026-05-26,,,,,,,4.5000,,,2.0000,,,,,,,,,,,,,,,
2026-05-27,,,,,,,4.4800,,,2.0000,,,,,,,,,,,,,,,
2026-05-28,,,,,,,4.4500,,,2.0000,,,,,,,,,,,,,,,
2026-05-29,,,,,,,4.4500,,,2.0000,,,,,,,,,,,,,,,
2026-05-30,,,,,,,,,,2.0000,,,,,,,,,,,,,,,
2026-05-31,,,,,,,,,,2.0000,,,,,,,,,,,,,,,
2026-06-01,,,,,,,4.4700,,,2.0000,,,,,,,,,,,,,,,
2026-06-02,,,,,,,,,,2.0000,,,,,,,,,,,,,,,
2026-06-03,,,,,,,,,,2.0000,,,,,,,,,,,,,,,
