date,series,value
2003-01-01,CHF_CPI,95.2914
2003-02-01,CHF_CPI,95.3852
2003-03-01,CHF_CPI,95.7692
2003-04-01,CHF_CPI,95.9595
2003-05-01,CHF_CPI,95.8058
2003-06-01,CHF_CPI,95.8077
2003-07-01,CHF_CPI,95.0396
2003-08-01,CHF_CPI,95.2609
2003-09-01,CHF_CPI,95.3989
2003-10-01,CHF_CPI,95.8827
2003-11-01,CHF_CPI,95.7622
2003-12-01,CHF_CPI,95.7807
2004-01-01,CHF_CPI,95.4558
2004-02-01,CHF_CPI,95.4718
2004-03-01,CHF_CPI,95.6762
2004-04-01,CHF_CPI,96.4833
2004-05-01,CHF_CPI,96.7063
2004-06-01,CHF_CPI,96.8731
2004-07-01,CHF_CPI,95.8593
2004-08-01,CHF_CPI,96.2146
2004-09-01,CHF_CPI,96.2201
2004-10-01,CHF_CPI,97.1221
2004-11-01,CHF_CPI,97.2154
2004-12-01,CHF_CPI,97.0564
2005-01-01,CHF_CPI,96.6059
2005-02-01,CHF_CPI,96.8182
2005-03-01,CHF_CPI,97.0551
2005-04-01,CHF_CPI,97.8496
2005-05-01,CHF_CPI,97.7524
2005-06-01,CHF_CPI,97.5327
2005-07-01,CHF_CPI,96.9991
2005-08-01,CHF_CPI,97.1389
2005-09-01,CHF_CPI,97.5639
2005-10-01,CHF_CPI,98.4170
2005-11-01,CHF_CPI,98.1404
2005-12-01,CHF_CPI,98.0331
2006-01-01,CHF_CPI,97.8530
2006-02-01,CHF_CPI,98.1578
2006-03-01,CHF_CPI,98.0536
2006-04-01,CHF_CPI,98.8860
2006-05-01,CHF_CPI,99.0837
2006-06-01,CHF_CPI,99.0563
2006-07-01,CHF_CPI,98.3810
2006-08-01,CHF_CPI,98.5494
2006-09-01,CHF_CPI,98.3384
2006-10-01,CHF_CPI,98.6715
2006-11-01,CHF_CPI,98.6288
2006-12-01,CHF_CPI,98.6419
2007-01-01,CHF_CPI,97.9528
2007-02-01,CHF_CPI,98.1466
2007-03-01,CHF_CPI,98.2231
2007-04-01,CHF_CPI,99.3348
2007-05-01,CHF_CPI,99.5672
2007-06-01,CHF_CPI,99.6812
2007-07-01,CHF_CPI,99.0897
2007-08-01,CHF_CPI,98.9790
2007-09-01,CHF_CPI,99.0732
2007-10-01,CHF_CPI,99.9191
2007-11-01,CHF_CPI,100.3746
2007-12-01,CHF_CPI,100.6187
2008-01-01,CHF_CPI,100.3294
2008-02-01,CHF_CPI,100.4674
2008-03-01,CHF_CPI,100.8072
2008-04-01,CHF_CPI,101.6036
2008-05-01,CHF_CPI,102.4103
2008-06-01,CHF_CPI,102.5836
2008-07-01,CHF_CPI,102.1366
2008-08-01,CHF_CPI,101.8705
2008-09-01,CHF_CPI,101.9733
2008-10-01,CHF_CPI,102.5151
2008-11-01,CHF_CPI,101.8323
2008-12-01,CHF_CPI,101.3240
2009-01-01,CHF_CPI,100.4691
2009-02-01,CHF_CPI,100.7059
2009-03-01,CHF_CPI,100.3795
2009-04-01,CHF_CPI,101.2645
2009-05-01,CHF_CPI,101.4260
2009-06-01,CHF_CPI,101.6080
2009-07-01,CHF_CPI,100.9337
2009-08-01,CHF_CPI,101.0454
2009-09-01,CHF_CPI,101.0325
2009-10-01,CHF_CPI,101.6604
2009-11-01,CHF_CPI,101.8567
2009-12-01,CHF_CPI,101.6104
2010-01-01,CHF_CPI,101.4975
2010-02-01,CHF_CPI,101.6453
2010-03-01,CHF_CPI,101.7846
2010-04-01,CHF_CPI,102.6545
2010-05-01,CHF_CPI,102.5486
2010-06-01,CHF_CPI,102.1021
2010-07-01,CHF_CPI,101.3561
2010-08-01,CHF_CPI,101.3420
2010-09-01,CHF_CPI,101.3185
2010-10-01,CHF_CPI,101.8576
2010-11-01,CHF_CPI,102.1022
2010-12-01,CHF_CPI,102.1384
2011-01-01,CHF_CPI,101.7802
2011-02-01,CHF_CPI,102.1638
2011-03-01,CHF_CPI,102.8068
2011-04-01,CHF_CPI,102.9202
2011-05-01,CHF_CPI,102.9270
2011-06-01,CHF_CPI,102.6783
2011-07-01,CHF_CPI,101.8345
2011-08-01,CHF_CPI,101.5368
2011-09-01,CHF_CPI,101.8107
2011-10-01,CHF_CPI,101.7430
2011-11-01,CHF_CPI,101.5654
2011-12-01,CHF_CPI,101.4084
2012-01-01,CHF_CPI,100.9767
2012-02-01,CHF_CPI,101.2612
2012-03-01,CHF_CPI,101.8257
2012-04-01,CHF_CPI,101.9018
2012-05-01,CHF_CPI,101.8837
2012-06-01,CHF_CPI,101.5963
2012-07-01,CHF_CPI,101.1073
2012-08-01,CHF_CPI,101.0768
2012-09-01,CHF_CPI,101.3918
2012-10-01,CHF_CPI,101.5170
2012-11-01,CHF_CPI,101.1842
2012-12-01,CHF_CPI,100.9679
2013-01-01,CHF_CPI,100.7043
2013-02-01,CHF_CPI,101.0018
2013-03-01,CHF_CPI,101.2213
2013-04-01,CHF_CPI,101.2553
2013-05-01,CHF_CPI,101.3667
2013-06-01,CHF_CPI,101.4664
2013-07-01,CHF_CPI,101.1045
2013-08-01,CHF_CPI,101.0317
2013-09-01,CHF_CPI,101.3356
2013-10-01,CHF_CPI,101.2579
2013-11-01,CHF_CPI,101.2649
2013-12-01,CHF_CPI,101.0356
2014-01-01,CHF_CPI,100.7592
2014-02-01,CHF_CPI,100.8593
2014-03-01,CHF_CPI,101.2241
2014-04-01,CHF_CPI,101.2938
2014-05-01,CHF_CPI,101.5906
2014-06-01,CHF_CPI,101.5167
2014-07-01,CHF_CPI,101.1368
2014-08-01,CHF_CPI,101.1042
2014-09-01,CHF_CPI,101.2468
2014-10-01,CHF_CPI,101.2450
2014-11-01,CHF_CPI,101.2055
2014-12-01,CHF_CPI,100.7038
2015-01-01,CHF_CPI,100.2702
2015-02-01,CHF_CPI,100.0125
2015-03-01,CHF_CPI,100.3387
2015-04-01,CHF_CPI,100.1567
2015-05-01,CHF_CPI,100.3899
2015-06-01,CHF_CPI,100.4636
2015-07-01,CHF_CPI,99.8463
2015-08-01,CHF_CPI,99.6862
2015-09-01,CHF_CPI,99.7852
2015-10-01,CHF_CPI,99.8682
2015-11-01,CHF_CPI,99.7962
2015-12-01,CHF_CPI,99.3863
2016-01-01,CHF_CPI,99.0001
2016-02-01,CHF_CPI,99.1839
2016-03-01,CHF_CPI,99.4751
2016-04-01,CHF_CPI,99.8042
2016-05-01,CHF_CPI,99.9482
2016-06-01,CHF_CPI,100.0878
2016-07-01,CHF_CPI,99.6437
2016-08-01,CHF_CPI,99.5435
2016-09-01,CHF_CPI,99.6041
2016-10-01,CHF_CPI,99.6557
2016-11-01,CHF_CPI,99.4587
2016-12-01,CHF_CPI,99.3795
2017-01-01,CHF_CPI,99.3456
2017-02-01,CHF_CPI,99.8246
2017-03-01,CHF_CPI,100.0399
2017-04-01,CHF_CPI,100.2411
2017-05-01,CHF_CPI,100.4274
2017-06-01,CHF_CPI,100.2852
2017-07-01,CHF_CPI,99.9718
2017-08-01,CHF_CPI,100.0041
2017-09-01,CHF_CPI,100.2535
2017-10-01,CHF_CPI,100.3144
2017-11-01,CHF_CPI,100.2415
2017-12-01,CHF_CPI,100.2130
2018-01-01,CHF_CPI,100.0809
2018-02-01,CHF_CPI,100.4516
2018-03-01,CHF_CPI,100.8356
2018-04-01,CHF_CPI,101.0462
2018-05-01,CHF_CPI,101.4309
2018-06-01,CHF_CPI,101.4351
2018-07-01,CHF_CPI,101.2017
2018-08-01,CHF_CPI,101.1853
2018-09-01,CHF_CPI,101.2455
2018-10-01,CHF_CPI,101.4245
2018-11-01,CHF_CPI,101.1657
2018-12-01,CHF_CPI,100.9060
2019-01-01,CHF_CPI,100.6415
2019-02-01,CHF_CPI,101.0328
2019-03-01,CHF_CPI,101.5708
2019-04-01,CHF_CPI,101.7617
2019-05-01,CHF_CPI,102.0742
2019-06-01,CHF_CPI,102.0439
2019-07-01,CHF_CPI,101.5173
2019-08-01,CHF_CPI,101.5070
2019-09-01,CHF_CPI,101.3957
2019-10-01,CHF_CPI,101.1677
2019-11-01,CHF_CPI,101.0330
2019-12-01,CHF_CPI,101.0632
2020-01-01,CHF_CPI,100.8451
2020-02-01,CHF_CPI,100.9700
2020-03-01,CHF_CPI,101.0475
2020-04-01,CHF_CPI,100.6800
2020-05-01,CHF_CPI,100.7222
2020-06-01,CHF_CPI,100.7431
2020-07-01,CHF_CPI,100.5834
2020-08-01,CHF_CPI,100.6277
2020-09-01,CHF_CPI,100.5846
2020-10-01,CHF_CPI,100.5908
2020-11-01,CHF_CPI,100.3412
2020-12-01,CHF_CPI,100.2407
2021-01-01,CHF_CPI,100.2961
2021-02-01,CHF_CPI,100.4610
2021-03-01,CHF_CPI,100.7998
2021-04-01,CHF_CPI,101.0101
2021-05-01,CHF_CPI,101.2771
2021-06-01,CHF_CPI,101.3521
2021-07-01,CHF_CPI,101.2662
2021-08-01,CHF_CPI,101.5149
2021-09-01,CHF_CPI,101.5325
2021-10-01,CHF_CPI,101.8400
2021-11-01,CHF_CPI,101.8792
2021-12-01,CHF_CPI,101.7755
2022-01-01,CHF_CPI,101.9498
2022-02-01,CHF_CPI,102.6218
2022-03-01,CHF_CPI,103.2050
2022-04-01,CHF_CPI,103.5838
2022-05-01,CHF_CPI,104.2572
2022-06-01,CHF_CPI,104.7828
2022-07-01,CHF_CPI,104.7431
2022-08-01,CHF_CPI,105.0193
2022-09-01,CHF_CPI,104.8348
2022-10-01,CHF_CPI,104.8911
2022-11-01,CHF_CPI,104.8951
2022-12-01,CHF_CPI,104.6662
2023-01-01,CHF_CPI,105.2963
2023-02-01,CHF_CPI,106.0820
2023-03-01,CHF_CPI,106.2447
2023-04-01,CHF_CPI,106.2411
2023-05-01,CHF_CPI,106.5078
2023-06-01,CHF_CPI,106.5755
2023-07-01,CHF_CPI,106.4244
2023-08-01,CHF_CPI,106.6516
2023-09-01,CHF_CPI,106.5695
2023-10-01,CHF_CPI,106.6673
2023-11-01,CHF_CPI,106.4094
2023-12-01,CHF_CPI,106.4612
2024-01-01,CHF_CPI,106.6427
2024-02-01,CHF_CPI,107.3215
2024-03-01,CHF_CPI,107.3549
2024-04-01,CHF_CPI,107.6943
2024-05-01,CHF_CPI,107.9883
2024-06-01,CHF_CPI,107.9909
2024-07-01,CHF_CPI,107.7979
2024-08-01,CHF_CPI,107.7825
2024-09-01,CHF_CPI,107.4679
2024-10-01,CHF_CPI,107.3318
2024-11-01,CHF_CPI,107.1870
2024-12-01,CHF_CPI,107.1281
2025-01-01,CHF_CPI,107.0709
2025-02-01,CHF_CPI,107.6701
2025-03-01,CHF_CPI,107.7224
2025-04-01,CHF_CPI,107.7312
2003-01-01,CHF_GDP,133064.5000
2003-04-01,CHF_GDP,132832.1000
2003-07-01,CHF_GDP,134215.2000
2003-10-01,CHF_GDP,135664.4000
2004-01-01,CHF_GDP,136533.3000
2004-04-01,CHF_GDP,137351.6000
2004-07-01,CHF_GDP,137609.7000
2004-10-01,CHF_GDP,138141.8000
2005-01-01,CHF_GDP,138996.9000
2005-04-01,CHF_GDP,141134.3000
2005-07-01,CHF_GDP,142150.9000
2005-10-01,CHF_GDP,143580.0000
2006-01-01,CHF_GDP,145690.0000
2006-04-01,CHF_GDP,146454.6000
2006-07-01,CHF_GDP,147557.6000
2006-10-01,CHF_GDP,149554.5000
2007-01-01,CHF_GDP,150933.2000
2007-04-01,CHF_GDP,152833.1000
2007-07-01,CHF_GDP,153966.0000
2007-10-01,CHF_GDP,154995.5000
2008-01-01,CHF_GDP,155753.4000
2008-04-01,CHF_GDP,158257.6000
2008-07-01,CHF_GDP,158867.9000
2008-10-01,CHF_GDP,155360.7000
2009-01-01,CHF_GDP,152595.5000
2009-04-01,CHF_GDP,153051.5000
2009-07-01,CHF_GDP,154816.0000
2009-10-01,CHF_GDP,155620.8000
2010-01-01,CHF_GDP,157365.0000
2010-04-01,CHF_GDP,158590.7000
2010-07-01,CHF_GDP,159486.3000
2010-10-01,CHF_GDP,160730.1000
2011-01-01,CHF_GDP,160985.3000
2011-04-01,CHF_GDP,161748.2000
2011-07-01,CHF_GDP,160961.0000
2011-10-01,CHF_GDP,161432.7000
2012-01-01,CHF_GDP,162401.5000
2012-04-01,CHF_GDP,162465.8000
2012-07-01,CHF_GDP,163622.5000
2012-10-01,CHF_GDP,163889.5000
2013-01-01,CHF_GDP,164277.7000
2013-04-01,CHF_GDP,165902.6000
2013-07-01,CHF_GDP,166993.7000
2013-10-01,CHF_GDP,167183.8000
2014-01-01,CHF_GDP,168369.8000
2014-04-01,CHF_GDP,169768.5000
2014-07-01,CHF_GDP,171040.3000
2014-10-01,CHF_GDP,172076.5000
2015-01-01,CHF_GDP,171382.1000
2015-04-01,CHF_GDP,171838.4000
2015-07-01,CHF_GDP,173401.4000
2015-10-01,CHF_GDP,174542.1000
2016-01-01,CHF_GDP,175028.5000
2016-04-01,CHF_GDP,176429.0000
2016-07-01,CHF_GDP,176676.1000
2016-10-01,CHF_GDP,176242.7000
2017-01-01,CHF_GDP,176838.8000
2017-04-01,CHF_GDP,177647.6000
2017-07-01,CHF_GDP,179069.8000
2017-10-01,CHF_GDP,180824.8000
2018-01-01,CHF_GDP,183206.4000
2018-04-01,CHF_GDP,185509.6000
2018-07-01,CHF_GDP,184357.2000
2018-10-01,CHF_GDP,185078.2000
2019-01-01,CHF_GDP,185376.7000
2019-04-01,CHF_GDP,186368.1000
2019-07-01,CHF_GDP,187230.3000
2019-10-01,CHF_GDP,187409.1000
2020-01-01,CHF_GDP,185462.3000
2020-04-01,CHF_GDP,173487.9000
2020-07-01,CHF_GDP,184522.5000
2020-10-01,CHF_GDP,186078.7000
2021-01-01,CHF_GDP,187247.5000
2021-04-01,CHF_GDP,192452.5000
2021-07-01,CHF_GDP,196670.0000
2021-10-01,CHF_GDP,198240.1000
2022-01-01,CHF_GDP,198900.5000
2022-04-01,CHF_GDP,200098.7000
2022-07-01,CHF_GDP,201288.0000
2022-10-01,CHF_GDP,201700.0000
2023-01-01,CHF_GDP,202549.2000
2023-04-01,CHF_GDP,201226.6000
2023-07-01,CHF_GDP,202076.6000
2023-10-01,CHF_GDP,202755.7000
2024-01-01,CHF_GDP,202709.7000
2024-04-01,CHF_GDP,205061.5000
2024-07-01,CHF_GDP,205888.4000
2024-10-01,CHF_GDP,206190.9000
2025-01-01,CHF_GDP,207789.5000
2025-04-01,CHF_GDP,207861.8000
2025-07-01,CHF_GDP,207221.9000
2025-10-01,CHF_GDP,207635.8000
2003-01-01,EUR_CPI,62.2700
2003-02-01,EUR_CPI,62.5200
2003-03-01,EUR_CPI,62.8800
2003-04-01,EUR_CPI,62.9800
2003-05-01,EUR_CPI,62.9400
2003-06-01,EUR_CPI,63.0200
2003-07-01,EUR_CPI,62.9200
2003-08-01,EUR_CPI,63.0200
2003-09-01,EUR_CPI,63.2400
2003-10-01,EUR_CPI,63.3400
2003-11-01,EUR_CPI,63.3600
2003-12-01,EUR_CPI,63.5600
2004-01-01,EUR_CPI,63.4200
2004-02-01,EUR_CPI,63.5700
2004-03-01,EUR_CPI,63.9700
2004-04-01,EUR_CPI,64.3000
2004-05-01,EUR_CPI,64.5000
2004-06-01,EUR_CPI,64.5400
2004-07-01,EUR_CPI,64.4000
2004-08-01,EUR_CPI,64.5300
2004-09-01,EUR_CPI,64.6000
2004-10-01,EUR_CPI,64.8500
2004-11-01,EUR_CPI,64.8100
2004-12-01,EUR_CPI,65.0500
2005-01-01,EUR_CPI,64.6500
2005-02-01,EUR_CPI,64.8900
2005-03-01,EUR_CPI,65.3700
2005-04-01,EUR_CPI,65.6400
2005-05-01,EUR_CPI,65.7800
2005-06-01,EUR_CPI,65.8600
2005-07-01,EUR_CPI,65.7800
2005-08-01,EUR_CPI,65.9400
2005-09-01,EUR_CPI,66.2800
2005-10-01,EUR_CPI,66.4500
2005-11-01,EUR_CPI,66.3100
2005-12-01,EUR_CPI,66.5300
2006-01-01,EUR_CPI,66.2400
2006-02-01,EUR_CPI,66.4200
2006-03-01,EUR_CPI,66.8100
2006-04-01,EUR_CPI,67.2500
2006-05-01,EUR_CPI,67.4400
2006-06-01,EUR_CPI,67.4900
2006-07-01,EUR_CPI,67.4100
2006-08-01,EUR_CPI,67.4700
2006-09-01,EUR_CPI,67.4700
2006-10-01,EUR_CPI,67.5300
2006-11-01,EUR_CPI,67.5500
2006-12-01,EUR_CPI,67.8100
2007-01-01,EUR_CPI,67.4700
2007-02-01,EUR_CPI,67.6700
2007-03-01,EUR_CPI,68.1200
2007-04-01,EUR_CPI,68.5500
2007-05-01,EUR_CPI,68.7100
2007-06-01,EUR_CPI,68.7800
2007-07-01,EUR_CPI,68.6200
2007-08-01,EUR_CPI,68.6700
2007-09-01,EUR_CPI,68.9300
2007-10-01,EUR_CPI,69.2700
2007-11-01,EUR_CPI,69.6500
2007-12-01,EUR_CPI,69.9200
2008-01-01,EUR_CPI,69.6800
2008-02-01,EUR_CPI,69.9200
2008-03-01,EUR_CPI,70.6100
2008-04-01,EUR_CPI,70.8400
2008-05-01,EUR_CPI,71.2800
2008-06-01,EUR_CPI,71.5600
2008-07-01,EUR_CPI,71.4500
2008-08-01,EUR_CPI,71.3500
2008-09-01,EUR_CPI,71.4900
2008-10-01,EUR_CPI,71.5100
2008-11-01,EUR_CPI,71.1700
2008-12-01,EUR_CPI,71.0800
2009-01-01,EUR_CPI,70.5000
2009-02-01,EUR_CPI,70.7900
2009-03-01,EUR_CPI,71.0500
2009-04-01,EUR_CPI,71.3000
2009-05-01,EUR_CPI,71.3400
2009-06-01,EUR_CPI,71.4800
2009-07-01,EUR_CPI,71.0100
2009-08-01,EUR_CPI,71.2500
2009-09-01,EUR_CPI,71.2600
2009-10-01,EUR_CPI,71.4200
2009-11-01,EUR_CPI,71.5100
2009-12-01,EUR_CPI,71.7300
2010-01-01,EUR_CPI,71.1500
2010-02-01,EUR_CPI,71.3700
2010-03-01,EUR_CPI,72.1600
2010-04-01,EUR_CPI,72.4500
2010-05-01,EUR_CPI,72.5400
2010-06-01,EUR_CPI,72.5400
2010-07-01,EUR_CPI,72.2300
2010-08-01,EUR_CPI,72.3700
2010-09-01,EUR_CPI,72.6000
2010-10-01,EUR_CPI,72.8100
2010-11-01,EUR_CPI,72.8800
2010-12-01,EUR_CPI,73.3200
2011-01-01,EUR_CPI,72.8000
2011-02-01,EUR_CPI,73.1100
2011-03-01,EUR_CPI,74.0900
2011-04-01,EUR_CPI,74.5100
2011-05-01,EUR_CPI,74.5200
2011-06-01,EUR_CPI,74.5100
2011-07-01,EUR_CPI,74.0900
2011-08-01,EUR_CPI,74.2200
2011-09-01,EUR_CPI,74.7700
2011-10-01,EUR_CPI,75.0300
2011-11-01,EUR_CPI,75.0900
2011-12-01,EUR_CPI,75.3400
2012-01-01,EUR_CPI,74.7400
2012-02-01,EUR_CPI,75.1100
2012-03-01,EUR_CPI,76.0800
2012-04-01,EUR_CPI,76.4300
2012-05-01,EUR_CPI,76.3300
2012-06-01,EUR_CPI,76.2700
2012-07-01,EUR_CPI,75.8700
2012-08-01,EUR_CPI,76.1600
2012-09-01,EUR_CPI,76.7200
2012-10-01,EUR_CPI,76.9000
2012-11-01,EUR_CPI,76.7400
2012-12-01,EUR_CPI,77.0200
2013-01-01,EUR_CPI,76.2200
2013-02-01,EUR_CPI,76.5000
2013-03-01,EUR_CPI,77.4000
2013-04-01,EUR_CPI,77.3300
2013-05-01,EUR_CPI,77.4100
2013-06-01,EUR_CPI,77.5000
2013-07-01,EUR_CPI,77.0800
2013-08-01,EUR_CPI,77.1800
2013-09-01,EUR_CPI,77.5500
2013-10-01,EUR_CPI,77.4600
2013-11-01,EUR_CPI,77.3900
2013-12-01,EUR_CPI,77.6700
2014-01-01,EUR_CPI,76.8000
2014-02-01,EUR_CPI,77.0400
2014-03-01,EUR_CPI,77.7600
2014-04-01,EUR_CPI,77.8800
2014-05-01,EUR_CPI,77.7900
2014-06-01,EUR_CPI,77.8800
2014-07-01,EUR_CPI,77.3700
2014-08-01,EUR_CPI,77.4600
2014-09-01,EUR_CPI,77.8000
2014-10-01,EUR_CPI,77.7500
2014-11-01,EUR_CPI,77.6100
2014-12-01,EUR_CPI,77.5400
2015-01-01,EUR_CPI,76.3400
2015-02-01,EUR_CPI,76.8100
2015-03-01,EUR_CPI,77.7100
2015-04-01,EUR_CPI,78.0400
2015-05-01,EUR_CPI,78.2600
2015-06-01,EUR_CPI,78.2700
2015-07-01,EUR_CPI,77.7900
2015-08-01,EUR_CPI,77.7900
2015-09-01,EUR_CPI,77.9600
2015-10-01,EUR_CPI,78.0500
2015-11-01,EUR_CPI,77.7200
2015-12-01,EUR_CPI,77.7300
2016-01-01,EUR_CPI,76.5800
2016-02-01,EUR_CPI,76.7100
2016-03-01,EUR_CPI,77.6700
2016-04-01,EUR_CPI,77.8400
2016-05-01,EUR_CPI,78.1600
2016-06-01,EUR_CPI,78.3000
2016-07-01,EUR_CPI,77.9200
2016-08-01,EUR_CPI,77.9700
2016-09-01,EUR_CPI,78.2700
2016-10-01,EUR_CPI,78.4500
2016-11-01,EUR_CPI,78.1700
2016-12-01,EUR_CPI,78.5800
2017-01-01,EUR_CPI,77.9100
2017-02-01,EUR_CPI,78.2100
2017-03-01,EUR_CPI,78.8700
2017-04-01,EUR_CPI,79.3100
2017-05-01,EUR_CPI,79.2500
2017-06-01,EUR_CPI,79.3200
2017-07-01,EUR_CPI,78.9600
2017-08-01,EUR_CPI,79.1700
2017-09-01,EUR_CPI,79.4900
2017-10-01,EUR_CPI,79.5300
2017-11-01,EUR_CPI,79.3600
2017-12-01,EUR_CPI,79.6400
2018-01-01,EUR_CPI,78.9200
2018-02-01,EUR_CPI,79.0900
2018-03-01,EUR_CPI,79.9700
2018-04-01,EUR_CPI,80.2900
2018-05-01,EUR_CPI,80.7900
2018-06-01,EUR_CPI,80.8800
2018-07-01,EUR_CPI,80.7000
2018-08-01,EUR_CPI,80.8200
2018-09-01,EUR_CPI,81.1400
2018-10-01,EUR_CPI,81.3400
2018-11-01,EUR_CPI,80.8900
2018-12-01,EUR_CPI,80.8500
2019-01-01,EUR_CPI,80.0100
2019-02-01,EUR_CPI,80.2700
2019-03-01,EUR_CPI,81.0900
2019-04-01,EUR_CPI,81.6700
2019-05-01,EUR_CPI,81.7800
2019-06-01,EUR_CPI,81.9100
2019-07-01,EUR_CPI,81.5200
2019-08-01,EUR_CPI,81.6400
2019-09-01,EUR_CPI,81.8200
2019-10-01,EUR_CPI,81.9300
2019-11-01,EUR_CPI,81.6700
2019-12-01,EUR_CPI,81.9300
2020-01-01,EUR_CPI,81.1000
2020-02-01,EUR_CPI,81.2500
2020-03-01,EUR_CPI,81.6900
2020-04-01,EUR_CPI,81.9300
2020-05-01,EUR_CPI,81.8500
2020-06-01,EUR_CPI,82.1300
2020-07-01,EUR_CPI,81.8400
2020-08-01,EUR_CPI,81.5000
2020-09-01,EUR_CPI,81.5600
2020-10-01,EUR_CPI,81.7100
2020-11-01,EUR_CPI,81.4300
2020-12-01,EUR_CPI,81.7000
2021-01-01,EUR_CPI,81.8400
2021-02-01,EUR_CPI,82.0100
2021-03-01,EUR_CPI,82.7800
2021-04-01,EUR_CPI,83.2500
2021-05-01,EUR_CPI,83.4700
2021-06-01,EUR_CPI,83.6900
2021-07-01,EUR_CPI,83.6100
2021-08-01,EUR_CPI,83.9000
2021-09-01,EUR_CPI,84.3000
2021-10-01,EUR_CPI,85.0200
2021-11-01,EUR_CPI,85.4000
2021-12-01,EUR_CPI,85.7600
2022-01-01,EUR_CPI,86.0200
2022-02-01,EUR_CPI,86.8300
2022-03-01,EUR_CPI,88.9400
2022-04-01,EUR_CPI,89.4500
2022-05-01,EUR_CPI,90.1900
2022-06-01,EUR_CPI,90.9200
2022-07-01,EUR_CPI,91.0200
2022-08-01,EUR_CPI,91.5800
2022-09-01,EUR_CPI,92.6700
2022-10-01,EUR_CPI,94.0500
2022-11-01,EUR_CPI,93.9800
2022-12-01,EUR_CPI,93.6500
2023-01-01,EUR_CPI,93.4500
2023-02-01,EUR_CPI,94.2100
2023-03-01,EUR_CPI,95.0600
2023-04-01,EUR_CPI,95.6600
2023-05-01,EUR_CPI,95.6900
2023-06-01,EUR_CPI,95.9300
2023-07-01,EUR_CPI,95.8300
2023-08-01,EUR_CPI,96.3500
2023-09-01,EUR_CPI,96.6700
2023-10-01,EUR_CPI,96.7500
2023-11-01,EUR_CPI,96.2100
2023-12-01,EUR_CPI,96.3700
2024-01-01,EUR_CPI,96.0300
2024-02-01,EUR_CPI,96.6300
2024-03-01,EUR_CPI,97.3500
2024-04-01,EUR_CPI,97.9100
2024-05-01,EUR_CPI,98.1300
2024-06-01,EUR_CPI,98.3300
2024-07-01,EUR_CPI,98.3000
2024-08-01,EUR_CPI,98.4300
2024-09-01,EUR_CPI,98.3400
2024-10-01,EUR_CPI,98.6800
2024-11-01,EUR_CPI,98.3600
2024-12-01,EUR_CPI,98.7100
2025-01-01,EUR_CPI,98.4300
2025-02-01,EUR_CPI,98.8500
2025-03-01,EUR_CPI,99.4600
2025-04-01,EUR_CPI,100.0200
2025-05-01,EUR_CPI,99.9600
2025-06-01,EUR_CPI,100.2600
2025-07-01,EUR_CPI,100.2800
2025-08-01,EUR_CPI,100.4200
2025-09-01,EUR_CPI,100.5200
2025-10-01,EUR_CPI,100.7300
2025-11-01,EUR_CPI,100.4400
2025-12-01,EUR_CPI,100.6200
2026-01-01,EUR_CPI,100.0400
2026-02-01,EUR_CPI,100.7000
2026-03-01,EUR_CPI,101.9800
2026-04-01,EUR_CPI,103.0200
2003-01-01,EUR_Core CPI,63.2400
2003-02-01,EUR_Core CPI,63.4900
2003-03-01,EUR_Core CPI,63.8700
2003-04-01,EUR_Core CPI,63.9400
2003-05-01,EUR_Core CPI,63.9000
2003-06-01,EUR_Core CPI,63.9800
2003-07-01,EUR_Core CPI,63.8700
2003-08-01,EUR_Core CPI,63.9800
2003-09-01,EUR_Core CPI,64.2000
2003-10-01,EUR_Core CPI,64.2800
2003-11-01,EUR_Core CPI,64.2800
2003-12-01,EUR_Core CPI,64.4800
2004-01-01,EUR_Core CPI,64.3000
2004-02-01,EUR_Core CPI,64.4500
2004-03-01,EUR_Core CPI,64.7800
2004-04-01,EUR_Core CPI,65.1000
2004-05-01,EUR_Core CPI,65.3200
2004-06-01,EUR_Core CPI,65.3600
2004-07-01,EUR_Core CPI,65.2100
2004-08-01,EUR_Core CPI,65.3300
2004-09-01,EUR_Core CPI,65.4200
2004-10-01,EUR_Core CPI,65.6800
2004-11-01,EUR_Core CPI,65.6400
2004-12-01,EUR_Core CPI,65.8100
2005-01-01,EUR_Core CPI,65.3900
2005-02-01,EUR_Core CPI,65.6300
2005-03-01,EUR_Core CPI,66.1300
2005-04-01,EUR_Core CPI,66.4000
2005-05-01,EUR_Core CPI,66.5400
2005-06-01,EUR_Core CPI,66.6200
2005-07-01,EUR_Core CPI,66.5400
2005-08-01,EUR_Core CPI,66.6900
2005-09-01,EUR_Core CPI,67.0100
2005-10-01,EUR_Core CPI,67.1800
2005-11-01,EUR_Core CPI,67.0300
2005-12-01,EUR_Core CPI,67.2700
2006-01-01,EUR_Core CPI,66.9700
2006-02-01,EUR_Core CPI,67.1600
2006-03-01,EUR_Core CPI,67.5400
2006-04-01,EUR_Core CPI,68.0000
2006-05-01,EUR_Core CPI,68.1900
2006-06-01,EUR_Core CPI,68.2400
2006-07-01,EUR_Core CPI,68.1400
2006-08-01,EUR_Core CPI,68.2000
2006-09-01,EUR_Core CPI,68.2000
2006-10-01,EUR_Core CPI,68.2300
2006-11-01,EUR_Core CPI,68.2600
2006-12-01,EUR_Core CPI,68.5300
2007-01-01,EUR_Core CPI,68.1600
2007-02-01,EUR_Core CPI,68.3500
2007-03-01,EUR_Core CPI,68.8200
2007-04-01,EUR_Core CPI,69.2600
2007-05-01,EUR_Core CPI,69.4300
2007-06-01,EUR_Core CPI,69.5000
2007-07-01,EUR_Core CPI,69.3300
2007-08-01,EUR_Core CPI,69.3600
2007-09-01,EUR_Core CPI,69.6300
2007-10-01,EUR_Core CPI,69.9900
2007-11-01,EUR_Core CPI,70.3700
2007-12-01,EUR_Core CPI,70.6600
2008-01-01,EUR_Core CPI,70.3800
2008-02-01,EUR_Core CPI,70.6300
2008-03-01,EUR_Core CPI,71.3400
2008-04-01,EUR_Core CPI,71.5800
2008-05-01,EUR_Core CPI,72.0300
2008-06-01,EUR_Core CPI,72.3100
2008-07-01,EUR_Core CPI,72.1900
2008-08-01,EUR_Core CPI,72.0900
2008-09-01,EUR_Core CPI,72.2300
2008-10-01,EUR_Core CPI,72.2500
2008-11-01,EUR_Core CPI,71.8900
2008-12-01,EUR_Core CPI,71.7900
2009-01-01,EUR_Core CPI,71.1900
2009-02-01,EUR_Core CPI,71.4700
2009-03-01,EUR_Core CPI,71.7400
2009-04-01,EUR_Core CPI,71.9900
2009-05-01,EUR_Core CPI,72.0200
2009-06-01,EUR_Core CPI,72.1300
2009-07-01,EUR_Core CPI,71.6400
2009-08-01,EUR_Core CPI,71.8800
2009-09-01,EUR_Core CPI,71.9000
2009-10-01,EUR_Core CPI,72.0600
2009-11-01,EUR_Core CPI,72.1300
2009-12-01,EUR_Core CPI,72.3500
2010-01-01,EUR_Core CPI,71.7500
2010-02-01,EUR_Core CPI,71.9700
2010-03-01,EUR_Core CPI,72.7800
2010-04-01,EUR_Core CPI,73.0700
2010-05-01,EUR_Core CPI,73.1500
2010-06-01,EUR_Core CPI,73.1400
2010-07-01,EUR_Core CPI,72.8200
2010-08-01,EUR_Core CPI,72.9600
2010-09-01,EUR_Core CPI,73.1900
2010-10-01,EUR_Core CPI,73.4100
2010-11-01,EUR_Core CPI,73.4700
2010-12-01,EUR_Core CPI,73.9000
2011-01-01,EUR_Core CPI,73.3500
2011-02-01,EUR_Core CPI,73.6700
2011-03-01,EUR_Core CPI,74.6900
2011-04-01,EUR_Core CPI,75.1100
2011-05-01,EUR_Core CPI,75.1100
2011-06-01,EUR_Core CPI,75.1100
2011-07-01,EUR_Core CPI,74.6600
2011-08-01,EUR_Core CPI,74.7900
2011-09-01,EUR_Core CPI,75.3400
2011-10-01,EUR_Core CPI,75.5800
2011-11-01,EUR_Core CPI,75.6400
2011-12-01,EUR_Core CPI,75.8900
2012-01-01,EUR_Core CPI,75.2600
2012-02-01,EUR_Core CPI,75.6400
2012-03-01,EUR_Core CPI,76.6400
2012-04-01,EUR_Core CPI,76.9900
2012-05-01,EUR_Core CPI,76.8700
2012-06-01,EUR_Core CPI,76.8100
2012-07-01,EUR_Core CPI,76.3900
2012-08-01,EUR_Core CPI,76.6900
2012-09-01,EUR_Core CPI,77.2600
2012-10-01,EUR_Core CPI,77.4200
2012-11-01,EUR_Core CPI,77.2600
2012-12-01,EUR_Core CPI,77.5400
2013-01-01,EUR_Core CPI,76.7100
2013-02-01,EUR_Core CPI,76.9900
2013-03-01,EUR_Core CPI,77.9100
2013-04-01,EUR_Core CPI,77.8400
2013-05-01,EUR_Core CPI,77.9200
2013-06-01,EUR_Core CPI,78.0000
2013-07-01,EUR_Core CPI,77.5500
2013-08-01,EUR_Core CPI,77.6400
2013-09-01,EUR_Core CPI,78.0200
2013-10-01,EUR_Core CPI,77.9200
2013-11-01,EUR_Core CPI,77.8600
2013-12-01,EUR_Core CPI,78.1400
2014-01-01,EUR_Core CPI,77.2400
2014-02-01,EUR_Core CPI,77.4700
2014-03-01,EUR_Core CPI,78.2100
2014-04-01,EUR_Core CPI,78.3300
2014-05-01,EUR_Core CPI,78.2400
2014-06-01,EUR_Core CPI,78.3300
2014-07-01,EUR_Core CPI,77.8000
2014-08-01,EUR_Core CPI,77.8900
2014-09-01,EUR_Core CPI,78.2300
2014-10-01,EUR_Core CPI,78.1800
2014-11-01,EUR_Core CPI,78.0300
2014-12-01,EUR_Core CPI,77.9500
2015-01-01,EUR_Core CPI,76.7100
2015-02-01,EUR_Core CPI,77.1800
2015-03-01,EUR_Core CPI,78.1000
2015-04-01,EUR_Core CPI,78.4400
2015-05-01,EUR_Core CPI,78.6600
2015-06-01,EUR_Core CPI,78.6700
2015-07-01,EUR_Core CPI,78.1700
2015-08-01,EUR_Core CPI,78.1700
2015-09-01,EUR_Core CPI,78.3300
2015-10-01,EUR_Core CPI,78.4300
2015-11-01,EUR_Core CPI,78.0800
2015-12-01,EUR_Core CPI,78.1000
2016-01-01,EUR_Core CPI,76.9200
2016-02-01,EUR_Core CPI,77.0500
2016-03-01,EUR_Core CPI,78.0300
2016-04-01,EUR_Core CPI,78.1900
2016-05-01,EUR_Core CPI,78.5100
2016-06-01,EUR_Core CPI,78.6500
2016-07-01,EUR_Core CPI,78.2600
2016-08-01,EUR_Core CPI,78.3000
2016-09-01,EUR_Core CPI,78.6100
2016-10-01,EUR_Core CPI,78.7900
2016-11-01,EUR_Core CPI,78.5100
2016-12-01,EUR_Core CPI,78.9300
2017-01-01,EUR_Core CPI,78.2300
2017-02-01,EUR_Core CPI,78.5400
2017-03-01,EUR_Core CPI,79.2000
2017-04-01,EUR_Core CPI,79.6400
2017-05-01,EUR_Core CPI,79.5700
2017-06-01,EUR_Core CPI,79.6400
2017-07-01,EUR_Core CPI,79.2700
2017-08-01,EUR_Core CPI,79.4800
2017-09-01,EUR_Core CPI,79.8000
2017-10-01,EUR_Core CPI,79.8400
2017-11-01,EUR_Core CPI,79.6700
2017-12-01,EUR_Core CPI,79.9400
2018-01-01,EUR_Core CPI,79.1900
2018-02-01,EUR_Core CPI,79.3700
2018-03-01,EUR_Core CPI,80.2100
2018-04-01,EUR_Core CPI,80.5300
2018-05-01,EUR_Core CPI,81.0400
2018-06-01,EUR_Core CPI,81.1300
2018-07-01,EUR_Core CPI,80.9400
2018-08-01,EUR_Core CPI,81.0600
2018-09-01,EUR_Core CPI,81.3900
2018-10-01,EUR_Core CPI,81.5900
2018-11-01,EUR_Core CPI,81.1300
2018-12-01,EUR_Core CPI,81.0900
2019-01-01,EUR_Core CPI,80.2300
2019-02-01,EUR_Core CPI,80.4800
2019-03-01,EUR_Core CPI,81.2800
2019-04-01,EUR_Core CPI,81.8700
2019-05-01,EUR_Core CPI,81.9800
2019-06-01,EUR_Core CPI,82.1100
2019-07-01,EUR_Core CPI,81.7100
2019-08-01,EUR_Core CPI,81.8300
2019-09-01,EUR_Core CPI,82.0000
2019-10-01,EUR_Core CPI,82.1200
2019-11-01,EUR_Core CPI,81.8300
2019-12-01,EUR_Core CPI,82.0900
2020-01-01,EUR_Core CPI,81.2500
2020-02-01,EUR_Core CPI,81.3900
2020-03-01,EUR_Core CPI,81.8100
2020-04-01,EUR_Core CPI,82.0400
2020-05-01,EUR_Core CPI,81.9400
2020-06-01,EUR_Core CPI,82.2200
2020-07-01,EUR_Core CPI,81.9100
2020-08-01,EUR_Core CPI,81.5600
2020-09-01,EUR_Core CPI,81.6300
2020-10-01,EUR_Core CPI,81.7800
2020-11-01,EUR_Core CPI,81.4800
2020-12-01,EUR_Core CPI,81.7600
2021-01-01,EUR_Core CPI,81.9000
2021-02-01,EUR_Core CPI,82.0700
2021-03-01,EUR_Core CPI,82.8400
2021-04-01,EUR_Core CPI,83.3100
2021-05-01,EUR_Core CPI,83.5300
2021-06-01,EUR_Core CPI,83.7500
2021-07-01,EUR_Core CPI,83.6700
2021-08-01,EUR_Core CPI,83.9700
2021-09-01,EUR_Core CPI,84.3800
2021-10-01,EUR_Core CPI,85.1100
2021-11-01,EUR_Core CPI,85.5000
2021-12-01,EUR_Core CPI,85.8700
2022-01-01,EUR_Core CPI,86.1300
2022-02-01,EUR_Core CPI,86.9500
2022-03-01,EUR_Core CPI,89.1100
2022-04-01,EUR_Core CPI,89.6200
2022-05-01,EUR_Core CPI,90.3800
2022-06-01,EUR_Core CPI,91.1200
2022-07-01,EUR_Core CPI,91.2300
2022-08-01,EUR_Core CPI,91.7900
2022-09-01,EUR_Core CPI,92.9100
2022-10-01,EUR_Core CPI,94.3200
2022-11-01,EUR_Core CPI,94.2500
2022-12-01,EUR_Core CPI,93.8900
2023-01-01,EUR_Core CPI,93.6700
2023-02-01,EUR_Core CPI,94.4300
2023-03-01,EUR_Core CPI,95.2700
2023-04-01,EUR_Core CPI,95.8700
2023-05-01,EUR_Core CPI,95.8900
2023-06-01,EUR_Core CPI,96.1100
2023-07-01,EUR_Core CPI,96.0000
2023-08-01,EUR_Core CPI,96.5300
2023-09-01,EUR_Core CPI,96.8600
2023-10-01,EUR_Core CPI,96.9400
2023-11-01,EUR_Core CPI,96.3800
2023-12-01,EUR_Core CPI,96.5400
2024-01-01,EUR_Core CPI,96.1500
2024-02-01,EUR_Core CPI,96.7300
2024-03-01,EUR_Core CPI,97.4700
2024-04-01,EUR_Core CPI,98.0300
2024-05-01,EUR_Core CPI,98.2400
2024-06-01,EUR_Core CPI,98.4200
2024-07-01,EUR_Core CPI,98.3600
2024-08-01,EUR_Core CPI,98.4900
2024-09-01,EUR_Core CPI,98.3900
2024-10-01,EUR_Core CPI,98.7200
2024-11-01,EUR_Core CPI,98.3900
2024-12-01,EUR_Core CPI,98.7400
2025-01-01,EUR_Core CPI,98.4300
2025-02-01,EUR_Core CPI,98.8600
2025-03-01,EUR_Core CPI,99.4700
2025-04-01,EUR_Core CPI,100.0400
2025-05-01,EUR_Core CPI,99.9600
2025-06-01,EUR_Core CPI,100.2600
2025-07-01,EUR_Core CPI,100.2700
2025-08-01,EUR_Core CPI,100.4200
2025-09-01,EUR_Core CPI,100.5100
2025-10-01,EUR_Core CPI,100.7300
2025-11-01,EUR_Core CPI,100.4300
2025-12-01,EUR_Core CPI,100.6000
2026-01-01,EUR_Core CPI,100.0000
2026-02-01,EUR_Core CPI,100.6500
2026-03-01,EUR_Core CPI,101.9500
2026-04-01,EUR_Core CPI,103.0000
2003-01-01,EUR_GDP,2203081.3000
2003-04-01,EUR_GDP,2204086.2000
2003-07-01,EUR_GDP,2218437.9000
2003-10-01,EUR_GDP,2232602.7000
2004-01-01,EUR_GDP,2244081.6000
2004-04-01,EUR_GDP,2258083.7000
2004-07-01,EUR_GDP,2263108.9000
2004-10-01,EUR_GDP,2273045.2000
2005-01-01,EUR_GDP,2279331.3000
2005-04-01,EUR_GDP,2293074.8000
2005-07-01,EUR_GDP,2310122.7000
2005-10-01,EUR_GDP,2326205.3000
2006-01-01,EUR_GDP,2348177.1000
2006-04-01,EUR_GDP,2373954.8000
2006-07-01,EUR_GDP,2386791.7000
2006-10-01,EUR_GDP,2414704.8000
2007-01-01,EUR_GDP,2431445.8000
2007-04-01,EUR_GDP,2447756.7000
2007-07-01,EUR_GDP,2457220.6000
2007-10-01,EUR_GDP,2469801.6000
2008-01-01,EUR_GDP,2485404.7000
2008-04-01,EUR_GDP,2473165.2000
2008-07-01,EUR_GDP,2459779.3000
2008-10-01,EUR_GDP,2417473.0000
2009-01-01,EUR_GDP,2343564.9000
2009-04-01,EUR_GDP,2343599.4000
2009-07-01,EUR_GDP,2352157.4000
2009-10-01,EUR_GDP,2362523.2000
2010-01-01,EUR_GDP,2371924.0000
2010-04-01,EUR_GDP,2394251.9000
2010-07-01,EUR_GDP,2404776.7000
2010-10-01,EUR_GDP,2419238.0000
2011-01-01,EUR_GDP,2442384.2000
2011-04-01,EUR_GDP,2442019.0000
2011-07-01,EUR_GDP,2442508.0000
2011-10-01,EUR_GDP,2435149.2000
2012-01-01,EUR_GDP,2429321.4000
2012-04-01,EUR_GDP,2420620.5000
2012-07-01,EUR_GDP,2417396.6000
2012-10-01,EUR_GDP,2407003.5000
2013-01-01,EUR_GDP,2398983.8000
2013-04-01,EUR_GDP,2414712.8000
2013-07-01,EUR_GDP,2421940.3000
2013-10-01,EUR_GDP,2427059.6000
2014-01-01,EUR_GDP,2438561.3000
2014-04-01,EUR_GDP,2444243.2000
2014-07-01,EUR_GDP,2456234.5000
2014-10-01,EUR_GDP,2465429.0000
2015-01-01,EUR_GDP,2484005.5000
2015-04-01,EUR_GDP,2494469.7000
2015-07-01,EUR_GDP,2505070.3000
2015-10-01,EUR_GDP,2517594.2000
2016-01-01,EUR_GDP,2529319.9000
2016-04-01,EUR_GDP,2534282.1000
2016-07-01,EUR_GDP,2546484.2000
2016-10-01,EUR_GDP,2565944.3000
2017-01-01,EUR_GDP,2586665.9000
2017-04-01,EUR_GDP,2603846.0000
2017-07-01,EUR_GDP,2622871.1000
2017-10-01,EUR_GDP,2644289.1000
2018-01-01,EUR_GDP,2645344.1000
2018-04-01,EUR_GDP,2658721.7000
2018-07-01,EUR_GDP,2660736.5000
2018-10-01,EUR_GDP,2675146.9000
2019-01-01,EUR_GDP,2694300.3000
2019-04-01,EUR_GDP,2704012.4000
2019-07-01,EUR_GDP,2709163.7000
2019-10-01,EUR_GDP,2706397.6000
2020-01-01,EUR_GDP,2618347.1000
2020-04-01,EUR_GDP,2327598.0000
2020-07-01,EUR_GDP,2596966.6000
2020-10-01,EUR_GDP,2605657.7000
2021-01-01,EUR_GDP,2625773.7000
2021-04-01,EUR_GDP,2682820.6000
2021-07-01,EUR_GDP,2729901.5000
2021-10-01,EUR_GDP,2751638.4000
2022-01-01,EUR_GDP,2771936.8000
2022-04-01,EUR_GDP,2797523.0000
2022-07-01,EUR_GDP,2810181.8000
2022-10-01,EUR_GDP,2808699.8000
2023-01-01,EUR_GDP,2807720.3000
2023-04-01,EUR_GDP,2812552.8000
2023-07-01,EUR_GDP,2812405.2000
2023-10-01,EUR_GDP,2814279.6000
2024-01-01,EUR_GDP,2822404.3000
2024-04-01,EUR_GDP,2827902.5000
2024-07-01,EUR_GDP,2840341.3000
2024-10-01,EUR_GDP,2851202.6000
2025-01-01,EUR_GDP,2868130.8000
2025-04-01,EUR_GDP,2872132.8000
2025-07-01,EUR_GDP,2880708.1000
2025-10-01,EUR_GDP,2886252.2000
2026-01-01,EUR_GDP,2890460.2000
2003-01-01,EUR_Policy Rate,1.7500
2003-01-02,EUR_Policy Rate,1.7500
2003-01-03,EUR_Policy Rate,1.7500
2003-01-04,EUR_Policy Rate,1.7500
2003-01-05,EUR_Policy Rate,1.7500
2003-01-06,EUR_Policy Rate,1.7500
2003-01-07,EUR_Policy Rate,1.7500
2003-01-08,EUR_Policy Rate,1.7500
2003-01-09,EUR_Policy Rate,1.7500
2003-01-10,EUR_Policy Rate,1.7500
2003-01-11,EUR_Policy Rate,1.7500
2003-01-12,EUR_Policy Rate,1.7500
2003-01-13,EUR_Policy Rate,1.7500
2003-01-14,EUR_Policy Rate,1.7500
2003-01-15,EUR_Policy Rate,1.7500
2003-01-16,EUR_Policy Rate,1.7500
2003-01-17,EUR_Policy Rate,1.7500
2003-01-18,EUR_Policy Rate,1.7500
2003-01-19,EUR_Policy Rate,1.7500
2003-01-20,EUR_Policy Rate,1.7500
2003-01-21,EUR_Policy Rate,1.7500
2003-01-22,EUR_Policy Rate,1.7500
2003-01-23,EUR_Policy Rate,1.7500
2003-01-24,EUR_Policy Rate,1.7500
2003-01-25,EUR_Policy Rate,1.7500
2003-01-26,EUR_Policy Rate,1.7500
2003-01-27,EUR_Policy Rate,1.7500
2003-01-28,EUR_Policy Rate,1.7500
2003-01-29,EUR_Policy Rate,1.7500
2003-01-30,EUR_Policy Rate,1.7500
2003-01-31,EUR_Policy Rate,1.7500
2003-02-01,EUR_Policy Rate,1.7500
2003-02-02,EUR_Policy Rate,1.7500
2003-02-03,EUR_Policy Rate,1.7500
2003-02-04,EUR_Policy Rate,1.7500
2003-02-05,EUR_Policy Rate,1.7500
2003-02-06,EUR_Policy Rate,1.7500
2003-02-07,EUR_Policy Rate,1.7500
2003-02-08,EUR_Policy Rate,1.7500
2003-02-09,EUR_Policy Rate,1.7500
2003-02-10,EUR_Policy Rate,1.7500
2003-02-11,EUR_Policy Rate,1.7500
2003-02-12,EUR_Policy Rate,1.7500
2003-02-13,EUR_Policy Rate,1.7500
2003-02-14,EUR_Policy Rate,1.7500
2003-02-15,EUR_Policy Rate,1.7500
2003-02-16,EUR_Policy Rate,1.7500
2003-02-17,EUR_Policy Rate,1.7500
2003-02-18,EUR_Policy Rate,1.7500
2003-02-19,EUR_Policy Rate,1.7500
2003-02-20,EUR_Policy Rate,1.7500
2003-02-21,EUR_Policy Rate,1.7500
2003-02-22,EUR_Policy Rate,1.7500
2003-02-23,EUR_Policy Rate,1.7500
2003-02-24,EUR_Policy Rate,1.7500
2003-02-25,EUR_Policy Rate,1.7500
2003-02-26,EUR_Policy Rate,1.7500
2003-02-27,EUR_Policy Rate,1.7500
2003-02-28,EUR_Policy Rate,1.7500
2003-03-01,EUR_Policy Rate,1.7500
2003-03-02,EUR_Policy Rate,1.7500
2003-03-03,EUR_Policy Rate,1.7500
2003-03-04,EUR_Policy Rate,1.7500
2003-03-05,EUR_Policy Rate,1.7500
2003-03-06,EUR_Policy Rate,1.7500
2003-03-07,EUR_Policy Rate,1.5000
2003-03-08,EUR_Policy Rate,1.5000
2003-03-09,EUR_Policy Rate,1.5000
2003-03-10,EUR_Policy Rate,1.5000
2003-03-11,EUR_Policy Rate,1.5000
2003-03-12,EUR_Policy Rate,1.5000
2003-03-13,EUR_Policy Rate,1.5000
2003-03-14,EUR_Policy Rate,1.5000
2003-03-15,EUR_Policy Rate,1.5000
2003-03-16,EUR_Policy Rate,1.5000
2003-03-17,EUR_Policy Rate,1.5000
2003-03-18,EUR_Policy Rate,1.5000
2003-03-19,EUR_Policy Rate,1.5000
2003-03-20,EUR_Policy Rate,1.5000
2003-03-21,EUR_Policy Rate,1.5000
2003-03-22,EUR_Policy Rate,1.5000
2003-03-23,EUR_Policy Rate,1.5000
2003-03-24,EUR_Policy Rate,1.5000
2003-03-25,EUR_Policy Rate,1.5000
2003-03-26,EUR_Policy Rate,1.5000
2003-03-27,EUR_Policy Rate,1.5000
2003-03-28,EUR_Policy Rate,1.5000
2003-03-29,EUR_Policy Rate,1.5000
2003-03-30,EUR_Policy Rate,1.5000
2003-03-31,EUR_Policy Rate,1.5000
2003-04-01,EUR_Policy Rate,1.5000
2003-04-02,EUR_Policy Rate,1.5000
2003-04-03,EUR_Policy Rate,1.5000
2003-04-04,EUR_Policy Rate,1.5000
2003-04-05,EUR_Policy Rate,1.5000
2003-04-06,EUR_Policy Rate,1.5000
2003-04-07,EUR_Policy Rate,1.5000
2003-04-08,EUR_Policy Rate,1.5000
2003-04-09,EUR_Policy Rate,1.5000
2003-04-10,EUR_Policy Rate,1.5000
2003-04-11,EUR_Policy Rate,1.5000
2003-04-12,EUR_Policy Rate,1.5000
2003-04-13,EUR_Policy Rate,1.5000
2003-04-14,EUR_Policy Rate,1.5000
2003-04-15,EUR_Policy Rate,1.5000
2003-04-16,EUR_Policy Rate,1.5000
2003-04-17,EUR_Policy Rate,1.5000
2003-04-18,EUR_Policy Rate,1.5000
2003-04-19,EUR_Policy Rate,1.5000
2003-04-20,EUR_Policy Rate,1.5000
2003-04-21,EUR_Policy Rate,1.5000
2003-04-22,EUR_Policy Rate,1.5000
2003-04-23,EUR_Policy Rate,1.5000
2003-04-24,EUR_Policy Rate,1.5000
2003-04-25,EUR_Policy Rate,1.5000
2003-04-26,EUR_Policy Rate,1.5000
2003-04-27,EUR_Policy Rate,1.5000
2003-04-28,EUR_Policy Rate,1.5000
2003-04-29,EUR_Policy Rate,1.5000
2003-04-30,EUR_Policy Rate,1.5000
2003-05-01,EUR_Policy Rate,1.5000
2003-05-02,EUR_Policy Rate,1.5000
2003-05-03,EUR_Policy Rate,1.5000
2003-05-04,EUR_Policy Rate,1.5000
2003-05-05,EUR_Policy Rate,1.5000
2003-05-06,EUR_Policy Rate,1.5000
2003-05-07,EUR_Policy Rate,1.5000
2003-05-08,EUR_Policy Rate,1.5000
2003-05-09,EUR_Policy Rate,1.5000
2003-05-10,EUR_Policy Rate,1.5000
2003-05-11,EUR_Policy Rate,1.5000
2003-05-12,EUR_Policy Rate,1.5000
2003-05-13,EUR_Policy Rate,1.5000
2003-05-14,EUR_Policy Rate,1.5000
2003-05-15,EUR_Policy Rate,1.5000
2003-05-16,EUR_Policy Rate,1.5000
2003-05-17,EUR_Policy Rate,1.5000
2003-05-18,EUR_Policy Rate,1.5000
2003-05-19,EUR_Policy Rate,1.5000
2003-05-20,EUR_Policy Rate,1.5000
2003-05-21,EUR_Policy Rate,1.5000
2003-05-22,EUR_Policy Rate,1.5000
2003-05-23,EUR_Policy Rate,1.5000
2003-05-24,EUR_Policy Rate,1.5000
2003-05-25,EUR_Policy Rate,1.5000
2003-05-26,EUR_Policy Rate,1.5000
2003-05-27,EUR_Policy Rate,1.5000
2003-05-28,EUR_Policy Rate,1.5000
2003-05-29,EUR_Policy Rate,1.5000
2003-05-30,EUR_Policy Rate,1.5000
2003-05-31,EUR_Policy Rate,1.5000
2003-06-01,EUR_Policy Rate,1.5000
2003-06-02,EUR_Policy Rate,1.5000
2003-06-03,EUR_Policy Rate,1.5000
2003-06-04,EUR_Policy Rate,1.5000
2003-06-05,EUR_Policy Rate,1.5000
2003-06-06,EUR_Policy Rate,1.0000
2003-06-07,EUR_Policy Rate,1.0000
2003-06-08,EUR_Policy Rate,1.0000
2003-06-09,EUR_Policy Rate,1.0000
2003-06-10,EUR_Policy Rate,1.0000
2003-06-11,EUR_Policy Rate,1.0000
2003-06-12,EUR_Policy Rate,1.0000
2003-06-13,EUR_Policy Rate,1.0000
2003-06-14,EUR_Policy Rate,1.0000
2003-06-15,EUR_Policy Rate,1.0000
2003-06-16,EUR_Policy Rate,1.0000
2003-06-17,EUR_Policy Rate,1.0000
2003-06-18,EUR_Policy Rate,1.0000
2003-06-19,EUR_Policy Rate,1.0000
2003-06-20,EUR_Policy Rate,1.0000
2003-06-21,EUR_Policy Rate,1.0000
2003-06-22,EUR_Policy Rate,1.0000
2003-06-23,EUR_Policy Rate,1.0000
2003-06-24,EUR_Policy Rate,1.0000
2003-06-25,EUR_Policy Rate,1.0000
2003-06-26,EUR_Policy Rate,1.0000
2003-06-27,EUR_Policy Rate,1.0000
2003-06-28,EUR_Policy Rate,1.0000
2003-06-29,EUR_Policy Rate,1.0000
2003-06-30,EUR_Policy Rate,1.0000
2003-07-01,EUR_Policy Rate,1.0000
2003-07-02,EUR_Policy Rate,1.0000
2003-07-03,EUR_Policy Rate,1.0000
2003-07-04,EUR_Policy Rate,1.0000
2003-07-05,EUR_Policy Rate,1.0000
2003-07-06,EUR_Policy Rate,1.0000
2003-07-07,EUR_Policy Rate,1.0000
2003-07-08,EUR_Policy Rate,1.0000
2003-07-09,EUR_Policy Rate,1.0000
2003-07-10,EUR_Policy Rate,1.0000
2003-07-11,EUR_Policy Rate,1.0000
2003-07-12,EUR_Policy Rate,1.0000
2003-07-13,EUR_Policy Rate,1.0000
2003-07-14,EUR_Policy Rate,1.0000
2003-07-15,EUR_Policy Rate,1.0000
2003-07-16,EUR_Policy Rate,1.0000
2003-07-17,EUR_Policy Rate,1.0000
2003-07-18,EUR_Policy Rate,1.0000
2003-07-19,EUR_Policy Rate,1.0000
2003-07-20,EUR_Policy Rate,1.0000
2003-07-21,EUR_Policy Rate,1.0000
2003-07-22,EUR_Policy Rate,1.0000
2003-07-23,EUR_Policy Rate,1.0000
2003-07-24,EUR_Policy Rate,1.0000
2003-07-25,EUR_Policy Rate,1.0000
2003-07-26,EUR_Policy Rate,1.0000
2003-07-27,EUR_Policy Rate,1.0000
2003-07-28,EUR_Policy Rate,1.0000
2003-07-29,EUR_Policy Rate,1.0000
2003-07-30,EUR_Policy Rate,1.0000
2003-07-31,EUR_Policy Rate,1.0000
2003-08-01,EUR_Policy Rate,1.0000
2003-08-02,EUR_Policy Rate,1.0000
2003-08-03,EUR_Policy Rate,1.0000
2003-08-04,EUR_Policy Rate,1.0000
2003-08-05,EUR_Policy Rate,1.0000
2003-08-06,EUR_Policy Rate,1.0000
2003-08-07,EUR_Policy Rate,1.0000
2003-08-08,EUR_Policy Rate,1.0000
2003-08-09,EUR_Policy Rate,1.0000
2003-08-10,EUR_Policy Rate,1.0000
2003-08-11,EUR_Policy Rate,1.0000
2003-08-12,EUR_Policy Rate,1.0000
2003-08-13,EUR_Policy Rate,1.0000
2003-08-14,EUR_Policy Rate,1.0000
2003-08-15,EUR_Policy Rate,1.0000
2003-08-16,EUR_Policy Rate,1.0000
2003-08-17,EUR_Policy Rate,1.0000
2003-08-18,EUR_Policy Rate,1.0000
2003-08-19,EUR_Policy Rate,1.0000
2003-08-20,EUR_Policy Rate,1.0000
2003-08-21,EUR_Policy Rate,1.0000
2003-08-22,EUR_Policy Rate,1.0000
2003-08-23,EUR_Policy Rate,1.0000
2003-08-24,EUR_Policy Rate,1.0000
2003-08-25,EUR_Policy Rate,1.0000
2003-08-26,EUR_Policy Rate,1.0000
2003-08-27,EUR_Policy Rate,1.0000
2003-08-28,EUR_Policy Rate,1.0000
2003-08-29,EUR_Policy Rate,1.0000
2003-08-30,EUR_Policy Rate,1.0000
2003-08-31,EUR_Policy Rate,1.0000
2003-09-01,EUR_Policy Rate,1.0000
2003-09-02,EUR_Policy Rate,1.0000
2003-09-03,EUR_Policy Rate,1.0000
2003-09-04,EUR_Policy Rate,1.0000
2003-09-05,EUR_Policy Rate,1.0000
2003-09-06,EUR_Policy Rate,1.0000
2003-09-07,EUR_Policy Rate,1.0000
2003-09-08,EUR_Policy Rate,1.0000
2003-09-09,EUR_Policy Rate,1.0000
2003-09-10,EUR_Policy Rate,1.0000
2003-09-11,EUR_Policy Rate,1.0000
2003-09-12,EUR_Policy Rate,1.0000
2003-09-13,EUR_Policy Rate,1.0000
2003-09-14,EUR_Policy Rate,1.0000
2003-09-15,EUR_Policy Rate,1.0000
2003-09-16,EUR_Policy Rate,1.0000
2003-09-17,EUR_Policy Rate,1.0000
2003-09-18,EUR_Policy Rate,1.0000
2003-09-19,EUR_Policy Rate,1.0000
2003-09-20,EUR_Policy Rate,1.0000
2003-09-21,EUR_Policy Rate,1.0000
2003-09-22,EUR_Policy Rate,1.0000
2003-09-23,EUR_Policy Rate,1.0000
2003-09-24,EUR_Policy Rate,1.0000
2003-09-25,EUR_Policy Rate,1.0000
2003-09-26,EUR_Policy Rate,1.0000
2003-09-27,EUR_Policy Rate,1.0000
2003-09-28,EUR_Policy Rate,1.0000
2003-09-29,EUR_Policy Rate,1.0000
2003-09-30,EUR_Policy Rate,1.0000
2003-10-01,EUR_Policy Rate,1.0000
2003-10-02,EUR_Policy Rate,1.0000
2003-10-03,EUR_Policy Rate,1.0000
2003-10-04,EUR_Policy Rate,1.0000
2003-10-05,EUR_Policy Rate,1.0000
2003-10-06,EUR_Policy Rate,1.0000
2003-10-07,EUR_Policy Rate,1.0000
2003-10-08,EUR_Policy Rate,1.0000
2003-10-09,EUR_Policy Rate,1.0000
2003-10-10,EUR_Policy Rate,1.0000
2003-10-11,EUR_Policy Rate,1.0000
2003-10-12,EUR_Policy Rate,1.0000
2003-10-13,EUR_Policy Rate,1.0000
2003-10-14,EUR_Policy Rate,1.0000
2003-10-15,EUR_Policy Rate,1.0000
2003-10-16,EUR_Policy Rate,1.0000
2003-10-17,EUR_Policy Rate,1.0000
2003-10-18,EUR_Policy Rate,1.0000
2003-10-19,EUR_Policy Rate,1.0000
2003-10-20,EUR_Policy Rate,1.0000
2003-10-21,EUR_Policy Rate,1.0000
2003-10-22,EUR_Policy Rate,1.0000
2003-10-23,EUR_Policy Rate,1.0000
2003-10-24,EUR_Policy Rate,1.0000
2003-10-25,EUR_Policy Rate,1.0000
2003-10-26,EUR_Policy Rate,1.0000
2003-10-27,EUR_Policy Rate,1.0000
2003-10-28,EUR_Policy Rate,1.0000
2003-10-29,EUR_Policy Rate,1.0000
2003-10-30,EUR_Policy Rate,1.0000
2003-10-31,EUR_Policy Rate,1.0000
2003-11-01,EUR_Policy Rate,1.0000
2003-11-02,EUR_Policy Rate,1.0000
2003-11-03,EUR_Policy Rate,1.0000
2003-11-04,EUR_Policy Rate,1.0000
2003-11-05,EUR_Policy Rate,1.0000
2003-11-06,EUR_Policy Rate,1.0000
2003-11-07,EUR_Policy Rate,1.0000
2003-11-08,EUR_Policy Rate,1.0000
2003-11-09,EUR_Policy Rate,1.0000
2003-11-10,EUR_Policy Rate,1.0000
2003-11-11,EUR_Policy Rate,1.0000
2003-11-12,EUR_Policy Rate,1.0000
2003-11-13,EUR_Policy Rate,1.0000
2003-11-14,EUR_Policy Rate,1.0000
2003-11-15,EUR_Policy Rate,1.0000
2003-11-16,EUR_Policy Rate,1.0000
2003-11-17,EUR_Policy Rate,1.0000
2003-11-18,EUR_Policy Rate,1.0000
2003-11-19,EUR_Policy Rate,1.0000
2003-11-20,EUR_Policy Rate,1.0000
2003-11-21,EUR_Policy Rate,1.0000
2003-11-22,EUR_Policy Rate,1.0000
2003-11-23,EUR_Policy Rate,1.0000
2003-11-24,EUR_Policy Rate,1.0000
2003-11-25,EUR_Policy Rate,1.0000
2003-11-26,EUR_Policy Rate,1.0000
2003-11-27,EUR_Policy Rate,1.0000
2003-11-28,EUR_Policy Rate,1.0000
2003-11-29,EUR_Policy Rate,1.0000
2003-11-30,EUR_Policy Rate,1.0000
2003-12-01,EUR_Policy Rate,1.0000
2003-12-02,EUR_Policy Rate,1.0000
2003-12-03,EUR_Policy Rate,1.0000
2003-12-04,EUR_Policy Rate,1.0000
2003-12-05,EUR_Policy Rate,1.0000
2003-12-06,EUR_Policy Rate,1.0000
2003-12-07,EUR_Policy Rate,1.0000
2003-12-08,EUR_Policy Rate,1.0000
2003-12-09,EUR_Policy Rate,1.0000
2003-12-10,EUR_Policy Rate,1.0000
2003-12-11,EUR_Policy Rate,1.0000
2003-12-12,EUR_Policy Rate,1.0000
2003-12-13,EUR_Policy Rate,1.0000
2003-12-14,EUR_Policy Rate,1.0000
2003-12-15,EUR_Policy Rate,1.0000
2003-12-16,EUR_Policy Rate,1.0000
2003-12-17,EUR_Policy Rate,1.0000
2003-12-18,EUR_Policy Rate,1.0000
2003-12-19,EUR_Policy Rate,1.0000
2003-12-20,EUR_Policy Rate,1.0000
2003-12-21,EUR_Policy Rate,1.0000
2003-12-22,EUR_Policy Rate,1.0000
2003-12-23,EUR_Policy Rate,1.0000
2003-12-24,EUR_Policy Rate,1.0000
2003-12-25,EUR_Policy Rate,1.0000
2003-12-26,EUR_Policy Rate,1.0000
2003-12-27,EUR_Policy Rate,1.0000
2003-12-28,EUR_Policy Rate,1.0000
2003-12-29,EUR_Policy Rate,1.0000
2003-12-30,EUR_Policy Rate,1.0000
2003-12-31,EUR_Policy Rate,1.0000
2004-01-01,EUR_Policy Rate,1.0000
2004-01-02,EUR_Policy Rate,1.0000
2004-01-03,EUR_Policy Rate,1.0000
2004-01-04,EUR_Policy Rate,1.0000
2004-01-05,EUR_Policy Rate,1.0000
2004-01-06,EUR_Policy Rate,1.0000
2004-01-07,EUR_Policy Rate,1.0000
2004-01-08,EUR_Policy Rate,1.0000
2004-01-09,EUR_Policy Rate,1.0000
2004-01-10,EUR_Policy Rate,1.0000
2004-01-11,EUR_Policy Rate,1.0000
2004-01-12,EUR_Policy Rate,1.0000
2004-01-13,EUR_Policy Rate,1.0000
2004-01-14,EUR_Policy Rate,1.0000
2004-01-15,EUR_Policy Rate,1.0000
2004-01-16,EUR_Policy Rate,1.0000
2004-01-17,EUR_Policy Rate,1.0000
2004-01-18,EUR_Policy Rate,1.0000
2004-01-19,EUR_Policy Rate,1.0000
2004-01-20,EUR_Policy Rate,1.0000
2004-01-21,EUR_Policy Rate,1.0000
2004-01-22,EUR_Policy Rate,1.0000
2004-01-23,EUR_Policy Rate,1.0000
2004-01-24,EUR_Policy Rate,1.0000
2004-01-25,EUR_Policy Rate,1.0000
2004-01-26,EUR_Policy Rate,1.0000
2004-01-27,EUR_Policy Rate,1.0000
2004-01-28,EUR_Policy Rate,1.0000
2004-01-29,EUR_Policy Rate,1.0000
2004-01-30,EUR_Policy Rate,1.0000
2004-01-31,EUR_Policy Rate,1.0000
2004-02-01,EUR_Policy Rate,1.0000
2004-02-02,EUR_Policy Rate,1.0000
2004-02-03,EUR_Policy Rate,1.0000
2004-02-04,EUR_Policy Rate,1.0000
2004-02-05,EUR_Policy Rate,1.0000
2004-02-06,EUR_Policy Rate,1.0000
2004-02-07,EUR_Policy Rate,1.0000
2004-02-08,EUR_Policy Rate,1.0000
2004-02-09,EUR_Policy Rate,1.0000
2004-02-10,EUR_Policy Rate,1.0000
2004-02-11,EUR_Policy Rate,1.0000
2004-02-12,EUR_Policy Rate,1.0000
2004-02-13,EUR_Policy Rate,1.0000
2004-02-14,EUR_Policy Rate,1.0000
2004-02-15,EUR_Policy Rate,1.0000
2004-02-16,EUR_Policy Rate,1.0000
2004-02-17,EUR_Policy Rate,1.0000
2004-02-18,EUR_Policy Rate,1.0000
2004-02-19,EUR_Policy Rate,1.0000
2004-02-20,EUR_Policy Rate,1.0000
2004-02-21,EUR_Policy Rate,1.0000
2004-02-22,EUR_Policy Rate,1.0000
2004-02-23,EUR_Policy Rate,1.0000
2004-02-24,EUR_Policy Rate,1.0000
2004-02-25,EUR_Policy Rate,1.0000
2004-02-26,EUR_Policy Rate,1.0000
2004-02-27,EUR_Policy Rate,1.0000
2004-02-28,EUR_Policy Rate,1.0000
2004-02-29,EUR_Policy Rate,1.0000
2004-03-01,EUR_Policy Rate,1.0000
2004-03-02,EUR_Policy Rate,1.0000
2004-03-03,EUR_Policy Rate,1.0000
2004-03-04,EUR_Policy Rate,1.0000
2004-03-05,EUR_Policy Rate,1.0000
2004-03-06,EUR_Policy Rate,1.0000
2004-03-07,EUR_Policy Rate,1.0000
2004-03-08,EUR_Policy Rate,1.0000
2004-03-09,EUR_Policy Rate,1.0000
2004-03-10,EUR_Policy Rate,1.0000
2004-03-11,EUR_Policy Rate,1.0000
2004-03-12,EUR_Policy Rate,1.0000
2004-03-13,EUR_Policy Rate,1.0000
2004-03-14,EUR_Policy Rate,1.0000
2004-03-15,EUR_Policy Rate,1.0000
2004-03-16,EUR_Policy Rate,1.0000
2004-03-17,EUR_Policy Rate,1.0000
2004-03-18,EUR_Policy Rate,1.0000
2004-03-19,EUR_Policy Rate,1.0000
2004-03-20,EUR_Policy Rate,1.0000
2004-03-21,EUR_Policy Rate,1.0000
2004-03-22,EUR_Policy Rate,1.0000
2004-03-23,EUR_Policy Rate,1.0000
2004-03-24,EUR_Policy Rate,1.0000
2004-03-25,EUR_Policy Rate,1.0000
2004-03-26,EUR_Policy Rate,1.0000
2004-03-27,EUR_Policy Rate,1.0000
2004-03-28,EUR_Policy Rate,1.0000
2004-03-29,EUR_Policy Rate,1.0000
2004-03-30,EUR_Policy Rate,1.0000
2004-03-31,EUR_Policy Rate,1.0000
2004-04-01,EUR_Policy Rate,1.0000
2004-04-02,EUR_Policy Rate,1.0000
2004-04-03,EUR_Policy Rate,1.0000
2004-04-04,EUR_Policy Rate,1.0000
2004-04-05,EUR_Policy Rate,1.0000
2004-04-06,EUR_Policy Rate,1.0000
2004-04-07,EUR_Policy Rate,1.0000
2004-04-08,EUR_Policy Rate,1.0000
2004-04-09,EUR_Policy Rate,1.0000
2004-04-10,EUR_Policy Rate,1.0000
2004-04-11,EUR_Policy Rate,1.0000
2004-04-12,EUR_Policy Rate,1.0000
2004-04-13,EUR_Policy Rate,1.0000
2004-04-14,EUR_Policy Rate,1.0000
2004-04-15,EUR_Policy Rate,1.0000
2004-04-16,EUR_Policy Rate,1.0000
2004-04-17,EUR_Policy Rate,1.0000
2004-04-18,EUR_Policy Rate,1.0000
2004-04-19,EUR_Policy Rate,1.0000
2004-04-20,EUR_Policy Rate,1.0000
2004-04-21,EUR_Policy Rate,1.0000
2004-04-22,EUR_Policy Rate,1.0000
2004-04-23,EUR_Policy Rate,1.0000
2004-04-24,EUR_Policy Rate,1.0000
2004-04-25,EUR_Policy Rate,1.0000
2004-04-26,EUR_Policy Rate,1.0000
2004-04-27,EUR_Policy Rate,1.0000
2004-04-28,EUR_Policy Rate,1.0000
2004-04-29,EUR_Policy Rate,1.0000
2004-04-30,EUR_Policy Rate,1.0000
2004-05-01,EUR_Policy Rate,1.0000
2004-05-02,EUR_Policy Rate,1.0000
2004-05-03,EUR_Policy Rate,1.0000
2004-05-04,EUR_Policy Rate,1.0000
2004-05-05,EUR_Policy Rate,1.0000
2004-05-06,EUR_Policy Rate,1.0000
2004-05-07,EUR_Policy Rate,1.0000
2004-05-08,EUR_Policy Rate,1.0000
2004-05-09,EUR_Policy Rate,1.0000
2004-05-10,EUR_Policy Rate,1.0000
2004-05-11,EUR_Policy Rate,1.0000
2004-05-12,EUR_Policy Rate,1.0000
2004-05-13,EUR_Policy Rate,1.0000
2004-05-14,EUR_Policy Rate,1.0000
2004-05-15,EUR_Policy Rate,1.0000
2004-05-16,EUR_Policy Rate,1.0000
2004-05-17,EUR_Policy Rate,1.0000
2004-05-18,EUR_Policy Rate,1.0000
2004-05-19,EUR_Policy Rate,1.0000
2004-05-20,EUR_Policy Rate,1.0000
2004-05-21,EUR_Policy Rate,1.0000
2004-05-22,EUR_Policy Rate,1.0000
2004-05-23,EUR_Policy Rate,1.0000
2004-05-24,EUR_Policy Rate,1.0000
2004-05-25,EUR_Policy Rate,1.0000
2004-05-26,EUR_Policy Rate,1.0000
2004-05-27,EUR_Policy Rate,1.0000
2004-05-28,EUR_Policy Rate,1.0000
2004-05-29,EUR_Policy Rate,1.0000
2004-05-30,EUR_Policy Rate,1.0000
2004-05-31,EUR_Policy Rate,1.0000
2004-06-01,EUR_Policy Rate,1.0000
2004-06-02,EUR_Policy Rate,1.0000
2004-06-03,EUR_Policy Rate,1.0000
2004-06-04,EUR_Policy Rate,1.0000
2004-06-05,EUR_Policy Rate,1.0000
2004-06-06,EUR_Policy Rate,1.0000
2004-06-07,EUR_Policy Rate,1.0000
2004-06-08,EUR_Policy Rate,1.0000
2004-06-09,EUR_Policy Rate,1.0000
2004-06-10,EUR_Policy Rate,1.0000
2004-06-11,EUR_Policy Rate,1.0000
2004-06-12,EUR_Policy Rate,1.0000
2004-06-13,EUR_Policy Rate,1.0000
2004-06-14,EUR_Policy Rate,1.0000
2004-06-15,EUR_Policy Rate,1.0000
2004-06-16,EUR_Policy Rate,1.0000
2004-06-17,EUR_Policy Rate,1.0000
2004-06-18,EUR_Policy Rate,1.0000
2004-06-19,EUR_Policy Rate,1.0000
2004-06-20,EUR_Policy Rate,1.0000
2004-06-21,EUR_Policy Rate,1.0000
2004-06-22,EUR_Policy Rate,1.0000
2004-06-23,EUR_Policy Rate,1.0000
2004-06-24,EUR_Policy Rate,1.0000
2004-06-25,EUR_Policy Rate,1.0000
2004-06-26,EUR_Policy Rate,1.0000
2004-06-27,EUR_Policy Rate,1.0000
2004-06-28,EUR_Policy Rate,1.0000
2004-06-29,EUR_Policy Rate,1.0000
2004-06-30,EUR_Policy Rate,1.0000
2004-07-01,EUR_Policy Rate,1.0000
2004-07-02,EUR_Policy Rate,1.0000
2004-07-03,EUR_Policy Rate,1.0000
2004-07-04,EUR_Policy Rate,1.0000
2004-07-05,EUR_Policy Rate,1.0000
2004-07-06,EUR_Policy Rate,1.0000
2004-07-07,EUR_Policy Rate,1.0000
2004-07-08,EUR_Policy Rate,1.0000
2004-07-09,EUR_Policy Rate,1.0000
2004-07-10,EUR_Policy Rate,1.0000
2004-07-11,EUR_Policy Rate,1.0000
2004-07-12,EUR_Policy Rate,1.0000
2004-07-13,EUR_Policy Rate,1.0000
2004-07-14,EUR_Policy Rate,1.0000
2004-07-15,EUR_Policy Rate,1.0000
2004-07-16,EUR_Policy Rate,1.0000
2004-07-17,EUR_Policy Rate,1.0000
2004-07-18,EUR_Policy Rate,1.0000
2004-07-19,EUR_Policy Rate,1.0000
2004-07-20,EUR_Policy Rate,1.0000
2004-07-21,EUR_Policy Rate,1.0000
2004-07-22,EUR_Policy Rate,1.0000
2004-07-23,EUR_Policy Rate,1.0000
2004-07-24,EUR_Policy Rate,1.0000
2004-07-25,EUR_Policy Rate,1.0000
2004-07-26,EUR_Policy Rate,1.0000
2004-07-27,EUR_Policy Rate,1.0000
2004-07-28,EUR_Policy Rate,1.0000
2004-07-29,EUR_Policy Rate,1.0000
2004-07-30,EUR_Policy Rate,1.0000
2004-07-31,EUR_Policy Rate,1.0000
2004-08-01,EUR_Policy Rate,1.0000
2004-08-02,EUR_Policy Rate,1.0000
2004-08-03,EUR_Policy Rate,1.0000
2004-08-04,EUR_Policy Rate,1.0000
2004-08-05,EUR_Policy Rate,1.0000
2004-08-06,EUR_Policy Rate,1.0000
2004-08-07,EUR_Policy Rate,1.0000
2004-08-08,EUR_Policy Rate,1.0000
2004-08-09,EUR_Policy Rate,1.0000
2004-08-10,EUR_Policy Rate,1.0000
2004-08-11,EUR_Policy Rate,1.0000
2004-08-12,EUR_Policy Rate,1.0000
2004-08-13,EUR_Policy Rate,1.0000
2004-08-14,EUR_Policy Rate,1.0000
2004-08-15,EUR_Policy Rate,1.0000
2004-08-16,EUR_Policy Rate,1.0000
2004-08-17,EUR_Policy Rate,1.0000
2004-08-18,EUR_Policy Rate,1.0000
2004-08-19,EUR_Policy Rate,1.0000
2004-08-20,EUR_Policy Rate,1.0000
2004-08-21,EUR_Policy Rate,1.0000
2004-08-22,EUR_Policy Rate,1.0000
2004-08-23,EUR_Policy Rate,1.0000
2004-08-24,EUR_Policy Rate,1.0000
2004-08-25,EUR_Policy Rate,1.0000
2004-08-26,EUR_Policy Rate,1.0000
2004-08-27,EUR_Policy Rate,1.0000
2004-08-28,EUR_Policy Rate,1.0000
2004-08-29,EUR_Policy Rate,1.0000
2004-08-30,EUR_Policy Rate,1.0000
2004-08-31,EUR_Policy Rate,1.0000
2004-09-01,EUR_Policy Rate,1.0000
2004-09-02,EUR_Policy Rate,1.0000
2004-09-03,EUR_Policy Rate,1.0000
2004-09-04,EUR_Policy Rate,1.0000
2004-09-05,EUR_Policy Rate,1.0000
2004-09-06,EUR_Policy Rate,1.0000
2004-09-07,EUR_Policy Rate,1.0000
2004-09-08,EUR_Policy Rate,1.0000
2004-09-09,EUR_Policy Rate,1.0000
2004-09-10,EUR_Policy Rate,1.0000
2004-09-11,EUR_Policy Rate,1.0000
2004-09-12,EUR_Policy Rate,1.0000
2004-09-13,EUR_Policy Rate,1.0000
2004-09-14,EUR_Policy Rate,1.0000
2004-09-15,EUR_Policy Rate,1.0000
2004-09-16,EUR_Policy Rate,1.0000
2004-09-17,EUR_Policy Rate,1.0000
2004-09-18,EUR_Policy Rate,1.0000
2004-09-19,EUR_Policy Rate,1.0000
2004-09-20,EUR_Policy Rate,1.0000
2004-09-21,EUR_Policy Rate,1.0000
2004-09-22,EUR_Policy Rate,1.0000
2004-09-23,EUR_Policy Rate,1.0000
2004-09-24,EUR_Policy Rate,1.0000
2004-09-25,EUR_Policy Rate,1.0000
2004-09-26,EUR_Policy Rate,1.0000
2004-09-27,EUR_Policy Rate,1.0000
2004-09-28,EUR_Policy Rate,1.0000
2004-09-29,EUR_Policy Rate,1.0000
2004-09-30,EUR_Policy Rate,1.0000
2004-10-01,EUR_Policy Rate,1.0000
2004-10-02,EUR_Policy Rate,1.0000
2004-10-03,EUR_Policy Rate,1.0000
2004-10-04,EUR_Policy Rate,1.0000
2004-10-05,EUR_Policy Rate,1.0000
2004-10-06,EUR_Policy Rate,1.0000
2004-10-07,EUR_Policy Rate,1.0000
2004-10-08,EUR_Policy Rate,1.0000
2004-10-09,EUR_Policy Rate,1.0000
2004-10-10,EUR_Policy Rate,1.0000
2004-10-11,EUR_Policy Rate,1.0000
2004-10-12,EUR_Policy Rate,1.0000
2004-10-13,EUR_Policy Rate,1.0000
2004-10-14,EUR_Policy Rate,1.0000
2004-10-15,EUR_Policy Rate,1.0000
2004-10-16,EUR_Policy Rate,1.0000
2004-10-17,EUR_Policy Rate,1.0000
2004-10-18,EUR_Policy Rate,1.0000
2004-10-19,EUR_Policy Rate,1.0000
2004-10-20,EUR_Policy Rate,1.0000
2004-10-21,EUR_Policy Rate,1.0000
2004-10-22,EUR_Policy Rate,1.0000
2004-10-23,EUR_Policy Rate,1.0000
2004-10-24,EUR_Policy Rate,1.0000
2004-10-25,EUR_Policy Rate,1.0000
2004-10-26,EUR_Policy Rate,1.0000
2004-10-27,EUR_Policy Rate,1.0000
2004-10-28,EUR_Policy Rate,1.0000
2004-10-29,EUR_Policy Rate,1.0000
2004-10-30,EUR_Policy Rate,1.0000
2004-10-31,EUR_Policy Rate,1.0000
2004-11-01,EUR_Policy Rate,1.0000
2004-11-02,EUR_Policy Rate,1.0000
2004-11-03,EUR_Policy Rate,1.0000
2004-11-04,EUR_Policy Rate,1.0000
2004-11-05,EUR_Policy Rate,1.0000
2004-11-06,EUR_Policy Rate,1.0000
2004-11-07,EUR_Policy Rate,1.0000
2004-11-08,EUR_Policy Rate,1.0000
2004-11-09,EUR_Policy Rate,1.0000
2004-11-10,EUR_Policy Rate,1.0000
2004-11-11,EUR_Policy Rate,1.0000
2004-11-12,EUR_Policy Rate,1.0000
2004-11-13,EUR_Policy Rate,1.0000
2004-11-14,EUR_Policy Rate,1.0000
2004-11-15,EUR_Policy Rate,1.0000
2004-11-16,EUR_Policy Rate,1.0000
2004-11-17,EUR_Policy Rate,1.0000
2004-11-18,EUR_Policy Rate,1.0000
2004-11-19,EUR_Policy Rate,1.0000
2004-11-20,EUR_Policy Rate,1.0000
2004-11-21,EUR_Policy Rate,1.0000
2004-11-22,EUR_Policy Rate,1.0000
2004-11-23,EUR_Policy Rate,1.0000
2004-11-24,EUR_Policy Rate,1.0000
2004-11-25,EUR_Policy Rate,1.0000
2004-11-26,EUR_Policy Rate,1.0000
2004-11-27,EUR_Policy Rate,1.0000
2004-11-28,EUR_Policy Rate,1.0000
2004-11-29,EUR_Policy Rate,1.0000
2004-11-30,EUR_Policy Rate,1.0000
2004-12-01,EUR_Policy Rate,1.0000
2004-12-02,EUR_Policy Rate,1.0000
2004-12-03,EUR_Policy Rate,1.0000
2004-12-04,EUR_Policy Rate,1.0000
2004-12-05,EUR_Policy Rate,1.0000
2004-12-06,EUR_Policy Rate,1.0000
2004-12-07,EUR_Policy Rate,1.0000
2004-12-08,EUR_Policy Rate,1.0000
2004-12-09,EUR_Policy Rate,1.0000
2004-12-10,EUR_Policy Rate,1.0000
2004-12-11,EUR_Policy Rate,1.0000
2004-12-12,EUR_Policy Rate,1.0000
2004-12-13,EUR_Policy Rate,1.0000
2004-12-14,EUR_Policy Rate,1.0000
2004-12-15,EUR_Policy Rate,1.0000
2004-12-16,EUR_Policy Rate,1.0000
2004-12-17,EUR_Policy Rate,1.0000
2004-12-18,EUR_Policy Rate,1.0000
2004-12-19,EUR_Policy Rate,1.0000
2004-12-20,EUR_Policy Rate,1.0000
2004-12-21,EUR_Policy Rate,1.0000
2004-12-22,EUR_Policy Rate,1.0000
2004-12-23,EUR_Policy Rate,1.0000
2004-12-24,EUR_Policy Rate,1.0000
2004-12-25,EUR_Policy Rate,1.0000
2004-12-26,EUR_Policy Rate,1.0000
2004-12-27,EUR_Policy Rate,1.0000
2004-12-28,EUR_Policy Rate,1.0000
2004-12-29,EUR_Policy Rate,1.0000
2004-12-30,EUR_Policy Rate,1.0000
2004-12-31,EUR_Policy Rate,1.0000
2005-01-01,EUR_Policy Rate,1.0000
2005-01-02,EUR_Policy Rate,1.0000
2005-01-03,EUR_Policy Rate,1.0000
2005-01-04,EUR_Policy Rate,1.0000
2005-01-05,EUR_Policy Rate,1.0000
2005-01-06,EUR_Policy Rate,1.0000
2005-01-07,EUR_Policy Rate,1.0000
2005-01-08,EUR_Policy Rate,1.0000
2005-01-09,EUR_Policy Rate,1.0000
2005-01-10,EUR_Policy Rate,1.0000
2005-01-11,EUR_Policy Rate,1.0000
2005-01-12,EUR_Policy Rate,1.0000
2005-01-13,EUR_Policy Rate,1.0000
2005-01-14,EUR_Policy Rate,1.0000
2005-01-15,EUR_Policy Rate,1.0000
2005-01-16,EUR_Policy Rate,1.0000
2005-01-17,EUR_Policy Rate,1.0000
2005-01-18,EUR_Policy Rate,1.0000
2005-01-19,EUR_Policy Rate,1.0000
2005-01-20,EUR_Policy Rate,1.0000
2005-01-21,EUR_Policy Rate,1.0000
2005-01-22,EUR_Policy Rate,1.0000
2005-01-23,EUR_Policy Rate,1.0000
2005-01-24,EUR_Policy Rate,1.0000
2005-01-25,EUR_Policy Rate,1.0000
2005-01-26,EUR_Policy Rate,1.0000
2005-01-27,EUR_Policy Rate,1.0000
2005-01-28,EUR_Policy Rate,1.0000
2005-01-29,EUR_Policy Rate,1.0000
2005-01-30,EUR_Policy Rate,1.0000
2005-01-31,EUR_Policy Rate,1.0000
2005-02-01,EUR_Policy Rate,1.0000
2005-02-02,EUR_Policy Rate,1.0000
2005-02-03,EUR_Policy Rate,1.0000
2005-02-04,EUR_Policy Rate,1.0000
2005-02-05,EUR_Policy Rate,1.0000
2005-02-06,EUR_Policy Rate,1.0000
2005-02-07,EUR_Policy Rate,1.0000
2005-02-08,EUR_Policy Rate,1.0000
2005-02-09,EUR_Policy Rate,1.0000
2005-02-10,EUR_Policy Rate,1.0000
2005-02-11,EUR_Policy Rate,1.0000
2005-02-12,EUR_Policy Rate,1.0000
2005-02-13,EUR_Policy Rate,1.0000
2005-02-14,EUR_Policy Rate,1.0000
2005-02-15,EUR_Policy Rate,1.0000
2005-02-16,EUR_Policy Rate,1.0000
2005-02-17,EUR_Policy Rate,1.0000
2005-02-18,EUR_Policy Rate,1.0000
2005-02-19,EUR_Policy Rate,1.0000
2005-02-20,EUR_Policy Rate,1.0000
2005-02-21,EUR_Policy Rate,1.0000
2005-02-22,EUR_Policy Rate,1.0000
2005-02-23,EUR_Policy Rate,1.0000
2005-02-24,EUR_Policy Rate,1.0000
2005-02-25,EUR_Policy Rate,1.0000
2005-02-26,EUR_Policy Rate,1.0000
2005-02-27,EUR_Policy Rate,1.0000
2005-02-28,EUR_Policy Rate,1.0000
2005-03-01,EUR_Policy Rate,1.0000
2005-03-02,EUR_Policy Rate,1.0000
2005-03-03,EUR_Policy Rate,1.0000
2005-03-04,EUR_Policy Rate,1.0000
2005-03-05,EUR_Policy Rate,1.0000
2005-03-06,EUR_Policy Rate,1.0000
2005-03-07,EUR_Policy Rate,1.0000
2005-03-08,EUR_Policy Rate,1.0000
2005-03-09,EUR_Policy Rate,1.0000
2005-03-10,EUR_Policy Rate,1.0000
2005-03-11,EUR_Policy Rate,1.0000
2005-03-12,EUR_Policy Rate,1.0000
2005-03-13,EUR_Policy Rate,1.0000
2005-03-14,EUR_Policy Rate,1.0000
2005-03-15,EUR_Policy Rate,1.0000
2005-03-16,EUR_Policy Rate,1.0000
2005-03-17,EUR_Policy Rate,1.0000
2005-03-18,EUR_Policy Rate,1.0000
2005-03-19,EUR_Policy Rate,1.0000
2005-03-20,EUR_Policy Rate,1.0000
2005-03-21,EUR_Policy Rate,1.0000
2005-03-22,EUR_Policy Rate,1.0000
2005-03-23,EUR_Policy Rate,1.0000
2005-03-24,EUR_Policy Rate,1.0000
2005-03-25,EUR_Policy Rate,1.0000
2005-03-26,EUR_Policy Rate,1.0000
2005-03-27,EUR_Policy Rate,1.0000
2005-03-28,EUR_Policy Rate,1.0000
2005-03-29,EUR_Policy Rate,1.0000
2005-03-30,EUR_Policy Rate,1.0000
2005-03-31,EUR_Policy Rate,1.0000
2005-04-01,EUR_Policy Rate,1.0000
2005-04-02,EUR_Policy Rate,1.0000
2005-04-03,EUR_Policy Rate,1.0000
2005-04-04,EUR_Policy Rate,1.0000
2005-04-05,EUR_Policy Rate,1.0000
2005-04-06,EUR_Policy Rate,1.0000
2005-04-07,EUR_Policy Rate,1.0000
2005-04-08,EUR_Policy Rate,1.0000
2005-04-09,EUR_Policy Rate,1.0000
2005-04-10,EUR_Policy Rate,1.0000
2005-04-11,EUR_Policy Rate,1.0000
2005-04-12,EUR_Policy Rate,1.0000
2005-04-13,EUR_Policy Rate,1.0000
2005-04-14,EUR_Policy Rate,1.0000
2005-04-15,EUR_Policy Rate,1.0000
2005-04-16,EUR_Policy Rate,1.0000
2005-04-17,EUR_Policy Rate,1.0000
2005-04-18,EUR_Policy Rate,1.0000
2005-04-19,EUR_Policy Rate,1.0000
2005-04-20,EUR_Policy Rate,1.0000
2005-04-21,EUR_Policy Rate,1.0000
2005-04-22,EUR_Policy Rate,1.0000
2005-04-23,EUR_Policy Rate,1.0000
2005-04-24,EUR_Policy Rate,1.0000
2005-04-25,EUR_Policy Rate,1.0000
2005-04-26,EUR_Policy Rate,1.0000
2005-04-27,EUR_Policy Rate,1.0000
2005-04-28,EUR_Policy Rate,1.0000
2005-04-29,EUR_Policy Rate,1.0000
2005-04-30,EUR_Policy Rate,1.0000
2005-05-01,EUR_Policy Rate,1.0000
2005-05-02,EUR_Policy Rate,1.0000
2005-05-03,EUR_Policy Rate,1.0000
2005-05-04,EUR_Policy Rate,1.0000
2005-05-05,EUR_Policy Rate,1.0000
2005-05-06,EUR_Policy Rate,1.0000
2005-05-07,EUR_Policy Rate,1.0000
2005-05-08,EUR_Policy Rate,1.0000
2005-05-09,EUR_Policy Rate,1.0000
2005-05-10,EUR_Policy Rate,1.0000
2005-05-11,EUR_Policy Rate,1.0000
2005-05-12,EUR_Policy Rate,1.0000
2005-05-13,EUR_Policy Rate,1.0000
2005-05-14,EUR_Policy Rate,1.0000
2005-05-15,EUR_Policy Rate,1.0000
2005-05-16,EUR_Policy Rate,1.0000
2005-05-17,EUR_Policy Rate,1.0000
2005-05-18,EUR_Policy Rate,1.0000
2005-05-19,EUR_Policy Rate,1.0000
2005-05-20,EUR_Policy Rate,1.0000
2005-05-21,EUR_Policy Rate,1.0000
2005-05-22,EUR_Policy Rate,1.0000
2005-05-23,EUR_Policy Rate,1.0000
2005-05-24,EUR_Policy Rate,1.0000
2005-05-25,EUR_Policy Rate,1.0000
2005-05-26,EUR_Policy Rate,1.0000
2005-05-27,EUR_Policy Rate,1.0000
2005-05-28,EUR_Policy Rate,1.0000
2005-05-29,EUR_Policy Rate,1.0000
2005-05-30,EUR_Policy Rate,1.0000
2005-05-31,EUR_Policy Rate,1.0000
2005-06-01,EUR_Policy Rate,1.0000
2005-06-02,EUR_Policy Rate,1.0000
2005-06-03,EUR_Policy Rate,1.0000
2005-06-04,EUR_Policy Rate,1.0000
2005-06-05,EUR_Policy Rate,1.0000
2005-06-06,EUR_Policy Rate,1.0000
2005-06-07,EUR_Policy Rate,1.0000
2005-06-08,EUR_Policy Rate,1.0000
2005-06-09,EUR_Policy Rate,1.0000
2005-06-10,EUR_Policy Rate,1.0000
2005-06-11,EUR_Policy Rate,1.0000
2005-06-12,EUR_Policy Rate,1.0000
2005-06-13,EUR_Policy Rate,1.0000
2005-06-14,EUR_Policy Rate,1.0000
2005-06-15,EUR_Policy Rate,1.0000
2005-06-16,EUR_Policy Rate,1.0000
2005-06-17,EUR_Policy Rate,1.0000
2005-06-18,EUR_Policy Rate,1.0000
2005-06-19,EUR_Policy Rate,1.0000
2005-06-20,EUR_Policy Rate,1.0000
2005-06-21,EUR_Policy Rate,1.0000
2005-06-22,EUR_Policy Rate,1.0000
2005-06-23,EUR_Policy Rate,1.0000
2005-06-24,EUR_Policy Rate,1.0000
2005-06-25,EUR_Policy Rate,1.0000
2005-06-26,EUR_Policy Rate,1.0000
2005-06-27,EUR_Policy Rate,1.0000
2005-06-28,EUR_Policy Rate,1.0000
2005-06-29,EUR_Policy Rate,1.0000
2005-06-30,EUR_Policy Rate,1.0000
2005-07-01,EUR_Policy Rate,1.0000
2005-07-02,EUR_Policy Rate,1.0000
2005-07-03,EUR_Policy Rate,1.0000
2005-07-04,EUR_Policy Rate,1.0000
2005-07-05,EUR_Policy Rate,1.0000
2005-07-06,EUR_Policy Rate,1.0000
2005-07-07,EUR_Policy Rate,1.0000
2005-07-08,EUR_Policy Rate,1.0000
2005-07-09,EUR_Policy Rate,1.0000
2005-07-10,EUR_Policy Rate,1.0000
2005-07-11,EUR_Policy Rate,1.0000
2005-07-12,EUR_Policy Rate,1.0000
2005-07-13,EUR_Policy Rate,1.0000
2005-07-14,EUR_Policy Rate,1.0000
2005-07-15,EUR_Policy Rate,1.0000
2005-07-16,EUR_Policy Rate,1.0000
2005-07-17,EUR_Policy Rate,1.0000
2005-07-18,EUR_Policy Rate,1.0000
2005-07-19,EUR_Policy Rate,1.0000
2005-07-20,EUR_Policy Rate,1.0000
2005-07-21,EUR_Policy Rate,1.0000
2005-07-22,EUR_Policy Rate,1.0000
2005-07-23,EUR_Policy Rate,1.0000
2005-07-24,EUR_Policy Rate,1.0000
2005-07-25,EUR_Policy Rate,1.0000
2005-07-26,EUR_Policy Rate,1.0000
2005-07-27,EUR_Policy Rate,1.0000
2005-07-28,EUR_Policy Rate,1.0000
2005-07-29,EUR_Policy Rate,1.0000
2005-07-30,EUR_Policy Rate,1.0000
2005-07-31,EUR_Policy Rate,1.0000
2005-08-01,EUR_Policy Rate,1.0000
2005-08-02,EUR_Policy Rate,1.0000
2005-08-03,EUR_Policy Rate,1.0000
2005-08-04,EUR_Policy Rate,1.0000
2005-08-05,EUR_Policy Rate,1.0000
2005-08-06,EUR_Policy Rate,1.0000
2005-08-07,EUR_Policy Rate,1.0000
2005-08-08,EUR_Policy Rate,1.0000
2005-08-09,EUR_Policy Rate,1.0000
2005-08-10,EUR_Policy Rate,1.0000
2005-08-11,EUR_Policy Rate,1.0000
2005-08-12,EUR_Policy Rate,1.0000
2005-08-13,EUR_Policy Rate,1.0000
2005-08-14,EUR_Policy Rate,1.0000
2005-08-15,EUR_Policy Rate,1.0000
2005-08-16,EUR_Policy Rate,1.0000
2005-08-17,EUR_Policy Rate,1.0000
2005-08-18,EUR_Policy Rate,1.0000
2005-08-19,EUR_Policy Rate,1.0000
2005-08-20,EUR_Policy Rate,1.0000
2005-08-21,EUR_Policy Rate,1.0000
2005-08-22,EUR_Policy Rate,1.0000
2005-08-23,EUR_Policy Rate,1.0000
2005-08-24,EUR_Policy Rate,1.0000
2005-08-25,EUR_Policy Rate,1.0000
2005-08-26,EUR_Policy Rate,1.0000
2005-08-27,EUR_Policy Rate,1.0000
2005-08-28,EUR_Policy Rate,1.0000
2005-08-29,EUR_Policy Rate,1.0000
2005-08-30,EUR_Policy Rate,1.0000
2005-08-31,EUR_Policy Rate,1.0000
2005-09-01,EUR_Policy Rate,1.0000
2005-09-02,EUR_Policy Rate,1.0000
2005-09-03,EUR_Policy Rate,1.0000
2005-09-04,EUR_Policy Rate,1.0000
2005-09-05,EUR_Policy Rate,1.0000
2005-09-06,EUR_Policy Rate,1.0000
2005-09-07,EUR_Policy Rate,1.0000
2005-09-08,EUR_Policy Rate,1.0000
2005-09-09,EUR_Policy Rate,1.0000
2005-09-10,EUR_Policy Rate,1.0000
2005-09-11,EUR_Policy Rate,1.0000
2005-09-12,EUR_Policy Rate,1.0000
2005-09-13,EUR_Policy Rate,1.0000
2005-09-14,EUR_Policy Rate,1.0000
2005-09-15,EUR_Policy Rate,1.0000
2005-09-16,EUR_Policy Rate,1.0000
2005-09-17,EUR_Policy Rate,1.0000
2005-09-18,EUR_Policy Rate,1.0000
2005-09-19,EUR_Policy Rate,1.0000
2005-09-20,EUR_Policy Rate,1.0000
2005-09-21,EUR_Policy Rate,1.0000
2005-09-22,EUR_Policy Rate,1.0000
2005-09-23,EUR_Policy Rate,1.0000
2005-09-24,EUR_Policy Rate,1.0000
2005-09-25,EUR_Policy Rate,1.0000
2005-09-26,EUR_Policy Rate,1.0000
2005-09-27,EUR_Policy Rate,1.0000
2005-09-28,EUR_Policy Rate,1.0000
2005-09-29,EUR_Policy Rate,1.0000
2005-09-30,EUR_Policy Rate,1.0000
2005-10-01,EUR_Policy Rate,1.0000
2005-10-02,EUR_Policy Rate,1.0000
2005-10-03,EUR_Policy Rate,1.0000
2005-10-04,EUR_Policy Rate,1.0000
2005-10-05,EUR_Policy Rate,1.0000
2005-10-06,EUR_Policy Rate,1.0000
2005-10-07,EUR_Policy Rate,1.0000
2005-10-08,EUR_Policy Rate,1.0000
2005-10-09,EUR_Policy Rate,1.0000
2005-10-10,EUR_Policy Rate,1.0000
2005-10-11,EUR_Policy Rate,1.0000
2005-10-12,EUR_Policy Rate,1.0000
2005-10-13,EUR_Policy Rate,1.0000
2005-10-14,EUR_Policy Rate,1.0000
2005-10-15,EUR_Policy Rate,1.0000
2005-10-16,EUR_Policy Rate,1.0000
2005-10-17,EUR_Policy Rate,1.0000
2005-10-18,EUR_Policy Rate,1.0000
2005-10-19,EUR_Policy Rate,1.0000
2005-10-20,EUR_Policy Rate,1.0000
2005-10-21,EUR_Policy Rate,1.0000
2005-10-22,EUR_Policy Rate,1.0000
2005-10-23,EUR_Policy Rate,1.0000
2005-10-24,EUR_Policy Rate,1.0000
2005-10-25,EUR_Policy Rate,1.0000
2005-10-26,EUR_Policy Rate,1.0000
2005-10-27,EUR_Policy Rate,1.0000
2005-10-28,EUR_Policy Rate,1.0000
2005-10-29,EUR_Policy Rate,1.0000
2005-10-30,EUR_Policy Rate,1.0000
2005-10-31,EUR_Policy Rate,1.0000
2005-11-01,EUR_Policy Rate,1.0000
2005-11-02,EUR_Policy Rate,1.0000
2005-11-03,EUR_Policy Rate,1.0000
2005-11-04,EUR_Policy Rate,1.0000
2005-11-05,EUR_Policy Rate,1.0000
2005-11-06,EUR_Policy Rate,1.0000
2005-11-07,EUR_Policy Rate,1.0000
2005-11-08,EUR_Policy Rate,1.0000
2005-11-09,EUR_Policy Rate,1.0000
2005-11-10,EUR_Policy Rate,1.0000
2005-11-11,EUR_Policy Rate,1.0000
2005-11-12,EUR_Policy Rate,1.0000
2005-11-13,EUR_Policy Rate,1.0000
2005-11-14,EUR_Policy Rate,1.0000
2005-11-15,EUR_Policy Rate,1.0000
2005-11-16,EUR_Policy Rate,1.0000
2005-11-17,EUR_Policy Rate,1.0000
2005-11-18,EUR_Policy Rate,1.0000
2005-11-19,EUR_Policy Rate,1.0000
2005-11-20,EUR_Policy Rate,1.0000
2005-11-21,EUR_Policy Rate,1.0000
2005-11-22,EUR_Policy Rate,1.0000
2005-11-23,EUR_Policy Rate,1.0000
2005-11-24,EUR_Policy Rate,1.0000
2005-11-25,EUR_Policy Rate,1.0000
2005-11-26,EUR_Policy Rate,1.0000
2005-11-27,EUR_Policy Rate,1.0000
2005-11-28,EUR_Policy Rate,1.0000
2005-11-29,EUR_Policy Rate,1.0000
2005-11-30,EUR_Policy Rate,1.0000
2005-12-01,EUR_Policy Rate,1.0000
2005-12-02,EUR_Policy Rate,1.0000
2005-12-03,EUR_Policy Rate,1.0000
2005-12-04,EUR_Policy Rate,1.0000
2005-12-05,EUR_Policy Rate,1.0000
2005-12-06,EUR_Policy Rate,1.2500
2005-12-07,EUR_Policy Rate,1.2500
2005-12-08,EUR_Policy Rate,1.2500
2005-12-09,EUR_Policy Rate,1.2500
2005-12-10,EUR_Policy Rate,1.2500
2005-12-11,EUR_Policy Rate,1.2500
2005-12-12,EUR_Policy Rate,1.2500
2005-12-13,EUR_Policy Rate,1.2500
2005-12-14,EUR_Policy Rate,1.2500
2005-12-15,EUR_Policy Rate,1.2500
2005-12-16,EUR_Policy Rate,1.2500
2005-12-17,EUR_Policy Rate,1.2500
2005-12-18,EUR_Policy Rate,1.2500
2005-12-19,EUR_Policy Rate,1.2500
2005-12-20,EUR_Policy Rate,1.2500
2005-12-21,EUR_Policy Rate,1.2500
2005-12-22,EUR_Policy Rate,1.2500
2005-12-23,EUR_Policy Rate,1.2500
2005-12-24,EUR_Policy Rate,1.2500
2005-12-25,EUR_Policy Rate,1.2500
2005-12-26,EUR_Policy Rate,1.2500
2005-12-27,EUR_Policy Rate,1.2500
2005-12-28,EUR_Policy Rate,1.2500
2005-12-29,EUR_Policy Rate,1.2500
2005-12-30,EUR_Policy Rate,1.2500
2005-12-31,EUR_Policy Rate,1.2500
2006-01-01,EUR_Policy Rate,1.2500
2006-01-02,EUR_Policy Rate,1.2500
2006-01-03,EUR_Policy Rate,1.2500
2006-01-04,EUR_Policy Rate,1.2500
2006-01-05,EUR_Policy Rate,1.2500
2006-01-06,EUR_Policy Rate,1.2500
2006-01-07,EUR_Policy Rate,1.2500
2006-01-08,EUR_Policy Rate,1.2500
2006-01-09,EUR_Policy Rate,1.2500
2006-01-10,EUR_Policy Rate,1.2500
2006-01-11,EUR_Policy Rate,1.2500
2006-01-12,EUR_Policy Rate,1.2500
2006-01-13,EUR_Policy Rate,1.2500
2006-01-14,EUR_Policy Rate,1.2500
2006-01-15,EUR_Policy Rate,1.2500
2006-01-16,EUR_Policy Rate,1.2500
2006-01-17,EUR_Policy Rate,1.2500
2006-01-18,EUR_Policy Rate,1.2500
2006-01-19,EUR_Policy Rate,1.2500
2006-01-20,EUR_Policy Rate,1.2500
2006-01-21,EUR_Policy Rate,1.2500
2006-01-22,EUR_Policy Rate,1.2500
2006-01-23,EUR_Policy Rate,1.2500
2006-01-24,EUR_Policy Rate,1.2500
2006-01-25,EUR_Policy Rate,1.2500
2006-01-26,EUR_Policy Rate,1.2500
2006-01-27,EUR_Policy Rate,1.2500
2006-01-28,EUR_Policy Rate,1.2500
2006-01-29,EUR_Policy Rate,1.2500
2006-01-30,EUR_Policy Rate,1.2500
2006-01-31,EUR_Policy Rate,1.2500
2006-02-01,EUR_Policy Rate,1.2500
2006-02-02,EUR_Policy Rate,1.2500
2006-02-03,EUR_Policy Rate,1.2500
2006-02-04,EUR_Policy Rate,1.2500
2006-02-05,EUR_Policy Rate,1.2500
2006-02-06,EUR_Policy Rate,1.2500
2006-02-07,EUR_Policy Rate,1.2500
2006-02-08,EUR_Policy Rate,1.2500
2006-02-09,EUR_Policy Rate,1.2500
2006-02-10,EUR_Policy Rate,1.2500
2006-02-11,EUR_Policy Rate,1.2500
2006-02-12,EUR_Policy Rate,1.2500
2006-02-13,EUR_Policy Rate,1.2500
2006-02-14,EUR_Policy Rate,1.2500
2006-02-15,EUR_Policy Rate,1.2500
2006-02-16,EUR_Policy Rate,1.2500
2006-02-17,EUR_Policy Rate,1.2500
2006-02-18,EUR_Policy Rate,1.2500
2006-02-19,EUR_Policy Rate,1.2500
2006-02-20,EUR_Policy Rate,1.2500
2006-02-21,EUR_Policy Rate,1.2500
2006-02-22,EUR_Policy Rate,1.2500
2006-02-23,EUR_Policy Rate,1.2500
2006-02-24,EUR_Policy Rate,1.2500
2006-02-25,EUR_Policy Rate,1.2500
2006-02-26,EUR_Policy Rate,1.2500
2006-02-27,EUR_Policy Rate,1.2500
2006-02-28,EUR_Policy Rate,1.2500
2006-03-01,EUR_Policy Rate,1.2500
2006-03-02,EUR_Policy Rate,1.2500
2006-03-03,EUR_Policy Rate,1.2500
2006-03-04,EUR_Policy Rate,1.2500
2006-03-05,EUR_Policy Rate,1.2500
2006-03-06,EUR_Policy Rate,1.2500
2006-03-07,EUR_Policy Rate,1.2500
2006-03-08,EUR_Policy Rate,1.5000
2006-03-09,EUR_Policy Rate,1.5000
2006-03-10,EUR_Policy Rate,1.5000
2006-03-11,EUR_Policy Rate,1.5000
2006-03-12,EUR_Policy Rate,1.5000
2006-03-13,EUR_Policy Rate,1.5000
2006-03-14,EUR_Policy Rate,1.5000
2006-03-15,EUR_Policy Rate,1.5000
2006-03-16,EUR_Policy Rate,1.5000
2006-03-17,EUR_Policy Rate,1.5000
2006-03-18,EUR_Policy Rate,1.5000
2006-03-19,EUR_Policy Rate,1.5000
2006-03-20,EUR_Policy Rate,1.5000
2006-03-21,EUR_Policy Rate,1.5000
2006-03-22,EUR_Policy Rate,1.5000
2006-03-23,EUR_Policy Rate,1.5000
2006-03-24,EUR_Policy Rate,1.5000
2006-03-25,EUR_Policy Rate,1.5000
2006-03-26,EUR_Policy Rate,1.5000
2006-03-27,EUR_Policy Rate,1.5000
2006-03-28,EUR_Policy Rate,1.5000
2006-03-29,EUR_Policy Rate,1.5000
2006-03-30,EUR_Policy Rate,1.5000
2006-03-31,EUR_Policy Rate,1.5000
2006-04-01,EUR_Policy Rate,1.5000
2006-04-02,EUR_Policy Rate,1.5000
2006-04-03,EUR_Policy Rate,1.5000
2006-04-04,EUR_Policy Rate,1.5000
2006-04-05,EUR_Policy Rate,1.5000
2006-04-06,EUR_Policy Rate,1.5000
2006-04-07,EUR_Policy Rate,1.5000
2006-04-08,EUR_Policy Rate,1.5000
2006-04-09,EUR_Policy Rate,1.5000
2006-04-10,EUR_Policy Rate,1.5000
2006-04-11,EUR_Policy Rate,1.5000
2006-04-12,EUR_Policy Rate,1.5000
2006-04-13,EUR_Policy Rate,1.5000
2006-04-14,EUR_Policy Rate,1.5000
2006-04-15,EUR_Policy Rate,1.5000
2006-04-16,EUR_Policy Rate,1.5000
2006-04-17,EUR_Policy Rate,1.5000
2006-04-18,EUR_Policy Rate,1.5000
2006-04-19,EUR_Policy Rate,1.5000
2006-04-20,EUR_Policy Rate,1.5000
2006-04-21,EUR_Policy Rate,1.5000
2006-04-22,EUR_Policy Rate,1.5000
2006-04-23,EUR_Policy Rate,1.5000
2006-04-24,EUR_Policy Rate,1.5000
2006-04-25,EUR_Policy Rate,1.5000
2006-04-26,EUR_Policy Rate,1.5000
2006-04-27,EUR_Policy Rate,1.5000
2006-04-28,EUR_Policy Rate,1.5000
2006-04-29,EUR_Policy Rate,1.5000
2006-04-30,EUR_Policy Rate,1.5000
2006-05-01,EUR_Policy Rate,1.5000
2006-05-02,EUR_Policy Rate,1.5000
2006-05-03,EUR_Policy Rate,1.5000
2006-05-04,EUR_Policy Rate,1.5000
2006-05-05,EUR_Policy Rate,1.5000
2006-05-06,EUR_Policy Rate,1.5000
2006-05-07,EUR_Policy Rate,1.5000
2006-05-08,EUR_Policy Rate,1.5000
2006-05-09,EUR_Policy Rate,1.5000
2006-05-10,EUR_Policy Rate,1.5000
2006-05-11,EUR_Policy Rate,1.5000
2006-05-12,EUR_Policy Rate,1.5000
2006-05-13,EUR_Policy Rate,1.5000
2006-05-14,EUR_Policy Rate,1.5000
2006-05-15,EUR_Policy Rate,1.5000
2006-05-16,EUR_Policy Rate,1.5000
2006-05-17,EUR_Policy Rate,1.5000
2006-05-18,EUR_Policy Rate,1.5000
2006-05-19,EUR_Policy Rate,1.5000
2006-05-20,EUR_Policy Rate,1.5000
2006-05-21,EUR_Policy Rate,1.5000
2006-05-22,EUR_Policy Rate,1.5000
2006-05-23,EUR_Policy Rate,1.5000
2006-05-24,EUR_Policy Rate,1.5000
2006-05-25,EUR_Policy Rate,1.5000
2006-05-26,EUR_Policy Rate,1.5000
2006-05-27,EUR_Policy Rate,1.5000
2006-05-28,EUR_Policy Rate,1.5000
2006-05-29,EUR_Policy Rate,1.5000
2006-05-30,EUR_Policy Rate,1.5000
2006-05-31,EUR_Policy Rate,1.5000
2006-06-01,EUR_Policy Rate,1.5000
2006-06-02,EUR_Policy Rate,1.5000
2006-06-03,EUR_Policy Rate,1.5000
2006-06-04,EUR_Policy Rate,1.5000
2006-06-05,EUR_Policy Rate,1.5000
2006-06-06,EUR_Policy Rate,1.5000
2006-06-07,EUR_Policy Rate,1.5000
2006-06-08,EUR_Policy Rate,1.5000
2006-06-09,EUR_Policy Rate,1.5000
2006-06-10,EUR_Policy Rate,1.5000
2006-06-11,EUR_Policy Rate,1.5000
2006-06-12,EUR_Policy Rate,1.5000
2006-06-13,EUR_Policy Rate,1.5000
2006-06-14,EUR_Policy Rate,1.5000
2006-06-15,EUR_Policy Rate,1.7500
2006-06-16,EUR_Policy Rate,1.7500
2006-06-17,EUR_Policy Rate,1.7500
2006-06-18,EUR_Policy Rate,1.7500
2006-06-19,EUR_Policy Rate,1.7500
2006-06-20,EUR_Policy Rate,1.7500
2006-06-21,EUR_Policy Rate,1.7500
2006-06-22,EUR_Policy Rate,1.7500
2006-06-23,EUR_Policy Rate,1.7500
2006-06-24,EUR_Policy Rate,1.7500
2006-06-25,EUR_Policy Rate,1.7500
2006-06-26,EUR_Policy Rate,1.7500
2006-06-27,EUR_Policy Rate,1.7500
2006-06-28,EUR_Policy Rate,1.7500
2006-06-29,EUR_Policy Rate,1.7500
2006-06-30,EUR_Policy Rate,1.7500
2006-07-01,EUR_Policy Rate,1.7500
2006-07-02,EUR_Policy Rate,1.7500
2006-07-03,EUR_Policy Rate,1.7500
2006-07-04,EUR_Policy Rate,1.7500
2006-07-05,EUR_Policy Rate,1.7500
2006-07-06,EUR_Policy Rate,1.7500
2006-07-07,EUR_Policy Rate,1.7500
2006-07-08,EUR_Policy Rate,1.7500
2006-07-09,EUR_Policy Rate,1.7500
2006-07-10,EUR_Policy Rate,1.7500
2006-07-11,EUR_Policy Rate,1.7500
2006-07-12,EUR_Policy Rate,1.7500
2006-07-13,EUR_Policy Rate,1.7500
2006-07-14,EUR_Policy Rate,1.7500
2006-07-15,EUR_Policy Rate,1.7500
2006-07-16,EUR_Policy Rate,1.7500
2006-07-17,EUR_Policy Rate,1.7500
2006-07-18,EUR_Policy Rate,1.7500
2006-07-19,EUR_Policy Rate,1.7500
2006-07-20,EUR_Policy Rate,1.7500
2006-07-21,EUR_Policy Rate,1.7500
2006-07-22,EUR_Policy Rate,1.7500
2006-07-23,EUR_Policy Rate,1.7500
2006-07-24,EUR_Policy Rate,1.7500
2006-07-25,EUR_Policy Rate,1.7500
2006-07-26,EUR_Policy Rate,1.7500
2006-07-27,EUR_Policy Rate,1.7500
2006-07-28,EUR_Policy Rate,1.7500
2006-07-29,EUR_Policy Rate,1.7500
2006-07-30,EUR_Policy Rate,1.7500
2006-07-31,EUR_Policy Rate,1.7500
2006-08-01,EUR_Policy Rate,1.7500
2006-08-02,EUR_Policy Rate,1.7500
2006-08-03,EUR_Policy Rate,1.7500
2006-08-04,EUR_Policy Rate,1.7500
2006-08-05,EUR_Policy Rate,1.7500
2006-08-06,EUR_Policy Rate,1.7500
2006-08-07,EUR_Policy Rate,1.7500
2006-08-08,EUR_Policy Rate,1.7500
2006-08-09,EUR_Policy Rate,2.0000
2006-08-10,EUR_Policy Rate,2.0000
2006-08-11,EUR_Policy Rate,2.0000
2006-08-12,EUR_Policy Rate,2.0000
2006-08-13,EUR_Policy Rate,2.0000
2006-08-14,EUR_Policy Rate,2.0000
2006-08-15,EUR_Policy Rate,2.0000
2006-08-16,EUR_Policy Rate,2.0000
2006-08-17,EUR_Policy Rate,2.0000
2006-08-18,EUR_Policy Rate,2.0000
2006-08-19,EUR_Policy Rate,2.0000
2006-08-20,EUR_Policy Rate,2.0000
2006-08-21,EUR_Policy Rate,2.0000
2006-08-22,EUR_Policy Rate,2.0000
2006-08-23,EUR_Policy Rate,2.0000
2006-08-24,EUR_Policy Rate,2.0000
2006-08-25,EUR_Policy Rate,2.0000
2006-08-26,EUR_Policy Rate,2.0000
2006-08-27,EUR_Policy Rate,2.0000
2006-08-28,EUR_Policy Rate,2.0000
2006-08-29,EUR_Policy Rate,2.0000
2006-08-30,EUR_Policy Rate,2.0000
2006-08-31,EUR_Policy Rate,2.0000
2006-09-01,EUR_Policy Rate,2.0000
2006-09-02,EUR_Policy Rate,2.0000
2006-09-03,EUR_Policy Rate,2.0000
2006-09-04,EUR_Policy Rate,2.0000
2006-09-05,EUR_Policy Rate,2.0000
2006-09-06,EUR_Policy Rate,2.0000
2006-09-07,EUR_Policy Rate,2.0000
2006-09-08,EUR_Policy Rate,2.0000
2006-09-09,EUR_Policy Rate,2.0000
2006-09-10,EUR_Policy Rate,2.0000
2006-09-11,EUR_Policy Rate,2.0000
2006-09-12,EUR_Policy Rate,2.0000
2006-09-13,EUR_Policy Rate,2.0000
2006-09-14,EUR_Policy Rate,2.0000
2006-09-15,EUR_Policy Rate,2.0000
2006-09-16,EUR_Policy Rate,2.0000
2006-09-17,EUR_Policy Rate,2.0000
2006-09-18,EUR_Policy Rate,2.0000
2006-09-19,EUR_Policy Rate,2.0000
2006-09-20,EUR_Policy Rate,2.0000
2006-09-21,EUR_Policy Rate,2.0000
2006-09-22,EUR_Policy Rate,2.0000
2006-09-23,EUR_Policy Rate,2.0000
2006-09-24,EUR_Policy Rate,2.0000
2006-09-25,EUR_Policy Rate,2.0000
2006-09-26,EUR_Policy Rate,2.0000
2006-09-27,EUR_Policy Rate,2.0000
2006-09-28,EUR_Policy Rate,2.0000
2006-09-29,EUR_Policy Rate,2.0000
2006-09-30,EUR_Policy Rate,2.0000
2006-10-01,EUR_Policy Rate,2.0000
2006-10-02,EUR_Policy Rate,2.0000
2006-10-03,EUR_Policy Rate,2.0000
2006-10-04,EUR_Policy Rate,2.0000
2006-10-05,EUR_Policy Rate,2.0000
2006-10-06,EUR_Policy Rate,2.0000
2006-10-07,EUR_Policy Rate,2.0000
2006-10-08,EUR_Policy Rate,2.0000
2006-10-09,EUR_Policy Rate,2.0000
2006-10-10,EUR_Policy Rate,2.0000
2006-10-11,EUR_Policy Rate,2.2500
2006-10-12,EUR_Policy Rate,2.2500
2006-10-13,EUR_Policy Rate,2.2500
2006-10-14,EUR_Policy Rate,2.2500
2006-10-15,EUR_Policy Rate,2.2500
2006-10-16,EUR_Policy Rate,2.2500
2006-10-17,EUR_Policy Rate,2.2500
2006-10-18,EUR_Policy Rate,2.2500
2006-10-19,EUR_Policy Rate,2.2500
2006-10-20,EUR_Policy Rate,2.2500
2006-10-21,EUR_Policy Rate,2.2500
2006-10-22,EUR_Policy Rate,2.2500
2006-10-23,EUR_Policy Rate,2.2500
2006-10-24,EUR_Policy Rate,2.2500
2006-10-25,EUR_Policy Rate,2.2500
2006-10-26,EUR_Policy Rate,2.2500
2006-10-27,EUR_Policy Rate,2.2500
2006-10-28,EUR_Policy Rate,2.2500
2006-10-29,EUR_Policy Rate,2.2500
2006-10-30,EUR_Policy Rate,2.2500
2006-10-31,EUR_Policy Rate,2.2500
2006-11-01,EUR_Policy Rate,2.2500
2006-11-02,EUR_Policy Rate,2.2500
2006-11-03,EUR_Policy Rate,2.2500
2006-11-04,EUR_Policy Rate,2.2500
2006-11-05,EUR_Policy Rate,2.2500
2006-11-06,EUR_Policy Rate,2.2500
2006-11-07,EUR_Policy Rate,2.2500
2006-11-08,EUR_Policy Rate,2.2500
2006-11-09,EUR_Policy Rate,2.2500
2006-11-10,EUR_Policy Rate,2.2500
2006-11-11,EUR_Policy Rate,2.2500
2006-11-12,EUR_Policy Rate,2.2500
2006-11-13,EUR_Policy Rate,2.2500
2006-11-14,EUR_Policy Rate,2.2500
2006-11-15,EUR_Policy Rate,2.2500
2006-11-16,EUR_Policy Rate,2.2500
2006-11-17,EUR_Policy Rate,2.2500
2006-11-18,EUR_Policy Rate,2.2500
2006-11-19,EUR_Policy Rate,2.2500
2006-11-20,EUR_Policy Rate,2.2500
2006-11-21,EUR_Policy Rate,2.2500
2006-11-22,EUR_Policy Rate,2.2500
2006-11-23,EUR_Policy Rate,2.2500
2006-11-24,EUR_Policy Rate,2.2500
2006-11-25,EUR_Policy Rate,2.2500
2006-11-26,EUR_Policy Rate,2.2500
2006-11-27,EUR_Policy Rate,2.2500
2006-11-28,EUR_Policy Rate,2.2500
2006-11-29,EUR_Policy Rate,2.2500
2006-11-30,EUR_Policy Rate,2.2500
2006-12-01,EUR_Policy Rate,2.2500
2006-12-02,EUR_Policy Rate,2.2500
2006-12-03,EUR_Policy Rate,2.2500
2006-12-04,EUR_Policy Rate,2.2500
2006-12-05,EUR_Policy Rate,2.2500
2006-12-06,EUR_Policy Rate,2.2500
2006-12-07,EUR_Policy Rate,2.2500
2006-12-08,EUR_Policy Rate,2.2500
2006-12-09,EUR_Policy Rate,2.2500
2006-12-10,EUR_Policy Rate,2.2500
2006-12-11,EUR_Policy Rate,2.2500
2006-12-12,EUR_Policy Rate,2.2500
2006-12-13,EUR_Policy Rate,2.5000
2006-12-14,EUR_Policy Rate,2.5000
2006-12-15,EUR_Policy Rate,2.5000
2006-12-16,EUR_Policy Rate,2.5000
2006-12-17,EUR_Policy Rate,2.5000
2006-12-18,EUR_Policy Rate,2.5000
2006-12-19,EUR_Policy Rate,2.5000
2006-12-20,EUR_Policy Rate,2.5000
2006-12-21,EUR_Policy Rate,2.5000
2006-12-22,EUR_Policy Rate,2.5000
2006-12-23,EUR_Policy Rate,2.5000
2006-12-24,EUR_Policy Rate,2.5000
2006-12-25,EUR_Policy Rate,2.5000
2006-12-26,EUR_Policy Rate,2.5000
2006-12-27,EUR_Policy Rate,2.5000
2006-12-28,EUR_Policy Rate,2.5000
2006-12-29,EUR_Policy Rate,2.5000
2006-12-30,EUR_Policy Rate,2.5000
2006-12-31,EUR_Policy Rate,2.5000
2007-01-01,EUR_Policy Rate,2.5000
2007-01-02,EUR_Policy Rate,2.5000
2007-01-03,EUR_Policy Rate,2.5000
2007-01-04,EUR_Policy Rate,2.5000
2007-01-05,EUR_Policy Rate,2.5000
2007-01-06,EUR_Policy Rate,2.5000
2007-01-07,EUR_Policy Rate,2.5000
2007-01-08,EUR_Policy Rate,2.5000
2007-01-09,EUR_Policy Rate,2.5000
2007-01-10,EUR_Policy Rate,2.5000
2007-01-11,EUR_Policy Rate,2.5000
2007-01-12,EUR_Policy Rate,2.5000
2007-01-13,EUR_Policy Rate,2.5000
2007-01-14,EUR_Policy Rate,2.5000
2007-01-15,EUR_Policy Rate,2.5000
2007-01-16,EUR_Policy Rate,2.5000
2007-01-17,EUR_Policy Rate,2.5000
2007-01-18,EUR_Policy Rate,2.5000
2007-01-19,EUR_Policy Rate,2.5000
2007-01-20,EUR_Policy Rate,2.5000
2007-01-21,EUR_Policy Rate,2.5000
2007-01-22,EUR_Policy Rate,2.5000
2007-01-23,EUR_Policy Rate,2.5000
2007-01-24,EUR_Policy Rate,2.5000
2007-01-25,EUR_Policy Rate,2.5000
2007-01-26,EUR_Policy Rate,2.5000
2007-01-27,EUR_Policy Rate,2.5000
2007-01-28,EUR_Policy Rate,2.5000
2007-01-29,EUR_Policy Rate,2.5000
2007-01-30,EUR_Policy Rate,2.5000
2007-01-31,EUR_Policy Rate,2.5000
2007-02-01,EUR_Policy Rate,2.5000
2007-02-02,EUR_Policy Rate,2.5000
2007-02-03,EUR_Policy Rate,2.5000
2007-02-04,EUR_Policy Rate,2.5000
2007-02-05,EUR_Policy Rate,2.5000
2007-02-06,EUR_Policy Rate,2.5000
2007-02-07,EUR_Policy Rate,2.5000
2007-02-08,EUR_Policy Rate,2.5000
2007-02-09,EUR_Policy Rate,2.5000
2007-02-10,EUR_Policy Rate,2.5000
2007-02-11,EUR_Policy Rate,2.5000
2007-02-12,EUR_Policy Rate,2.5000
2007-02-13,EUR_Policy Rate,2.5000
2007-02-14,EUR_Policy Rate,2.5000
2007-02-15,EUR_Policy Rate,2.5000
2007-02-16,EUR_Policy Rate,2.5000
2007-02-17,EUR_Policy Rate,2.5000
2007-02-18,EUR_Policy Rate,2.5000
2007-02-19,EUR_Policy Rate,2.5000
2007-02-20,EUR_Policy Rate,2.5000
2007-02-21,EUR_Policy Rate,2.5000
2007-02-22,EUR_Policy Rate,2.5000
2007-02-23,EUR_Policy Rate,2.5000
2007-02-24,EUR_Policy Rate,2.5000
2007-02-25,EUR_Policy Rate,2.5000
2007-02-26,EUR_Policy Rate,2.5000
2007-02-27,EUR_Policy Rate,2.5000
2007-02-28,EUR_Policy Rate,2.5000
2007-03-01,EUR_Policy Rate,2.5000
2007-03-02,EUR_Policy Rate,2.5000
2007-03-03,EUR_Policy Rate,2.5000
2007-03-04,EUR_Policy Rate,2.5000
2007-03-05,EUR_Policy Rate,2.5000
2007-03-06,EUR_Policy Rate,2.5000
2007-03-07,EUR_Policy Rate,2.5000
2007-03-08,EUR_Policy Rate,2.5000
2007-03-09,EUR_Policy Rate,2.5000
2007-03-10,EUR_Policy Rate,2.5000
2007-03-11,EUR_Policy Rate,2.5000
2007-03-12,EUR_Policy Rate,2.5000
2007-03-13,EUR_Policy Rate,2.5000
2007-03-14,EUR_Policy Rate,2.7500
2007-03-15,EUR_Policy Rate,2.7500
2007-03-16,EUR_Policy Rate,2.7500
2007-03-17,EUR_Policy Rate,2.7500
2007-03-18,EUR_Policy Rate,2.7500
2007-03-19,EUR_Policy Rate,2.7500
2007-03-20,EUR_Policy Rate,2.7500
2007-03-21,EUR_Policy Rate,2.7500
2007-03-22,EUR_Policy Rate,2.7500
2007-03-23,EUR_Policy Rate,2.7500
2007-03-24,EUR_Policy Rate,2.7500
2007-03-25,EUR_Policy Rate,2.7500
2007-03-26,EUR_Policy Rate,2.7500
2007-03-27,EUR_Policy Rate,2.7500
2007-03-28,EUR_Policy Rate,2.7500
2007-03-29,EUR_Policy Rate,2.7500
2007-03-30,EUR_Policy Rate,2.7500
2007-03-31,EUR_Policy Rate,2.7500
2007-04-01,EUR_Policy Rate,2.7500
2007-04-02,EUR_Policy Rate,2.7500
2007-04-03,EUR_Policy Rate,2.7500
2007-04-04,EUR_Policy Rate,2.7500
2007-04-05,EUR_Policy Rate,2.7500
2007-04-06,EUR_Policy Rate,2.7500
2007-04-07,EUR_Policy Rate,2.7500
2007-04-08,EUR_Policy Rate,2.7500
2007-04-09,EUR_Policy Rate,2.7500
2007-04-10,EUR_Policy Rate,2.7500
2007-04-11,EUR_Policy Rate,2.7500
2007-04-12,EUR_Policy Rate,2.7500
2007-04-13,EUR_Policy Rate,2.7500
2007-04-14,EUR_Policy Rate,2.7500
2007-04-15,EUR_Policy Rate,2.7500
2007-04-16,EUR_Policy Rate,2.7500
2007-04-17,EUR_Policy Rate,2.7500
2007-04-18,EUR_Policy Rate,2.7500
2007-04-19,EUR_Policy Rate,2.7500
2007-04-20,EUR_Policy Rate,2.7500
2007-04-21,EUR_Policy Rate,2.7500
2007-04-22,EUR_Policy Rate,2.7500
2007-04-23,EUR_Policy Rate,2.7500
2007-04-24,EUR_Policy Rate,2.7500
2007-04-25,EUR_Policy Rate,2.7500
2007-04-26,EUR_Policy Rate,2.7500
2007-04-27,EUR_Policy Rate,2.7500
2007-04-28,EUR_Policy Rate,2.7500
2007-04-29,EUR_Policy Rate,2.7500
2007-04-30,EUR_Policy Rate,2.7500
2007-05-01,EUR_Policy Rate,2.7500
2007-05-02,EUR_Policy Rate,2.7500
2007-05-03,EUR_Policy Rate,2.7500
2007-05-04,EUR_Policy Rate,2.7500
2007-05-05,EUR_Policy Rate,2.7500
2007-05-06,EUR_Policy Rate,2.7500
2007-05-07,EUR_Policy Rate,2.7500
2007-05-08,EUR_Policy Rate,2.7500
2007-05-09,EUR_Policy Rate,2.7500
2007-05-10,EUR_Policy Rate,2.7500
2007-05-11,EUR_Policy Rate,2.7500
2007-05-12,EUR_Policy Rate,2.7500
2007-05-13,EUR_Policy Rate,2.7500
2007-05-14,EUR_Policy Rate,2.7500
2007-05-15,EUR_Policy Rate,2.7500
2007-05-16,EUR_Policy Rate,2.7500
2007-05-17,EUR_Policy Rate,2.7500
2007-05-18,EUR_Policy Rate,2.7500
2007-05-19,EUR_Policy Rate,2.7500
2007-05-20,EUR_Policy Rate,2.7500
2007-05-21,EUR_Policy Rate,2.7500
2007-05-22,EUR_Policy Rate,2.7500
2007-05-23,EUR_Policy Rate,2.7500
2007-05-24,EUR_Policy Rate,2.7500
2007-05-25,EUR_Policy Rate,2.7500
2007-05-26,EUR_Policy Rate,2.7500
2007-05-27,EUR_Policy Rate,2.7500
2007-05-28,EUR_Policy Rate,2.7500
2007-05-29,EUR_Policy Rate,2.7500
2007-05-30,EUR_Policy Rate,2.7500
2007-05-31,EUR_Policy Rate,2.7500
2007-06-01,EUR_Policy Rate,2.7500
2007-06-02,EUR_Policy Rate,2.7500
2007-06-03,EUR_Policy Rate,2.7500
2007-06-04,EUR_Policy Rate,2.7500
2007-06-05,EUR_Policy Rate,2.7500
2007-06-06,EUR_Policy Rate,2.7500
2007-06-07,EUR_Policy Rate,2.7500
2007-06-08,EUR_Policy Rate,2.7500
2007-06-09,EUR_Policy Rate,2.7500
2007-06-10,EUR_Policy Rate,2.7500
2007-06-11,EUR_Policy Rate,2.7500
2007-06-12,EUR_Policy Rate,2.7500
2007-06-13,EUR_Policy Rate,3.0000
2007-06-14,EUR_Policy Rate,3.0000
2007-06-15,EUR_Policy Rate,3.0000
2007-06-16,EUR_Policy Rate,3.0000
2007-06-17,EUR_Policy Rate,3.0000
2007-06-18,EUR_Policy Rate,3.0000
2007-06-19,EUR_Policy Rate,3.0000
2007-06-20,EUR_Policy Rate,3.0000
2007-06-21,EUR_Policy Rate,3.0000
2007-06-22,EUR_Policy Rate,3.0000
2007-06-23,EUR_Policy Rate,3.0000
2007-06-24,EUR_Policy Rate,3.0000
2007-06-25,EUR_Policy Rate,3.0000
2007-06-26,EUR_Policy Rate,3.0000
2007-06-27,EUR_Policy Rate,3.0000
2007-06-28,EUR_Policy Rate,3.0000
2007-06-29,EUR_Policy Rate,3.0000
2007-06-30,EUR_Policy Rate,3.0000
2007-07-01,EUR_Policy Rate,3.0000
2007-07-02,EUR_Policy Rate,3.0000
2007-07-03,EUR_Policy Rate,3.0000
2007-07-04,EUR_Policy Rate,3.0000
2007-07-05,EUR_Policy Rate,3.0000
2007-07-06,EUR_Policy Rate,3.0000
2007-07-07,EUR_Policy Rate,3.0000
2007-07-08,EUR_Policy Rate,3.0000
2007-07-09,EUR_Policy Rate,3.0000
2007-07-10,EUR_Policy Rate,3.0000
2007-07-11,EUR_Policy Rate,3.0000
2007-07-12,EUR_Policy Rate,3.0000
2007-07-13,EUR_Policy Rate,3.0000
2007-07-14,EUR_Policy Rate,3.0000
2007-07-15,EUR_Policy Rate,3.0000
2007-07-16,EUR_Policy Rate,3.0000
2007-07-17,EUR_Policy Rate,3.0000
2007-07-18,EUR_Policy Rate,3.0000
2007-07-19,EUR_Policy Rate,3.0000
2007-07-20,EUR_Policy Rate,3.0000
2007-07-21,EUR_Policy Rate,3.0000
2007-07-22,EUR_Policy Rate,3.0000
2007-07-23,EUR_Policy Rate,3.0000
2007-07-24,EUR_Policy Rate,3.0000
2007-07-25,EUR_Policy Rate,3.0000
2007-07-26,EUR_Policy Rate,3.0000
2007-07-27,EUR_Policy Rate,3.0000
2007-07-28,EUR_Policy Rate,3.0000
2007-07-29,EUR_Policy Rate,3.0000
2007-07-30,EUR_Policy Rate,3.0000
2007-07-31,EUR_Policy Rate,3.0000
2007-08-01,EUR_Policy Rate,3.0000
2007-08-02,EUR_Policy Rate,3.0000
2007-08-03,EUR_Policy Rate,3.0000
2007-08-04,EUR_Policy Rate,3.0000
2007-08-05,EUR_Policy Rate,3.0000
2007-08-06,EUR_Policy Rate,3.0000
2007-08-07,EUR_Policy Rate,3.0000
2007-08-08,EUR_Policy Rate,3.0000
2007-08-09,EUR_Policy Rate,3.0000
2007-08-10,EUR_Policy Rate,3.0000
2007-08-11,EUR_Policy Rate,3.0000
2007-08-12,EUR_Policy Rate,3.0000
2007-08-13,EUR_Policy Rate,3.0000
2007-08-14,EUR_Policy Rate,3.0000
2007-08-15,EUR_Policy Rate,3.0000
2007-08-16,EUR_Policy Rate,3.0000
2007-08-17,EUR_Policy Rate,3.0000
2007-08-18,EUR_Policy Rate,3.0000
2007-08-19,EUR_Policy Rate,3.0000
2007-08-20,EUR_Policy Rate,3.0000
2007-08-21,EUR_Policy Rate,3.0000
2007-08-22,EUR_Policy Rate,3.0000
2007-08-23,EUR_Policy Rate,3.0000
2007-08-24,EUR_Policy Rate,3.0000
2007-08-25,EUR_Policy Rate,3.0000
2007-08-26,EUR_Policy Rate,3.0000
2007-08-27,EUR_Policy Rate,3.0000
2007-08-28,EUR_Policy Rate,3.0000
2007-08-29,EUR_Policy Rate,3.0000
2007-08-30,EUR_Policy Rate,3.0000
2007-08-31,EUR_Policy Rate,3.0000
2007-09-01,EUR_Policy Rate,3.0000
2007-09-02,EUR_Policy Rate,3.0000
2007-09-03,EUR_Policy Rate,3.0000
2007-09-04,EUR_Policy Rate,3.0000
2007-09-05,EUR_Policy Rate,3.0000
2007-09-06,EUR_Policy Rate,3.0000
2007-09-07,EUR_Policy Rate,3.0000
2007-09-08,EUR_Policy Rate,3.0000
2007-09-09,EUR_Policy Rate,3.0000
2007-09-10,EUR_Policy Rate,3.0000
2007-09-11,EUR_Policy Rate,3.0000
2007-09-12,EUR_Policy Rate,3.0000
2007-09-13,EUR_Policy Rate,3.0000
2007-09-14,EUR_Policy Rate,3.0000
2007-09-15,EUR_Policy Rate,3.0000
2007-09-16,EUR_Policy Rate,3.0000
2007-09-17,EUR_Policy Rate,3.0000
2007-09-18,EUR_Policy Rate,3.0000
2007-09-19,EUR_Policy Rate,3.0000
2007-09-20,EUR_Policy Rate,3.0000
2007-09-21,EUR_Policy Rate,3.0000
2007-09-22,EUR_Policy Rate,3.0000
2007-09-23,EUR_Policy Rate,3.0000
2007-09-24,EUR_Policy Rate,3.0000
2007-09-25,EUR_Policy Rate,3.0000
2007-09-26,EUR_Policy Rate,3.0000
2007-09-27,EUR_Policy Rate,3.0000
2007-09-28,EUR_Policy Rate,3.0000
2007-09-29,EUR_Policy Rate,3.0000
2007-09-30,EUR_Policy Rate,3.0000
2007-10-01,EUR_Policy Rate,3.0000
2007-10-02,EUR_Policy Rate,3.0000
2007-10-03,EUR_Policy Rate,3.0000
2007-10-04,EUR_Policy Rate,3.0000
2007-10-05,EUR_Policy Rate,3.0000
2007-10-06,EUR_Policy Rate,3.0000
2007-10-07,EUR_Policy Rate,3.0000
2007-10-08,EUR_Policy Rate,3.0000
2007-10-09,EUR_Policy Rate,3.0000
2007-10-10,EUR_Policy Rate,3.0000
2007-10-11,EUR_Policy Rate,3.0000
2007-10-12,EUR_Policy Rate,3.0000
2007-10-13,EUR_Policy Rate,3.0000
2007-10-14,EUR_Policy Rate,3.0000
2007-10-15,EUR_Policy Rate,3.0000
2007-10-16,EUR_Policy Rate,3.0000
2007-10-17,EUR_Policy Rate,3.0000
2007-10-18,EUR_Policy Rate,3.0000
2007-10-19,EUR_Policy Rate,3.0000
2007-10-20,EUR_Policy Rate,3.0000
2007-10-21,EUR_Policy Rate,3.0000
2007-10-22,EUR_Policy Rate,3.0000
2007-10-23,EUR_Policy Rate,3.0000
2007-10-24,EUR_Policy Rate,3.0000
2007-10-25,EUR_Policy Rate,3.0000
2007-10-26,EUR_Policy Rate,3.0000
2007-10-27,EUR_Policy Rate,3.0000
2007-10-28,EUR_Policy Rate,3.0000
2007-10-29,EUR_Policy Rate,3.0000
2007-10-30,EUR_Policy Rate,3.0000
2007-10-31,EUR_Policy Rate,3.0000
2007-11-01,EUR_Policy Rate,3.0000
2007-11-02,EUR_Policy Rate,3.0000
2007-11-03,EUR_Policy Rate,3.0000
2007-11-04,EUR_Policy Rate,3.0000
2007-11-05,EUR_Policy Rate,3.0000
2007-11-06,EUR_Policy Rate,3.0000
2007-11-07,EUR_Policy Rate,3.0000
2007-11-08,EUR_Policy Rate,3.0000
2007-11-09,EUR_Policy Rate,3.0000
2007-11-10,EUR_Policy Rate,3.0000
2007-11-11,EUR_Policy Rate,3.0000
2007-11-12,EUR_Policy Rate,3.0000
2007-11-13,EUR_Policy Rate,3.0000
2007-11-14,EUR_Policy Rate,3.0000
2007-11-15,EUR_Policy Rate,3.0000
2007-11-16,EUR_Policy Rate,3.0000
2007-11-17,EUR_Policy Rate,3.0000
2007-11-18,EUR_Policy Rate,3.0000
2007-11-19,EUR_Policy Rate,3.0000
2007-11-20,EUR_Policy Rate,3.0000
2007-11-21,EUR_Policy Rate,3.0000
2007-11-22,EUR_Policy Rate,3.0000
2007-11-23,EUR_Policy Rate,3.0000
2007-11-24,EUR_Policy Rate,3.0000
2007-11-25,EUR_Policy Rate,3.0000
2007-11-26,EUR_Policy Rate,3.0000
2007-11-27,EUR_Policy Rate,3.0000
2007-11-28,EUR_Policy Rate,3.0000
2007-11-29,EUR_Policy Rate,3.0000
2007-11-30,EUR_Policy Rate,3.0000
2007-12-01,EUR_Policy Rate,3.0000
2007-12-02,EUR_Policy Rate,3.0000
2007-12-03,EUR_Policy Rate,3.0000
2007-12-04,EUR_Policy Rate,3.0000
2007-12-05,EUR_Policy Rate,3.0000
2007-12-06,EUR_Policy Rate,3.0000
2007-12-07,EUR_Policy Rate,3.0000
2007-12-08,EUR_Policy Rate,3.0000
2007-12-09,EUR_Policy Rate,3.0000
2007-12-10,EUR_Policy Rate,3.0000
2007-12-11,EUR_Policy Rate,3.0000
2007-12-12,EUR_Policy Rate,3.0000
2007-12-13,EUR_Policy Rate,3.0000
2007-12-14,EUR_Policy Rate,3.0000
2007-12-15,EUR_Policy Rate,3.0000
2007-12-16,EUR_Policy Rate,3.0000
2007-12-17,EUR_Policy Rate,3.0000
2007-12-18,EUR_Policy Rate,3.0000
2007-12-19,EUR_Policy Rate,3.0000
2007-12-20,EUR_Policy Rate,3.0000
2007-12-21,EUR_Policy Rate,3.0000
2007-12-22,EUR_Policy Rate,3.0000
2007-12-23,EUR_Policy Rate,3.0000
2007-12-24,EUR_Policy Rate,3.0000
2007-12-25,EUR_Policy Rate,3.0000
2007-12-26,EUR_Policy Rate,3.0000
2007-12-27,EUR_Policy Rate,3.0000
2007-12-28,EUR_Policy Rate,3.0000
2007-12-29,EUR_Policy Rate,3.0000
2007-12-30,EUR_Policy Rate,3.0000
2007-12-31,EUR_Policy Rate,3.0000
2008-01-01,EUR_Policy Rate,3.0000
2008-01-02,EUR_Policy Rate,3.0000
2008-01-03,EUR_Policy Rate,3.0000
2008-01-04,EUR_Policy Rate,3.0000
2008-01-05,EUR_Policy Rate,3.0000
2008-01-06,EUR_Policy Rate,3.0000
2008-01-07,EUR_Policy Rate,3.0000
2008-01-08,EUR_Policy Rate,3.0000
2008-01-09,EUR_Policy Rate,3.0000
2008-01-10,EUR_Policy Rate,3.0000
2008-01-11,EUR_Policy Rate,3.0000
2008-01-12,EUR_Policy Rate,3.0000
2008-01-13,EUR_Policy Rate,3.0000
2008-01-14,EUR_Policy Rate,3.0000
2008-01-15,EUR_Policy Rate,3.0000
2008-01-16,EUR_Policy Rate,3.0000
2008-01-17,EUR_Policy Rate,3.0000
2008-01-18,EUR_Policy Rate,3.0000
2008-01-19,EUR_Policy Rate,3.0000
2008-01-20,EUR_Policy Rate,3.0000
2008-01-21,EUR_Policy Rate,3.0000
2008-01-22,EUR_Policy Rate,3.0000
2008-01-23,EUR_Policy Rate,3.0000
2008-01-24,EUR_Policy Rate,3.0000
2008-01-25,EUR_Policy Rate,3.0000
2008-01-26,EUR_Policy Rate,3.0000
2008-01-27,EUR_Policy Rate,3.0000
2008-01-28,EUR_Policy Rate,3.0000
2008-01-29,EUR_Policy Rate,3.0000
2008-01-30,EUR_Policy Rate,3.0000
2008-01-31,EUR_Policy Rate,3.0000
2008-02-01,EUR_Policy Rate,3.0000
2008-02-02,EUR_Policy Rate,3.0000
2008-02-03,EUR_Policy Rate,3.0000
2008-02-04,EUR_Policy Rate,3.0000
2008-02-05,EUR_Policy Rate,3.0000
2008-02-06,EUR_Policy Rate,3.0000
2008-02-07,EUR_Policy Rate,3.0000
2008-02-08,EUR_Policy Rate,3.0000
2008-02-09,EUR_Policy Rate,3.0000
2008-02-10,EUR_Policy Rate,3.0000
2008-02-11,EUR_Policy Rate,3.0000
2008-02-12,EUR_Policy Rate,3.0000
2008-02-13,EUR_Policy Rate,3.0000
2008-02-14,EUR_Policy Rate,3.0000
2008-02-15,EUR_Policy Rate,3.0000
2008-02-16,EUR_Policy Rate,3.0000
2008-02-17,EUR_Policy Rate,3.0000
2008-02-18,EUR_Policy Rate,3.0000
2008-02-19,EUR_Policy Rate,3.0000
2008-02-20,EUR_Policy Rate,3.0000
2008-02-21,EUR_Policy Rate,3.0000
2008-02-22,EUR_Policy Rate,3.0000
2008-02-23,EUR_Policy Rate,3.0000
2008-02-24,EUR_Policy Rate,3.0000
2008-02-25,EUR_Policy Rate,3.0000
2008-02-26,EUR_Policy Rate,3.0000
2008-02-27,EUR_Policy Rate,3.0000
2008-02-28,EUR_Policy Rate,3.0000
2008-02-29,EUR_Policy Rate,3.0000
2008-03-01,EUR_Policy Rate,3.0000
2008-03-02,EUR_Policy Rate,3.0000
2008-03-03,EUR_Policy Rate,3.0000
2008-03-04,EUR_Policy Rate,3.0000
2008-03-05,EUR_Policy Rate,3.0000
2008-03-06,EUR_Policy Rate,3.0000
2008-03-07,EUR_Policy Rate,3.0000
2008-03-08,EUR_Policy Rate,3.0000
2008-03-09,EUR_Policy Rate,3.0000
2008-03-10,EUR_Policy Rate,3.0000
2008-03-11,EUR_Policy Rate,3.0000
2008-03-12,EUR_Policy Rate,3.0000
2008-03-13,EUR_Policy Rate,3.0000
2008-03-14,EUR_Policy Rate,3.0000
2008-03-15,EUR_Policy Rate,3.0000
2008-03-16,EUR_Policy Rate,3.0000
2008-03-17,EUR_Policy Rate,3.0000
2008-03-18,EUR_Policy Rate,3.0000
2008-03-19,EUR_Policy Rate,3.0000
2008-03-20,EUR_Policy Rate,3.0000
2008-03-21,EUR_Policy Rate,3.0000
2008-03-22,EUR_Policy Rate,3.0000
2008-03-23,EUR_Policy Rate,3.0000
2008-03-24,EUR_Policy Rate,3.0000
2008-03-25,EUR_Policy Rate,3.0000
2008-03-26,EUR_Policy Rate,3.0000
2008-03-27,EUR_Policy Rate,3.0000
2008-03-28,EUR_Policy Rate,3.0000
2008-03-29,EUR_Policy Rate,3.0000
2008-03-30,EUR_Policy Rate,3.0000
2008-03-31,EUR_Policy Rate,3.0000
2008-04-01,EUR_Policy Rate,3.0000
2008-04-02,EUR_Policy Rate,3.0000
2008-04-03,EUR_Policy Rate,3.0000
2008-04-04,EUR_Policy Rate,3.0000
2008-04-05,EUR_Policy Rate,3.0000
2008-04-06,EUR_Policy Rate,3.0000
2008-04-07,EUR_Policy Rate,3.0000
2008-04-08,EUR_Policy Rate,3.0000
2008-04-09,EUR_Policy Rate,3.0000
2008-04-10,EUR_Policy Rate,3.0000
2008-04-11,EUR_Policy Rate,3.0000
2008-04-12,EUR_Policy Rate,3.0000
2008-04-13,EUR_Policy Rate,3.0000
2008-04-14,EUR_Policy Rate,3.0000
2008-04-15,EUR_Policy Rate,3.0000
2008-04-16,EUR_Policy Rate,3.0000
2008-04-17,EUR_Policy Rate,3.0000
2008-04-18,EUR_Policy Rate,3.0000
2008-04-19,EUR_Policy Rate,3.0000
2008-04-20,EUR_Policy Rate,3.0000
2008-04-21,EUR_Policy Rate,3.0000
2008-04-22,EUR_Policy Rate,3.0000
2008-04-23,EUR_Policy Rate,3.0000
2008-04-24,EUR_Policy Rate,3.0000
2008-04-25,EUR_Policy Rate,3.0000
2008-04-26,EUR_Policy Rate,3.0000
2008-04-27,EUR_Policy Rate,3.0000
2008-04-28,EUR_Policy Rate,3.0000
2008-04-29,EUR_Policy Rate,3.0000
2008-04-30,EUR_Policy Rate,3.0000
2008-05-01,EUR_Policy Rate,3.0000
2008-05-02,EUR_Policy Rate,3.0000
2008-05-03,EUR_Policy Rate,3.0000
2008-05-04,EUR_Policy Rate,3.0000
2008-05-05,EUR_Policy Rate,3.0000
2008-05-06,EUR_Policy Rate,3.0000
2008-05-07,EUR_Policy Rate,3.0000
2008-05-08,EUR_Policy Rate,3.0000
2008-05-09,EUR_Policy Rate,3.0000
2008-05-10,EUR_Policy Rate,3.0000
2008-05-11,EUR_Policy Rate,3.0000
2008-05-12,EUR_Policy Rate,3.0000
2008-05-13,EUR_Policy Rate,3.0000
2008-05-14,EUR_Policy Rate,3.0000
2008-05-15,EUR_Policy Rate,3.0000
2008-05-16,EUR_Policy Rate,3.0000
2008-05-17,EUR_Policy Rate,3.0000
2008-05-18,EUR_Policy Rate,3.0000
2008-05-19,EUR_Policy Rate,3.0000
2008-05-20,EUR_Policy Rate,3.0000
2008-05-21,EUR_Policy Rate,3.0000
2008-05-22,EUR_Policy Rate,3.0000
2008-05-23,EUR_Policy Rate,3.0000
2008-05-24,EUR_Policy Rate,3.0000
2008-05-25,EUR_Policy Rate,3.0000
2008-05-26,EUR_Policy Rate,3.0000
2008-05-27,EUR_Policy Rate,3.0000
2008-05-28,EUR_Policy Rate,3.0000
2008-05-29,EUR_Policy Rate,3.0000
2008-05-30,EUR_Policy Rate,3.0000
2008-05-31,EUR_Policy Rate,3.0000
2008-06-01,EUR_Policy Rate,3.0000
2008-06-02,EUR_Policy Rate,3.0000
2008-06-03,EUR_Policy Rate,3.0000
2008-06-04,EUR_Policy Rate,3.0000
2008-06-05,EUR_Policy Rate,3.0000
2008-06-06,EUR_Policy Rate,3.0000
2008-06-07,EUR_Policy Rate,3.0000
2008-06-08,EUR_Policy Rate,3.0000
2008-06-09,EUR_Policy Rate,3.0000
2008-06-10,EUR_Policy Rate,3.0000
2008-06-11,EUR_Policy Rate,3.0000
2008-06-12,EUR_Policy Rate,3.0000
2008-06-13,EUR_Policy Rate,3.0000
2008-06-14,EUR_Policy Rate,3.0000
2008-06-15,EUR_Policy Rate,3.0000
2008-06-16,EUR_Policy Rate,3.0000
2008-06-17,EUR_Policy Rate,3.0000
2008-06-18,EUR_Policy Rate,3.0000
2008-06-19,EUR_Policy Rate,3.0000
2008-06-20,EUR_Policy Rate,3.0000
2008-06-21,EUR_Policy Rate,3.0000
2008-06-22,EUR_Policy Rate,3.0000
2008-06-23,EUR_Policy Rate,3.0000
2008-06-24,EUR_Policy Rate,3.0000
2008-06-25,EUR_Policy Rate,3.0000
2008-06-26,EUR_Policy Rate,3.0000
2008-06-27,EUR_Policy Rate,3.0000
2008-06-28,EUR_Policy Rate,3.0000
2008-06-29,EUR_Policy Rate,3.0000
2008-06-30,EUR_Policy Rate,3.0000
2008-07-01,EUR_Policy Rate,3.0000
2008-07-02,EUR_Policy Rate,3.0000
2008-07-03,EUR_Policy Rate,3.0000
2008-07-04,EUR_Policy Rate,3.0000
2008-07-05,EUR_Policy Rate,3.0000
2008-07-06,EUR_Policy Rate,3.0000
2008-07-07,EUR_Policy Rate,3.0000
2008-07-08,EUR_Policy Rate,3.0000
2008-07-09,EUR_Policy Rate,3.2500
2008-07-10,EUR_Policy Rate,3.2500
2008-07-11,EUR_Policy Rate,3.2500
2008-07-12,EUR_Policy Rate,3.2500
2008-07-13,EUR_Policy Rate,3.2500
2008-07-14,EUR_Policy Rate,3.2500
2008-07-15,EUR_Policy Rate,3.2500
2008-07-16,EUR_Policy Rate,3.2500
2008-07-17,EUR_Policy Rate,3.2500
2008-07-18,EUR_Policy Rate,3.2500
2008-07-19,EUR_Policy Rate,3.2500
2008-07-20,EUR_Policy Rate,3.2500
2008-07-21,EUR_Policy Rate,3.2500
2008-07-22,EUR_Policy Rate,3.2500
2008-07-23,EUR_Policy Rate,3.2500
2008-07-24,EUR_Policy Rate,3.2500
2008-07-25,EUR_Policy Rate,3.2500
2008-07-26,EUR_Policy Rate,3.2500
2008-07-27,EUR_Policy Rate,3.2500
2008-07-28,EUR_Policy Rate,3.2500
2008-07-29,EUR_Policy Rate,3.2500
2008-07-30,EUR_Policy Rate,3.2500
2008-07-31,EUR_Policy Rate,3.2500
2008-08-01,EUR_Policy Rate,3.2500
2008-08-02,EUR_Policy Rate,3.2500
2008-08-03,EUR_Policy Rate,3.2500
2008-08-04,EUR_Policy Rate,3.2500
2008-08-05,EUR_Policy Rate,3.2500
2008-08-06,EUR_Policy Rate,3.2500
2008-08-07,EUR_Policy Rate,3.2500
2008-08-08,EUR_Policy Rate,3.2500
2008-08-09,EUR_Policy Rate,3.2500
2008-08-10,EUR_Policy Rate,3.2500
2008-08-11,EUR_Policy Rate,3.2500
2008-08-12,EUR_Policy Rate,3.2500
2008-08-13,EUR_Policy Rate,3.2500
2008-08-14,EUR_Policy Rate,3.2500
2008-08-15,EUR_Policy Rate,3.2500
2008-08-16,EUR_Policy Rate,3.2500
2008-08-17,EUR_Policy Rate,3.2500
2008-08-18,EUR_Policy Rate,3.2500
2008-08-19,EUR_Policy Rate,3.2500
2008-08-20,EUR_Policy Rate,3.2500
2008-08-21,EUR_Policy Rate,3.2500
2008-08-22,EUR_Policy Rate,3.2500
2008-08-23,EUR_Policy Rate,3.2500
2008-08-24,EUR_Policy Rate,3.2500
2008-08-25,EUR_Policy Rate,3.2500
2008-08-26,EUR_Policy Rate,3.2500
2008-08-27,EUR_Policy Rate,3.2500
2008-08-28,EUR_Policy Rate,3.2500
2008-08-29,EUR_Policy Rate,3.2500
2008-08-30,EUR_Policy Rate,3.2500
2008-08-31,EUR_Policy Rate,3.2500
2008-09-01,EUR_Policy Rate,3.2500
2008-09-02,EUR_Policy Rate,3.2500
2008-09-03,EUR_Policy Rate,3.2500
2008-09-04,EUR_Policy Rate,3.2500
2008-09-05,EUR_Policy Rate,3.2500
2008-09-06,EUR_Policy Rate,3.2500
2008-09-07,EUR_Policy Rate,3.2500
2008-09-08,EUR_Policy Rate,3.2500
2008-09-09,EUR_Policy Rate,3.2500
2008-09-10,EUR_Policy Rate,3.2500
2008-09-11,EUR_Policy Rate,3.2500
2008-09-12,EUR_Policy Rate,3.2500
2008-09-13,EUR_Policy Rate,3.2500
2008-09-14,EUR_Policy Rate,3.2500
2008-09-15,EUR_Policy Rate,3.2500
2008-09-16,EUR_Policy Rate,3.2500
2008-09-17,EUR_Policy Rate,3.2500
2008-09-18,EUR_Policy Rate,3.2500
2008-09-19,EUR_Policy Rate,3.2500
2008-09-20,EUR_Policy Rate,3.2500
2008-09-21,EUR_Policy Rate,3.2500
2008-09-22,EUR_Policy Rate,3.2500
2008-09-23,EUR_Policy Rate,3.2500
2008-09-24,EUR_Policy Rate,3.2500
2008-09-25,EUR_Policy Rate,3.2500
2008-09-26,EUR_Policy Rate,3.2500
2008-09-27,EUR_Policy Rate,3.2500
2008-09-28,EUR_Policy Rate,3.2500
2008-09-29,EUR_Policy Rate,3.2500
2008-09-30,EUR_Policy Rate,3.2500
2008-10-01,EUR_Policy Rate,3.2500
2008-10-02,EUR_Policy Rate,3.2500
2008-10-03,EUR_Policy Rate,3.2500
2008-10-04,EUR_Policy Rate,3.2500
2008-10-05,EUR_Policy Rate,3.2500
2008-10-06,EUR_Policy Rate,3.2500
2008-10-07,EUR_Policy Rate,3.2500
2008-10-08,EUR_Policy Rate,2.7500
2008-10-09,EUR_Policy Rate,3.2500
2008-10-10,EUR_Policy Rate,3.2500
2008-10-11,EUR_Policy Rate,3.2500
2008-10-12,EUR_Policy Rate,3.2500
2008-10-13,EUR_Policy Rate,3.2500
2008-10-14,EUR_Policy Rate,3.2500
2008-10-15,EUR_Policy Rate,3.2500
2008-10-16,EUR_Policy Rate,3.2500
2008-10-17,EUR_Policy Rate,3.2500
2008-10-18,EUR_Policy Rate,3.2500
2008-10-19,EUR_Policy Rate,3.2500
2008-10-20,EUR_Policy Rate,3.2500
2008-10-21,EUR_Policy Rate,3.2500
2008-10-22,EUR_Policy Rate,3.2500
2008-10-23,EUR_Policy Rate,3.2500
2008-10-24,EUR_Policy Rate,3.2500
2008-10-25,EUR_Policy Rate,3.2500
2008-10-26,EUR_Policy Rate,3.2500
2008-10-27,EUR_Policy Rate,3.2500
2008-10-28,EUR_Policy Rate,3.2500
2008-10-29,EUR_Policy Rate,3.2500
2008-10-30,EUR_Policy Rate,3.2500
2008-10-31,EUR_Policy Rate,3.2500
2008-11-01,EUR_Policy Rate,3.2500
2008-11-02,EUR_Policy Rate,3.2500
2008-11-03,EUR_Policy Rate,3.2500
2008-11-04,EUR_Policy Rate,3.2500
2008-11-05,EUR_Policy Rate,3.2500
2008-11-06,EUR_Policy Rate,3.2500
2008-11-07,EUR_Policy Rate,3.2500
2008-11-08,EUR_Policy Rate,3.2500
2008-11-09,EUR_Policy Rate,3.2500
2008-11-10,EUR_Policy Rate,3.2500
2008-11-11,EUR_Policy Rate,3.2500
2008-11-12,EUR_Policy Rate,2.7500
2008-11-13,EUR_Policy Rate,2.7500
2008-11-14,EUR_Policy Rate,2.7500
2008-11-15,EUR_Policy Rate,2.7500
2008-11-16,EUR_Policy Rate,2.7500
2008-11-17,EUR_Policy Rate,2.7500
2008-11-18,EUR_Policy Rate,2.7500
2008-11-19,EUR_Policy Rate,2.7500
2008-11-20,EUR_Policy Rate,2.7500
2008-11-21,EUR_Policy Rate,2.7500
2008-11-22,EUR_Policy Rate,2.7500
2008-11-23,EUR_Policy Rate,2.7500
2008-11-24,EUR_Policy Rate,2.7500
2008-11-25,EUR_Policy Rate,2.7500
2008-11-26,EUR_Policy Rate,2.7500
2008-11-27,EUR_Policy Rate,2.7500
2008-11-28,EUR_Policy Rate,2.7500
2008-11-29,EUR_Policy Rate,2.7500
2008-11-30,EUR_Policy Rate,2.7500
2008-12-01,EUR_Policy Rate,2.7500
2008-12-02,EUR_Policy Rate,2.7500
2008-12-03,EUR_Policy Rate,2.7500
2008-12-04,EUR_Policy Rate,2.7500
2008-12-05,EUR_Policy Rate,2.7500
2008-12-06,EUR_Policy Rate,2.7500
2008-12-07,EUR_Policy Rate,2.7500
2008-12-08,EUR_Policy Rate,2.7500
2008-12-09,EUR_Policy Rate,2.7500
2008-12-10,EUR_Policy Rate,2.0000
2008-12-11,EUR_Policy Rate,2.0000
2008-12-12,EUR_Policy Rate,2.0000
2008-12-13,EUR_Policy Rate,2.0000
2008-12-14,EUR_Policy Rate,2.0000
2008-12-15,EUR_Policy Rate,2.0000
2008-12-16,EUR_Policy Rate,2.0000
2008-12-17,EUR_Policy Rate,2.0000
2008-12-18,EUR_Policy Rate,2.0000
2008-12-19,EUR_Policy Rate,2.0000
2008-12-20,EUR_Policy Rate,2.0000
2008-12-21,EUR_Policy Rate,2.0000
2008-12-22,EUR_Policy Rate,2.0000
2008-12-23,EUR_Policy Rate,2.0000
2008-12-24,EUR_Policy Rate,2.0000
2008-12-25,EUR_Policy Rate,2.0000
2008-12-26,EUR_Policy Rate,2.0000
2008-12-27,EUR_Policy Rate,2.0000
2008-12-28,EUR_Policy Rate,2.0000
2008-12-29,EUR_Policy Rate,2.0000
2008-12-30,EUR_Policy Rate,2.0000
2008-12-31,EUR_Policy Rate,2.0000
2009-01-01,EUR_Policy Rate,2.0000
2009-01-02,EUR_Policy Rate,2.0000
2009-01-03,EUR_Policy Rate,2.0000
2009-01-04,EUR_Policy Rate,2.0000
2009-01-05,EUR_Policy Rate,2.0000
2009-01-06,EUR_Policy Rate,2.0000
2009-01-07,EUR_Policy Rate,2.0000
2009-01-08,EUR_Policy Rate,2.0000
2009-01-09,EUR_Policy Rate,2.0000
2009-01-10,EUR_Policy Rate,2.0000
2009-01-11,EUR_Policy Rate,2.0000
2009-01-12,EUR_Policy Rate,2.0000
2009-01-13,EUR_Policy Rate,2.0000
2009-01-14,EUR_Policy Rate,2.0000
2009-01-15,EUR_Policy Rate,2.0000
2009-01-16,EUR_Policy Rate,2.0000
2009-01-17,EUR_Policy Rate,2.0000
2009-01-18,EUR_Policy Rate,2.0000
2009-01-19,EUR_Policy Rate,2.0000
2009-01-20,EUR_Policy Rate,2.0000
2009-01-21,EUR_Policy Rate,1.0000
2009-01-22,EUR_Policy Rate,1.0000
2009-01-23,EUR_Policy Rate,1.0000
2009-01-24,EUR_Policy Rate,1.0000
2009-01-25,EUR_Policy Rate,1.0000
2009-01-26,EUR_Policy Rate,1.0000
2009-01-27,EUR_Policy Rate,1.0000
2009-01-28,EUR_Policy Rate,1.0000
2009-01-29,EUR_Policy Rate,1.0000
2009-01-30,EUR_Policy Rate,1.0000
2009-01-31,EUR_Policy Rate,1.0000
2009-02-01,EUR_Policy Rate,1.0000
2009-02-02,EUR_Policy Rate,1.0000
2009-02-03,EUR_Policy Rate,1.0000
2009-02-04,EUR_Policy Rate,1.0000
2009-02-05,EUR_Policy Rate,1.0000
2009-02-06,EUR_Policy Rate,1.0000
2009-02-07,EUR_Policy Rate,1.0000
2009-02-08,EUR_Policy Rate,1.0000
2009-02-09,EUR_Policy Rate,1.0000
2009-02-10,EUR_Policy Rate,1.0000
2009-02-11,EUR_Policy Rate,1.0000
2009-02-12,EUR_Policy Rate,1.0000
2009-02-13,EUR_Policy Rate,1.0000
2009-02-14,EUR_Policy Rate,1.0000
2009-02-15,EUR_Policy Rate,1.0000
2009-02-16,EUR_Policy Rate,1.0000
2009-02-17,EUR_Policy Rate,1.0000
2009-02-18,EUR_Policy Rate,1.0000
2009-02-19,EUR_Policy Rate,1.0000
2009-02-20,EUR_Policy Rate,1.0000
2009-02-21,EUR_Policy Rate,1.0000
2009-02-22,EUR_Policy Rate,1.0000
2009-02-23,EUR_Policy Rate,1.0000
2009-02-24,EUR_Policy Rate,1.0000
2009-02-25,EUR_Policy Rate,1.0000
2009-02-26,EUR_Policy Rate,1.0000
2009-02-27,EUR_Policy Rate,1.0000
2009-02-28,EUR_Policy Rate,1.0000
2009-03-01,EUR_Policy Rate,1.0000
2009-03-02,EUR_Policy Rate,1.0000
2009-03-03,EUR_Policy Rate,1.0000
2009-03-04,EUR_Policy Rate,1.0000
2009-03-05,EUR_Policy Rate,1.0000
2009-03-06,EUR_Policy Rate,1.0000
2009-03-07,EUR_Policy Rate,1.0000
2009-03-08,EUR_Policy Rate,1.0000
2009-03-09,EUR_Policy Rate,1.0000
2009-03-10,EUR_Policy Rate,1.0000
2009-03-11,EUR_Policy Rate,0.5000
2009-03-12,EUR_Policy Rate,0.5000
2009-03-13,EUR_Policy Rate,0.5000
2009-03-14,EUR_Policy Rate,0.5000
2009-03-15,EUR_Policy Rate,0.5000
2009-03-16,EUR_Policy Rate,0.5000
2009-03-17,EUR_Policy Rate,0.5000
2009-03-18,EUR_Policy Rate,0.5000
2009-03-19,EUR_Policy Rate,0.5000
2009-03-20,EUR_Policy Rate,0.5000
2009-03-21,EUR_Policy Rate,0.5000
2009-03-22,EUR_Policy Rate,0.5000
2009-03-23,EUR_Policy Rate,0.5000
2009-03-24,EUR_Policy Rate,0.5000
2009-03-25,EUR_Policy Rate,0.5000
2009-03-26,EUR_Policy Rate,0.5000
2009-03-27,EUR_Policy Rate,0.5000
2009-03-28,EUR_Policy Rate,0.5000
2009-03-29,EUR_Policy Rate,0.5000
2009-03-30,EUR_Policy Rate,0.5000
2009-03-31,EUR_Policy Rate,0.5000
2009-04-01,EUR_Policy Rate,0.5000
2009-04-02,EUR_Policy Rate,0.5000
2009-04-03,EUR_Policy Rate,0.5000
2009-04-04,EUR_Policy Rate,0.5000
2009-04-05,EUR_Policy Rate,0.5000
2009-04-06,EUR_Policy Rate,0.5000
2009-04-07,EUR_Policy Rate,0.5000
2009-04-08,EUR_Policy Rate,0.2500
2009-04-09,EUR_Policy Rate,0.2500
2009-04-10,EUR_Policy Rate,0.2500
2009-04-11,EUR_Policy Rate,0.2500
2009-04-12,EUR_Policy Rate,0.2500
2009-04-13,EUR_Policy Rate,0.2500
2009-04-14,EUR_Policy Rate,0.2500
2009-04-15,EUR_Policy Rate,0.2500
2009-04-16,EUR_Policy Rate,0.2500
2009-04-17,EUR_Policy Rate,0.2500
2009-04-18,EUR_Policy Rate,0.2500
2009-04-19,EUR_Policy Rate,0.2500
2009-04-20,EUR_Policy Rate,0.2500
2009-04-21,EUR_Policy Rate,0.2500
2009-04-22,EUR_Policy Rate,0.2500
2009-04-23,EUR_Policy Rate,0.2500
2009-04-24,EUR_Policy Rate,0.2500
2009-04-25,EUR_Policy Rate,0.2500
2009-04-26,EUR_Policy Rate,0.2500
2009-04-27,EUR_Policy Rate,0.2500
2009-04-28,EUR_Policy Rate,0.2500
2009-04-29,EUR_Policy Rate,0.2500
2009-04-30,EUR_Policy Rate,0.2500
2009-05-01,EUR_Policy Rate,0.2500
2009-05-02,EUR_Policy Rate,0.2500
2009-05-03,EUR_Policy Rate,0.2500
2009-05-04,EUR_Policy Rate,0.2500
2009-05-05,EUR_Policy Rate,0.2500
2009-05-06,EUR_Policy Rate,0.2500
2009-05-07,EUR_Policy Rate,0.2500
2009-05-08,EUR_Policy Rate,0.2500
2009-05-09,EUR_Policy Rate,0.2500
2009-05-10,EUR_Policy Rate,0.2500
2009-05-11,EUR_Policy Rate,0.2500
2009-05-12,EUR_Policy Rate,0.2500
2009-05-13,EUR_Policy Rate,0.2500
2009-05-14,EUR_Policy Rate,0.2500
2009-05-15,EUR_Policy Rate,0.2500
2009-05-16,EUR_Policy Rate,0.2500
2009-05-17,EUR_Policy Rate,0.2500
2009-05-18,EUR_Policy Rate,0.2500
2009-05-19,EUR_Policy Rate,0.2500
2009-05-20,EUR_Policy Rate,0.2500
2009-05-21,EUR_Policy Rate,0.2500
2009-05-22,EUR_Policy Rate,0.2500
2009-05-23,EUR_Policy Rate,0.2500
2009-05-24,EUR_Policy Rate,0.2500
2009-05-25,EUR_Policy Rate,0.2500
2009-05-26,EUR_Policy Rate,0.2500
2009-05-27,EUR_Policy Rate,0.2500
2009-05-28,EUR_Policy Rate,0.2500
2009-05-29,EUR_Policy Rate,0.2500
2009-05-30,EUR_Policy Rate,0.2500
2009-05-31,EUR_Policy Rate,0.2500
2009-06-01,EUR_Policy Rate,0.2500
2009-06-02,EUR_Policy Rate,0.2500
2009-06-03,EUR_Policy Rate,0.2500
2009-06-04,EUR_Policy Rate,0.2500
2009-06-05,EUR_Policy Rate,0.2500
2009-06-06,EUR_Policy Rate,0.2500
2009-06-07,EUR_Policy Rate,0.2500
2009-06-08,EUR_Policy Rate,0.2500
2009-06-09,EUR_Policy Rate,0.2500
2009-06-10,EUR_Policy Rate,0.2500
2009-06-11,EUR_Policy Rate,0.2500
2009-06-12,EUR_Policy Rate,0.2500
2009-06-13,EUR_Policy Rate,0.2500
2009-06-14,EUR_Policy Rate,0.2500
2009-06-15,EUR_Policy Rate,0.2500
2009-06-16,EUR_Policy Rate,0.2500
2009-06-17,EUR_Policy Rate,0.2500
2009-06-18,EUR_Policy Rate,0.2500
2009-06-19,EUR_Policy Rate,0.2500
2009-06-20,EUR_Policy Rate,0.2500
2009-06-21,EUR_Policy Rate,0.2500
2009-06-22,EUR_Policy Rate,0.2500
2009-06-23,EUR_Policy Rate,0.2500
2009-06-24,EUR_Policy Rate,0.2500
2009-06-25,EUR_Policy Rate,0.2500
2009-06-26,EUR_Policy Rate,0.2500
2009-06-27,EUR_Policy Rate,0.2500
2009-06-28,EUR_Policy Rate,0.2500
2009-06-29,EUR_Policy Rate,0.2500
2009-06-30,EUR_Policy Rate,0.2500
2009-07-01,EUR_Policy Rate,0.2500
2009-07-02,EUR_Policy Rate,0.2500
2009-07-03,EUR_Policy Rate,0.2500
2009-07-04,EUR_Policy Rate,0.2500
2009-07-05,EUR_Policy Rate,0.2500
2009-07-06,EUR_Policy Rate,0.2500
2009-07-07,EUR_Policy Rate,0.2500
2009-07-08,EUR_Policy Rate,0.2500
2009-07-09,EUR_Policy Rate,0.2500
2009-07-10,EUR_Policy Rate,0.2500
2009-07-11,EUR_Policy Rate,0.2500
2009-07-12,EUR_Policy Rate,0.2500
2009-07-13,EUR_Policy Rate,0.2500
2009-07-14,EUR_Policy Rate,0.2500
2009-07-15,EUR_Policy Rate,0.2500
2009-07-16,EUR_Policy Rate,0.2500
2009-07-17,EUR_Policy Rate,0.2500
2009-07-18,EUR_Policy Rate,0.2500
2009-07-19,EUR_Policy Rate,0.2500
2009-07-20,EUR_Policy Rate,0.2500
2009-07-21,EUR_Policy Rate,0.2500
2009-07-22,EUR_Policy Rate,0.2500
2009-07-23,EUR_Policy Rate,0.2500
2009-07-24,EUR_Policy Rate,0.2500
2009-07-25,EUR_Policy Rate,0.2500
2009-07-26,EUR_Policy Rate,0.2500
2009-07-27,EUR_Policy Rate,0.2500
2009-07-28,EUR_Policy Rate,0.2500
2009-07-29,EUR_Policy Rate,0.2500
2009-07-30,EUR_Policy Rate,0.2500
2009-07-31,EUR_Policy Rate,0.2500
2009-08-01,EUR_Policy Rate,0.2500
2009-08-02,EUR_Policy Rate,0.2500
2009-08-03,EUR_Policy Rate,0.2500
2009-08-04,EUR_Policy Rate,0.2500
2009-08-05,EUR_Policy Rate,0.2500
2009-08-06,EUR_Policy Rate,0.2500
2009-08-07,EUR_Policy Rate,0.2500
2009-08-08,EUR_Policy Rate,0.2500
2009-08-09,EUR_Policy Rate,0.2500
2009-08-10,EUR_Policy Rate,0.2500
2009-08-11,EUR_Policy Rate,0.2500
2009-08-12,EUR_Policy Rate,0.2500
2009-08-13,EUR_Policy Rate,0.2500
2009-08-14,EUR_Policy Rate,0.2500
2009-08-15,EUR_Policy Rate,0.2500
2009-08-16,EUR_Policy Rate,0.2500
2009-08-17,EUR_Policy Rate,0.2500
2009-08-18,EUR_Policy Rate,0.2500
2009-08-19,EUR_Policy Rate,0.2500
2009-08-20,EUR_Policy Rate,0.2500
2009-08-21,EUR_Policy Rate,0.2500
2009-08-22,EUR_Policy Rate,0.2500
2009-08-23,EUR_Policy Rate,0.2500
2009-08-24,EUR_Policy Rate,0.2500
2009-08-25,EUR_Policy Rate,0.2500
2009-08-26,EUR_Policy Rate,0.2500
2009-08-27,EUR_Policy Rate,0.2500
2009-08-28,EUR_Policy Rate,0.2500
2009-08-29,EUR_Policy Rate,0.2500
2009-08-30,EUR_Policy Rate,0.2500
2009-08-31,EUR_Policy Rate,0.2500
2009-09-01,EUR_Policy Rate,0.2500
2009-09-02,EUR_Policy Rate,0.2500
2009-09-03,EUR_Policy Rate,0.2500
2009-09-04,EUR_Policy Rate,0.2500
2009-09-05,EUR_Policy Rate,0.2500
2009-09-06,EUR_Policy Rate,0.2500
2009-09-07,EUR_Policy Rate,0.2500
2009-09-08,EUR_Policy Rate,0.2500
2009-09-09,EUR_Policy Rate,0.2500
2009-09-10,EUR_Policy Rate,0.2500
2009-09-11,EUR_Policy Rate,0.2500
2009-09-12,EUR_Policy Rate,0.2500
2009-09-13,EUR_Policy Rate,0.2500
2009-09-14,EUR_Policy Rate,0.2500
2009-09-15,EUR_Policy Rate,0.2500
2009-09-16,EUR_Policy Rate,0.2500
2009-09-17,EUR_Policy Rate,0.2500
2009-09-18,EUR_Policy Rate,0.2500
2009-09-19,EUR_Policy Rate,0.2500
2009-09-20,EUR_Policy Rate,0.2500
2009-09-21,EUR_Policy Rate,0.2500
2009-09-22,EUR_Policy Rate,0.2500
2009-09-23,EUR_Policy Rate,0.2500
2009-09-24,EUR_Policy Rate,0.2500
2009-09-25,EUR_Policy Rate,0.2500
2009-09-26,EUR_Policy Rate,0.2500
2009-09-27,EUR_Policy Rate,0.2500
2009-09-28,EUR_Policy Rate,0.2500
2009-09-29,EUR_Policy Rate,0.2500
2009-09-30,EUR_Policy Rate,0.2500
2009-10-01,EUR_Policy Rate,0.2500
2009-10-02,EUR_Policy Rate,0.2500
2009-10-03,EUR_Policy Rate,0.2500
2009-10-04,EUR_Policy Rate,0.2500
2009-10-05,EUR_Policy Rate,0.2500
2009-10-06,EUR_Policy Rate,0.2500
2009-10-07,EUR_Policy Rate,0.2500
2009-10-08,EUR_Policy Rate,0.2500
2009-10-09,EUR_Policy Rate,0.2500
2009-10-10,EUR_Policy Rate,0.2500
2009-10-11,EUR_Policy Rate,0.2500
2009-10-12,EUR_Policy Rate,0.2500
2009-10-13,EUR_Policy Rate,0.2500
2009-10-14,EUR_Policy Rate,0.2500
2009-10-15,EUR_Policy Rate,0.2500
2009-10-16,EUR_Policy Rate,0.2500
2009-10-17,EUR_Policy Rate,0.2500
2009-10-18,EUR_Policy Rate,0.2500
2009-10-19,EUR_Policy Rate,0.2500
2009-10-20,EUR_Policy Rate,0.2500
2009-10-21,EUR_Policy Rate,0.2500
2009-10-22,EUR_Policy Rate,0.2500
2009-10-23,EUR_Policy Rate,0.2500
2009-10-24,EUR_Policy Rate,0.2500
2009-10-25,EUR_Policy Rate,0.2500
2009-10-26,EUR_Policy Rate,0.2500
2009-10-27,EUR_Policy Rate,0.2500
2009-10-28,EUR_Policy Rate,0.2500
2009-10-29,EUR_Policy Rate,0.2500
2009-10-30,EUR_Policy Rate,0.2500
2009-10-31,EUR_Policy Rate,0.2500
2009-11-01,EUR_Policy Rate,0.2500
2009-11-02,EUR_Policy Rate,0.2500
2009-11-03,EUR_Policy Rate,0.2500
2009-11-04,EUR_Policy Rate,0.2500
2009-11-05,EUR_Policy Rate,0.2500
2009-11-06,EUR_Policy Rate,0.2500
2009-11-07,EUR_Policy Rate,0.2500
2009-11-08,EUR_Policy Rate,0.2500
2009-11-09,EUR_Policy Rate,0.2500
2009-11-10,EUR_Policy Rate,0.2500
2009-11-11,EUR_Policy Rate,0.2500
2009-11-12,EUR_Policy Rate,0.2500
2009-11-13,EUR_Policy Rate,0.2500
2009-11-14,EUR_Policy Rate,0.2500
2009-11-15,EUR_Policy Rate,0.2500
2009-11-16,EUR_Policy Rate,0.2500
2009-11-17,EUR_Policy Rate,0.2500
2009-11-18,EUR_Policy Rate,0.2500
2009-11-19,EUR_Policy Rate,0.2500
2009-11-20,EUR_Policy Rate,0.2500
2009-11-21,EUR_Policy Rate,0.2500
2009-11-22,EUR_Policy Rate,0.2500
2009-11-23,EUR_Policy Rate,0.2500
2009-11-24,EUR_Policy Rate,0.2500
2009-11-25,EUR_Policy Rate,0.2500
2009-11-26,EUR_Policy Rate,0.2500
2009-11-27,EUR_Policy Rate,0.2500
2009-11-28,EUR_Policy Rate,0.2500
2009-11-29,EUR_Policy Rate,0.2500
2009-11-30,EUR_Policy Rate,0.2500
2009-12-01,EUR_Policy Rate,0.2500
2009-12-02,EUR_Policy Rate,0.2500
2009-12-03,EUR_Policy Rate,0.2500
2009-12-04,EUR_Policy Rate,0.2500
2009-12-05,EUR_Policy Rate,0.2500
2009-12-06,EUR_Policy Rate,0.2500
2009-12-07,EUR_Policy Rate,0.2500
2009-12-08,EUR_Policy Rate,0.2500
2009-12-09,EUR_Policy Rate,0.2500
2009-12-10,EUR_Policy Rate,0.2500
2009-12-11,EUR_Policy Rate,0.2500
2009-12-12,EUR_Policy Rate,0.2500
2009-12-13,EUR_Policy Rate,0.2500
2009-12-14,EUR_Policy Rate,0.2500
2009-12-15,EUR_Policy Rate,0.2500
2009-12-16,EUR_Policy Rate,0.2500
2009-12-17,EUR_Policy Rate,0.2500
2009-12-18,EUR_Policy Rate,0.2500
2009-12-19,EUR_Policy Rate,0.2500
2009-12-20,EUR_Policy Rate,0.2500
2009-12-21,EUR_Policy Rate,0.2500
2009-12-22,EUR_Policy Rate,0.2500
2009-12-23,EUR_Policy Rate,0.2500
2009-12-24,EUR_Policy Rate,0.2500
2009-12-25,EUR_Policy Rate,0.2500
2009-12-26,EUR_Policy Rate,0.2500
2009-12-27,EUR_Policy Rate,0.2500
2009-12-28,EUR_Policy Rate,0.2500
2009-12-29,EUR_Policy Rate,0.2500
2009-12-30,EUR_Policy Rate,0.2500
2009-12-31,EUR_Policy Rate,0.2500
2010-01-01,EUR_Policy Rate,0.2500
2010-01-02,EUR_Policy Rate,0.2500
2010-01-03,EUR_Policy Rate,0.2500
2010-01-04,EUR_Policy Rate,0.2500
2010-01-05,EUR_Policy Rate,0.2500
2010-01-06,EUR_Policy Rate,0.2500
2010-01-07,EUR_Policy Rate,0.2500
2010-01-08,EUR_Policy Rate,0.2500
2010-01-09,EUR_Policy Rate,0.2500
2010-01-10,EUR_Policy Rate,0.2500
2010-01-11,EUR_Policy Rate,0.2500
2010-01-12,EUR_Policy Rate,0.2500
2010-01-13,EUR_Policy Rate,0.2500
2010-01-14,EUR_Policy Rate,0.2500
2010-01-15,EUR_Policy Rate,0.2500
2010-01-16,EUR_Policy Rate,0.2500
2010-01-17,EUR_Policy Rate,0.2500
2010-01-18,EUR_Policy Rate,0.2500
2010-01-19,EUR_Policy Rate,0.2500
2010-01-20,EUR_Policy Rate,0.2500
2010-01-21,EUR_Policy Rate,0.2500
2010-01-22,EUR_Policy Rate,0.2500
2010-01-23,EUR_Policy Rate,0.2500
2010-01-24,EUR_Policy Rate,0.2500
2010-01-25,EUR_Policy Rate,0.2500
2010-01-26,EUR_Policy Rate,0.2500
2010-01-27,EUR_Policy Rate,0.2500
2010-01-28,EUR_Policy Rate,0.2500
2010-01-29,EUR_Policy Rate,0.2500
2010-01-30,EUR_Policy Rate,0.2500
2010-01-31,EUR_Policy Rate,0.2500
2010-02-01,EUR_Policy Rate,0.2500
2010-02-02,EUR_Policy Rate,0.2500
2010-02-03,EUR_Policy Rate,0.2500
2010-02-04,EUR_Policy Rate,0.2500
2010-02-05,EUR_Policy Rate,0.2500
2010-02-06,EUR_Policy Rate,0.2500
2010-02-07,EUR_Policy Rate,0.2500
2010-02-08,EUR_Policy Rate,0.2500
2010-02-09,EUR_Policy Rate,0.2500
2010-02-10,EUR_Policy Rate,0.2500
2010-02-11,EUR_Policy Rate,0.2500
2010-02-12,EUR_Policy Rate,0.2500
2010-02-13,EUR_Policy Rate,0.2500
2010-02-14,EUR_Policy Rate,0.2500
2010-02-15,EUR_Policy Rate,0.2500
2010-02-16,EUR_Policy Rate,0.2500
2010-02-17,EUR_Policy Rate,0.2500
2010-02-18,EUR_Policy Rate,0.2500
2010-02-19,EUR_Policy Rate,0.2500
2010-02-20,EUR_Policy Rate,0.2500
2010-02-21,EUR_Policy Rate,0.2500
2010-02-22,EUR_Policy Rate,0.2500
2010-02-23,EUR_Policy Rate,0.2500
2010-02-24,EUR_Policy Rate,0.2500
2010-02-25,EUR_Policy Rate,0.2500
2010-02-26,EUR_Policy Rate,0.2500
2010-02-27,EUR_Policy Rate,0.2500
2010-02-28,EUR_Policy Rate,0.2500
2010-03-01,EUR_Policy Rate,0.2500
2010-03-02,EUR_Policy Rate,0.2500
2010-03-03,EUR_Policy Rate,0.2500
2010-03-04,EUR_Policy Rate,0.2500
2010-03-05,EUR_Policy Rate,0.2500
2010-03-06,EUR_Policy Rate,0.2500
2010-03-07,EUR_Policy Rate,0.2500
2010-03-08,EUR_Policy Rate,0.2500
2010-03-09,EUR_Policy Rate,0.2500
2010-03-10,EUR_Policy Rate,0.2500
2010-03-11,EUR_Policy Rate,0.2500
2010-03-12,EUR_Policy Rate,0.2500
2010-03-13,EUR_Policy Rate,0.2500
2010-03-14,EUR_Policy Rate,0.2500
2010-03-15,EUR_Policy Rate,0.2500
2010-03-16,EUR_Policy Rate,0.2500
2010-03-17,EUR_Policy Rate,0.2500
2010-03-18,EUR_Policy Rate,0.2500
2010-03-19,EUR_Policy Rate,0.2500
2010-03-20,EUR_Policy Rate,0.2500
2010-03-21,EUR_Policy Rate,0.2500
2010-03-22,EUR_Policy Rate,0.2500
2010-03-23,EUR_Policy Rate,0.2500
2010-03-24,EUR_Policy Rate,0.2500
2010-03-25,EUR_Policy Rate,0.2500
2010-03-26,EUR_Policy Rate,0.2500
2010-03-27,EUR_Policy Rate,0.2500
2010-03-28,EUR_Policy Rate,0.2500
2010-03-29,EUR_Policy Rate,0.2500
2010-03-30,EUR_Policy Rate,0.2500
2010-03-31,EUR_Policy Rate,0.2500
2010-04-01,EUR_Policy Rate,0.2500
2010-04-02,EUR_Policy Rate,0.2500
2010-04-03,EUR_Policy Rate,0.2500
2010-04-04,EUR_Policy Rate,0.2500
2010-04-05,EUR_Policy Rate,0.2500
2010-04-06,EUR_Policy Rate,0.2500
2010-04-07,EUR_Policy Rate,0.2500
2010-04-08,EUR_Policy Rate,0.2500
2010-04-09,EUR_Policy Rate,0.2500
2010-04-10,EUR_Policy Rate,0.2500
2010-04-11,EUR_Policy Rate,0.2500
2010-04-12,EUR_Policy Rate,0.2500
2010-04-13,EUR_Policy Rate,0.2500
2010-04-14,EUR_Policy Rate,0.2500
2010-04-15,EUR_Policy Rate,0.2500
2010-04-16,EUR_Policy Rate,0.2500
2010-04-17,EUR_Policy Rate,0.2500
2010-04-18,EUR_Policy Rate,0.2500
2010-04-19,EUR_Policy Rate,0.2500
2010-04-20,EUR_Policy Rate,0.2500
2010-04-21,EUR_Policy Rate,0.2500
2010-04-22,EUR_Policy Rate,0.2500
2010-04-23,EUR_Policy Rate,0.2500
2010-04-24,EUR_Policy Rate,0.2500
2010-04-25,EUR_Policy Rate,0.2500
2010-04-26,EUR_Policy Rate,0.2500
2010-04-27,EUR_Policy Rate,0.2500
2010-04-28,EUR_Policy Rate,0.2500
2010-04-29,EUR_Policy Rate,0.2500
2010-04-30,EUR_Policy Rate,0.2500
2010-05-01,EUR_Policy Rate,0.2500
2010-05-02,EUR_Policy Rate,0.2500
2010-05-03,EUR_Policy Rate,0.2500
2010-05-04,EUR_Policy Rate,0.2500
2010-05-05,EUR_Policy Rate,0.2500
2010-05-06,EUR_Policy Rate,0.2500
2010-05-07,EUR_Policy Rate,0.2500
2010-05-08,EUR_Policy Rate,0.2500
2010-05-09,EUR_Policy Rate,0.2500
2010-05-10,EUR_Policy Rate,0.2500
2010-05-11,EUR_Policy Rate,0.2500
2010-05-12,EUR_Policy Rate,0.2500
2010-05-13,EUR_Policy Rate,0.2500
2010-05-14,EUR_Policy Rate,0.2500
2010-05-15,EUR_Policy Rate,0.2500
2010-05-16,EUR_Policy Rate,0.2500
2010-05-17,EUR_Policy Rate,0.2500
2010-05-18,EUR_Policy Rate,0.2500
2010-05-19,EUR_Policy Rate,0.2500
2010-05-20,EUR_Policy Rate,0.2500
2010-05-21,EUR_Policy Rate,0.2500
2010-05-22,EUR_Policy Rate,0.2500
2010-05-23,EUR_Policy Rate,0.2500
2010-05-24,EUR_Policy Rate,0.2500
2010-05-25,EUR_Policy Rate,0.2500
2010-05-26,EUR_Policy Rate,0.2500
2010-05-27,EUR_Policy Rate,0.2500
2010-05-28,EUR_Policy Rate,0.2500
2010-05-29,EUR_Policy Rate,0.2500
2010-05-30,EUR_Policy Rate,0.2500
2010-05-31,EUR_Policy Rate,0.2500
2010-06-01,EUR_Policy Rate,0.2500
2010-06-02,EUR_Policy Rate,0.2500
2010-06-03,EUR_Policy Rate,0.2500
2010-06-04,EUR_Policy Rate,0.2500
2010-06-05,EUR_Policy Rate,0.2500
2010-06-06,EUR_Policy Rate,0.2500
2010-06-07,EUR_Policy Rate,0.2500
2010-06-08,EUR_Policy Rate,0.2500
2010-06-09,EUR_Policy Rate,0.2500
2010-06-10,EUR_Policy Rate,0.2500
2010-06-11,EUR_Policy Rate,0.2500
2010-06-12,EUR_Policy Rate,0.2500
2010-06-13,EUR_Policy Rate,0.2500
2010-06-14,EUR_Policy Rate,0.2500
2010-06-15,EUR_Policy Rate,0.2500
2010-06-16,EUR_Policy Rate,0.2500
2010-06-17,EUR_Policy Rate,0.2500
2010-06-18,EUR_Policy Rate,0.2500
2010-06-19,EUR_Policy Rate,0.2500
2010-06-20,EUR_Policy Rate,0.2500
2010-06-21,EUR_Policy Rate,0.2500
2010-06-22,EUR_Policy Rate,0.2500
2010-06-23,EUR_Policy Rate,0.2500
2010-06-24,EUR_Policy Rate,0.2500
2010-06-25,EUR_Policy Rate,0.2500
2010-06-26,EUR_Policy Rate,0.2500
2010-06-27,EUR_Policy Rate,0.2500
2010-06-28,EUR_Policy Rate,0.2500
2010-06-29,EUR_Policy Rate,0.2500
2010-06-30,EUR_Policy Rate,0.2500
2010-07-01,EUR_Policy Rate,0.2500
2010-07-02,EUR_Policy Rate,0.2500
2010-07-03,EUR_Policy Rate,0.2500
2010-07-04,EUR_Policy Rate,0.2500
2010-07-05,EUR_Policy Rate,0.2500
2010-07-06,EUR_Policy Rate,0.2500
2010-07-07,EUR_Policy Rate,0.2500
2010-07-08,EUR_Policy Rate,0.2500
2010-07-09,EUR_Policy Rate,0.2500
2010-07-10,EUR_Policy Rate,0.2500
2010-07-11,EUR_Policy Rate,0.2500
2010-07-12,EUR_Policy Rate,0.2500
2010-07-13,EUR_Policy Rate,0.2500
2010-07-14,EUR_Policy Rate,0.2500
2010-07-15,EUR_Policy Rate,0.2500
2010-07-16,EUR_Policy Rate,0.2500
2010-07-17,EUR_Policy Rate,0.2500
2010-07-18,EUR_Policy Rate,0.2500
2010-07-19,EUR_Policy Rate,0.2500
2010-07-20,EUR_Policy Rate,0.2500
2010-07-21,EUR_Policy Rate,0.2500
2010-07-22,EUR_Policy Rate,0.2500
2010-07-23,EUR_Policy Rate,0.2500
2010-07-24,EUR_Policy Rate,0.2500
2010-07-25,EUR_Policy Rate,0.2500
2010-07-26,EUR_Policy Rate,0.2500
2010-07-27,EUR_Policy Rate,0.2500
2010-07-28,EUR_Policy Rate,0.2500
2010-07-29,EUR_Policy Rate,0.2500
2010-07-30,EUR_Policy Rate,0.2500
2010-07-31,EUR_Policy Rate,0.2500
2010-08-01,EUR_Policy Rate,0.2500
2010-08-02,EUR_Policy Rate,0.2500
2010-08-03,EUR_Policy Rate,0.2500
2010-08-04,EUR_Policy Rate,0.2500
2010-08-05,EUR_Policy Rate,0.2500
2010-08-06,EUR_Policy Rate,0.2500
2010-08-07,EUR_Policy Rate,0.2500
2010-08-08,EUR_Policy Rate,0.2500
2010-08-09,EUR_Policy Rate,0.2500
2010-08-10,EUR_Policy Rate,0.2500
2010-08-11,EUR_Policy Rate,0.2500
2010-08-12,EUR_Policy Rate,0.2500
2010-08-13,EUR_Policy Rate,0.2500
2010-08-14,EUR_Policy Rate,0.2500
2010-08-15,EUR_Policy Rate,0.2500
2010-08-16,EUR_Policy Rate,0.2500
2010-08-17,EUR_Policy Rate,0.2500
2010-08-18,EUR_Policy Rate,0.2500
2010-08-19,EUR_Policy Rate,0.2500
2010-08-20,EUR_Policy Rate,0.2500
2010-08-21,EUR_Policy Rate,0.2500
2010-08-22,EUR_Policy Rate,0.2500
2010-08-23,EUR_Policy Rate,0.2500
2010-08-24,EUR_Policy Rate,0.2500
2010-08-25,EUR_Policy Rate,0.2500
2010-08-26,EUR_Policy Rate,0.2500
2010-08-27,EUR_Policy Rate,0.2500
2010-08-28,EUR_Policy Rate,0.2500
2010-08-29,EUR_Policy Rate,0.2500
2010-08-30,EUR_Policy Rate,0.2500
2010-08-31,EUR_Policy Rate,0.2500
2010-09-01,EUR_Policy Rate,0.2500
2010-09-02,EUR_Policy Rate,0.2500
2010-09-03,EUR_Policy Rate,0.2500
2010-09-04,EUR_Policy Rate,0.2500
2010-09-05,EUR_Policy Rate,0.2500
2010-09-06,EUR_Policy Rate,0.2500
2010-09-07,EUR_Policy Rate,0.2500
2010-09-08,EUR_Policy Rate,0.2500
2010-09-09,EUR_Policy Rate,0.2500
2010-09-10,EUR_Policy Rate,0.2500
2010-09-11,EUR_Policy Rate,0.2500
2010-09-12,EUR_Policy Rate,0.2500
2010-09-13,EUR_Policy Rate,0.2500
2010-09-14,EUR_Policy Rate,0.2500
2010-09-15,EUR_Policy Rate,0.2500
2010-09-16,EUR_Policy Rate,0.2500
2010-09-17,EUR_Policy Rate,0.2500
2010-09-18,EUR_Policy Rate,0.2500
2010-09-19,EUR_Policy Rate,0.2500
2010-09-20,EUR_Policy Rate,0.2500
2010-09-21,EUR_Policy Rate,0.2500
2010-09-22,EUR_Policy Rate,0.2500
2010-09-23,EUR_Policy Rate,0.2500
2010-09-24,EUR_Policy Rate,0.2500
2010-09-25,EUR_Policy Rate,0.2500
2010-09-26,EUR_Policy Rate,0.2500
2010-09-27,EUR_Policy Rate,0.2500
2010-09-28,EUR_Policy Rate,0.2500
2010-09-29,EUR_Policy Rate,0.2500
2010-09-30,EUR_Policy Rate,0.2500
2010-10-01,EUR_Policy Rate,0.2500
2010-10-02,EUR_Policy Rate,0.2500
2010-10-03,EUR_Policy Rate,0.2500
2010-10-04,EUR_Policy Rate,0.2500
2010-10-05,EUR_Policy Rate,0.2500
2010-10-06,EUR_Policy Rate,0.2500
2010-10-07,EUR_Policy Rate,0.2500
2010-10-08,EUR_Policy Rate,0.2500
2010-10-09,EUR_Policy Rate,0.2500
2010-10-10,EUR_Policy Rate,0.2500
2010-10-11,EUR_Policy Rate,0.2500
2010-10-12,EUR_Policy Rate,0.2500
2010-10-13,EUR_Policy Rate,0.2500
2010-10-14,EUR_Policy Rate,0.2500
2010-10-15,EUR_Policy Rate,0.2500
2010-10-16,EUR_Policy Rate,0.2500
2010-10-17,EUR_Policy Rate,0.2500
2010-10-18,EUR_Policy Rate,0.2500
2010-10-19,EUR_Policy Rate,0.2500
2010-10-20,EUR_Policy Rate,0.2500
2010-10-21,EUR_Policy Rate,0.2500
2010-10-22,EUR_Policy Rate,0.2500
2010-10-23,EUR_Policy Rate,0.2500
2010-10-24,EUR_Policy Rate,0.2500
2010-10-25,EUR_Policy Rate,0.2500
2010-10-26,EUR_Policy Rate,0.2500
2010-10-27,EUR_Policy Rate,0.2500
2010-10-28,EUR_Policy Rate,0.2500
2010-10-29,EUR_Policy Rate,0.2500
2010-10-30,EUR_Policy Rate,0.2500
2010-10-31,EUR_Policy Rate,0.2500
2010-11-01,EUR_Policy Rate,0.2500
2010-11-02,EUR_Policy Rate,0.2500
2010-11-03,EUR_Policy Rate,0.2500
2010-11-04,EUR_Policy Rate,0.2500
2010-11-05,EUR_Policy Rate,0.2500
2010-11-06,EUR_Policy Rate,0.2500
2010-11-07,EUR_Policy Rate,0.2500
2010-11-08,EUR_Policy Rate,0.2500
2010-11-09,EUR_Policy Rate,0.2500
2010-11-10,EUR_Policy Rate,0.2500
2010-11-11,EUR_Policy Rate,0.2500
2010-11-12,EUR_Policy Rate,0.2500
2010-11-13,EUR_Policy Rate,0.2500
2010-11-14,EUR_Policy Rate,0.2500
2010-11-15,EUR_Policy Rate,0.2500
2010-11-16,EUR_Policy Rate,0.2500
2010-11-17,EUR_Policy Rate,0.2500
2010-11-18,EUR_Policy Rate,0.2500
2010-11-19,EUR_Policy Rate,0.2500
2010-11-20,EUR_Policy Rate,0.2500
2010-11-21,EUR_Policy Rate,0.2500
2010-11-22,EUR_Policy Rate,0.2500
2010-11-23,EUR_Policy Rate,0.2500
2010-11-24,EUR_Policy Rate,0.2500
2010-11-25,EUR_Policy Rate,0.2500
2010-11-26,EUR_Policy Rate,0.2500
2010-11-27,EUR_Policy Rate,0.2500
2010-11-28,EUR_Policy Rate,0.2500
2010-11-29,EUR_Policy Rate,0.2500
2010-11-30,EUR_Policy Rate,0.2500
2010-12-01,EUR_Policy Rate,0.2500
2010-12-02,EUR_Policy Rate,0.2500
2010-12-03,EUR_Policy Rate,0.2500
2010-12-04,EUR_Policy Rate,0.2500
2010-12-05,EUR_Policy Rate,0.2500
2010-12-06,EUR_Policy Rate,0.2500
2010-12-07,EUR_Policy Rate,0.2500
2010-12-08,EUR_Policy Rate,0.2500
2010-12-09,EUR_Policy Rate,0.2500
2010-12-10,EUR_Policy Rate,0.2500
2010-12-11,EUR_Policy Rate,0.2500
2010-12-12,EUR_Policy Rate,0.2500
2010-12-13,EUR_Policy Rate,0.2500
2010-12-14,EUR_Policy Rate,0.2500
2010-12-15,EUR_Policy Rate,0.2500
2010-12-16,EUR_Policy Rate,0.2500
2010-12-17,EUR_Policy Rate,0.2500
2010-12-18,EUR_Policy Rate,0.2500
2010-12-19,EUR_Policy Rate,0.2500
2010-12-20,EUR_Policy Rate,0.2500
2010-12-21,EUR_Policy Rate,0.2500
2010-12-22,EUR_Policy Rate,0.2500
2010-12-23,EUR_Policy Rate,0.2500
2010-12-24,EUR_Policy Rate,0.2500
2010-12-25,EUR_Policy Rate,0.2500
2010-12-26,EUR_Policy Rate,0.2500
2010-12-27,EUR_Policy Rate,0.2500
2010-12-28,EUR_Policy Rate,0.2500
2010-12-29,EUR_Policy Rate,0.2500
2010-12-30,EUR_Policy Rate,0.2500
2010-12-31,EUR_Policy Rate,0.2500
2011-01-01,EUR_Policy Rate,0.2500
2011-01-02,EUR_Policy Rate,0.2500
2011-01-03,EUR_Policy Rate,0.2500
2011-01-04,EUR_Policy Rate,0.2500
2011-01-05,EUR_Policy Rate,0.2500
2011-01-06,EUR_Policy Rate,0.2500
2011-01-07,EUR_Policy Rate,0.2500
2011-01-08,EUR_Policy Rate,0.2500
2011-01-09,EUR_Policy Rate,0.2500
2011-01-10,EUR_Policy Rate,0.2500
2011-01-11,EUR_Policy Rate,0.2500
2011-01-12,EUR_Policy Rate,0.2500
2011-01-13,EUR_Policy Rate,0.2500
2011-01-14,EUR_Policy Rate,0.2500
2011-01-15,EUR_Policy Rate,0.2500
2011-01-16,EUR_Policy Rate,0.2500
2011-01-17,EUR_Policy Rate,0.2500
2011-01-18,EUR_Policy Rate,0.2500
2011-01-19,EUR_Policy Rate,0.2500
2011-01-20,EUR_Policy Rate,0.2500
2011-01-21,EUR_Policy Rate,0.2500
2011-01-22,EUR_Policy Rate,0.2500
2011-01-23,EUR_Policy Rate,0.2500
2011-01-24,EUR_Policy Rate,0.2500
2011-01-25,EUR_Policy Rate,0.2500
2011-01-26,EUR_Policy Rate,0.2500
2011-01-27,EUR_Policy Rate,0.2500
2011-01-28,EUR_Policy Rate,0.2500
2011-01-29,EUR_Policy Rate,0.2500
2011-01-30,EUR_Policy Rate,0.2500
2011-01-31,EUR_Policy Rate,0.2500
2011-02-01,EUR_Policy Rate,0.2500
2011-02-02,EUR_Policy Rate,0.2500
2011-02-03,EUR_Policy Rate,0.2500
2011-02-04,EUR_Policy Rate,0.2500
2011-02-05,EUR_Policy Rate,0.2500
2011-02-06,EUR_Policy Rate,0.2500
2011-02-07,EUR_Policy Rate,0.2500
2011-02-08,EUR_Policy Rate,0.2500
2011-02-09,EUR_Policy Rate,0.2500
2011-02-10,EUR_Policy Rate,0.2500
2011-02-11,EUR_Policy Rate,0.2500
2011-02-12,EUR_Policy Rate,0.2500
2011-02-13,EUR_Policy Rate,0.2500
2011-02-14,EUR_Policy Rate,0.2500
2011-02-15,EUR_Policy Rate,0.2500
2011-02-16,EUR_Policy Rate,0.2500
2011-02-17,EUR_Policy Rate,0.2500
2011-02-18,EUR_Policy Rate,0.2500
2011-02-19,EUR_Policy Rate,0.2500
2011-02-20,EUR_Policy Rate,0.2500
2011-02-21,EUR_Policy Rate,0.2500
2011-02-22,EUR_Policy Rate,0.2500
2011-02-23,EUR_Policy Rate,0.2500
2011-02-24,EUR_Policy Rate,0.2500
2011-02-25,EUR_Policy Rate,0.2500
2011-02-26,EUR_Policy Rate,0.2500
2011-02-27,EUR_Policy Rate,0.2500
2011-02-28,EUR_Policy Rate,0.2500
2011-03-01,EUR_Policy Rate,0.2500
2011-03-02,EUR_Policy Rate,0.2500
2011-03-03,EUR_Policy Rate,0.2500
2011-03-04,EUR_Policy Rate,0.2500
2011-03-05,EUR_Policy Rate,0.2500
2011-03-06,EUR_Policy Rate,0.2500
2011-03-07,EUR_Policy Rate,0.2500
2011-03-08,EUR_Policy Rate,0.2500
2011-03-09,EUR_Policy Rate,0.2500
2011-03-10,EUR_Policy Rate,0.2500
2011-03-11,EUR_Policy Rate,0.2500
2011-03-12,EUR_Policy Rate,0.2500
2011-03-13,EUR_Policy Rate,0.2500
2011-03-14,EUR_Policy Rate,0.2500
2011-03-15,EUR_Policy Rate,0.2500
2011-03-16,EUR_Policy Rate,0.2500
2011-03-17,EUR_Policy Rate,0.2500
2011-03-18,EUR_Policy Rate,0.2500
2011-03-19,EUR_Policy Rate,0.2500
2011-03-20,EUR_Policy Rate,0.2500
2011-03-21,EUR_Policy Rate,0.2500
2011-03-22,EUR_Policy Rate,0.2500
2011-03-23,EUR_Policy Rate,0.2500
2011-03-24,EUR_Policy Rate,0.2500
2011-03-25,EUR_Policy Rate,0.2500
2011-03-26,EUR_Policy Rate,0.2500
2011-03-27,EUR_Policy Rate,0.2500
2011-03-28,EUR_Policy Rate,0.2500
2011-03-29,EUR_Policy Rate,0.2500
2011-03-30,EUR_Policy Rate,0.2500
2011-03-31,EUR_Policy Rate,0.2500
2011-04-01,EUR_Policy Rate,0.2500
2011-04-02,EUR_Policy Rate,0.2500
2011-04-03,EUR_Policy Rate,0.2500
2011-04-04,EUR_Policy Rate,0.2500
2011-04-05,EUR_Policy Rate,0.2500
2011-04-06,EUR_Policy Rate,0.2500
2011-04-07,EUR_Policy Rate,0.2500
2011-04-08,EUR_Policy Rate,0.2500
2011-04-09,EUR_Policy Rate,0.2500
2011-04-10,EUR_Policy Rate,0.2500
2011-04-11,EUR_Policy Rate,0.2500
2011-04-12,EUR_Policy Rate,0.2500
2011-04-13,EUR_Policy Rate,0.5000
2011-04-14,EUR_Policy Rate,0.5000
2011-04-15,EUR_Policy Rate,0.5000
2011-04-16,EUR_Policy Rate,0.5000
2011-04-17,EUR_Policy Rate,0.5000
2011-04-18,EUR_Policy Rate,0.5000
2011-04-19,EUR_Policy Rate,0.5000
2011-04-20,EUR_Policy Rate,0.5000
2011-04-21,EUR_Policy Rate,0.5000
2011-04-22,EUR_Policy Rate,0.5000
2011-04-23,EUR_Policy Rate,0.5000
2011-04-24,EUR_Policy Rate,0.5000
2011-04-25,EUR_Policy Rate,0.5000
2011-04-26,EUR_Policy Rate,0.5000
2011-04-27,EUR_Policy Rate,0.5000
2011-04-28,EUR_Policy Rate,0.5000
2011-04-29,EUR_Policy Rate,0.5000
2011-04-30,EUR_Policy Rate,0.5000
2011-05-01,EUR_Policy Rate,0.5000
2011-05-02,EUR_Policy Rate,0.5000
2011-05-03,EUR_Policy Rate,0.5000
2011-05-04,EUR_Policy Rate,0.5000
2011-05-05,EUR_Policy Rate,0.5000
2011-05-06,EUR_Policy Rate,0.5000
2011-05-07,EUR_Policy Rate,0.5000
2011-05-08,EUR_Policy Rate,0.5000
2011-05-09,EUR_Policy Rate,0.5000
2011-05-10,EUR_Policy Rate,0.5000
2011-05-11,EUR_Policy Rate,0.5000
2011-05-12,EUR_Policy Rate,0.5000
2011-05-13,EUR_Policy Rate,0.5000
2011-05-14,EUR_Policy Rate,0.5000
2011-05-15,EUR_Policy Rate,0.5000
2011-05-16,EUR_Policy Rate,0.5000
2011-05-17,EUR_Policy Rate,0.5000
2011-05-18,EUR_Policy Rate,0.5000
2011-05-19,EUR_Policy Rate,0.5000
2011-05-20,EUR_Policy Rate,0.5000
2011-05-21,EUR_Policy Rate,0.5000
2011-05-22,EUR_Policy Rate,0.5000
2011-05-23,EUR_Policy Rate,0.5000
2011-05-24,EUR_Policy Rate,0.5000
2011-05-25,EUR_Policy Rate,0.5000
2011-05-26,EUR_Policy Rate,0.5000
2011-05-27,EUR_Policy Rate,0.5000
2011-05-28,EUR_Policy Rate,0.5000
2011-05-29,EUR_Policy Rate,0.5000
2011-05-30,EUR_Policy Rate,0.5000
2011-05-31,EUR_Policy Rate,0.5000
2011-06-01,EUR_Policy Rate,0.5000
2011-06-02,EUR_Policy Rate,0.5000
2011-06-03,EUR_Policy Rate,0.5000
2011-06-04,EUR_Policy Rate,0.5000
2011-06-05,EUR_Policy Rate,0.5000
2011-06-06,EUR_Policy Rate,0.5000
2011-06-07,EUR_Policy Rate,0.5000
2011-06-08,EUR_Policy Rate,0.5000
2011-06-09,EUR_Policy Rate,0.5000
2011-06-10,EUR_Policy Rate,0.5000
2011-06-11,EUR_Policy Rate,0.5000
2011-06-12,EUR_Policy Rate,0.5000
2011-06-13,EUR_Policy Rate,0.5000
2011-06-14,EUR_Policy Rate,0.5000
2011-06-15,EUR_Policy Rate,0.5000
2011-06-16,EUR_Policy Rate,0.5000
2011-06-17,EUR_Policy Rate,0.5000
2011-06-18,EUR_Policy Rate,0.5000
2011-06-19,EUR_Policy Rate,0.5000
2011-06-20,EUR_Policy Rate,0.5000
2011-06-21,EUR_Policy Rate,0.5000
2011-06-22,EUR_Policy Rate,0.5000
2011-06-23,EUR_Policy Rate,0.5000
2011-06-24,EUR_Policy Rate,0.5000
2011-06-25,EUR_Policy Rate,0.5000
2011-06-26,EUR_Policy Rate,0.5000
2011-06-27,EUR_Policy Rate,0.5000
2011-06-28,EUR_Policy Rate,0.5000
2011-06-29,EUR_Policy Rate,0.5000
2011-06-30,EUR_Policy Rate,0.5000
2011-07-01,EUR_Policy Rate,0.5000
2011-07-02,EUR_Policy Rate,0.5000
2011-07-03,EUR_Policy Rate,0.5000
2011-07-04,EUR_Policy Rate,0.5000
2011-07-05,EUR_Policy Rate,0.5000
2011-07-06,EUR_Policy Rate,0.5000
2011-07-07,EUR_Policy Rate,0.5000
2011-07-08,EUR_Policy Rate,0.5000
2011-07-09,EUR_Policy Rate,0.5000
2011-07-10,EUR_Policy Rate,0.5000
2011-07-11,EUR_Policy Rate,0.5000
2011-07-12,EUR_Policy Rate,0.5000
2011-07-13,EUR_Policy Rate,0.7500
2011-07-14,EUR_Policy Rate,0.7500
2011-07-15,EUR_Policy Rate,0.7500
2011-07-16,EUR_Policy Rate,0.7500
2011-07-17,EUR_Policy Rate,0.7500
2011-07-18,EUR_Policy Rate,0.7500
2011-07-19,EUR_Policy Rate,0.7500
2011-07-20,EUR_Policy Rate,0.7500
2011-07-21,EUR_Policy Rate,0.7500
2011-07-22,EUR_Policy Rate,0.7500
2011-07-23,EUR_Policy Rate,0.7500
2011-07-24,EUR_Policy Rate,0.7500
2011-07-25,EUR_Policy Rate,0.7500
2011-07-26,EUR_Policy Rate,0.7500
2011-07-27,EUR_Policy Rate,0.7500
2011-07-28,EUR_Policy Rate,0.7500
2011-07-29,EUR_Policy Rate,0.7500
2011-07-30,EUR_Policy Rate,0.7500
2011-07-31,EUR_Policy Rate,0.7500
2011-08-01,EUR_Policy Rate,0.7500
2011-08-02,EUR_Policy Rate,0.7500
2011-08-03,EUR_Policy Rate,0.7500
2011-08-04,EUR_Policy Rate,0.7500
2011-08-05,EUR_Policy Rate,0.7500
2011-08-06,EUR_Policy Rate,0.7500
2011-08-07,EUR_Policy Rate,0.7500
2011-08-08,EUR_Policy Rate,0.7500
2011-08-09,EUR_Policy Rate,0.7500
2011-08-10,EUR_Policy Rate,0.7500
2011-08-11,EUR_Policy Rate,0.7500
2011-08-12,EUR_Policy Rate,0.7500
2011-08-13,EUR_Policy Rate,0.7500
2011-08-14,EUR_Policy Rate,0.7500
2011-08-15,EUR_Policy Rate,0.7500
2011-08-16,EUR_Policy Rate,0.7500
2011-08-17,EUR_Policy Rate,0.7500
2011-08-18,EUR_Policy Rate,0.7500
2011-08-19,EUR_Policy Rate,0.7500
2011-08-20,EUR_Policy Rate,0.7500
2011-08-21,EUR_Policy Rate,0.7500
2011-08-22,EUR_Policy Rate,0.7500
2011-08-23,EUR_Policy Rate,0.7500
2011-08-24,EUR_Policy Rate,0.7500
2011-08-25,EUR_Policy Rate,0.7500
2011-08-26,EUR_Policy Rate,0.7500
2011-08-27,EUR_Policy Rate,0.7500
2011-08-28,EUR_Policy Rate,0.7500
2011-08-29,EUR_Policy Rate,0.7500
2011-08-30,EUR_Policy Rate,0.7500
2011-08-31,EUR_Policy Rate,0.7500
2011-09-01,EUR_Policy Rate,0.7500
2011-09-02,EUR_Policy Rate,0.7500
2011-09-03,EUR_Policy Rate,0.7500
2011-09-04,EUR_Policy Rate,0.7500
2011-09-05,EUR_Policy Rate,0.7500
2011-09-06,EUR_Policy Rate,0.7500
2011-09-07,EUR_Policy Rate,0.7500
2011-09-08,EUR_Policy Rate,0.7500
2011-09-09,EUR_Policy Rate,0.7500
2011-09-10,EUR_Policy Rate,0.7500
2011-09-11,EUR_Policy Rate,0.7500
2011-09-12,EUR_Policy Rate,0.7500
2011-09-13,EUR_Policy Rate,0.7500
2011-09-14,EUR_Policy Rate,0.7500
2011-09-15,EUR_Policy Rate,0.7500
2011-09-16,EUR_Policy Rate,0.7500
2011-09-17,EUR_Policy Rate,0.7500
2011-09-18,EUR_Policy Rate,0.7500
2011-09-19,EUR_Policy Rate,0.7500
2011-09-20,EUR_Policy Rate,0.7500
2011-09-21,EUR_Policy Rate,0.7500
2011-09-22,EUR_Policy Rate,0.7500
2011-09-23,EUR_Policy Rate,0.7500
2011-09-24,EUR_Policy Rate,0.7500
2011-09-25,EUR_Policy Rate,0.7500
2011-09-26,EUR_Policy Rate,0.7500
2011-09-27,EUR_Policy Rate,0.7500
2011-09-28,EUR_Policy Rate,0.7500
2011-09-29,EUR_Policy Rate,0.7500
2011-09-30,EUR_Policy Rate,0.7500
2011-10-01,EUR_Policy Rate,0.7500
2011-10-02,EUR_Policy Rate,0.7500
2011-10-03,EUR_Policy Rate,0.7500
2011-10-04,EUR_Policy Rate,0.7500
2011-10-05,EUR_Policy Rate,0.7500
2011-10-06,EUR_Policy Rate,0.7500
2011-10-07,EUR_Policy Rate,0.7500
2011-10-08,EUR_Policy Rate,0.7500
2011-10-09,EUR_Policy Rate,0.7500
2011-10-10,EUR_Policy Rate,0.7500
2011-10-11,EUR_Policy Rate,0.7500
2011-10-12,EUR_Policy Rate,0.7500
2011-10-13,EUR_Policy Rate,0.7500
2011-10-14,EUR_Policy Rate,0.7500
2011-10-15,EUR_Policy Rate,0.7500
2011-10-16,EUR_Policy Rate,0.7500
2011-10-17,EUR_Policy Rate,0.7500
2011-10-18,EUR_Policy Rate,0.7500
2011-10-19,EUR_Policy Rate,0.7500
2011-10-20,EUR_Policy Rate,0.7500
2011-10-21,EUR_Policy Rate,0.7500
2011-10-22,EUR_Policy Rate,0.7500
2011-10-23,EUR_Policy Rate,0.7500
2011-10-24,EUR_Policy Rate,0.7500
2011-10-25,EUR_Policy Rate,0.7500
2011-10-26,EUR_Policy Rate,0.7500
2011-10-27,EUR_Policy Rate,0.7500
2011-10-28,EUR_Policy Rate,0.7500
2011-10-29,EUR_Policy Rate,0.7500
2011-10-30,EUR_Policy Rate,0.7500
2011-10-31,EUR_Policy Rate,0.7500
2011-11-01,EUR_Policy Rate,0.7500
2011-11-02,EUR_Policy Rate,0.7500
2011-11-03,EUR_Policy Rate,0.7500
2011-11-04,EUR_Policy Rate,0.7500
2011-11-05,EUR_Policy Rate,0.7500
2011-11-06,EUR_Policy Rate,0.7500
2011-11-07,EUR_Policy Rate,0.7500
2011-11-08,EUR_Policy Rate,0.7500
2011-11-09,EUR_Policy Rate,0.5000
2011-11-10,EUR_Policy Rate,0.5000
2011-11-11,EUR_Policy Rate,0.5000
2011-11-12,EUR_Policy Rate,0.5000
2011-11-13,EUR_Policy Rate,0.5000
2011-11-14,EUR_Policy Rate,0.5000
2011-11-15,EUR_Policy Rate,0.5000
2011-11-16,EUR_Policy Rate,0.5000
2011-11-17,EUR_Policy Rate,0.5000
2011-11-18,EUR_Policy Rate,0.5000
2011-11-19,EUR_Policy Rate,0.5000
2011-11-20,EUR_Policy Rate,0.5000
2011-11-21,EUR_Policy Rate,0.5000
2011-11-22,EUR_Policy Rate,0.5000
2011-11-23,EUR_Policy Rate,0.5000
2011-11-24,EUR_Policy Rate,0.5000
2011-11-25,EUR_Policy Rate,0.5000
2011-11-26,EUR_Policy Rate,0.5000
2011-11-27,EUR_Policy Rate,0.5000
2011-11-28,EUR_Policy Rate,0.5000
2011-11-29,EUR_Policy Rate,0.5000
2011-11-30,EUR_Policy Rate,0.5000
2011-12-01,EUR_Policy Rate,0.5000
2011-12-02,EUR_Policy Rate,0.5000
2011-12-03,EUR_Policy Rate,0.5000
2011-12-04,EUR_Policy Rate,0.5000
2011-12-05,EUR_Policy Rate,0.5000
2011-12-06,EUR_Policy Rate,0.5000
2011-12-07,EUR_Policy Rate,0.5000
2011-12-08,EUR_Policy Rate,0.5000
2011-12-09,EUR_Policy Rate,0.5000
2011-12-10,EUR_Policy Rate,0.5000
2011-12-11,EUR_Policy Rate,0.5000
2011-12-12,EUR_Policy Rate,0.5000
2011-12-13,EUR_Policy Rate,0.5000
2011-12-14,EUR_Policy Rate,0.2500
2011-12-15,EUR_Policy Rate,0.2500
2011-12-16,EUR_Policy Rate,0.2500
2011-12-17,EUR_Policy Rate,0.2500
2011-12-18,EUR_Policy Rate,0.2500
2011-12-19,EUR_Policy Rate,0.2500
2011-12-20,EUR_Policy Rate,0.2500
2011-12-21,EUR_Policy Rate,0.2500
2011-12-22,EUR_Policy Rate,0.2500
2011-12-23,EUR_Policy Rate,0.2500
2011-12-24,EUR_Policy Rate,0.2500
2011-12-25,EUR_Policy Rate,0.2500
2011-12-26,EUR_Policy Rate,0.2500
2011-12-27,EUR_Policy Rate,0.2500
2011-12-28,EUR_Policy Rate,0.2500
2011-12-29,EUR_Policy Rate,0.2500
2011-12-30,EUR_Policy Rate,0.2500
2011-12-31,EUR_Policy Rate,0.2500
2012-01-01,EUR_Policy Rate,0.2500
2012-01-02,EUR_Policy Rate,0.2500
2012-01-03,EUR_Policy Rate,0.2500
2012-01-04,EUR_Policy Rate,0.2500
2012-01-05,EUR_Policy Rate,0.2500
2012-01-06,EUR_Policy Rate,0.2500
2012-01-07,EUR_Policy Rate,0.2500
2012-01-08,EUR_Policy Rate,0.2500
2012-01-09,EUR_Policy Rate,0.2500
2012-01-10,EUR_Policy Rate,0.2500
2012-01-11,EUR_Policy Rate,0.2500
2012-01-12,EUR_Policy Rate,0.2500
2012-01-13,EUR_Policy Rate,0.2500
2012-01-14,EUR_Policy Rate,0.2500
2012-01-15,EUR_Policy Rate,0.2500
2012-01-16,EUR_Policy Rate,0.2500
2012-01-17,EUR_Policy Rate,0.2500
2012-01-18,EUR_Policy Rate,0.2500
2012-01-19,EUR_Policy Rate,0.2500
2012-01-20,EUR_Policy Rate,0.2500
2012-01-21,EUR_Policy Rate,0.2500
2012-01-22,EUR_Policy Rate,0.2500
2012-01-23,EUR_Policy Rate,0.2500
2012-01-24,EUR_Policy Rate,0.2500
2012-01-25,EUR_Policy Rate,0.2500
2012-01-26,EUR_Policy Rate,0.2500
2012-01-27,EUR_Policy Rate,0.2500
2012-01-28,EUR_Policy Rate,0.2500
2012-01-29,EUR_Policy Rate,0.2500
2012-01-30,EUR_Policy Rate,0.2500
2012-01-31,EUR_Policy Rate,0.2500
2012-02-01,EUR_Policy Rate,0.2500
2012-02-02,EUR_Policy Rate,0.2500
2012-02-03,EUR_Policy Rate,0.2500
2012-02-04,EUR_Policy Rate,0.2500
2012-02-05,EUR_Policy Rate,0.2500
2012-02-06,EUR_Policy Rate,0.2500
2012-02-07,EUR_Policy Rate,0.2500
2012-02-08,EUR_Policy Rate,0.2500
2012-02-09,EUR_Policy Rate,0.2500
2012-02-10,EUR_Policy Rate,0.2500
2012-02-11,EUR_Policy Rate,0.2500
2012-02-12,EUR_Policy Rate,0.2500
2012-02-13,EUR_Policy Rate,0.2500
2012-02-14,EUR_Policy Rate,0.2500
2012-02-15,EUR_Policy Rate,0.2500
2012-02-16,EUR_Policy Rate,0.2500
2012-02-17,EUR_Policy Rate,0.2500
2012-02-18,EUR_Policy Rate,0.2500
2012-02-19,EUR_Policy Rate,0.2500
2012-02-20,EUR_Policy Rate,0.2500
2012-02-21,EUR_Policy Rate,0.2500
2012-02-22,EUR_Policy Rate,0.2500
2012-02-23,EUR_Policy Rate,0.2500
2012-02-24,EUR_Policy Rate,0.2500
2012-02-25,EUR_Policy Rate,0.2500
2012-02-26,EUR_Policy Rate,0.2500
2012-02-27,EUR_Policy Rate,0.2500
2012-02-28,EUR_Policy Rate,0.2500
2012-02-29,EUR_Policy Rate,0.2500
2012-03-01,EUR_Policy Rate,0.2500
2012-03-02,EUR_Policy Rate,0.2500
2012-03-03,EUR_Policy Rate,0.2500
2012-03-04,EUR_Policy Rate,0.2500
2012-03-05,EUR_Policy Rate,0.2500
2012-03-06,EUR_Policy Rate,0.2500
2012-03-07,EUR_Policy Rate,0.2500
2012-03-08,EUR_Policy Rate,0.2500
2012-03-09,EUR_Policy Rate,0.2500
2012-03-10,EUR_Policy Rate,0.2500
2012-03-11,EUR_Policy Rate,0.2500
2012-03-12,EUR_Policy Rate,0.2500
2012-03-13,EUR_Policy Rate,0.2500
2012-03-14,EUR_Policy Rate,0.2500
2012-03-15,EUR_Policy Rate,0.2500
2012-03-16,EUR_Policy Rate,0.2500
2012-03-17,EUR_Policy Rate,0.2500
2012-03-18,EUR_Policy Rate,0.2500
2012-03-19,EUR_Policy Rate,0.2500
2012-03-20,EUR_Policy Rate,0.2500
2012-03-21,EUR_Policy Rate,0.2500
2012-03-22,EUR_Policy Rate,0.2500
2012-03-23,EUR_Policy Rate,0.2500
2012-03-24,EUR_Policy Rate,0.2500
2012-03-25,EUR_Policy Rate,0.2500
2012-03-26,EUR_Policy Rate,0.2500
2012-03-27,EUR_Policy Rate,0.2500
2012-03-28,EUR_Policy Rate,0.2500
2012-03-29,EUR_Policy Rate,0.2500
2012-03-30,EUR_Policy Rate,0.2500
2012-03-31,EUR_Policy Rate,0.2500
2012-04-01,EUR_Policy Rate,0.2500
2012-04-02,EUR_Policy Rate,0.2500
2012-04-03,EUR_Policy Rate,0.2500
2012-04-04,EUR_Policy Rate,0.2500
2012-04-05,EUR_Policy Rate,0.2500
2012-04-06,EUR_Policy Rate,0.2500
2012-04-07,EUR_Policy Rate,0.2500
2012-04-08,EUR_Policy Rate,0.2500
2012-04-09,EUR_Policy Rate,0.2500
2012-04-10,EUR_Policy Rate,0.2500
2012-04-11,EUR_Policy Rate,0.2500
2012-04-12,EUR_Policy Rate,0.2500
2012-04-13,EUR_Policy Rate,0.2500
2012-04-14,EUR_Policy Rate,0.2500
2012-04-15,EUR_Policy Rate,0.2500
2012-04-16,EUR_Policy Rate,0.2500
2012-04-17,EUR_Policy Rate,0.2500
2012-04-18,EUR_Policy Rate,0.2500
2012-04-19,EUR_Policy Rate,0.2500
2012-04-20,EUR_Policy Rate,0.2500
2012-04-21,EUR_Policy Rate,0.2500
2012-04-22,EUR_Policy Rate,0.2500
2012-04-23,EUR_Policy Rate,0.2500
2012-04-24,EUR_Policy Rate,0.2500
2012-04-25,EUR_Policy Rate,0.2500
2012-04-26,EUR_Policy Rate,0.2500
2012-04-27,EUR_Policy Rate,0.2500
2012-04-28,EUR_Policy Rate,0.2500
2012-04-29,EUR_Policy Rate,0.2500
2012-04-30,EUR_Policy Rate,0.2500
2012-05-01,EUR_Policy Rate,0.2500
2012-05-02,EUR_Policy Rate,0.2500
2012-05-03,EUR_Policy Rate,0.2500
2012-05-04,EUR_Policy Rate,0.2500
2012-05-05,EUR_Policy Rate,0.2500
2012-05-06,EUR_Policy Rate,0.2500
2012-05-07,EUR_Policy Rate,0.2500
2012-05-08,EUR_Policy Rate,0.2500
2012-05-09,EUR_Policy Rate,0.2500
2012-05-10,EUR_Policy Rate,0.2500
2012-05-11,EUR_Policy Rate,0.2500
2012-05-12,EUR_Policy Rate,0.2500
2012-05-13,EUR_Policy Rate,0.2500
2012-05-14,EUR_Policy Rate,0.2500
2012-05-15,EUR_Policy Rate,0.2500
2012-05-16,EUR_Policy Rate,0.2500
2012-05-17,EUR_Policy Rate,0.2500
2012-05-18,EUR_Policy Rate,0.2500
2012-05-19,EUR_Policy Rate,0.2500
2012-05-20,EUR_Policy Rate,0.2500
2012-05-21,EUR_Policy Rate,0.2500
2012-05-22,EUR_Policy Rate,0.2500
2012-05-23,EUR_Policy Rate,0.2500
2012-05-24,EUR_Policy Rate,0.2500
2012-05-25,EUR_Policy Rate,0.2500
2012-05-26,EUR_Policy Rate,0.2500
2012-05-27,EUR_Policy Rate,0.2500
2012-05-28,EUR_Policy Rate,0.2500
2012-05-29,EUR_Policy Rate,0.2500
2012-05-30,EUR_Policy Rate,0.2500
2012-05-31,EUR_Policy Rate,0.2500
2012-06-01,EUR_Policy Rate,0.2500
2012-06-02,EUR_Policy Rate,0.2500
2012-06-03,EUR_Policy Rate,0.2500
2012-06-04,EUR_Policy Rate,0.2500
2012-06-05,EUR_Policy Rate,0.2500
2012-06-06,EUR_Policy Rate,0.2500
2012-06-07,EUR_Policy Rate,0.2500
2012-06-08,EUR_Policy Rate,0.2500
2012-06-09,EUR_Policy Rate,0.2500
2012-06-10,EUR_Policy Rate,0.2500
2012-06-11,EUR_Policy Rate,0.2500
2012-06-12,EUR_Policy Rate,0.2500
2012-06-13,EUR_Policy Rate,0.2500
2012-06-14,EUR_Policy Rate,0.2500
2012-06-15,EUR_Policy Rate,0.2500
2012-06-16,EUR_Policy Rate,0.2500
2012-06-17,EUR_Policy Rate,0.2500
2012-06-18,EUR_Policy Rate,0.2500
2012-06-19,EUR_Policy Rate,0.2500
2012-06-20,EUR_Policy Rate,0.2500
2012-06-21,EUR_Policy Rate,0.2500
2012-06-22,EUR_Policy Rate,0.2500
2012-06-23,EUR_Policy Rate,0.2500
2012-06-24,EUR_Policy Rate,0.2500
2012-06-25,EUR_Policy Rate,0.2500
2012-06-26,EUR_Policy Rate,0.2500
2012-06-27,EUR_Policy Rate,0.2500
2012-06-28,EUR_Policy Rate,0.2500
2012-06-29,EUR_Policy Rate,0.2500
2012-06-30,EUR_Policy Rate,0.2500
2012-07-01,EUR_Policy Rate,0.2500
2012-07-02,EUR_Policy Rate,0.2500
2012-07-03,EUR_Policy Rate,0.2500
2012-07-04,EUR_Policy Rate,0.2500
2012-07-05,EUR_Policy Rate,0.2500
2012-07-06,EUR_Policy Rate,0.2500
2012-07-07,EUR_Policy Rate,0.2500
2012-07-08,EUR_Policy Rate,0.2500
2012-07-09,EUR_Policy Rate,0.2500
2012-07-10,EUR_Policy Rate,0.2500
2012-07-11,EUR_Policy Rate,0.0000
2012-07-12,EUR_Policy Rate,0.0000
2012-07-13,EUR_Policy Rate,0.0000
2012-07-14,EUR_Policy Rate,0.0000
2012-07-15,EUR_Policy Rate,0.0000
2012-07-16,EUR_Policy Rate,0.0000
2012-07-17,EUR_Policy Rate,0.0000
2012-07-18,EUR_Policy Rate,0.0000
2012-07-19,EUR_Policy Rate,0.0000
2012-07-20,EUR_Policy Rate,0.0000
2012-07-21,EUR_Policy Rate,0.0000
2012-07-22,EUR_Policy Rate,0.0000
2012-07-23,EUR_Policy Rate,0.0000
2012-07-24,EUR_Policy Rate,0.0000
2012-07-25,EUR_Policy Rate,0.0000
2012-07-26,EUR_Policy Rate,0.0000
2012-07-27,EUR_Policy Rate,0.0000
2012-07-28,EUR_Policy Rate,0.0000
2012-07-29,EUR_Policy Rate,0.0000
2012-07-30,EUR_Policy Rate,0.0000
2012-07-31,EUR_Policy Rate,0.0000
2012-08-01,EUR_Policy Rate,0.0000
2012-08-02,EUR_Policy Rate,0.0000
2012-08-03,EUR_Policy Rate,0.0000
2012-08-04,EUR_Policy Rate,0.0000
2012-08-05,EUR_Policy Rate,0.0000
2012-08-06,EUR_Policy Rate,0.0000
2012-08-07,EUR_Policy Rate,0.0000
2012-08-08,EUR_Policy Rate,0.0000
2012-08-09,EUR_Policy Rate,0.0000
2012-08-10,EUR_Policy Rate,0.0000
2012-08-11,EUR_Policy Rate,0.0000
2012-08-12,EUR_Policy Rate,0.0000
2012-08-13,EUR_Policy Rate,0.0000
2012-08-14,EUR_Policy Rate,0.0000
2012-08-15,EUR_Policy Rate,0.0000
2012-08-16,EUR_Policy Rate,0.0000
2012-08-17,EUR_Policy Rate,0.0000
2012-08-18,EUR_Policy Rate,0.0000
2012-08-19,EUR_Policy Rate,0.0000
2012-08-20,EUR_Policy Rate,0.0000
2012-08-21,EUR_Policy Rate,0.0000
2012-08-22,EUR_Policy Rate,0.0000
2012-08-23,EUR_Policy Rate,0.0000
2012-08-24,EUR_Policy Rate,0.0000
2012-08-25,EUR_Policy Rate,0.0000
2012-08-26,EUR_Policy Rate,0.0000
2012-08-27,EUR_Policy Rate,0.0000
2012-08-28,EUR_Policy Rate,0.0000
2012-08-29,EUR_Policy Rate,0.0000
2012-08-30,EUR_Policy Rate,0.0000
2012-08-31,EUR_Policy Rate,0.0000
2012-09-01,EUR_Policy Rate,0.0000
2012-09-02,EUR_Policy Rate,0.0000
2012-09-03,EUR_Policy Rate,0.0000
2012-09-04,EUR_Policy Rate,0.0000
2012-09-05,EUR_Policy Rate,0.0000
2012-09-06,EUR_Policy Rate,0.0000
2012-09-07,EUR_Policy Rate,0.0000
2012-09-08,EUR_Policy Rate,0.0000
2012-09-09,EUR_Policy Rate,0.0000
2012-09-10,EUR_Policy Rate,0.0000
2012-09-11,EUR_Policy Rate,0.0000
2012-09-12,EUR_Policy Rate,0.0000
2012-09-13,EUR_Policy Rate,0.0000
2012-09-14,EUR_Policy Rate,0.0000
2012-09-15,EUR_Policy Rate,0.0000
2012-09-16,EUR_Policy Rate,0.0000
2012-09-17,EUR_Policy Rate,0.0000
2012-09-18,EUR_Policy Rate,0.0000
2012-09-19,EUR_Policy Rate,0.0000
2012-09-20,EUR_Policy Rate,0.0000
2012-09-21,EUR_Policy Rate,0.0000
2012-09-22,EUR_Policy Rate,0.0000
2012-09-23,EUR_Policy Rate,0.0000
2012-09-24,EUR_Policy Rate,0.0000
2012-09-25,EUR_Policy Rate,0.0000
2012-09-26,EUR_Policy Rate,0.0000
2012-09-27,EUR_Policy Rate,0.0000
2012-09-28,EUR_Policy Rate,0.0000
2012-09-29,EUR_Policy Rate,0.0000
2012-09-30,EUR_Policy Rate,0.0000
2012-10-01,EUR_Policy Rate,0.0000
2012-10-02,EUR_Policy Rate,0.0000
2012-10-03,EUR_Policy Rate,0.0000
2012-10-04,EUR_Policy Rate,0.0000
2012-10-05,EUR_Policy Rate,0.0000
2012-10-06,EUR_Policy Rate,0.0000
2012-10-07,EUR_Policy Rate,0.0000
2012-10-08,EUR_Policy Rate,0.0000
2012-10-09,EUR_Policy Rate,0.0000
2012-10-10,EUR_Policy Rate,0.0000
2012-10-11,EUR_Policy Rate,0.0000
2012-10-12,EUR_Policy Rate,0.0000
2012-10-13,EUR_Policy Rate,0.0000
2012-10-14,EUR_Policy Rate,0.0000
2012-10-15,EUR_Policy Rate,0.0000
2012-10-16,EUR_Policy Rate,0.0000
2012-10-17,EUR_Policy Rate,0.0000
2012-10-18,EUR_Policy Rate,0.0000
2012-10-19,EUR_Policy Rate,0.0000
2012-10-20,EUR_Policy Rate,0.0000
2012-10-21,EUR_Policy Rate,0.0000
2012-10-22,EUR_Policy Rate,0.0000
2012-10-23,EUR_Policy Rate,0.0000
2012-10-24,EUR_Policy Rate,0.0000
2012-10-25,EUR_Policy Rate,0.0000
2012-10-26,EUR_Policy Rate,0.0000
2012-10-27,EUR_Policy Rate,0.0000
2012-10-28,EUR_Policy Rate,0.0000
2012-10-29,EUR_Policy Rate,0.0000
2012-10-30,EUR_Policy Rate,0.0000
2012-10-31,EUR_Policy Rate,0.0000
2012-11-01,EUR_Policy Rate,0.0000
2012-11-02,EUR_Policy Rate,0.0000
2012-11-03,EUR_Policy Rate,0.0000
2012-11-04,EUR_Policy Rate,0.0000
2012-11-05,EUR_Policy Rate,0.0000
2012-11-06,EUR_Policy Rate,0.0000
2012-11-07,EUR_Policy Rate,0.0000
2012-11-08,EUR_Policy Rate,0.0000
2012-11-09,EUR_Policy Rate,0.0000
2012-11-10,EUR_Policy Rate,0.0000
2012-11-11,EUR_Policy Rate,0.0000
2012-11-12,EUR_Policy Rate,0.0000
2012-11-13,EUR_Policy Rate,0.0000
2012-11-14,EUR_Policy Rate,0.0000
2012-11-15,EUR_Policy Rate,0.0000
2012-11-16,EUR_Policy Rate,0.0000
2012-11-17,EUR_Policy Rate,0.0000
2012-11-18,EUR_Policy Rate,0.0000
2012-11-19,EUR_Policy Rate,0.0000
2012-11-20,EUR_Policy Rate,0.0000
2012-11-21,EUR_Policy Rate,0.0000
2012-11-22,EUR_Policy Rate,0.0000
2012-11-23,EUR_Policy Rate,0.0000
2012-11-24,EUR_Policy Rate,0.0000
2012-11-25,EUR_Policy Rate,0.0000
2012-11-26,EUR_Policy Rate,0.0000
2012-11-27,EUR_Policy Rate,0.0000
2012-11-28,EUR_Policy Rate,0.0000
2012-11-29,EUR_Policy Rate,0.0000
2012-11-30,EUR_Policy Rate,0.0000
2012-12-01,EUR_Policy Rate,0.0000
2012-12-02,EUR_Policy Rate,0.0000
2012-12-03,EUR_Policy Rate,0.0000
2012-12-04,EUR_Policy Rate,0.0000
2012-12-05,EUR_Policy Rate,0.0000
2012-12-06,EUR_Policy Rate,0.0000
2012-12-07,EUR_Policy Rate,0.0000
2012-12-08,EUR_Policy Rate,0.0000
2012-12-09,EUR_Policy Rate,0.0000
2012-12-10,EUR_Policy Rate,0.0000
2012-12-11,EUR_Policy Rate,0.0000
2012-12-12,EUR_Policy Rate,0.0000
2012-12-13,EUR_Policy Rate,0.0000
2012-12-14,EUR_Policy Rate,0.0000
2012-12-15,EUR_Policy Rate,0.0000
2012-12-16,EUR_Policy Rate,0.0000
2012-12-17,EUR_Policy Rate,0.0000
2012-12-18,EUR_Policy Rate,0.0000
2012-12-19,EUR_Policy Rate,0.0000
2012-12-20,EUR_Policy Rate,0.0000
2012-12-21,EUR_Policy Rate,0.0000
2012-12-22,EUR_Policy Rate,0.0000
2012-12-23,EUR_Policy Rate,0.0000
2012-12-24,EUR_Policy Rate,0.0000
2012-12-25,EUR_Policy Rate,0.0000
2012-12-26,EUR_Policy Rate,0.0000
2012-12-27,EUR_Policy Rate,0.0000
2012-12-28,EUR_Policy Rate,0.0000
2012-12-29,EUR_Policy Rate,0.0000
2012-12-30,EUR_Policy Rate,0.0000
2012-12-31,EUR_Policy Rate,0.0000
2013-01-01,EUR_Policy Rate,0.0000
2013-01-02,EUR_Policy Rate,0.0000
2013-01-03,EUR_Policy Rate,0.0000
2013-01-04,EUR_Policy Rate,0.0000
2013-01-05,EUR_Policy Rate,0.0000
2013-01-06,EUR_Policy Rate,0.0000
2013-01-07,EUR_Policy Rate,0.0000
2013-01-08,EUR_Policy Rate,0.0000
2013-01-09,EUR_Policy Rate,0.0000
2013-01-10,EUR_Policy Rate,0.0000
2013-01-11,EUR_Policy Rate,0.0000
2013-01-12,EUR_Policy Rate,0.0000
2013-01-13,EUR_Policy Rate,0.0000
2013-01-14,EUR_Policy Rate,0.0000
2013-01-15,EUR_Policy Rate,0.0000
2013-01-16,EUR_Policy Rate,0.0000
2013-01-17,EUR_Policy Rate,0.0000
2013-01-18,EUR_Policy Rate,0.0000
2013-01-19,EUR_Policy Rate,0.0000
2013-01-20,EUR_Policy Rate,0.0000
2013-01-21,EUR_Policy Rate,0.0000
2013-01-22,EUR_Policy Rate,0.0000
2013-01-23,EUR_Policy Rate,0.0000
2013-01-24,EUR_Policy Rate,0.0000
2013-01-25,EUR_Policy Rate,0.0000
2013-01-26,EUR_Policy Rate,0.0000
2013-01-27,EUR_Policy Rate,0.0000
2013-01-28,EUR_Policy Rate,0.0000
2013-01-29,EUR_Policy Rate,0.0000
2013-01-30,EUR_Policy Rate,0.0000
2013-01-31,EUR_Policy Rate,0.0000
2013-02-01,EUR_Policy Rate,0.0000
2013-02-02,EUR_Policy Rate,0.0000
2013-02-03,EUR_Policy Rate,0.0000
2013-02-04,EUR_Policy Rate,0.0000
2013-02-05,EUR_Policy Rate,0.0000
2013-02-06,EUR_Policy Rate,0.0000
2013-02-07,EUR_Policy Rate,0.0000
2013-02-08,EUR_Policy Rate,0.0000
2013-02-09,EUR_Policy Rate,0.0000
2013-02-10,EUR_Policy Rate,0.0000
2013-02-11,EUR_Policy Rate,0.0000
2013-02-12,EUR_Policy Rate,0.0000
2013-02-13,EUR_Policy Rate,0.0000
2013-02-14,EUR_Policy Rate,0.0000
2013-02-15,EUR_Policy Rate,0.0000
2013-02-16,EUR_Policy Rate,0.0000
2013-02-17,EUR_Policy Rate,0.0000
2013-02-18,EUR_Policy Rate,0.0000
2013-02-19,EUR_Policy Rate,0.0000
2013-02-20,EUR_Policy Rate,0.0000
2013-02-21,EUR_Policy Rate,0.0000
2013-02-22,EUR_Policy Rate,0.0000
2013-02-23,EUR_Policy Rate,0.0000
2013-02-24,EUR_Policy Rate,0.0000
2013-02-25,EUR_Policy Rate,0.0000
2013-02-26,EUR_Policy Rate,0.0000
2013-02-27,EUR_Policy Rate,0.0000
2013-02-28,EUR_Policy Rate,0.0000
2013-03-01,EUR_Policy Rate,0.0000
2013-03-02,EUR_Policy Rate,0.0000
2013-03-03,EUR_Policy Rate,0.0000
2013-03-04,EUR_Policy Rate,0.0000
2013-03-05,EUR_Policy Rate,0.0000
2013-03-06,EUR_Policy Rate,0.0000
2013-03-07,EUR_Policy Rate,0.0000
2013-03-08,EUR_Policy Rate,0.0000
2013-03-09,EUR_Policy Rate,0.0000
2013-03-10,EUR_Policy Rate,0.0000
2013-03-11,EUR_Policy Rate,0.0000
2013-03-12,EUR_Policy Rate,0.0000
2013-03-13,EUR_Policy Rate,0.0000
2013-03-14,EUR_Policy Rate,0.0000
2013-03-15,EUR_Policy Rate,0.0000
2013-03-16,EUR_Policy Rate,0.0000
2013-03-17,EUR_Policy Rate,0.0000
2013-03-18,EUR_Policy Rate,0.0000
2013-03-19,EUR_Policy Rate,0.0000
2013-03-20,EUR_Policy Rate,0.0000
2013-03-21,EUR_Policy Rate,0.0000
2013-03-22,EUR_Policy Rate,0.0000
2013-03-23,EUR_Policy Rate,0.0000
2013-03-24,EUR_Policy Rate,0.0000
2013-03-25,EUR_Policy Rate,0.0000
2013-03-26,EUR_Policy Rate,0.0000
2013-03-27,EUR_Policy Rate,0.0000
2013-03-28,EUR_Policy Rate,0.0000
2013-03-29,EUR_Policy Rate,0.0000
2013-03-30,EUR_Policy Rate,0.0000
2013-03-31,EUR_Policy Rate,0.0000
2013-04-01,EUR_Policy Rate,0.0000
2013-04-02,EUR_Policy Rate,0.0000
2013-04-03,EUR_Policy Rate,0.0000
2013-04-04,EUR_Policy Rate,0.0000
2013-04-05,EUR_Policy Rate,0.0000
2013-04-06,EUR_Policy Rate,0.0000
2013-04-07,EUR_Policy Rate,0.0000
2013-04-08,EUR_Policy Rate,0.0000
2013-04-09,EUR_Policy Rate,0.0000
2013-04-10,EUR_Policy Rate,0.0000
2013-04-11,EUR_Policy Rate,0.0000
2013-04-12,EUR_Policy Rate,0.0000
2013-04-13,EUR_Policy Rate,0.0000
2013-04-14,EUR_Policy Rate,0.0000
2013-04-15,EUR_Policy Rate,0.0000
2013-04-16,EUR_Policy Rate,0.0000
2013-04-17,EUR_Policy Rate,0.0000
2013-04-18,EUR_Policy Rate,0.0000
2013-04-19,EUR_Policy Rate,0.0000
2013-04-20,EUR_Policy Rate,0.0000
2013-04-21,EUR_Policy Rate,0.0000
2013-04-22,EUR_Policy Rate,0.0000
2013-04-23,EUR_Policy Rate,0.0000
2013-04-24,EUR_Policy Rate,0.0000
2013-04-25,EUR_Policy Rate,0.0000
2013-04-26,EUR_Policy Rate,0.0000
2013-04-27,EUR_Policy Rate,0.0000
2013-04-28,EUR_Policy Rate,0.0000
2013-04-29,EUR_Policy Rate,0.0000
2013-04-30,EUR_Policy Rate,0.0000
2013-05-01,EUR_Policy Rate,0.0000
2013-05-02,EUR_Policy Rate,0.0000
2013-05-03,EUR_Policy Rate,0.0000
2013-05-04,EUR_Policy Rate,0.0000
2013-05-05,EUR_Policy Rate,0.0000
2013-05-06,EUR_Policy Rate,0.0000
2013-05-07,EUR_Policy Rate,0.0000
2013-05-08,EUR_Policy Rate,0.0000
2013-05-09,EUR_Policy Rate,0.0000
2013-05-10,EUR_Policy Rate,0.0000
2013-05-11,EUR_Policy Rate,0.0000
2013-05-12,EUR_Policy Rate,0.0000
2013-05-13,EUR_Policy Rate,0.0000
2013-05-14,EUR_Policy Rate,0.0000
2013-05-15,EUR_Policy Rate,0.0000
2013-05-16,EUR_Policy Rate,0.0000
2013-05-17,EUR_Policy Rate,0.0000
2013-05-18,EUR_Policy Rate,0.0000
2013-05-19,EUR_Policy Rate,0.0000
2013-05-20,EUR_Policy Rate,0.0000
2013-05-21,EUR_Policy Rate,0.0000
2013-05-22,EUR_Policy Rate,0.0000
2013-05-23,EUR_Policy Rate,0.0000
2013-05-24,EUR_Policy Rate,0.0000
2013-05-25,EUR_Policy Rate,0.0000
2013-05-26,EUR_Policy Rate,0.0000
2013-05-27,EUR_Policy Rate,0.0000
2013-05-28,EUR_Policy Rate,0.0000
2013-05-29,EUR_Policy Rate,0.0000
2013-05-30,EUR_Policy Rate,0.0000
2013-05-31,EUR_Policy Rate,0.0000
2013-06-01,EUR_Policy Rate,0.0000
2013-06-02,EUR_Policy Rate,0.0000
2013-06-03,EUR_Policy Rate,0.0000
2013-06-04,EUR_Policy Rate,0.0000
2013-06-05,EUR_Policy Rate,0.0000
2013-06-06,EUR_Policy Rate,0.0000
2013-06-07,EUR_Policy Rate,0.0000
2013-06-08,EUR_Policy Rate,0.0000
2013-06-09,EUR_Policy Rate,0.0000
2013-06-10,EUR_Policy Rate,0.0000
2013-06-11,EUR_Policy Rate,0.0000
2013-06-12,EUR_Policy Rate,0.0000
2013-06-13,EUR_Policy Rate,0.0000
2013-06-14,EUR_Policy Rate,0.0000
2013-06-15,EUR_Policy Rate,0.0000
2013-06-16,EUR_Policy Rate,0.0000
2013-06-17,EUR_Policy Rate,0.0000
2013-06-18,EUR_Policy Rate,0.0000
2013-06-19,EUR_Policy Rate,0.0000
2013-06-20,EUR_Policy Rate,0.0000
2013-06-21,EUR_Policy Rate,0.0000
2013-06-22,EUR_Policy Rate,0.0000
2013-06-23,EUR_Policy Rate,0.0000
2013-06-24,EUR_Policy Rate,0.0000
2013-06-25,EUR_Policy Rate,0.0000
2013-06-26,EUR_Policy Rate,0.0000
2013-06-27,EUR_Policy Rate,0.0000
2013-06-28,EUR_Policy Rate,0.0000
2013-06-29,EUR_Policy Rate,0.0000
2013-06-30,EUR_Policy Rate,0.0000
2013-07-01,EUR_Policy Rate,0.0000
2013-07-02,EUR_Policy Rate,0.0000
2013-07-03,EUR_Policy Rate,0.0000
2013-07-04,EUR_Policy Rate,0.0000
2013-07-05,EUR_Policy Rate,0.0000
2013-07-06,EUR_Policy Rate,0.0000
2013-07-07,EUR_Policy Rate,0.0000
2013-07-08,EUR_Policy Rate,0.0000
2013-07-09,EUR_Policy Rate,0.0000
2013-07-10,EUR_Policy Rate,0.0000
2013-07-11,EUR_Policy Rate,0.0000
2013-07-12,EUR_Policy Rate,0.0000
2013-07-13,EUR_Policy Rate,0.0000
2013-07-14,EUR_Policy Rate,0.0000
2013-07-15,EUR_Policy Rate,0.0000
2013-07-16,EUR_Policy Rate,0.0000
2013-07-17,EUR_Policy Rate,0.0000
2013-07-18,EUR_Policy Rate,0.0000
2013-07-19,EUR_Policy Rate,0.0000
2013-07-20,EUR_Policy Rate,0.0000
2013-07-21,EUR_Policy Rate,0.0000
2013-07-22,EUR_Policy Rate,0.0000
2013-07-23,EUR_Policy Rate,0.0000
2013-07-24,EUR_Policy Rate,0.0000
2013-07-25,EUR_Policy Rate,0.0000
2013-07-26,EUR_Policy Rate,0.0000
2013-07-27,EUR_Policy Rate,0.0000
2013-07-28,EUR_Policy Rate,0.0000
2013-07-29,EUR_Policy Rate,0.0000
2013-07-30,EUR_Policy Rate,0.0000
2013-07-31,EUR_Policy Rate,0.0000
2013-08-01,EUR_Policy Rate,0.0000
2013-08-02,EUR_Policy Rate,0.0000
2013-08-03,EUR_Policy Rate,0.0000
2013-08-04,EUR_Policy Rate,0.0000
2013-08-05,EUR_Policy Rate,0.0000
2013-08-06,EUR_Policy Rate,0.0000
2013-08-07,EUR_Policy Rate,0.0000
2013-08-08,EUR_Policy Rate,0.0000
2013-08-09,EUR_Policy Rate,0.0000
2013-08-10,EUR_Policy Rate,0.0000
2013-08-11,EUR_Policy Rate,0.0000
2013-08-12,EUR_Policy Rate,0.0000
2013-08-13,EUR_Policy Rate,0.0000
2013-08-14,EUR_Policy Rate,0.0000
2013-08-15,EUR_Policy Rate,0.0000
2013-08-16,EUR_Policy Rate,0.0000
2013-08-17,EUR_Policy Rate,0.0000
2013-08-18,EUR_Policy Rate,0.0000
2013-08-19,EUR_Policy Rate,0.0000
2013-08-20,EUR_Policy Rate,0.0000
2013-08-21,EUR_Policy Rate,0.0000
2013-08-22,EUR_Policy Rate,0.0000
2013-08-23,EUR_Policy Rate,0.0000
2013-08-24,EUR_Policy Rate,0.0000
2013-08-25,EUR_Policy Rate,0.0000
2013-08-26,EUR_Policy Rate,0.0000
2013-08-27,EUR_Policy Rate,0.0000
2013-08-28,EUR_Policy Rate,0.0000
2013-08-29,EUR_Policy Rate,0.0000
2013-08-30,EUR_Policy Rate,0.0000
2013-08-31,EUR_Policy Rate,0.0000
2013-09-01,EUR_Policy Rate,0.0000
2013-09-02,EUR_Policy Rate,0.0000
2013-09-03,EUR_Policy Rate,0.0000
2013-09-04,EUR_Policy Rate,0.0000
2013-09-05,EUR_Policy Rate,0.0000
2013-09-06,EUR_Policy Rate,0.0000
2013-09-07,EUR_Policy Rate,0.0000
2013-09-08,EUR_Policy Rate,0.0000
2013-09-09,EUR_Policy Rate,0.0000
2013-09-10,EUR_Policy Rate,0.0000
2013-09-11,EUR_Policy Rate,0.0000
2013-09-12,EUR_Policy Rate,0.0000
2013-09-13,EUR_Policy Rate,0.0000
2013-09-14,EUR_Policy Rate,0.0000
2013-09-15,EUR_Policy Rate,0.0000
2013-09-16,EUR_Policy Rate,0.0000
2013-09-17,EUR_Policy Rate,0.0000
2013-09-18,EUR_Policy Rate,0.0000
2013-09-19,EUR_Policy Rate,0.0000
2013-09-20,EUR_Policy Rate,0.0000
2013-09-21,EUR_Policy Rate,0.0000
2013-09-22,EUR_Policy Rate,0.0000
2013-09-23,EUR_Policy Rate,0.0000
2013-09-24,EUR_Policy Rate,0.0000
2013-09-25,EUR_Policy Rate,0.0000
2013-09-26,EUR_Policy Rate,0.0000
2013-09-27,EUR_Policy Rate,0.0000
2013-09-28,EUR_Policy Rate,0.0000
2013-09-29,EUR_Policy Rate,0.0000
2013-09-30,EUR_Policy Rate,0.0000
2013-10-01,EUR_Policy Rate,0.0000
2013-10-02,EUR_Policy Rate,0.0000
2013-10-03,EUR_Policy Rate,0.0000
2013-10-04,EUR_Policy Rate,0.0000
2013-10-05,EUR_Policy Rate,0.0000
2013-10-06,EUR_Policy Rate,0.0000
2013-10-07,EUR_Policy Rate,0.0000
2013-10-08,EUR_Policy Rate,0.0000
2013-10-09,EUR_Policy Rate,0.0000
2013-10-10,EUR_Policy Rate,0.0000
2013-10-11,EUR_Policy Rate,0.0000
2013-10-12,EUR_Policy Rate,0.0000
2013-10-13,EUR_Policy Rate,0.0000
2013-10-14,EUR_Policy Rate,0.0000
2013-10-15,EUR_Policy Rate,0.0000
2013-10-16,EUR_Policy Rate,0.0000
2013-10-17,EUR_Policy Rate,0.0000
2013-10-18,EUR_Policy Rate,0.0000
2013-10-19,EUR_Policy Rate,0.0000
2013-10-20,EUR_Policy Rate,0.0000
2013-10-21,EUR_Policy Rate,0.0000
2013-10-22,EUR_Policy Rate,0.0000
2013-10-23,EUR_Policy Rate,0.0000
2013-10-24,EUR_Policy Rate,0.0000
2013-10-25,EUR_Policy Rate,0.0000
2013-10-26,EUR_Policy Rate,0.0000
2013-10-27,EUR_Policy Rate,0.0000
2013-10-28,EUR_Policy Rate,0.0000
2013-10-29,EUR_Policy Rate,0.0000
2013-10-30,EUR_Policy Rate,0.0000
2013-10-31,EUR_Policy Rate,0.0000
2013-11-01,EUR_Policy Rate,0.0000
2013-11-02,EUR_Policy Rate,0.0000
2013-11-03,EUR_Policy Rate,0.0000
2013-11-04,EUR_Policy Rate,0.0000
2013-11-05,EUR_Policy Rate,0.0000
2013-11-06,EUR_Policy Rate,0.0000
2013-11-07,EUR_Policy Rate,0.0000
2013-11-08,EUR_Policy Rate,0.0000
2013-11-09,EUR_Policy Rate,0.0000
2013-11-10,EUR_Policy Rate,0.0000
2013-11-11,EUR_Policy Rate,0.0000
2013-11-12,EUR_Policy Rate,0.0000
2013-11-13,EUR_Policy Rate,0.0000
2013-11-14,EUR_Policy Rate,0.0000
2013-11-15,EUR_Policy Rate,0.0000
2013-11-16,EUR_Policy Rate,0.0000
2013-11-17,EUR_Policy Rate,0.0000
2013-11-18,EUR_Policy Rate,0.0000
2013-11-19,EUR_Policy Rate,0.0000
2013-11-20,EUR_Policy Rate,0.0000
2013-11-21,EUR_Policy Rate,0.0000
2013-11-22,EUR_Policy Rate,0.0000
2013-11-23,EUR_Policy Rate,0.0000
2013-11-24,EUR_Policy Rate,0.0000
2013-11-25,EUR_Policy Rate,0.0000
2013-11-26,EUR_Policy Rate,0.0000
2013-11-27,EUR_Policy Rate,0.0000
2013-11-28,EUR_Policy Rate,0.0000
2013-11-29,EUR_Policy Rate,0.0000
2013-11-30,EUR_Policy Rate,0.0000
2013-12-01,EUR_Policy Rate,0.0000
2013-12-02,EUR_Policy Rate,0.0000
2013-12-03,EUR_Policy Rate,0.0000
2013-12-04,EUR_Policy Rate,0.0000
2013-12-05,EUR_Policy Rate,0.0000
2013-12-06,EUR_Policy Rate,0.0000
2013-12-07,EUR_Policy Rate,0.0000
2013-12-08,EUR_Policy Rate,0.0000
2013-12-09,EUR_Policy Rate,0.0000
2013-12-10,EUR_Policy Rate,0.0000
2013-12-11,EUR_Policy Rate,0.0000
2013-12-12,EUR_Policy Rate,0.0000
2013-12-13,EUR_Policy Rate,0.0000
2013-12-14,EUR_Policy Rate,0.0000
2013-12-15,EUR_Policy Rate,0.0000
2013-12-16,EUR_Policy Rate,0.0000
2013-12-17,EUR_Policy Rate,0.0000
2013-12-18,EUR_Policy Rate,0.0000
2013-12-19,EUR_Policy Rate,0.0000
2013-12-20,EUR_Policy Rate,0.0000
2013-12-21,EUR_Policy Rate,0.0000
2013-12-22,EUR_Policy Rate,0.0000
2013-12-23,EUR_Policy Rate,0.0000
2013-12-24,EUR_Policy Rate,0.0000
2013-12-25,EUR_Policy Rate,0.0000
2013-12-26,EUR_Policy Rate,0.0000
2013-12-27,EUR_Policy Rate,0.0000
2013-12-28,EUR_Policy Rate,0.0000
2013-12-29,EUR_Policy Rate,0.0000
2013-12-30,EUR_Policy Rate,0.0000
2013-12-31,EUR_Policy Rate,0.0000
2014-01-01,EUR_Policy Rate,0.0000
2014-01-02,EUR_Policy Rate,0.0000
2014-01-03,EUR_Policy Rate,0.0000
2014-01-04,EUR_Policy Rate,0.0000
2014-01-05,EUR_Policy Rate,0.0000
2014-01-06,EUR_Policy Rate,0.0000
2014-01-07,EUR_Policy Rate,0.0000
2014-01-08,EUR_Policy Rate,0.0000
2014-01-09,EUR_Policy Rate,0.0000
2014-01-10,EUR_Policy Rate,0.0000
2014-01-11,EUR_Policy Rate,0.0000
2014-01-12,EUR_Policy Rate,0.0000
2014-01-13,EUR_Policy Rate,0.0000
2014-01-14,EUR_Policy Rate,0.0000
2014-01-15,EUR_Policy Rate,0.0000
2014-01-16,EUR_Policy Rate,0.0000
2014-01-17,EUR_Policy Rate,0.0000
2014-01-18,EUR_Policy Rate,0.0000
2014-01-19,EUR_Policy Rate,0.0000
2014-01-20,EUR_Policy Rate,0.0000
2014-01-21,EUR_Policy Rate,0.0000
2014-01-22,EUR_Policy Rate,0.0000
2014-01-23,EUR_Policy Rate,0.0000
2014-01-24,EUR_Policy Rate,0.0000
2014-01-25,EUR_Policy Rate,0.0000
2014-01-26,EUR_Policy Rate,0.0000
2014-01-27,EUR_Policy Rate,0.0000
2014-01-28,EUR_Policy Rate,0.0000
2014-01-29,EUR_Policy Rate,0.0000
2014-01-30,EUR_Policy Rate,0.0000
2014-01-31,EUR_Policy Rate,0.0000
2014-02-01,EUR_Policy Rate,0.0000
2014-02-02,EUR_Policy Rate,0.0000
2014-02-03,EUR_Policy Rate,0.0000
2014-02-04,EUR_Policy Rate,0.0000
2014-02-05,EUR_Policy Rate,0.0000
2014-02-06,EUR_Policy Rate,0.0000
2014-02-07,EUR_Policy Rate,0.0000
2014-02-08,EUR_Policy Rate,0.0000
2014-02-09,EUR_Policy Rate,0.0000
2014-02-10,EUR_Policy Rate,0.0000
2014-02-11,EUR_Policy Rate,0.0000
2014-02-12,EUR_Policy Rate,0.0000
2014-02-13,EUR_Policy Rate,0.0000
2014-02-14,EUR_Policy Rate,0.0000
2014-02-15,EUR_Policy Rate,0.0000
2014-02-16,EUR_Policy Rate,0.0000
2014-02-17,EUR_Policy Rate,0.0000
2014-02-18,EUR_Policy Rate,0.0000
2014-02-19,EUR_Policy Rate,0.0000
2014-02-20,EUR_Policy Rate,0.0000
2014-02-21,EUR_Policy Rate,0.0000
2014-02-22,EUR_Policy Rate,0.0000
2014-02-23,EUR_Policy Rate,0.0000
2014-02-24,EUR_Policy Rate,0.0000
2014-02-25,EUR_Policy Rate,0.0000
2014-02-26,EUR_Policy Rate,0.0000
2014-02-27,EUR_Policy Rate,0.0000
2014-02-28,EUR_Policy Rate,0.0000
2014-03-01,EUR_Policy Rate,0.0000
2014-03-02,EUR_Policy Rate,0.0000
2014-03-03,EUR_Policy Rate,0.0000
2014-03-04,EUR_Policy Rate,0.0000
2014-03-05,EUR_Policy Rate,0.0000
2014-03-06,EUR_Policy Rate,0.0000
2014-03-07,EUR_Policy Rate,0.0000
2014-03-08,EUR_Policy Rate,0.0000
2014-03-09,EUR_Policy Rate,0.0000
2014-03-10,EUR_Policy Rate,0.0000
2014-03-11,EUR_Policy Rate,0.0000
2014-03-12,EUR_Policy Rate,0.0000
2014-03-13,EUR_Policy Rate,0.0000
2014-03-14,EUR_Policy Rate,0.0000
2014-03-15,EUR_Policy Rate,0.0000
2014-03-16,EUR_Policy Rate,0.0000
2014-03-17,EUR_Policy Rate,0.0000
2014-03-18,EUR_Policy Rate,0.0000
2014-03-19,EUR_Policy Rate,0.0000
2014-03-20,EUR_Policy Rate,0.0000
2014-03-21,EUR_Policy Rate,0.0000
2014-03-22,EUR_Policy Rate,0.0000
2014-03-23,EUR_Policy Rate,0.0000
2014-03-24,EUR_Policy Rate,0.0000
2014-03-25,EUR_Policy Rate,0.0000
2014-03-26,EUR_Policy Rate,0.0000
2014-03-27,EUR_Policy Rate,0.0000
2014-03-28,EUR_Policy Rate,0.0000
2014-03-29,EUR_Policy Rate,0.0000
2014-03-30,EUR_Policy Rate,0.0000
2014-03-31,EUR_Policy Rate,0.0000
2014-04-01,EUR_Policy Rate,0.0000
2014-04-02,EUR_Policy Rate,0.0000
2014-04-03,EUR_Policy Rate,0.0000
2014-04-04,EUR_Policy Rate,0.0000
2014-04-05,EUR_Policy Rate,0.0000
2014-04-06,EUR_Policy Rate,0.0000
2014-04-07,EUR_Policy Rate,0.0000
2014-04-08,EUR_Policy Rate,0.0000
2014-04-09,EUR_Policy Rate,0.0000
2014-04-10,EUR_Policy Rate,0.0000
2014-04-11,EUR_Policy Rate,0.0000
2014-04-12,EUR_Policy Rate,0.0000
2014-04-13,EUR_Policy Rate,0.0000
2014-04-14,EUR_Policy Rate,0.0000
2014-04-15,EUR_Policy Rate,0.0000
2014-04-16,EUR_Policy Rate,0.0000
2014-04-17,EUR_Policy Rate,0.0000
2014-04-18,EUR_Policy Rate,0.0000
2014-04-19,EUR_Policy Rate,0.0000
2014-04-20,EUR_Policy Rate,0.0000
2014-04-21,EUR_Policy Rate,0.0000
2014-04-22,EUR_Policy Rate,0.0000
2014-04-23,EUR_Policy Rate,0.0000
2014-04-24,EUR_Policy Rate,0.0000
2014-04-25,EUR_Policy Rate,0.0000
2014-04-26,EUR_Policy Rate,0.0000
2014-04-27,EUR_Policy Rate,0.0000
2014-04-28,EUR_Policy Rate,0.0000
2014-04-29,EUR_Policy Rate,0.0000
2014-04-30,EUR_Policy Rate,0.0000
2014-05-01,EUR_Policy Rate,0.0000
2014-05-02,EUR_Policy Rate,0.0000
2014-05-03,EUR_Policy Rate,0.0000
2014-05-04,EUR_Policy Rate,0.0000
2014-05-05,EUR_Policy Rate,0.0000
2014-05-06,EUR_Policy Rate,0.0000
2014-05-07,EUR_Policy Rate,0.0000
2014-05-08,EUR_Policy Rate,0.0000
2014-05-09,EUR_Policy Rate,0.0000
2014-05-10,EUR_Policy Rate,0.0000
2014-05-11,EUR_Policy Rate,0.0000
2014-05-12,EUR_Policy Rate,0.0000
2014-05-13,EUR_Policy Rate,0.0000
2014-05-14,EUR_Policy Rate,0.0000
2014-05-15,EUR_Policy Rate,0.0000
2014-05-16,EUR_Policy Rate,0.0000
2014-05-17,EUR_Policy Rate,0.0000
2014-05-18,EUR_Policy Rate,0.0000
2014-05-19,EUR_Policy Rate,0.0000
2014-05-20,EUR_Policy Rate,0.0000
2014-05-21,EUR_Policy Rate,0.0000
2014-05-22,EUR_Policy Rate,0.0000
2014-05-23,EUR_Policy Rate,0.0000
2014-05-24,EUR_Policy Rate,0.0000
2014-05-25,EUR_Policy Rate,0.0000
2014-05-26,EUR_Policy Rate,0.0000
2014-05-27,EUR_Policy Rate,0.0000
2014-05-28,EUR_Policy Rate,0.0000
2014-05-29,EUR_Policy Rate,0.0000
2014-05-30,EUR_Policy Rate,0.0000
2014-05-31,EUR_Policy Rate,0.0000
2014-06-01,EUR_Policy Rate,0.0000
2014-06-02,EUR_Policy Rate,0.0000
2014-06-03,EUR_Policy Rate,0.0000
2014-06-04,EUR_Policy Rate,0.0000
2014-06-05,EUR_Policy Rate,0.0000
2014-06-06,EUR_Policy Rate,0.0000
2014-06-07,EUR_Policy Rate,0.0000
2014-06-08,EUR_Policy Rate,0.0000
2014-06-09,EUR_Policy Rate,0.0000
2014-06-10,EUR_Policy Rate,0.0000
2014-06-11,EUR_Policy Rate,-0.1000
2014-06-12,EUR_Policy Rate,-0.1000
2014-06-13,EUR_Policy Rate,-0.1000
2014-06-14,EUR_Policy Rate,-0.1000
2014-06-15,EUR_Policy Rate,-0.1000
2014-06-16,EUR_Policy Rate,-0.1000
2014-06-17,EUR_Policy Rate,-0.1000
2014-06-18,EUR_Policy Rate,-0.1000
2014-06-19,EUR_Policy Rate,-0.1000
2014-06-20,EUR_Policy Rate,-0.1000
2014-06-21,EUR_Policy Rate,-0.1000
2014-06-22,EUR_Policy Rate,-0.1000
2014-06-23,EUR_Policy Rate,-0.1000
2014-06-24,EUR_Policy Rate,-0.1000
2014-06-25,EUR_Policy Rate,-0.1000
2014-06-26,EUR_Policy Rate,-0.1000
2014-06-27,EUR_Policy Rate,-0.1000
2014-06-28,EUR_Policy Rate,-0.1000
2014-06-29,EUR_Policy Rate,-0.1000
2014-06-30,EUR_Policy Rate,-0.1000
2014-07-01,EUR_Policy Rate,-0.1000
2014-07-02,EUR_Policy Rate,-0.1000
2014-07-03,EUR_Policy Rate,-0.1000
2014-07-04,EUR_Policy Rate,-0.1000
2014-07-05,EUR_Policy Rate,-0.1000
2014-07-06,EUR_Policy Rate,-0.1000
2014-07-07,EUR_Policy Rate,-0.1000
2014-07-08,EUR_Policy Rate,-0.1000
2014-07-09,EUR_Policy Rate,-0.1000
2014-07-10,EUR_Policy Rate,-0.1000
2014-07-11,EUR_Policy Rate,-0.1000
2014-07-12,EUR_Policy Rate,-0.1000
2014-07-13,EUR_Policy Rate,-0.1000
2014-07-14,EUR_Policy Rate,-0.1000
2014-07-15,EUR_Policy Rate,-0.1000
2014-07-16,EUR_Policy Rate,-0.1000
2014-07-17,EUR_Policy Rate,-0.1000
2014-07-18,EUR_Policy Rate,-0.1000
2014-07-19,EUR_Policy Rate,-0.1000
2014-07-20,EUR_Policy Rate,-0.1000
2014-07-21,EUR_Policy Rate,-0.1000
2014-07-22,EUR_Policy Rate,-0.1000
2014-07-23,EUR_Policy Rate,-0.1000
2014-07-24,EUR_Policy Rate,-0.1000
2014-07-25,EUR_Policy Rate,-0.1000
2014-07-26,EUR_Policy Rate,-0.1000
2014-07-27,EUR_Policy Rate,-0.1000
2014-07-28,EUR_Policy Rate,-0.1000
2014-07-29,EUR_Policy Rate,-0.1000
2014-07-30,EUR_Policy Rate,-0.1000
2014-07-31,EUR_Policy Rate,-0.1000
2014-08-01,EUR_Policy Rate,-0.1000
2014-08-02,EUR_Policy Rate,-0.1000
2014-08-03,EUR_Policy Rate,-0.1000
2014-08-04,EUR_Policy Rate,-0.1000
2014-08-05,EUR_Policy Rate,-0.1000
2014-08-06,EUR_Policy Rate,-0.1000
2014-08-07,EUR_Policy Rate,-0.1000
2014-08-08,EUR_Policy Rate,-0.1000
2014-08-09,EUR_Policy Rate,-0.1000
2014-08-10,EUR_Policy Rate,-0.1000
2014-08-11,EUR_Policy Rate,-0.1000
2014-08-12,EUR_Policy Rate,-0.1000
2014-08-13,EUR_Policy Rate,-0.1000
2014-08-14,EUR_Policy Rate,-0.1000
2014-08-15,EUR_Policy Rate,-0.1000
2014-08-16,EUR_Policy Rate,-0.1000
2014-08-17,EUR_Policy Rate,-0.1000
2014-08-18,EUR_Policy Rate,-0.1000
2014-08-19,EUR_Policy Rate,-0.1000
2014-08-20,EUR_Policy Rate,-0.1000
2014-08-21,EUR_Policy Rate,-0.1000
2014-08-22,EUR_Policy Rate,-0.1000
2014-08-23,EUR_Policy Rate,-0.1000
2014-08-24,EUR_Policy Rate,-0.1000
2014-08-25,EUR_Policy Rate,-0.1000
2014-08-26,EUR_Policy Rate,-0.1000
2014-08-27,EUR_Policy Rate,-0.1000
2014-08-28,EUR_Policy Rate,-0.1000
2014-08-29,EUR_Policy Rate,-0.1000
2014-08-30,EUR_Policy Rate,-0.1000
2014-08-31,EUR_Policy Rate,-0.1000
2014-09-01,EUR_Policy Rate,-0.1000
2014-09-02,EUR_Policy Rate,-0.1000
2014-09-03,EUR_Policy Rate,-0.1000
2014-09-04,EUR_Policy Rate,-0.1000
2014-09-05,EUR_Policy Rate,-0.1000
2014-09-06,EUR_Policy Rate,-0.1000
2014-09-07,EUR_Policy Rate,-0.1000
2014-09-08,EUR_Policy Rate,-0.1000
2014-09-09,EUR_Policy Rate,-0.1000
2014-09-10,EUR_Policy Rate,-0.2000
2014-09-11,EUR_Policy Rate,-0.2000
2014-09-12,EUR_Policy Rate,-0.2000
2014-09-13,EUR_Policy Rate,-0.2000
2014-09-14,EUR_Policy Rate,-0.2000
2014-09-15,EUR_Policy Rate,-0.2000
2014-09-16,EUR_Policy Rate,-0.2000
2014-09-17,EUR_Policy Rate,-0.2000
2014-09-18,EUR_Policy Rate,-0.2000
2014-09-19,EUR_Policy Rate,-0.2000
2014-09-20,EUR_Policy Rate,-0.2000
2014-09-21,EUR_Policy Rate,-0.2000
2014-09-22,EUR_Policy Rate,-0.2000
2014-09-23,EUR_Policy Rate,-0.2000
2014-09-24,EUR_Policy Rate,-0.2000
2014-09-25,EUR_Policy Rate,-0.2000
2014-09-26,EUR_Policy Rate,-0.2000
2014-09-27,EUR_Policy Rate,-0.2000
2014-09-28,EUR_Policy Rate,-0.2000
2014-09-29,EUR_Policy Rate,-0.2000
2014-09-30,EUR_Policy Rate,-0.2000
2014-10-01,EUR_Policy Rate,-0.2000
2014-10-02,EUR_Policy Rate,-0.2000
2014-10-03,EUR_Policy Rate,-0.2000
2014-10-04,EUR_Policy Rate,-0.2000
2014-10-05,EUR_Policy Rate,-0.2000
2014-10-06,EUR_Policy Rate,-0.2000
2014-10-07,EUR_Policy Rate,-0.2000
2014-10-08,EUR_Policy Rate,-0.2000
2014-10-09,EUR_Policy Rate,-0.2000
2014-10-10,EUR_Policy Rate,-0.2000
2014-10-11,EUR_Policy Rate,-0.2000
2014-10-12,EUR_Policy Rate,-0.2000
2014-10-13,EUR_Policy Rate,-0.2000
2014-10-14,EUR_Policy Rate,-0.2000
2014-10-15,EUR_Policy Rate,-0.2000
2014-10-16,EUR_Policy Rate,-0.2000
2014-10-17,EUR_Policy Rate,-0.2000
2014-10-18,EUR_Policy Rate,-0.2000
2014-10-19,EUR_Policy Rate,-0.2000
2014-10-20,EUR_Policy Rate,-0.2000
2014-10-21,EUR_Policy Rate,-0.2000
2014-10-22,EUR_Policy Rate,-0.2000
2014-10-23,EUR_Policy Rate,-0.2000
2014-10-24,EUR_Policy Rate,-0.2000
2014-10-25,EUR_Policy Rate,-0.2000
2014-10-26,EUR_Policy Rate,-0.2000
2014-10-27,EUR_Policy Rate,-0.2000
2014-10-28,EUR_Policy Rate,-0.2000
2014-10-29,EUR_Policy Rate,-0.2000
2014-10-30,EUR_Policy Rate,-0.2000
2014-10-31,EUR_Policy Rate,-0.2000
2014-11-01,EUR_Policy Rate,-0.2000
2014-11-02,EUR_Policy Rate,-0.2000
2014-11-03,EUR_Policy Rate,-0.2000
2014-11-04,EUR_Policy Rate,-0.2000
2014-11-05,EUR_Policy Rate,-0.2000
2014-11-06,EUR_Policy Rate,-0.2000
2014-11-07,EUR_Policy Rate,-0.2000
2014-11-08,EUR_Policy Rate,-0.2000
2014-11-09,EUR_Policy Rate,-0.2000
2014-11-10,EUR_Policy Rate,-0.2000
2014-11-11,EUR_Policy Rate,-0.2000
2014-11-12,EUR_Policy Rate,-0.2000
2014-11-13,EUR_Policy Rate,-0.2000
2014-11-14,EUR_Policy Rate,-0.2000
2014-11-15,EUR_Policy Rate,-0.2000
2014-11-16,EUR_Policy Rate,-0.2000
2014-11-17,EUR_Policy Rate,-0.2000
2014-11-18,EUR_Policy Rate,-0.2000
2014-11-19,EUR_Policy Rate,-0.2000
2014-11-20,EUR_Policy Rate,-0.2000
2014-11-21,EUR_Policy Rate,-0.2000
2014-11-22,EUR_Policy Rate,-0.2000
2014-11-23,EUR_Policy Rate,-0.2000
2014-11-24,EUR_Policy Rate,-0.2000
2014-11-25,EUR_Policy Rate,-0.2000
2014-11-26,EUR_Policy Rate,-0.2000
2014-11-27,EUR_Policy Rate,-0.2000
2014-11-28,EUR_Policy Rate,-0.2000
2014-11-29,EUR_Policy Rate,-0.2000
2014-11-30,EUR_Policy Rate,-0.2000
2014-12-01,EUR_Policy Rate,-0.2000
2014-12-02,EUR_Policy Rate,-0.2000
2014-12-03,EUR_Policy Rate,-0.2000
2014-12-04,EUR_Policy Rate,-0.2000
2014-12-05,EUR_Policy Rate,-0.2000
2014-12-06,EUR_Policy Rate,-0.2000
2014-12-07,EUR_Policy Rate,-0.2000
2014-12-08,EUR_Policy Rate,-0.2000
2014-12-09,EUR_Policy Rate,-0.2000
2014-12-10,EUR_Policy Rate,-0.2000
2014-12-11,EUR_Policy Rate,-0.2000
2014-12-12,EUR_Policy Rate,-0.2000
2014-12-13,EUR_Policy Rate,-0.2000
2014-12-14,EUR_Policy Rate,-0.2000
2014-12-15,EUR_Policy Rate,-0.2000
2014-12-16,EUR_Policy Rate,-0.2000
2014-12-17,EUR_Policy Rate,-0.2000
2014-12-18,EUR_Policy Rate,-0.2000
2014-12-19,EUR_Policy Rate,-0.2000
2014-12-20,EUR_Policy Rate,-0.2000
2014-12-21,EUR_Policy Rate,-0.2000
2014-12-22,EUR_Policy Rate,-0.2000
2014-12-23,EUR_Policy Rate,-0.2000
2014-12-24,EUR_Policy Rate,-0.2000
2014-12-25,EUR_Policy Rate,-0.2000
2014-12-26,EUR_Policy Rate,-0.2000
2014-12-27,EUR_Policy Rate,-0.2000
2014-12-28,EUR_Policy Rate,-0.2000
2014-12-29,EUR_Policy Rate,-0.2000
2014-12-30,EUR_Policy Rate,-0.2000
2014-12-31,EUR_Policy Rate,-0.2000
2015-01-01,EUR_Policy Rate,-0.2000
2015-01-02,EUR_Policy Rate,-0.2000
2015-01-03,EUR_Policy Rate,-0.2000
2015-01-04,EUR_Policy Rate,-0.2000
2015-01-05,EUR_Policy Rate,-0.2000
2015-01-06,EUR_Policy Rate,-0.2000
2015-01-07,EUR_Policy Rate,-0.2000
2015-01-08,EUR_Policy Rate,-0.2000
2015-01-09,EUR_Policy Rate,-0.2000
2015-01-10,EUR_Policy Rate,-0.2000
2015-01-11,EUR_Policy Rate,-0.2000
2015-01-12,EUR_Policy Rate,-0.2000
2015-01-13,EUR_Policy Rate,-0.2000
2015-01-14,EUR_Policy Rate,-0.2000
2015-01-15,EUR_Policy Rate,-0.2000
2015-01-16,EUR_Policy Rate,-0.2000
2015-01-17,EUR_Policy Rate,-0.2000
2015-01-18,EUR_Policy Rate,-0.2000
2015-01-19,EUR_Policy Rate,-0.2000
2015-01-20,EUR_Policy Rate,-0.2000
2015-01-21,EUR_Policy Rate,-0.2000
2015-01-22,EUR_Policy Rate,-0.2000
2015-01-23,EUR_Policy Rate,-0.2000
2015-01-24,EUR_Policy Rate,-0.2000
2015-01-25,EUR_Policy Rate,-0.2000
2015-01-26,EUR_Policy Rate,-0.2000
2015-01-27,EUR_Policy Rate,-0.2000
2015-01-28,EUR_Policy Rate,-0.2000
2015-01-29,EUR_Policy Rate,-0.2000
2015-01-30,EUR_Policy Rate,-0.2000
2015-01-31,EUR_Policy Rate,-0.2000
2015-02-01,EUR_Policy Rate,-0.2000
2015-02-02,EUR_Policy Rate,-0.2000
2015-02-03,EUR_Policy Rate,-0.2000
2015-02-04,EUR_Policy Rate,-0.2000
2015-02-05,EUR_Policy Rate,-0.2000
2015-02-06,EUR_Policy Rate,-0.2000
2015-02-07,EUR_Policy Rate,-0.2000
2015-02-08,EUR_Policy Rate,-0.2000
2015-02-09,EUR_Policy Rate,-0.2000
2015-02-10,EUR_Policy Rate,-0.2000
2015-02-11,EUR_Policy Rate,-0.2000
2015-02-12,EUR_Policy Rate,-0.2000
2015-02-13,EUR_Policy Rate,-0.2000
2015-02-14,EUR_Policy Rate,-0.2000
2015-02-15,EUR_Policy Rate,-0.2000
2015-02-16,EUR_Policy Rate,-0.2000
2015-02-17,EUR_Policy Rate,-0.2000
2015-02-18,EUR_Policy Rate,-0.2000
2015-02-19,EUR_Policy Rate,-0.2000
2015-02-20,EUR_Policy Rate,-0.2000
2015-02-21,EUR_Policy Rate,-0.2000
2015-02-22,EUR_Policy Rate,-0.2000
2015-02-23,EUR_Policy Rate,-0.2000
2015-02-24,EUR_Policy Rate,-0.2000
2015-02-25,EUR_Policy Rate,-0.2000
2015-02-26,EUR_Policy Rate,-0.2000
2015-02-27,EUR_Policy Rate,-0.2000
2015-02-28,EUR_Policy Rate,-0.2000
2015-03-01,EUR_Policy Rate,-0.2000
2015-03-02,EUR_Policy Rate,-0.2000
2015-03-03,EUR_Policy Rate,-0.2000
2015-03-04,EUR_Policy Rate,-0.2000
2015-03-05,EUR_Policy Rate,-0.2000
2015-03-06,EUR_Policy Rate,-0.2000
2015-03-07,EUR_Policy Rate,-0.2000
2015-03-08,EUR_Policy Rate,-0.2000
2015-03-09,EUR_Policy Rate,-0.2000
2015-03-10,EUR_Policy Rate,-0.2000
2015-03-11,EUR_Policy Rate,-0.2000
2015-03-12,EUR_Policy Rate,-0.2000
2015-03-13,EUR_Policy Rate,-0.2000
2015-03-14,EUR_Policy Rate,-0.2000
2015-03-15,EUR_Policy Rate,-0.2000
2015-03-16,EUR_Policy Rate,-0.2000
2015-03-17,EUR_Policy Rate,-0.2000
2015-03-18,EUR_Policy Rate,-0.2000
2015-03-19,EUR_Policy Rate,-0.2000
2015-03-20,EUR_Policy Rate,-0.2000
2015-03-21,EUR_Policy Rate,-0.2000
2015-03-22,EUR_Policy Rate,-0.2000
2015-03-23,EUR_Policy Rate,-0.2000
2015-03-24,EUR_Policy Rate,-0.2000
2015-03-25,EUR_Policy Rate,-0.2000
2015-03-26,EUR_Policy Rate,-0.2000
2015-03-27,EUR_Policy Rate,-0.2000
2015-03-28,EUR_Policy Rate,-0.2000
2015-03-29,EUR_Policy Rate,-0.2000
2015-03-30,EUR_Policy Rate,-0.2000
2015-03-31,EUR_Policy Rate,-0.2000
2015-04-01,EUR_Policy Rate,-0.2000
2015-04-02,EUR_Policy Rate,-0.2000
2015-04-03,EUR_Policy Rate,-0.2000
2015-04-04,EUR_Policy Rate,-0.2000
2015-04-05,EUR_Policy Rate,-0.2000
2015-04-06,EUR_Policy Rate,-0.2000
2015-04-07,EUR_Policy Rate,-0.2000
2015-04-08,EUR_Policy Rate,-0.2000
2015-04-09,EUR_Policy Rate,-0.2000
2015-04-10,EUR_Policy Rate,-0.2000
2015-04-11,EUR_Policy Rate,-0.2000
2015-04-12,EUR_Policy Rate,-0.2000
2015-04-13,EUR_Policy Rate,-0.2000
2015-04-14,EUR_Policy Rate,-0.2000
2015-04-15,EUR_Policy Rate,-0.2000
2015-04-16,EUR_Policy Rate,-0.2000
2015-04-17,EUR_Policy Rate,-0.2000
2015-04-18,EUR_Policy Rate,-0.2000
2015-04-19,EUR_Policy Rate,-0.2000
2015-04-20,EUR_Policy Rate,-0.2000
2015-04-21,EUR_Policy Rate,-0.2000
2015-04-22,EUR_Policy Rate,-0.2000
2015-04-23,EUR_Policy Rate,-0.2000
2015-04-24,EUR_Policy Rate,-0.2000
2015-04-25,EUR_Policy Rate,-0.2000
2015-04-26,EUR_Policy Rate,-0.2000
2015-04-27,EUR_Policy Rate,-0.2000
2015-04-28,EUR_Policy Rate,-0.2000
2015-04-29,EUR_Policy Rate,-0.2000
2015-04-30,EUR_Policy Rate,-0.2000
2015-05-01,EUR_Policy Rate,-0.2000
2015-05-02,EUR_Policy Rate,-0.2000
2015-05-03,EUR_Policy Rate,-0.2000
2015-05-04,EUR_Policy Rate,-0.2000
2015-05-05,EUR_Policy Rate,-0.2000
2015-05-06,EUR_Policy Rate,-0.2000
2015-05-07,EUR_Policy Rate,-0.2000
2015-05-08,EUR_Policy Rate,-0.2000
2015-05-09,EUR_Policy Rate,-0.2000
2015-05-10,EUR_Policy Rate,-0.2000
2015-05-11,EUR_Policy Rate,-0.2000
2015-05-12,EUR_Policy Rate,-0.2000
2015-05-13,EUR_Policy Rate,-0.2000
2015-05-14,EUR_Policy Rate,-0.2000
2015-05-15,EUR_Policy Rate,-0.2000
2015-05-16,EUR_Policy Rate,-0.2000
2015-05-17,EUR_Policy Rate,-0.2000
2015-05-18,EUR_Policy Rate,-0.2000
2015-05-19,EUR_Policy Rate,-0.2000
2015-05-20,EUR_Policy Rate,-0.2000
2015-05-21,EUR_Policy Rate,-0.2000
2015-05-22,EUR_Policy Rate,-0.2000
2015-05-23,EUR_Policy Rate,-0.2000
2015-05-24,EUR_Policy Rate,-0.2000
2015-05-25,EUR_Policy Rate,-0.2000
2015-05-26,EUR_Policy Rate,-0.2000
2015-05-27,EUR_Policy Rate,-0.2000
2015-05-28,EUR_Policy Rate,-0.2000
2015-05-29,EUR_Policy Rate,-0.2000
2015-05-30,EUR_Policy Rate,-0.2000
2015-05-31,EUR_Policy Rate,-0.2000
2015-06-01,EUR_Policy Rate,-0.2000
2015-06-02,EUR_Policy Rate,-0.2000
2015-06-03,EUR_Policy Rate,-0.2000
2015-06-04,EUR_Policy Rate,-0.2000
2015-06-05,EUR_Policy Rate,-0.2000
2015-06-06,EUR_Policy Rate,-0.2000
2015-06-07,EUR_Policy Rate,-0.2000
2015-06-08,EUR_Policy Rate,-0.2000
2015-06-09,EUR_Policy Rate,-0.2000
2015-06-10,EUR_Policy Rate,-0.2000
2015-06-11,EUR_Policy Rate,-0.2000
2015-06-12,EUR_Policy Rate,-0.2000
2015-06-13,EUR_Policy Rate,-0.2000
2015-06-14,EUR_Policy Rate,-0.2000
2015-06-15,EUR_Policy Rate,-0.2000
2015-06-16,EUR_Policy Rate,-0.2000
2015-06-17,EUR_Policy Rate,-0.2000
2015-06-18,EUR_Policy Rate,-0.2000
2015-06-19,EUR_Policy Rate,-0.2000
2015-06-20,EUR_Policy Rate,-0.2000
2015-06-21,EUR_Policy Rate,-0.2000
2015-06-22,EUR_Policy Rate,-0.2000
2015-06-23,EUR_Policy Rate,-0.2000
2015-06-24,EUR_Policy Rate,-0.2000
2015-06-25,EUR_Policy Rate,-0.2000
2015-06-26,EUR_Policy Rate,-0.2000
2015-06-27,EUR_Policy Rate,-0.2000
2015-06-28,EUR_Policy Rate,-0.2000
2015-06-29,EUR_Policy Rate,-0.2000
2015-06-30,EUR_Policy Rate,-0.2000
2015-07-01,EUR_Policy Rate,-0.2000
2015-07-02,EUR_Policy Rate,-0.2000
2015-07-03,EUR_Policy Rate,-0.2000
2015-07-04,EUR_Policy Rate,-0.2000
2015-07-05,EUR_Policy Rate,-0.2000
2015-07-06,EUR_Policy Rate,-0.2000
2015-07-07,EUR_Policy Rate,-0.2000
2015-07-08,EUR_Policy Rate,-0.2000
2015-07-09,EUR_Policy Rate,-0.2000
2015-07-10,EUR_Policy Rate,-0.2000
2015-07-11,EUR_Policy Rate,-0.2000
2015-07-12,EUR_Policy Rate,-0.2000
2015-07-13,EUR_Policy Rate,-0.2000
2015-07-14,EUR_Policy Rate,-0.2000
2015-07-15,EUR_Policy Rate,-0.2000
2015-07-16,EUR_Policy Rate,-0.2000
2015-07-17,EUR_Policy Rate,-0.2000
2015-07-18,EUR_Policy Rate,-0.2000
2015-07-19,EUR_Policy Rate,-0.2000
2015-07-20,EUR_Policy Rate,-0.2000
2015-07-21,EUR_Policy Rate,-0.2000
2015-07-22,EUR_Policy Rate,-0.2000
2015-07-23,EUR_Policy Rate,-0.2000
2015-07-24,EUR_Policy Rate,-0.2000
2015-07-25,EUR_Policy Rate,-0.2000
2015-07-26,EUR_Policy Rate,-0.2000
2015-07-27,EUR_Policy Rate,-0.2000
2015-07-28,EUR_Policy Rate,-0.2000
2015-07-29,EUR_Policy Rate,-0.2000
2015-07-30,EUR_Policy Rate,-0.2000
2015-07-31,EUR_Policy Rate,-0.2000
2015-08-01,EUR_Policy Rate,-0.2000
2015-08-02,EUR_Policy Rate,-0.2000
2015-08-03,EUR_Policy Rate,-0.2000
2015-08-04,EUR_Policy Rate,-0.2000
2015-08-05,EUR_Policy Rate,-0.2000
2015-08-06,EUR_Policy Rate,-0.2000
2015-08-07,EUR_Policy Rate,-0.2000
2015-08-08,EUR_Policy Rate,-0.2000
2015-08-09,EUR_Policy Rate,-0.2000
2015-08-10,EUR_Policy Rate,-0.2000
2015-08-11,EUR_Policy Rate,-0.2000
2015-08-12,EUR_Policy Rate,-0.2000
2015-08-13,EUR_Policy Rate,-0.2000
2015-08-14,EUR_Policy Rate,-0.2000
2015-08-15,EUR_Policy Rate,-0.2000
2015-08-16,EUR_Policy Rate,-0.2000
2015-08-17,EUR_Policy Rate,-0.2000
2015-08-18,EUR_Policy Rate,-0.2000
2015-08-19,EUR_Policy Rate,-0.2000
2015-08-20,EUR_Policy Rate,-0.2000
2015-08-21,EUR_Policy Rate,-0.2000
2015-08-22,EUR_Policy Rate,-0.2000
2015-08-23,EUR_Policy Rate,-0.2000
2015-08-24,EUR_Policy Rate,-0.2000
2015-08-25,EUR_Policy Rate,-0.2000
2015-08-26,EUR_Policy Rate,-0.2000
2015-08-27,EUR_Policy Rate,-0.2000
2015-08-28,EUR_Policy Rate,-0.2000
2015-08-29,EUR_Policy Rate,-0.2000
2015-08-30,EUR_Policy Rate,-0.2000
2015-08-31,EUR_Policy Rate,-0.2000
2015-09-01,EUR_Policy Rate,-0.2000
2015-09-02,EUR_Policy Rate,-0.2000
2015-09-03,EUR_Policy Rate,-0.2000
2015-09-04,EUR_Policy Rate,-0.2000
2015-09-05,EUR_Policy Rate,-0.2000
2015-09-06,EUR_Policy Rate,-0.2000
2015-09-07,EUR_Policy Rate,-0.2000
2015-09-08,EUR_Policy Rate,-0.2000
2015-09-09,EUR_Policy Rate,-0.2000
2015-09-10,EUR_Policy Rate,-0.2000
2015-09-11,EUR_Policy Rate,-0.2000
2015-09-12,EUR_Policy Rate,-0.2000
2015-09-13,EUR_Policy Rate,-0.2000
2015-09-14,EUR_Policy Rate,-0.2000
2015-09-15,EUR_Policy Rate,-0.2000
2015-09-16,EUR_Policy Rate,-0.2000
2015-09-17,EUR_Policy Rate,-0.2000
2015-09-18,EUR_Policy Rate,-0.2000
2015-09-19,EUR_Policy Rate,-0.2000
2015-09-20,EUR_Policy Rate,-0.2000
2015-09-21,EUR_Policy Rate,-0.2000
2015-09-22,EUR_Policy Rate,-0.2000
2015-09-23,EUR_Policy Rate,-0.2000
2015-09-24,EUR_Policy Rate,-0.2000
2015-09-25,EUR_Policy Rate,-0.2000
2015-09-26,EUR_Policy Rate,-0.2000
2015-09-27,EUR_Policy Rate,-0.2000
2015-09-28,EUR_Policy Rate,-0.2000
2015-09-29,EUR_Policy Rate,-0.2000
2015-09-30,EUR_Policy Rate,-0.2000
2015-10-01,EUR_Policy Rate,-0.2000
2015-10-02,EUR_Policy Rate,-0.2000
2015-10-03,EUR_Policy Rate,-0.2000
2015-10-04,EUR_Policy Rate,-0.2000
2015-10-05,EUR_Policy Rate,-0.2000
2015-10-06,EUR_Policy Rate,-0.2000
2015-10-07,EUR_Policy Rate,-0.2000
2015-10-08,EUR_Policy Rate,-0.2000
2015-10-09,EUR_Policy Rate,-0.2000
2015-10-10,EUR_Policy Rate,-0.2000
2015-10-11,EUR_Policy Rate,-0.2000
2015-10-12,EUR_Policy Rate,-0.2000
2015-10-13,EUR_Policy Rate,-0.2000
2015-10-14,EUR_Policy Rate,-0.2000
2015-10-15,EUR_Policy Rate,-0.2000
2015-10-16,EUR_Policy Rate,-0.2000
2015-10-17,EUR_Policy Rate,-0.2000
2015-10-18,EUR_Policy Rate,-0.2000
2015-10-19,EUR_Policy Rate,-0.2000
2015-10-20,EUR_Policy Rate,-0.2000
2015-10-21,EUR_Policy Rate,-0.2000
2015-10-22,EUR_Policy Rate,-0.2000
2015-10-23,EUR_Policy Rate,-0.2000
2015-10-24,EUR_Policy Rate,-0.2000
2015-10-25,EUR_Policy Rate,-0.2000
2015-10-26,EUR_Policy Rate,-0.2000
2015-10-27,EUR_Policy Rate,-0.2000
2015-10-28,EUR_Policy Rate,-0.2000
2015-10-29,EUR_Policy Rate,-0.2000
2015-10-30,EUR_Policy Rate,-0.2000
2015-10-31,EUR_Policy Rate,-0.2000
2015-11-01,EUR_Policy Rate,-0.2000
2015-11-02,EUR_Policy Rate,-0.2000
2015-11-03,EUR_Policy Rate,-0.2000
2015-11-04,EUR_Policy Rate,-0.2000
2015-11-05,EUR_Policy Rate,-0.2000
2015-11-06,EUR_Policy Rate,-0.2000
2015-11-07,EUR_Policy Rate,-0.2000
2015-11-08,EUR_Policy Rate,-0.2000
2015-11-09,EUR_Policy Rate,-0.2000
2015-11-10,EUR_Policy Rate,-0.2000
2015-11-11,EUR_Policy Rate,-0.2000
2015-11-12,EUR_Policy Rate,-0.2000
2015-11-13,EUR_Policy Rate,-0.2000
2015-11-14,EUR_Policy Rate,-0.2000
2015-11-15,EUR_Policy Rate,-0.2000
2015-11-16,EUR_Policy Rate,-0.2000
2015-11-17,EUR_Policy Rate,-0.2000
2015-11-18,EUR_Policy Rate,-0.2000
2015-11-19,EUR_Policy Rate,-0.2000
2015-11-20,EUR_Policy Rate,-0.2000
2015-11-21,EUR_Policy Rate,-0.2000
2015-11-22,EUR_Policy Rate,-0.2000
2015-11-23,EUR_Policy Rate,-0.2000
2015-11-24,EUR_Policy Rate,-0.2000
2015-11-25,EUR_Policy Rate,-0.2000
2015-11-26,EUR_Policy Rate,-0.2000
2015-11-27,EUR_Policy Rate,-0.2000
2015-11-28,EUR_Policy Rate,-0.2000
2015-11-29,EUR_Policy Rate,-0.2000
2015-11-30,EUR_Policy Rate,-0.2000
2015-12-01,EUR_Policy Rate,-0.2000
2015-12-02,EUR_Policy Rate,-0.2000
2015-12-03,EUR_Policy Rate,-0.2000
2015-12-04,EUR_Policy Rate,-0.2000
2015-12-05,EUR_Policy Rate,-0.2000
2015-12-06,EUR_Policy Rate,-0.2000
2015-12-07,EUR_Policy Rate,-0.2000
2015-12-08,EUR_Policy Rate,-0.2000
2015-12-09,EUR_Policy Rate,-0.3000
2015-12-10,EUR_Policy Rate,-0.3000
2015-12-11,EUR_Policy Rate,-0.3000
2015-12-12,EUR_Policy Rate,-0.3000
2015-12-13,EUR_Policy Rate,-0.3000
2015-12-14,EUR_Policy Rate,-0.3000
2015-12-15,EUR_Policy Rate,-0.3000
2015-12-16,EUR_Policy Rate,-0.3000
2015-12-17,EUR_Policy Rate,-0.3000
2015-12-18,EUR_Policy Rate,-0.3000
2015-12-19,EUR_Policy Rate,-0.3000
2015-12-20,EUR_Policy Rate,-0.3000
2015-12-21,EUR_Policy Rate,-0.3000
2015-12-22,EUR_Policy Rate,-0.3000
2015-12-23,EUR_Policy Rate,-0.3000
2015-12-24,EUR_Policy Rate,-0.3000
2015-12-25,EUR_Policy Rate,-0.3000
2015-12-26,EUR_Policy Rate,-0.3000
2015-12-27,EUR_Policy Rate,-0.3000
2015-12-28,EUR_Policy Rate,-0.3000
2015-12-29,EUR_Policy Rate,-0.3000
2015-12-30,EUR_Policy Rate,-0.3000
2015-12-31,EUR_Policy Rate,-0.3000
2016-01-01,EUR_Policy Rate,-0.3000
2016-01-02,EUR_Policy Rate,-0.3000
2016-01-03,EUR_Policy Rate,-0.3000
2016-01-04,EUR_Policy Rate,-0.3000
2016-01-05,EUR_Policy Rate,-0.3000
2016-01-06,EUR_Policy Rate,-0.3000
2016-01-07,EUR_Policy Rate,-0.3000
2016-01-08,EUR_Policy Rate,-0.3000
2016-01-09,EUR_Policy Rate,-0.3000
2016-01-10,EUR_Policy Rate,-0.3000
2016-01-11,EUR_Policy Rate,-0.3000
2016-01-12,EUR_Policy Rate,-0.3000
2016-01-13,EUR_Policy Rate,-0.3000
2016-01-14,EUR_Policy Rate,-0.3000
2016-01-15,EUR_Policy Rate,-0.3000
2016-01-16,EUR_Policy Rate,-0.3000
2016-01-17,EUR_Policy Rate,-0.3000
2016-01-18,EUR_Policy Rate,-0.3000
2016-01-19,EUR_Policy Rate,-0.3000
2016-01-20,EUR_Policy Rate,-0.3000
2016-01-21,EUR_Policy Rate,-0.3000
2016-01-22,EUR_Policy Rate,-0.3000
2016-01-23,EUR_Policy Rate,-0.3000
2016-01-24,EUR_Policy Rate,-0.3000
2016-01-25,EUR_Policy Rate,-0.3000
2016-01-26,EUR_Policy Rate,-0.3000
2016-01-27,EUR_Policy Rate,-0.3000
2016-01-28,EUR_Policy Rate,-0.3000
2016-01-29,EUR_Policy Rate,-0.3000
2016-01-30,EUR_Policy Rate,-0.3000
2016-01-31,EUR_Policy Rate,-0.3000
2016-02-01,EUR_Policy Rate,-0.3000
2016-02-02,EUR_Policy Rate,-0.3000
2016-02-03,EUR_Policy Rate,-0.3000
2016-02-04,EUR_Policy Rate,-0.3000
2016-02-05,EUR_Policy Rate,-0.3000
2016-02-06,EUR_Policy Rate,-0.3000
2016-02-07,EUR_Policy Rate,-0.3000
2016-02-08,EUR_Policy Rate,-0.3000
2016-02-09,EUR_Policy Rate,-0.3000
2016-02-10,EUR_Policy Rate,-0.3000
2016-02-11,EUR_Policy Rate,-0.3000
2016-02-12,EUR_Policy Rate,-0.3000
2016-02-13,EUR_Policy Rate,-0.3000
2016-02-14,EUR_Policy Rate,-0.3000
2016-02-15,EUR_Policy Rate,-0.3000
2016-02-16,EUR_Policy Rate,-0.3000
2016-02-17,EUR_Policy Rate,-0.3000
2016-02-18,EUR_Policy Rate,-0.3000
2016-02-19,EUR_Policy Rate,-0.3000
2016-02-20,EUR_Policy Rate,-0.3000
2016-02-21,EUR_Policy Rate,-0.3000
2016-02-22,EUR_Policy Rate,-0.3000
2016-02-23,EUR_Policy Rate,-0.3000
2016-02-24,EUR_Policy Rate,-0.3000
2016-02-25,EUR_Policy Rate,-0.3000
2016-02-26,EUR_Policy Rate,-0.3000
2016-02-27,EUR_Policy Rate,-0.3000
2016-02-28,EUR_Policy Rate,-0.3000
2016-02-29,EUR_Policy Rate,-0.3000
2016-03-01,EUR_Policy Rate,-0.3000
2016-03-02,EUR_Policy Rate,-0.3000
2016-03-03,EUR_Policy Rate,-0.3000
2016-03-04,EUR_Policy Rate,-0.3000
2016-03-05,EUR_Policy Rate,-0.3000
2016-03-06,EUR_Policy Rate,-0.3000
2016-03-07,EUR_Policy Rate,-0.3000
2016-03-08,EUR_Policy Rate,-0.3000
2016-03-09,EUR_Policy Rate,-0.3000
2016-03-10,EUR_Policy Rate,-0.3000
2016-03-11,EUR_Policy Rate,-0.3000
2016-03-12,EUR_Policy Rate,-0.3000
2016-03-13,EUR_Policy Rate,-0.3000
2016-03-14,EUR_Policy Rate,-0.3000
2016-03-15,EUR_Policy Rate,-0.3000
2016-03-16,EUR_Policy Rate,-0.4000
2016-03-17,EUR_Policy Rate,-0.4000
2016-03-18,EUR_Policy Rate,-0.4000
2016-03-19,EUR_Policy Rate,-0.4000
2016-03-20,EUR_Policy Rate,-0.4000
2016-03-21,EUR_Policy Rate,-0.4000
2016-03-22,EUR_Policy Rate,-0.4000
2016-03-23,EUR_Policy Rate,-0.4000
2016-03-24,EUR_Policy Rate,-0.4000
2016-03-25,EUR_Policy Rate,-0.4000
2016-03-26,EUR_Policy Rate,-0.4000
2016-03-27,EUR_Policy Rate,-0.4000
2016-03-28,EUR_Policy Rate,-0.4000
2016-03-29,EUR_Policy Rate,-0.4000
2016-03-30,EUR_Policy Rate,-0.4000
2016-03-31,EUR_Policy Rate,-0.4000
2016-04-01,EUR_Policy Rate,-0.4000
2016-04-02,EUR_Policy Rate,-0.4000
2016-04-03,EUR_Policy Rate,-0.4000
2016-04-04,EUR_Policy Rate,-0.4000
2016-04-05,EUR_Policy Rate,-0.4000
2016-04-06,EUR_Policy Rate,-0.4000
2016-04-07,EUR_Policy Rate,-0.4000
2016-04-08,EUR_Policy Rate,-0.4000
2016-04-09,EUR_Policy Rate,-0.4000
2016-04-10,EUR_Policy Rate,-0.4000
2016-04-11,EUR_Policy Rate,-0.4000
2016-04-12,EUR_Policy Rate,-0.4000
2016-04-13,EUR_Policy Rate,-0.4000
2016-04-14,EUR_Policy Rate,-0.4000
2016-04-15,EUR_Policy Rate,-0.4000
2016-04-16,EUR_Policy Rate,-0.4000
2016-04-17,EUR_Policy Rate,-0.4000
2016-04-18,EUR_Policy Rate,-0.4000
2016-04-19,EUR_Policy Rate,-0.4000
2016-04-20,EUR_Policy Rate,-0.4000
2016-04-21,EUR_Policy Rate,-0.4000
2016-04-22,EUR_Policy Rate,-0.4000
2016-04-23,EUR_Policy Rate,-0.4000
2016-04-24,EUR_Policy Rate,-0.4000
2016-04-25,EUR_Policy Rate,-0.4000
2016-04-26,EUR_Policy Rate,-0.4000
2016-04-27,EUR_Policy Rate,-0.4000
2016-04-28,EUR_Policy Rate,-0.4000
2016-04-29,EUR_Policy Rate,-0.4000
2016-04-30,EUR_Policy Rate,-0.4000
2016-05-01,EUR_Policy Rate,-0.4000
2016-05-02,EUR_Policy Rate,-0.4000
2016-05-03,EUR_Policy Rate,-0.4000
2016-05-04,EUR_Policy Rate,-0.4000
2016-05-05,EUR_Policy Rate,-0.4000
2016-05-06,EUR_Policy Rate,-0.4000
2016-05-07,EUR_Policy Rate,-0.4000
2016-05-08,EUR_Policy Rate,-0.4000
2016-05-09,EUR_Policy Rate,-0.4000
2016-05-10,EUR_Policy Rate,-0.4000
2016-05-11,EUR_Policy Rate,-0.4000
2016-05-12,EUR_Policy Rate,-0.4000
2016-05-13,EUR_Policy Rate,-0.4000
2016-05-14,EUR_Policy Rate,-0.4000
2016-05-15,EUR_Policy Rate,-0.4000
2016-05-16,EUR_Policy Rate,-0.4000
2016-05-17,EUR_Policy Rate,-0.4000
2016-05-18,EUR_Policy Rate,-0.4000
2016-05-19,EUR_Policy Rate,-0.4000
2016-05-20,EUR_Policy Rate,-0.4000
2016-05-21,EUR_Policy Rate,-0.4000
2016-05-22,EUR_Policy Rate,-0.4000
2016-05-23,EUR_Policy Rate,-0.4000
2016-05-24,EUR_Policy Rate,-0.4000
2016-05-25,EUR_Policy Rate,-0.4000
2016-05-26,EUR_Policy Rate,-0.4000
2016-05-27,EUR_Policy Rate,-0.4000
2016-05-28,EUR_Policy Rate,-0.4000
2016-05-29,EUR_Policy Rate,-0.4000
2016-05-30,EUR_Policy Rate,-0.4000
2016-05-31,EUR_Policy Rate,-0.4000
2016-06-01,EUR_Policy Rate,-0.4000
2016-06-02,EUR_Policy Rate,-0.4000
2016-06-03,EUR_Policy Rate,-0.4000
2016-06-04,EUR_Policy Rate,-0.4000
2016-06-05,EUR_Policy Rate,-0.4000
2016-06-06,EUR_Policy Rate,-0.4000
2016-06-07,EUR_Policy Rate,-0.4000
2016-06-08,EUR_Policy Rate,-0.4000
2016-06-09,EUR_Policy Rate,-0.4000
2016-06-10,EUR_Policy Rate,-0.4000
2016-06-11,EUR_Policy Rate,-0.4000
2016-06-12,EUR_Policy Rate,-0.4000
2016-06-13,EUR_Policy Rate,-0.4000
2016-06-14,EUR_Policy Rate,-0.4000
2016-06-15,EUR_Policy Rate,-0.4000
2016-06-16,EUR_Policy Rate,-0.4000
2016-06-17,EUR_Policy Rate,-0.4000
2016-06-18,EUR_Policy Rate,-0.4000
2016-06-19,EUR_Policy Rate,-0.4000
2016-06-20,EUR_Policy Rate,-0.4000
2016-06-21,EUR_Policy Rate,-0.4000
2016-06-22,EUR_Policy Rate,-0.4000
2016-06-23,EUR_Policy Rate,-0.4000
2016-06-24,EUR_Policy Rate,-0.4000
2016-06-25,EUR_Policy Rate,-0.4000
2016-06-26,EUR_Policy Rate,-0.4000
2016-06-27,EUR_Policy Rate,-0.4000
2016-06-28,EUR_Policy Rate,-0.4000
2016-06-29,EUR_Policy Rate,-0.4000
2016-06-30,EUR_Policy Rate,-0.4000
2016-07-01,EUR_Policy Rate,-0.4000
2016-07-02,EUR_Policy Rate,-0.4000
2016-07-03,EUR_Policy Rate,-0.4000
2016-07-04,EUR_Policy Rate,-0.4000
2016-07-05,EUR_Policy Rate,-0.4000
2016-07-06,EUR_Policy Rate,-0.4000
2016-07-07,EUR_Policy Rate,-0.4000
2016-07-08,EUR_Policy Rate,-0.4000
2016-07-09,EUR_Policy Rate,-0.4000
2016-07-10,EUR_Policy Rate,-0.4000
2016-07-11,EUR_Policy Rate,-0.4000
2016-07-12,EUR_Policy Rate,-0.4000
2016-07-13,EUR_Policy Rate,-0.4000
2016-07-14,EUR_Policy Rate,-0.4000
2016-07-15,EUR_Policy Rate,-0.4000
2016-07-16,EUR_Policy Rate,-0.4000
2016-07-17,EUR_Policy Rate,-0.4000
2016-07-18,EUR_Policy Rate,-0.4000
2016-07-19,EUR_Policy Rate,-0.4000
2016-07-20,EUR_Policy Rate,-0.4000
2016-07-21,EUR_Policy Rate,-0.4000
2016-07-22,EUR_Policy Rate,-0.4000
2016-07-23,EUR_Policy Rate,-0.4000
2016-07-24,EUR_Policy Rate,-0.4000
2016-07-25,EUR_Policy Rate,-0.4000
2016-07-26,EUR_Policy Rate,-0.4000
2016-07-27,EUR_Policy Rate,-0.4000
2016-07-28,EUR_Policy Rate,-0.4000
2016-07-29,EUR_Policy Rate,-0.4000
2016-07-30,EUR_Policy Rate,-0.4000
2016-07-31,EUR_Policy Rate,-0.4000
2016-08-01,EUR_Policy Rate,-0.4000
2016-08-02,EUR_Policy Rate,-0.4000
2016-08-03,EUR_Policy Rate,-0.4000
2016-08-04,EUR_Policy Rate,-0.4000
2016-08-05,EUR_Policy Rate,-0.4000
2016-08-06,EUR_Policy Rate,-0.4000
2016-08-07,EUR_Policy Rate,-0.4000
2016-08-08,EUR_Policy Rate,-0.4000
2016-08-09,EUR_Policy Rate,-0.4000
2016-08-10,EUR_Policy Rate,-0.4000
2016-08-11,EUR_Policy Rate,-0.4000
2016-08-12,EUR_Policy Rate,-0.4000
2016-08-13,EUR_Policy Rate,-0.4000
2016-08-14,EUR_Policy Rate,-0.4000
2016-08-15,EUR_Policy Rate,-0.4000
2016-08-16,EUR_Policy Rate,-0.4000
2016-08-17,EUR_Policy Rate,-0.4000
2016-08-18,EUR_Policy Rate,-0.4000
2016-08-19,EUR_Policy Rate,-0.4000
2016-08-20,EUR_Policy Rate,-0.4000
2016-08-21,EUR_Policy Rate,-0.4000
2016-08-22,EUR_Policy Rate,-0.4000
2016-08-23,EUR_Policy Rate,-0.4000
2016-08-24,EUR_Policy Rate,-0.4000
2016-08-25,EUR_Policy Rate,-0.4000
2016-08-26,EUR_Policy Rate,-0.4000
2016-08-27,EUR_Policy Rate,-0.4000
2016-08-28,EUR_Policy Rate,-0.4000
2016-08-29,EUR_Policy Rate,-0.4000
2016-08-30,EUR_Policy Rate,-0.4000
2016-08-31,EUR_Policy Rate,-0.4000
2016-09-01,EUR_Policy Rate,-0.4000
2016-09-02,EUR_Policy Rate,-0.4000
2016-09-03,EUR_Policy Rate,-0.4000
2016-09-04,EUR_Policy Rate,-0.4000
2016-09-05,EUR_Policy Rate,-0.4000
2016-09-06,EUR_Policy Rate,-0.4000
2016-09-07,EUR_Policy Rate,-0.4000
2016-09-08,EUR_Policy Rate,-0.4000
2016-09-09,EUR_Policy Rate,-0.4000
2016-09-10,EUR_Policy Rate,-0.4000
2016-09-11,EUR_Policy Rate,-0.4000
2016-09-12,EUR_Policy Rate,-0.4000
2016-09-13,EUR_Policy Rate,-0.4000
2016-09-14,EUR_Policy Rate,-0.4000
2016-09-15,EUR_Policy Rate,-0.4000
2016-09-16,EUR_Policy Rate,-0.4000
2016-09-17,EUR_Policy Rate,-0.4000
2016-09-18,EUR_Policy Rate,-0.4000
2016-09-19,EUR_Policy Rate,-0.4000
2016-09-20,EUR_Policy Rate,-0.4000
2016-09-21,EUR_Policy Rate,-0.4000
2016-09-22,EUR_Policy Rate,-0.4000
2016-09-23,EUR_Policy Rate,-0.4000
2016-09-24,EUR_Policy Rate,-0.4000
2016-09-25,EUR_Policy Rate,-0.4000
2016-09-26,EUR_Policy Rate,-0.4000
2016-09-27,EUR_Policy Rate,-0.4000
2016-09-28,EUR_Policy Rate,-0.4000
2016-09-29,EUR_Policy Rate,-0.4000
2016-09-30,EUR_Policy Rate,-0.4000
2016-10-01,EUR_Policy Rate,-0.4000
2016-10-02,EUR_Policy Rate,-0.4000
2016-10-03,EUR_Policy Rate,-0.4000
2016-10-04,EUR_Policy Rate,-0.4000
2016-10-05,EUR_Policy Rate,-0.4000
2016-10-06,EUR_Policy Rate,-0.4000
2016-10-07,EUR_Policy Rate,-0.4000
2016-10-08,EUR_Policy Rate,-0.4000
2016-10-09,EUR_Policy Rate,-0.4000
2016-10-10,EUR_Policy Rate,-0.4000
2016-10-11,EUR_Policy Rate,-0.4000
2016-10-12,EUR_Policy Rate,-0.4000
2016-10-13,EUR_Policy Rate,-0.4000
2016-10-14,EUR_Policy Rate,-0.4000
2016-10-15,EUR_Policy Rate,-0.4000
2016-10-16,EUR_Policy Rate,-0.4000
2016-10-17,EUR_Policy Rate,-0.4000
2016-10-18,EUR_Policy Rate,-0.4000
2016-10-19,EUR_Policy Rate,-0.4000
2016-10-20,EUR_Policy Rate,-0.4000
2016-10-21,EUR_Policy Rate,-0.4000
2016-10-22,EUR_Policy Rate,-0.4000
2016-10-23,EUR_Policy Rate,-0.4000
2016-10-24,EUR_Policy Rate,-0.4000
2016-10-25,EUR_Policy Rate,-0.4000
2016-10-26,EUR_Policy Rate,-0.4000
2016-10-27,EUR_Policy Rate,-0.4000
2016-10-28,EUR_Policy Rate,-0.4000
2016-10-29,EUR_Policy Rate,-0.4000
2016-10-30,EUR_Policy Rate,-0.4000
2016-10-31,EUR_Policy Rate,-0.4000
2016-11-01,EUR_Policy Rate,-0.4000
2016-11-02,EUR_Policy Rate,-0.4000
2016-11-03,EUR_Policy Rate,-0.4000
2016-11-04,EUR_Policy Rate,-0.4000
2016-11-05,EUR_Policy Rate,-0.4000
2016-11-06,EUR_Policy Rate,-0.4000
2016-11-07,EUR_Policy Rate,-0.4000
2016-11-08,EUR_Policy Rate,-0.4000
2016-11-09,EUR_Policy Rate,-0.4000
2016-11-10,EUR_Policy Rate,-0.4000
2016-11-11,EUR_Policy Rate,-0.4000
2016-11-12,EUR_Policy Rate,-0.4000
2016-11-13,EUR_Policy Rate,-0.4000
2016-11-14,EUR_Policy Rate,-0.4000
2016-11-15,EUR_Policy Rate,-0.4000
2016-11-16,EUR_Policy Rate,-0.4000
2016-11-17,EUR_Policy Rate,-0.4000
2016-11-18,EUR_Policy Rate,-0.4000
2016-11-19,EUR_Policy Rate,-0.4000
2016-11-20,EUR_Policy Rate,-0.4000
2016-11-21,EUR_Policy Rate,-0.4000
2016-11-22,EUR_Policy Rate,-0.4000
2016-11-23,EUR_Policy Rate,-0.4000
2016-11-24,EUR_Policy Rate,-0.4000
2016-11-25,EUR_Policy Rate,-0.4000
2016-11-26,EUR_Policy Rate,-0.4000
2016-11-27,EUR_Policy Rate,-0.4000
2016-11-28,EUR_Policy Rate,-0.4000
2016-11-29,EUR_Policy Rate,-0.4000
2016-11-30,EUR_Policy Rate,-0.4000
2016-12-01,EUR_Policy Rate,-0.4000
2016-12-02,EUR_Policy Rate,-0.4000
2016-12-03,EUR_Policy Rate,-0.4000
2016-12-04,EUR_Policy Rate,-0.4000
2016-12-05,EUR_Policy Rate,-0.4000
2016-12-06,EUR_Policy Rate,-0.4000
2016-12-07,EUR_Policy Rate,-0.4000
2016-12-08,EUR_Policy Rate,-0.4000
2016-12-09,EUR_Policy Rate,-0.4000
2016-12-10,EUR_Policy Rate,-0.4000
2016-12-11,EUR_Policy Rate,-0.4000
2016-12-12,EUR_Policy Rate,-0.4000
2016-12-13,EUR_Policy Rate,-0.4000
2016-12-14,EUR_Policy Rate,-0.4000
2016-12-15,EUR_Policy Rate,-0.4000
2016-12-16,EUR_Policy Rate,-0.4000
2016-12-17,EUR_Policy Rate,-0.4000
2016-12-18,EUR_Policy Rate,-0.4000
2016-12-19,EUR_Policy Rate,-0.4000
2016-12-20,EUR_Policy Rate,-0.4000
2016-12-21,EUR_Policy Rate,-0.4000
2016-12-22,EUR_Policy Rate,-0.4000
2016-12-23,EUR_Policy Rate,-0.4000
2016-12-24,EUR_Policy Rate,-0.4000
2016-12-25,EUR_Policy Rate,-0.4000
2016-12-26,EUR_Policy Rate,-0.4000
2016-12-27,EUR_Policy Rate,-0.4000
2016-12-28,EUR_Policy Rate,-0.4000
2016-12-29,EUR_Policy Rate,-0.4000
2016-12-30,EUR_Policy Rate,-0.4000
2016-12-31,EUR_Policy Rate,-0.4000
2017-01-01,EUR_Policy Rate,-0.4000
2017-01-02,EUR_Policy Rate,-0.4000
2017-01-03,EUR_Policy Rate,-0.4000
2017-01-04,EUR_Policy Rate,-0.4000
2017-01-05,EUR_Policy Rate,-0.4000
2017-01-06,EUR_Policy Rate,-0.4000
2017-01-07,EUR_Policy Rate,-0.4000
2017-01-08,EUR_Policy Rate,-0.4000
2017-01-09,EUR_Policy Rate,-0.4000
2017-01-10,EUR_Policy Rate,-0.4000
2017-01-11,EUR_Policy Rate,-0.4000
2017-01-12,EUR_Policy Rate,-0.4000
2017-01-13,EUR_Policy Rate,-0.4000
2017-01-14,EUR_Policy Rate,-0.4000
2017-01-15,EUR_Policy Rate,-0.4000
2017-01-16,EUR_Policy Rate,-0.4000
2017-01-17,EUR_Policy Rate,-0.4000
2017-01-18,EUR_Policy Rate,-0.4000
2017-01-19,EUR_Policy Rate,-0.4000
2017-01-20,EUR_Policy Rate,-0.4000
2017-01-21,EUR_Policy Rate,-0.4000
2017-01-22,EUR_Policy Rate,-0.4000
2017-01-23,EUR_Policy Rate,-0.4000
2017-01-24,EUR_Policy Rate,-0.4000
2017-01-25,EUR_Policy Rate,-0.4000
2017-01-26,EUR_Policy Rate,-0.4000
2017-01-27,EUR_Policy Rate,-0.4000
2017-01-28,EUR_Policy Rate,-0.4000
2017-01-29,EUR_Policy Rate,-0.4000
2017-01-30,EUR_Policy Rate,-0.4000
2017-01-31,EUR_Policy Rate,-0.4000
2017-02-01,EUR_Policy Rate,-0.4000
2017-02-02,EUR_Policy Rate,-0.4000
2017-02-03,EUR_Policy Rate,-0.4000
2017-02-04,EUR_Policy Rate,-0.4000
2017-02-05,EUR_Policy Rate,-0.4000
2017-02-06,EUR_Policy Rate,-0.4000
2017-02-07,EUR_Policy Rate,-0.4000
2017-02-08,EUR_Policy Rate,-0.4000
2017-02-09,EUR_Policy Rate,-0.4000
2017-02-10,EUR_Policy Rate,-0.4000
2017-02-11,EUR_Policy Rate,-0.4000
2017-02-12,EUR_Policy Rate,-0.4000
2017-02-13,EUR_Policy Rate,-0.4000
2017-02-14,EUR_Policy Rate,-0.4000
2017-02-15,EUR_Policy Rate,-0.4000
2017-02-16,EUR_Policy Rate,-0.4000
2017-02-17,EUR_Policy Rate,-0.4000
2017-02-18,EUR_Policy Rate,-0.4000
2017-02-19,EUR_Policy Rate,-0.4000
2017-02-20,EUR_Policy Rate,-0.4000
2017-02-21,EUR_Policy Rate,-0.4000
2017-02-22,EUR_Policy Rate,-0.4000
2017-02-23,EUR_Policy Rate,-0.4000
2017-02-24,EUR_Policy Rate,-0.4000
2017-02-25,EUR_Policy Rate,-0.4000
2017-02-26,EUR_Policy Rate,-0.4000
2017-02-27,EUR_Policy Rate,-0.4000
2017-02-28,EUR_Policy Rate,-0.4000
2017-03-01,EUR_Policy Rate,-0.4000
2017-03-02,EUR_Policy Rate,-0.4000
2017-03-03,EUR_Policy Rate,-0.4000
2017-03-04,EUR_Policy Rate,-0.4000
2017-03-05,EUR_Policy Rate,-0.4000
2017-03-06,EUR_Policy Rate,-0.4000
2017-03-07,EUR_Policy Rate,-0.4000
2017-03-08,EUR_Policy Rate,-0.4000
2017-03-09,EUR_Policy Rate,-0.4000
2017-03-10,EUR_Policy Rate,-0.4000
2017-03-11,EUR_Policy Rate,-0.4000
2017-03-12,EUR_Policy Rate,-0.4000
2017-03-13,EUR_Policy Rate,-0.4000
2017-03-14,EUR_Policy Rate,-0.4000
2017-03-15,EUR_Policy Rate,-0.4000
2017-03-16,EUR_Policy Rate,-0.4000
2017-03-17,EUR_Policy Rate,-0.4000
2017-03-18,EUR_Policy Rate,-0.4000
2017-03-19,EUR_Policy Rate,-0.4000
2017-03-20,EUR_Policy Rate,-0.4000
2017-03-21,EUR_Policy Rate,-0.4000
2017-03-22,EUR_Policy Rate,-0.4000
2017-03-23,EUR_Policy Rate,-0.4000
2017-03-24,EUR_Policy Rate,-0.4000
2017-03-25,EUR_Policy Rate,-0.4000
2017-03-26,EUR_Policy Rate,-0.4000
2017-03-27,EUR_Policy Rate,-0.4000
2017-03-28,EUR_Policy Rate,-0.4000
2017-03-29,EUR_Policy Rate,-0.4000
2017-03-30,EUR_Policy Rate,-0.4000
2017-03-31,EUR_Policy Rate,-0.4000
2017-04-01,EUR_Policy Rate,-0.4000
2017-04-02,EUR_Policy Rate,-0.4000
2017-04-03,EUR_Policy Rate,-0.4000
2017-04-04,EUR_Policy Rate,-0.4000
2017-04-05,EUR_Policy Rate,-0.4000
2017-04-06,EUR_Policy Rate,-0.4000
2017-04-07,EUR_Policy Rate,-0.4000
2017-04-08,EUR_Policy Rate,-0.4000
2017-04-09,EUR_Policy Rate,-0.4000
2017-04-10,EUR_Policy Rate,-0.4000
2017-04-11,EUR_Policy Rate,-0.4000
2017-04-12,EUR_Policy Rate,-0.4000
2017-04-13,EUR_Policy Rate,-0.4000
2017-04-14,EUR_Policy Rate,-0.4000
2017-04-15,EUR_Policy Rate,-0.4000
2017-04-16,EUR_Policy Rate,-0.4000
2017-04-17,EUR_Policy Rate,-0.4000
2017-04-18,EUR_Policy Rate,-0.4000
2017-04-19,EUR_Policy Rate,-0.4000
2017-04-20,EUR_Policy Rate,-0.4000
2017-04-21,EUR_Policy Rate,-0.4000
2017-04-22,EUR_Policy Rate,-0.4000
2017-04-23,EUR_Policy Rate,-0.4000
2017-04-24,EUR_Policy Rate,-0.4000
2017-04-25,EUR_Policy Rate,-0.4000
2017-04-26,EUR_Policy Rate,-0.4000
2017-04-27,EUR_Policy Rate,-0.4000
2017-04-28,EUR_Policy Rate,-0.4000
2017-04-29,EUR_Policy Rate,-0.4000
2017-04-30,EUR_Policy Rate,-0.4000
2017-05-01,EUR_Policy Rate,-0.4000
2017-05-02,EUR_Policy Rate,-0.4000
2017-05-03,EUR_Policy Rate,-0.4000
2017-05-04,EUR_Policy Rate,-0.4000
2017-05-05,EUR_Policy Rate,-0.4000
2017-05-06,EUR_Policy Rate,-0.4000
2017-05-07,EUR_Policy Rate,-0.4000
2017-05-08,EUR_Policy Rate,-0.4000
2017-05-09,EUR_Policy Rate,-0.4000
2017-05-10,EUR_Policy Rate,-0.4000
2017-05-11,EUR_Policy Rate,-0.4000
2017-05-12,EUR_Policy Rate,-0.4000
2017-05-13,EUR_Policy Rate,-0.4000
2017-05-14,EUR_Policy Rate,-0.4000
2017-05-15,EUR_Policy Rate,-0.4000
2017-05-16,EUR_Policy Rate,-0.4000
2017-05-17,EUR_Policy Rate,-0.4000
2017-05-18,EUR_Policy Rate,-0.4000
2017-05-19,EUR_Policy Rate,-0.4000
2017-05-20,EUR_Policy Rate,-0.4000
2017-05-21,EUR_Policy Rate,-0.4000
2017-05-22,EUR_Policy Rate,-0.4000
2017-05-23,EUR_Policy Rate,-0.4000
2017-05-24,EUR_Policy Rate,-0.4000
2017-05-25,EUR_Policy Rate,-0.4000
2017-05-26,EUR_Policy Rate,-0.4000
2017-05-27,EUR_Policy Rate,-0.4000
2017-05-28,EUR_Policy Rate,-0.4000
2017-05-29,EUR_Policy Rate,-0.4000
2017-05-30,EUR_Policy Rate,-0.4000
2017-05-31,EUR_Policy Rate,-0.4000
2017-06-01,EUR_Policy Rate,-0.4000
2017-06-02,EUR_Policy Rate,-0.4000
2017-06-03,EUR_Policy Rate,-0.4000
2017-06-04,EUR_Policy Rate,-0.4000
2017-06-05,EUR_Policy Rate,-0.4000
2017-06-06,EUR_Policy Rate,-0.4000
2017-06-07,EUR_Policy Rate,-0.4000
2017-06-08,EUR_Policy Rate,-0.4000
2017-06-09,EUR_Policy Rate,-0.4000
2017-06-10,EUR_Policy Rate,-0.4000
2017-06-11,EUR_Policy Rate,-0.4000
2017-06-12,EUR_Policy Rate,-0.4000
2017-06-13,EUR_Policy Rate,-0.4000
2017-06-14,EUR_Policy Rate,-0.4000
2017-06-15,EUR_Policy Rate,-0.4000
2017-06-16,EUR_Policy Rate,-0.4000
2017-06-17,EUR_Policy Rate,-0.4000
2017-06-18,EUR_Policy Rate,-0.4000
2017-06-19,EUR_Policy Rate,-0.4000
2017-06-20,EUR_Policy Rate,-0.4000
2017-06-21,EUR_Policy Rate,-0.4000
2017-06-22,EUR_Policy Rate,-0.4000
2017-06-23,EUR_Policy Rate,-0.4000
2017-06-24,EUR_Policy Rate,-0.4000
2017-06-25,EUR_Policy Rate,-0.4000
2017-06-26,EUR_Policy Rate,-0.4000
2017-06-27,EUR_Policy Rate,-0.4000
2017-06-28,EUR_Policy Rate,-0.4000
2017-06-29,EUR_Policy Rate,-0.4000
2017-06-30,EUR_Policy Rate,-0.4000
2017-07-01,EUR_Policy Rate,-0.4000
2017-07-02,EUR_Policy Rate,-0.4000
2017-07-03,EUR_Policy Rate,-0.4000
2017-07-04,EUR_Policy Rate,-0.4000
2017-07-05,EUR_Policy Rate,-0.4000
2017-07-06,EUR_Policy Rate,-0.4000
2017-07-07,EUR_Policy Rate,-0.4000
2017-07-08,EUR_Policy Rate,-0.4000
2017-07-09,EUR_Policy Rate,-0.4000
2017-07-10,EUR_Policy Rate,-0.4000
2017-07-11,EUR_Policy Rate,-0.4000
2017-07-12,EUR_Policy Rate,-0.4000
2017-07-13,EUR_Policy Rate,-0.4000
2017-07-14,EUR_Policy Rate,-0.4000
2017-07-15,EUR_Policy Rate,-0.4000
2017-07-16,EUR_Policy Rate,-0.4000
2017-07-17,EUR_Policy Rate,-0.4000
2017-07-18,EUR_Policy Rate,-0.4000
2017-07-19,EUR_Policy Rate,-0.4000
2017-07-20,EUR_Policy Rate,-0.4000
2017-07-21,EUR_Policy Rate,-0.4000
2017-07-22,EUR_Policy Rate,-0.4000
2017-07-23,EUR_Policy Rate,-0.4000
2017-07-24,EUR_Policy Rate,-0.4000
2017-07-25,EUR_Policy Rate,-0.4000
2017-07-26,EUR_Policy Rate,-0.4000
2017-07-27,EUR_Policy Rate,-0.4000
2017-07-28,EUR_Policy Rate,-0.4000
2017-07-29,EUR_Policy Rate,-0.4000
2017-07-30,EUR_Policy Rate,-0.4000
2017-07-31,EUR_Policy Rate,-0.4000
2017-08-01,EUR_Policy Rate,-0.4000
2017-08-02,EUR_Policy Rate,-0.4000
2017-08-03,EUR_Policy Rate,-0.4000
2017-08-04,EUR_Policy Rate,-0.4000
2017-08-05,EUR_Policy Rate,-0.4000
2017-08-06,EUR_Policy Rate,-0.4000
2017-08-07,EUR_Policy Rate,-0.4000
2017-08-08,EUR_Policy Rate,-0.4000
2017-08-09,EUR_Policy Rate,-0.4000
2017-08-10,EUR_Policy Rate,-0.4000
2017-08-11,EUR_Policy Rate,-0.4000
2017-08-12,EUR_Policy Rate,-0.4000
2017-08-13,EUR_Policy Rate,-0.4000
2017-08-14,EUR_Policy Rate,-0.4000
2017-08-15,EUR_Policy Rate,-0.4000
2017-08-16,EUR_Policy Rate,-0.4000
2017-08-17,EUR_Policy Rate,-0.4000
2017-08-18,EUR_Policy Rate,-0.4000
2017-08-19,EUR_Policy Rate,-0.4000
2017-08-20,EUR_Policy Rate,-0.4000
2017-08-21,EUR_Policy Rate,-0.4000
2017-08-22,EUR_Policy Rate,-0.4000
2017-08-23,EUR_Policy Rate,-0.4000
2017-08-24,EUR_Policy Rate,-0.4000
2017-08-25,EUR_Policy Rate,-0.4000
2017-08-26,EUR_Policy Rate,-0.4000
2017-08-27,EUR_Policy Rate,-0.4000
2017-08-28,EUR_Policy Rate,-0.4000
2017-08-29,EUR_Policy Rate,-0.4000
2017-08-30,EUR_Policy Rate,-0.4000
2017-08-31,EUR_Policy Rate,-0.4000
2017-09-01,EUR_Policy Rate,-0.4000
2017-09-02,EUR_Policy Rate,-0.4000
2017-09-03,EUR_Policy Rate,-0.4000
2017-09-04,EUR_Policy Rate,-0.4000
2017-09-05,EUR_Policy Rate,-0.4000
2017-09-06,EUR_Policy Rate,-0.4000
2017-09-07,EUR_Policy Rate,-0.4000
2017-09-08,EUR_Policy Rate,-0.4000
2017-09-09,EUR_Policy Rate,-0.4000
2017-09-10,EUR_Policy Rate,-0.4000
2017-09-11,EUR_Policy Rate,-0.4000
2017-09-12,EUR_Policy Rate,-0.4000
2017-09-13,EUR_Policy Rate,-0.4000
2017-09-14,EUR_Policy Rate,-0.4000
2017-09-15,EUR_Policy Rate,-0.4000
2017-09-16,EUR_Policy Rate,-0.4000
2017-09-17,EUR_Policy Rate,-0.4000
2017-09-18,EUR_Policy Rate,-0.4000
2017-09-19,EUR_Policy Rate,-0.4000
2017-09-20,EUR_Policy Rate,-0.4000
2017-09-21,EUR_Policy Rate,-0.4000
2017-09-22,EUR_Policy Rate,-0.4000
2017-09-23,EUR_Policy Rate,-0.4000
2017-09-24,EUR_Policy Rate,-0.4000
2017-09-25,EUR_Policy Rate,-0.4000
2017-09-26,EUR_Policy Rate,-0.4000
2017-09-27,EUR_Policy Rate,-0.4000
2017-09-28,EUR_Policy Rate,-0.4000
2017-09-29,EUR_Policy Rate,-0.4000
2017-09-30,EUR_Policy Rate,-0.4000
2017-10-01,EUR_Policy Rate,-0.4000
2017-10-02,EUR_Policy Rate,-0.4000
2017-10-03,EUR_Policy Rate,-0.4000
2017-10-04,EUR_Policy Rate,-0.4000
2017-10-05,EUR_Policy Rate,-0.4000
2017-10-06,EUR_Policy Rate,-0.4000
2017-10-07,EUR_Policy Rate,-0.4000
2017-10-08,EUR_Policy Rate,-0.4000
2017-10-09,EUR_Policy Rate,-0.4000
2017-10-10,EUR_Policy Rate,-0.4000
2017-10-11,EUR_Policy Rate,-0.4000
2017-10-12,EUR_Policy Rate,-0.4000
2017-10-13,EUR_Policy Rate,-0.4000
2017-10-14,EUR_Policy Rate,-0.4000
2017-10-15,EUR_Policy Rate,-0.4000
2017-10-16,EUR_Policy Rate,-0.4000
2017-10-17,EUR_Policy Rate,-0.4000
2017-10-18,EUR_Policy Rate,-0.4000
2017-10-19,EUR_Policy Rate,-0.4000
2017-10-20,EUR_Policy Rate,-0.4000
2017-10-21,EUR_Policy Rate,-0.4000
2017-10-22,EUR_Policy Rate,-0.4000
2017-10-23,EUR_Policy Rate,-0.4000
2017-10-24,EUR_Policy Rate,-0.4000
2017-10-25,EUR_Policy Rate,-0.4000
2017-10-26,EUR_Policy Rate,-0.4000
2017-10-27,EUR_Policy Rate,-0.4000
2017-10-28,EUR_Policy Rate,-0.4000
2017-10-29,EUR_Policy Rate,-0.4000
2017-10-30,EUR_Policy Rate,-0.4000
2017-10-31,EUR_Policy Rate,-0.4000
2017-11-01,EUR_Policy Rate,-0.4000
2017-11-02,EUR_Policy Rate,-0.4000
2017-11-03,EUR_Policy Rate,-0.4000
2017-11-04,EUR_Policy Rate,-0.4000
2017-11-05,EUR_Policy Rate,-0.4000
2017-11-06,EUR_Policy Rate,-0.4000
2017-11-07,EUR_Policy Rate,-0.4000
2017-11-08,EUR_Policy Rate,-0.4000
2017-11-09,EUR_Policy Rate,-0.4000
2017-11-10,EUR_Policy Rate,-0.4000
2017-11-11,EUR_Policy Rate,-0.4000
2017-11-12,EUR_Policy Rate,-0.4000
2017-11-13,EUR_Policy Rate,-0.4000
2017-11-14,EUR_Policy Rate,-0.4000
2017-11-15,EUR_Policy Rate,-0.4000
2017-11-16,EUR_Policy Rate,-0.4000
2017-11-17,EUR_Policy Rate,-0.4000
2017-11-18,EUR_Policy Rate,-0.4000
2017-11-19,EUR_Policy Rate,-0.4000
2017-11-20,EUR_Policy Rate,-0.4000
2017-11-21,EUR_Policy Rate,-0.4000
2017-11-22,EUR_Policy Rate,-0.4000
2017-11-23,EUR_Policy Rate,-0.4000
2017-11-24,EUR_Policy Rate,-0.4000
2017-11-25,EUR_Policy Rate,-0.4000
2017-11-26,EUR_Policy Rate,-0.4000
2017-11-27,EUR_Policy Rate,-0.4000
2017-11-28,EUR_Policy Rate,-0.4000
2017-11-29,EUR_Policy Rate,-0.4000
2017-11-30,EUR_Policy Rate,-0.4000
2017-12-01,EUR_Policy Rate,-0.4000
2017-12-02,EUR_Policy Rate,-0.4000
2017-12-03,EUR_Policy Rate,-0.4000
2017-12-04,EUR_Policy Rate,-0.4000
2017-12-05,EUR_Policy Rate,-0.4000
2017-12-06,EUR_Policy Rate,-0.4000
2017-12-07,EUR_Policy Rate,-0.4000
2017-12-08,EUR_Policy Rate,-0.4000
2017-12-09,EUR_Policy Rate,-0.4000
2017-12-10,EUR_Policy Rate,-0.4000
2017-12-11,EUR_Policy Rate,-0.4000
2017-12-12,EUR_Policy Rate,-0.4000
2017-12-13,EUR_Policy Rate,-0.4000
2017-12-14,EUR_Policy Rate,-0.4000
2017-12-15,EUR_Policy Rate,-0.4000
2017-12-16,EUR_Policy Rate,-0.4000
2017-12-17,EUR_Policy Rate,-0.4000
2017-12-18,EUR_Policy Rate,-0.4000
2017-12-19,EUR_Policy Rate,-0.4000
2017-12-20,EUR_Policy Rate,-0.4000
2017-12-21,EUR_Policy Rate,-0.4000
2017-12-22,EUR_Policy Rate,-0.4000
2017-12-23,EUR_Policy Rate,-0.4000
2017-12-24,EUR_Policy Rate,-0.4000
2017-12-25,EUR_Policy Rate,-0.4000
2017-12-26,EUR_Policy Rate,-0.4000
2017-12-27,EUR_Policy Rate,-0.4000
2017-12-28,EUR_Policy Rate,-0.4000
2017-12-29,EUR_Policy Rate,-0.4000
2017-12-30,EUR_Policy Rate,-0.4000
2017-12-31,EUR_Policy Rate,-0.4000
2018-01-01,EUR_Policy Rate,-0.4000
2018-01-02,EUR_Policy Rate,-0.4000
2018-01-03,EUR_Policy Rate,-0.4000
2018-01-04,EUR_Policy Rate,-0.4000
2018-01-05,EUR_Policy Rate,-0.4000
2018-01-06,EUR_Policy Rate,-0.4000
2018-01-07,EUR_Policy Rate,-0.4000
2018-01-08,EUR_Policy Rate,-0.4000
2018-01-09,EUR_Policy Rate,-0.4000
2018-01-10,EUR_Policy Rate,-0.4000
2018-01-11,EUR_Policy Rate,-0.4000
2018-01-12,EUR_Policy Rate,-0.4000
2018-01-13,EUR_Policy Rate,-0.4000
2018-01-14,EUR_Policy Rate,-0.4000
2018-01-15,EUR_Policy Rate,-0.4000
2018-01-16,EUR_Policy Rate,-0.4000
2018-01-17,EUR_Policy Rate,-0.4000
2018-01-18,EUR_Policy Rate,-0.4000
2018-01-19,EUR_Policy Rate,-0.4000
2018-01-20,EUR_Policy Rate,-0.4000
2018-01-21,EUR_Policy Rate,-0.4000
2018-01-22,EUR_Policy Rate,-0.4000
2018-01-23,EUR_Policy Rate,-0.4000
2018-01-24,EUR_Policy Rate,-0.4000
2018-01-25,EUR_Policy Rate,-0.4000
2018-01-26,EUR_Policy Rate,-0.4000
2018-01-27,EUR_Policy Rate,-0.4000
2018-01-28,EUR_Policy Rate,-0.4000
2018-01-29,EUR_Policy Rate,-0.4000
2018-01-30,EUR_Policy Rate,-0.4000
2018-01-31,EUR_Policy Rate,-0.4000
2018-02-01,EUR_Policy Rate,-0.4000
2018-02-02,EUR_Policy Rate,-0.4000
2018-02-03,EUR_Policy Rate,-0.4000
2018-02-04,EUR_Policy Rate,-0.4000
2018-02-05,EUR_Policy Rate,-0.4000
2018-02-06,EUR_Policy Rate,-0.4000
2018-02-07,EUR_Policy Rate,-0.4000
2018-02-08,EUR_Policy Rate,-0.4000
2018-02-09,EUR_Policy Rate,-0.4000
2018-02-10,EUR_Policy Rate,-0.4000
2018-02-11,EUR_Policy Rate,-0.4000
2018-02-12,EUR_Policy Rate,-0.4000
2018-02-13,EUR_Policy Rate,-0.4000
2018-02-14,EUR_Policy Rate,-0.4000
2018-02-15,EUR_Policy Rate,-0.4000
2018-02-16,EUR_Policy Rate,-0.4000
2018-02-17,EUR_Policy Rate,-0.4000
2018-02-18,EUR_Policy Rate,-0.4000
2018-02-19,EUR_Policy Rate,-0.4000
2018-02-20,EUR_Policy Rate,-0.4000
2018-02-21,EUR_Policy Rate,-0.4000
2018-02-22,EUR_Policy Rate,-0.4000
2018-02-23,EUR_Policy Rate,-0.4000
2018-02-24,EUR_Policy Rate,-0.4000
2018-02-25,EUR_Policy Rate,-0.4000
2018-02-26,EUR_Policy Rate,-0.4000
2018-02-27,EUR_Policy Rate,-0.4000
2018-02-28,EUR_Policy Rate,-0.4000
2018-03-01,EUR_Policy Rate,-0.4000
2018-03-02,EUR_Policy Rate,-0.4000
2018-03-03,EUR_Policy Rate,-0.4000
2018-03-04,EUR_Policy Rate,-0.4000
2018-03-05,EUR_Policy Rate,-0.4000
2018-03-06,EUR_Policy Rate,-0.4000
2018-03-07,EUR_Policy Rate,-0.4000
2018-03-08,EUR_Policy Rate,-0.4000
2018-03-09,EUR_Policy Rate,-0.4000
2018-03-10,EUR_Policy Rate,-0.4000
2018-03-11,EUR_Policy Rate,-0.4000
2018-03-12,EUR_Policy Rate,-0.4000
2018-03-13,EUR_Policy Rate,-0.4000
2018-03-14,EUR_Policy Rate,-0.4000
2018-03-15,EUR_Policy Rate,-0.4000
2018-03-16,EUR_Policy Rate,-0.4000
2018-03-17,EUR_Policy Rate,-0.4000
2018-03-18,EUR_Policy Rate,-0.4000
2018-03-19,EUR_Policy Rate,-0.4000
2018-03-20,EUR_Policy Rate,-0.4000
2018-03-21,EUR_Policy Rate,-0.4000
2018-03-22,EUR_Policy Rate,-0.4000
2018-03-23,EUR_Policy Rate,-0.4000
2018-03-24,EUR_Policy Rate,-0.4000
2018-03-25,EUR_Policy Rate,-0.4000
2018-03-26,EUR_Policy Rate,-0.4000
2018-03-27,EUR_Policy Rate,-0.4000
2018-03-28,EUR_Policy Rate,-0.4000
2018-03-29,EUR_Policy Rate,-0.4000
2018-03-30,EUR_Policy Rate,-0.4000
2018-03-31,EUR_Policy Rate,-0.4000
2018-04-01,EUR_Policy Rate,-0.4000
2018-04-02,EUR_Policy Rate,-0.4000
2018-04-03,EUR_Policy Rate,-0.4000
2018-04-04,EUR_Policy Rate,-0.4000
2018-04-05,EUR_Policy Rate,-0.4000
2018-04-06,EUR_Policy Rate,-0.4000
2018-04-07,EUR_Policy Rate,-0.4000
2018-04-08,EUR_Policy Rate,-0.4000
2018-04-09,EUR_Policy Rate,-0.4000
2018-04-10,EUR_Policy Rate,-0.4000
2018-04-11,EUR_Policy Rate,-0.4000
2018-04-12,EUR_Policy Rate,-0.4000
2018-04-13,EUR_Policy Rate,-0.4000
2018-04-14,EUR_Policy Rate,-0.4000
2018-04-15,EUR_Policy Rate,-0.4000
2018-04-16,EUR_Policy Rate,-0.4000
2018-04-17,EUR_Policy Rate,-0.4000
2018-04-18,EUR_Policy Rate,-0.4000
2018-04-19,EUR_Policy Rate,-0.4000
2018-04-20,EUR_Policy Rate,-0.4000
2018-04-21,EUR_Policy Rate,-0.4000
2018-04-22,EUR_Policy Rate,-0.4000
2018-04-23,EUR_Policy Rate,-0.4000
2018-04-24,EUR_Policy Rate,-0.4000
2018-04-25,EUR_Policy Rate,-0.4000
2018-04-26,EUR_Policy Rate,-0.4000
2018-04-27,EUR_Policy Rate,-0.4000
2018-04-28,EUR_Policy Rate,-0.4000
2018-04-29,EUR_Policy Rate,-0.4000
2018-04-30,EUR_Policy Rate,-0.4000
2018-05-01,EUR_Policy Rate,-0.4000
2018-05-02,EUR_Policy Rate,-0.4000
2018-05-03,EUR_Policy Rate,-0.4000
2018-05-04,EUR_Policy Rate,-0.4000
2018-05-05,EUR_Policy Rate,-0.4000
2018-05-06,EUR_Policy Rate,-0.4000
2018-05-07,EUR_Policy Rate,-0.4000
2018-05-08,EUR_Policy Rate,-0.4000
2018-05-09,EUR_Policy Rate,-0.4000
2018-05-10,EUR_Policy Rate,-0.4000
2018-05-11,EUR_Policy Rate,-0.4000
2018-05-12,EUR_Policy Rate,-0.4000
2018-05-13,EUR_Policy Rate,-0.4000
2018-05-14,EUR_Policy Rate,-0.4000
2018-05-15,EUR_Policy Rate,-0.4000
2018-05-16,EUR_Policy Rate,-0.4000
2018-05-17,EUR_Policy Rate,-0.4000
2018-05-18,EUR_Policy Rate,-0.4000
2018-05-19,EUR_Policy Rate,-0.4000
2018-05-20,EUR_Policy Rate,-0.4000
2018-05-21,EUR_Policy Rate,-0.4000
2018-05-22,EUR_Policy Rate,-0.4000
2018-05-23,EUR_Policy Rate,-0.4000
2018-05-24,EUR_Policy Rate,-0.4000
2018-05-25,EUR_Policy Rate,-0.4000
2018-05-26,EUR_Policy Rate,-0.4000
2018-05-27,EUR_Policy Rate,-0.4000
2018-05-28,EUR_Policy Rate,-0.4000
2018-05-29,EUR_Policy Rate,-0.4000
2018-05-30,EUR_Policy Rate,-0.4000
2018-05-31,EUR_Policy Rate,-0.4000
2018-06-01,EUR_Policy Rate,-0.4000
2018-06-02,EUR_Policy Rate,-0.4000
2018-06-03,EUR_Policy Rate,-0.4000
2018-06-04,EUR_Policy Rate,-0.4000
2018-06-05,EUR_Policy Rate,-0.4000
2018-06-06,EUR_Policy Rate,-0.4000
2018-06-07,EUR_Policy Rate,-0.4000
2018-06-08,EUR_Policy Rate,-0.4000
2018-06-09,EUR_Policy Rate,-0.4000
2018-06-10,EUR_Policy Rate,-0.4000
2018-06-11,EUR_Policy Rate,-0.4000
2018-06-12,EUR_Policy Rate,-0.4000
2018-06-13,EUR_Policy Rate,-0.4000
2018-06-14,EUR_Policy Rate,-0.4000
2018-06-15,EUR_Policy Rate,-0.4000
2018-06-16,EUR_Policy Rate,-0.4000
2018-06-17,EUR_Policy Rate,-0.4000
2018-06-18,EUR_Policy Rate,-0.4000
2018-06-19,EUR_Policy Rate,-0.4000
2018-06-20,EUR_Policy Rate,-0.4000
2018-06-21,EUR_Policy Rate,-0.4000
2018-06-22,EUR_Policy Rate,-0.4000
2018-06-23,EUR_Policy Rate,-0.4000
2018-06-24,EUR_Policy Rate,-0.4000
2018-06-25,EUR_Policy Rate,-0.4000
2018-06-26,EUR_Policy Rate,-0.4000
2018-06-27,EUR_Policy Rate,-0.4000
2018-06-28,EUR_Policy Rate,-0.4000
2018-06-29,EUR_Policy Rate,-0.4000
2018-06-30,EUR_Policy Rate,-0.4000
2018-07-01,EUR_Policy Rate,-0.4000
2018-07-02,EUR_Policy Rate,-0.4000
2018-07-03,EUR_Policy Rate,-0.4000
2018-07-04,EUR_Policy Rate,-0.4000
2018-07-05,EUR_Policy Rate,-0.4000
2018-07-06,EUR_Policy Rate,-0.4000
2018-07-07,EUR_Policy Rate,-0.4000
2018-07-08,EUR_Policy Rate,-0.4000
2018-07-09,EUR_Policy Rate,-0.4000
2018-07-10,EUR_Policy Rate,-0.4000
2018-07-11,EUR_Policy Rate,-0.4000
2018-07-12,EUR_Policy Rate,-0.4000
2018-07-13,EUR_Policy Rate,-0.4000
2018-07-14,EUR_Policy Rate,-0.4000
2018-07-15,EUR_Policy Rate,-0.4000
2018-07-16,EUR_Policy Rate,-0.4000
2018-07-17,EUR_Policy Rate,-0.4000
2018-07-18,EUR_Policy Rate,-0.4000
2018-07-19,EUR_Policy Rate,-0.4000
2018-07-20,EUR_Policy Rate,-0.4000
2018-07-21,EUR_Policy Rate,-0.4000
2018-07-22,EUR_Policy Rate,-0.4000
2018-07-23,EUR_Policy Rate,-0.4000
2018-07-24,EUR_Policy Rate,-0.4000
2018-07-25,EUR_Policy Rate,-0.4000
2018-07-26,EUR_Policy Rate,-0.4000
2018-07-27,EUR_Policy Rate,-0.4000
2018-07-28,EUR_Policy Rate,-0.4000
2018-07-29,EUR_Policy Rate,-0.4000
2018-07-30,EUR_Policy Rate,-0.4000
2018-07-31,EUR_Policy Rate,-0.4000
2018-08-01,EUR_Policy Rate,-0.4000
2018-08-02,EUR_Policy Rate,-0.4000
2018-08-03,EUR_Policy Rate,-0.4000
2018-08-04,EUR_Policy Rate,-0.4000
2018-08-05,EUR_Policy Rate,-0.4000
2018-08-06,EUR_Policy Rate,-0.4000
2018-08-07,EUR_Policy Rate,-0.4000
2018-08-08,EUR_Policy Rate,-0.4000
2018-08-09,EUR_Policy Rate,-0.4000
2018-08-10,EUR_Policy Rate,-0.4000
2018-08-11,EUR_Policy Rate,-0.4000
2018-08-12,EUR_Policy Rate,-0.4000
2018-08-13,EUR_Policy Rate,-0.4000
2018-08-14,EUR_Policy Rate,-0.4000
2018-08-15,EUR_Policy Rate,-0.4000
2018-08-16,EUR_Policy Rate,-0.4000
2018-08-17,EUR_Policy Rate,-0.4000
2018-08-18,EUR_Policy Rate,-0.4000
2018-08-19,EUR_Policy Rate,-0.4000
2018-08-20,EUR_Policy Rate,-0.4000
2018-08-21,EUR_Policy Rate,-0.4000
2018-08-22,EUR_Policy Rate,-0.4000
2018-08-23,EUR_Policy Rate,-0.4000
2018-08-24,EUR_Policy Rate,-0.4000
2018-08-25,EUR_Policy Rate,-0.4000
2018-08-26,EUR_Policy Rate,-0.4000
2018-08-27,EUR_Policy Rate,-0.4000
2018-08-28,EUR_Policy Rate,-0.4000
2018-08-29,EUR_Policy Rate,-0.4000
2018-08-30,EUR_Policy Rate,-0.4000
2018-08-31,EUR_Policy Rate,-0.4000
2018-09-01,EUR_Policy Rate,-0.4000
2018-09-02,EUR_Policy Rate,-0.4000
2018-09-03,EUR_Policy Rate,-0.4000
2018-09-04,EUR_Policy Rate,-0.4000
2018-09-05,EUR_Policy Rate,-0.4000
2018-09-06,EUR_Policy Rate,-0.4000
2018-09-07,EUR_Policy Rate,-0.4000
2018-09-08,EUR_Policy Rate,-0.4000
2018-09-09,EUR_Policy Rate,-0.4000
2018-09-10,EUR_Policy Rate,-0.4000
2018-09-11,EUR_Policy Rate,-0.4000
2018-09-12,EUR_Policy Rate,-0.4000
2018-09-13,EUR_Policy Rate,-0.4000
2018-09-14,EUR_Policy Rate,-0.4000
2018-09-15,EUR_Policy Rate,-0.4000
2018-09-16,EUR_Policy Rate,-0.4000
2018-09-17,EUR_Policy Rate,-0.4000
2018-09-18,EUR_Policy Rate,-0.4000
2018-09-19,EUR_Policy Rate,-0.4000
2018-09-20,EUR_Policy Rate,-0.4000
2018-09-21,EUR_Policy Rate,-0.4000
2018-09-22,EUR_Policy Rate,-0.4000
2018-09-23,EUR_Policy Rate,-0.4000
2018-09-24,EUR_Policy Rate,-0.4000
2018-09-25,EUR_Policy Rate,-0.4000
2018-09-26,EUR_Policy Rate,-0.4000
2018-09-27,EUR_Policy Rate,-0.4000
2018-09-28,EUR_Policy Rate,-0.4000
2018-09-29,EUR_Policy Rate,-0.4000
2018-09-30,EUR_Policy Rate,-0.4000
2018-10-01,EUR_Policy Rate,-0.4000
2018-10-02,EUR_Policy Rate,-0.4000
2018-10-03,EUR_Policy Rate,-0.4000
2018-10-04,EUR_Policy Rate,-0.4000
2018-10-05,EUR_Policy Rate,-0.4000
2018-10-06,EUR_Policy Rate,-0.4000
2018-10-07,EUR_Policy Rate,-0.4000
2018-10-08,EUR_Policy Rate,-0.4000
2018-10-09,EUR_Policy Rate,-0.4000
2018-10-10,EUR_Policy Rate,-0.4000
2018-10-11,EUR_Policy Rate,-0.4000
2018-10-12,EUR_Policy Rate,-0.4000
2018-10-13,EUR_Policy Rate,-0.4000
2018-10-14,EUR_Policy Rate,-0.4000
2018-10-15,EUR_Policy Rate,-0.4000
2018-10-16,EUR_Policy Rate,-0.4000
2018-10-17,EUR_Policy Rate,-0.4000
2018-10-18,EUR_Policy Rate,-0.4000
2018-10-19,EUR_Policy Rate,-0.4000
2018-10-20,EUR_Policy Rate,-0.4000
2018-10-21,EUR_Policy Rate,-0.4000
2018-10-22,EUR_Policy Rate,-0.4000
2018-10-23,EUR_Policy Rate,-0.4000
2018-10-24,EUR_Policy Rate,-0.4000
2018-10-25,EUR_Policy Rate,-0.4000
2018-10-26,EUR_Policy Rate,-0.4000
2018-10-27,EUR_Policy Rate,-0.4000
2018-10-28,EUR_Policy Rate,-0.4000
2018-10-29,EUR_Policy Rate,-0.4000
2018-10-30,EUR_Policy Rate,-0.4000
2018-10-31,EUR_Policy Rate,-0.4000
2018-11-01,EUR_Policy Rate,-0.4000
2018-11-02,EUR_Policy Rate,-0.4000
2018-11-03,EUR_Policy Rate,-0.4000
2018-11-04,EUR_Policy Rate,-0.4000
2018-11-05,EUR_Policy Rate,-0.4000
2018-11-06,EUR_Policy Rate,-0.4000
2018-11-07,EUR_Policy Rate,-0.4000
2018-11-08,EUR_Policy Rate,-0.4000
2018-11-09,EUR_Policy Rate,-0.4000
2018-11-10,EUR_Policy Rate,-0.4000
2018-11-11,EUR_Policy Rate,-0.4000
2018-11-12,EUR_Policy Rate,-0.4000
2018-11-13,EUR_Policy Rate,-0.4000
2018-11-14,EUR_Policy Rate,-0.4000
2018-11-15,EUR_Policy Rate,-0.4000
2018-11-16,EUR_Policy Rate,-0.4000
2018-11-17,EUR_Policy Rate,-0.4000
2018-11-18,EUR_Policy Rate,-0.4000
2018-11-19,EUR_Policy Rate,-0.4000
2018-11-20,EUR_Policy Rate,-0.4000
2018-11-21,EUR_Policy Rate,-0.4000
2018-11-22,EUR_Policy Rate,-0.4000
2018-11-23,EUR_Policy Rate,-0.4000
2018-11-24,EUR_Policy Rate,-0.4000
2018-11-25,EUR_Policy Rate,-0.4000
2018-11-26,EUR_Policy Rate,-0.4000
2018-11-27,EUR_Policy Rate,-0.4000
2018-11-28,EUR_Policy Rate,-0.4000
2018-11-29,EUR_Policy Rate,-0.4000
2018-11-30,EUR_Policy Rate,-0.4000
2018-12-01,EUR_Policy Rate,-0.4000
2018-12-02,EUR_Policy Rate,-0.4000
2018-12-03,EUR_Policy Rate,-0.4000
2018-12-04,EUR_Policy Rate,-0.4000
2018-12-05,EUR_Policy Rate,-0.4000
2018-12-06,EUR_Policy Rate,-0.4000
2018-12-07,EUR_Policy Rate,-0.4000
2018-12-08,EUR_Policy Rate,-0.4000
2018-12-09,EUR_Policy Rate,-0.4000
2018-12-10,EUR_Policy Rate,-0.4000
2018-12-11,EUR_Policy Rate,-0.4000
2018-12-12,EUR_Policy Rate,-0.4000
2018-12-13,EUR_Policy Rate,-0.4000
2018-12-14,EUR_Policy Rate,-0.4000
2018-12-15,EUR_Policy Rate,-0.4000
2018-12-16,EUR_Policy Rate,-0.4000
2018-12-17,EUR_Policy Rate,-0.4000
2018-12-18,EUR_Policy Rate,-0.4000
2018-12-19,EUR_Policy Rate,-0.4000
2018-12-20,EUR_Policy Rate,-0.4000
2018-12-21,EUR_Policy Rate,-0.4000
2018-12-22,EUR_Policy Rate,-0.4000
2018-12-23,EUR_Policy Rate,-0.4000
2018-12-24,EUR_Policy Rate,-0.4000
2018-12-25,EUR_Policy Rate,-0.4000
2018-12-26,EUR_Policy Rate,-0.4000
2018-12-27,EUR_Policy Rate,-0.4000
2018-12-28,EUR_Policy Rate,-0.4000
2018-12-29,EUR_Policy Rate,-0.4000
2018-12-30,EUR_Policy Rate,-0.4000
2018-12-31,EUR_Policy Rate,-0.4000
2019-01-01,EUR_Policy Rate,-0.4000
2019-01-02,EUR_Policy Rate,-0.4000
2019-01-03,EUR_Policy Rate,-0.4000
2019-01-04,EUR_Policy Rate,-0.4000
2019-01-05,EUR_Policy Rate,-0.4000
2019-01-06,EUR_Policy Rate,-0.4000
2019-01-07,EUR_Policy Rate,-0.4000
2019-01-08,EUR_Policy Rate,-0.4000
2019-01-09,EUR_Policy Rate,-0.4000
2019-01-10,EUR_Policy Rate,-0.4000
2019-01-11,EUR_Policy Rate,-0.4000
2019-01-12,EUR_Policy Rate,-0.4000
2019-01-13,EUR_Policy Rate,-0.4000
2019-01-14,EUR_Policy Rate,-0.4000
2019-01-15,EUR_Policy Rate,-0.4000
2019-01-16,EUR_Policy Rate,-0.4000
2019-01-17,EUR_Policy Rate,-0.4000
2019-01-18,EUR_Policy Rate,-0.4000
2019-01-19,EUR_Policy Rate,-0.4000
2019-01-20,EUR_Policy Rate,-0.4000
2019-01-21,EUR_Policy Rate,-0.4000
2019-01-22,EUR_Policy Rate,-0.4000
2019-01-23,EUR_Policy Rate,-0.4000
2019-01-24,EUR_Policy Rate,-0.4000
2019-01-25,EUR_Policy Rate,-0.4000
2019-01-26,EUR_Policy Rate,-0.4000
2019-01-27,EUR_Policy Rate,-0.4000
2019-01-28,EUR_Policy Rate,-0.4000
2019-01-29,EUR_Policy Rate,-0.4000
2019-01-30,EUR_Policy Rate,-0.4000
2019-01-31,EUR_Policy Rate,-0.4000
2019-02-01,EUR_Policy Rate,-0.4000
2019-02-02,EUR_Policy Rate,-0.4000
2019-02-03,EUR_Policy Rate,-0.4000
2019-02-04,EUR_Policy Rate,-0.4000
2019-02-05,EUR_Policy Rate,-0.4000
2019-02-06,EUR_Policy Rate,-0.4000
2019-02-07,EUR_Policy Rate,-0.4000
2019-02-08,EUR_Policy Rate,-0.4000
2019-02-09,EUR_Policy Rate,-0.4000
2019-02-10,EUR_Policy Rate,-0.4000
2019-02-11,EUR_Policy Rate,-0.4000
2019-02-12,EUR_Policy Rate,-0.4000
2019-02-13,EUR_Policy Rate,-0.4000
2019-02-14,EUR_Policy Rate,-0.4000
2019-02-15,EUR_Policy Rate,-0.4000
2019-02-16,EUR_Policy Rate,-0.4000
2019-02-17,EUR_Policy Rate,-0.4000
2019-02-18,EUR_Policy Rate,-0.4000
2019-02-19,EUR_Policy Rate,-0.4000
2019-02-20,EUR_Policy Rate,-0.4000
2019-02-21,EUR_Policy Rate,-0.4000
2019-02-22,EUR_Policy Rate,-0.4000
2019-02-23,EUR_Policy Rate,-0.4000
2019-02-24,EUR_Policy Rate,-0.4000
2019-02-25,EUR_Policy Rate,-0.4000
2019-02-26,EUR_Policy Rate,-0.4000
2019-02-27,EUR_Policy Rate,-0.4000
2019-02-28,EUR_Policy Rate,-0.4000
2019-03-01,EUR_Policy Rate,-0.4000
2019-03-02,EUR_Policy Rate,-0.4000
2019-03-03,EUR_Policy Rate,-0.4000
2019-03-04,EUR_Policy Rate,-0.4000
2019-03-05,EUR_Policy Rate,-0.4000
2019-03-06,EUR_Policy Rate,-0.4000
2019-03-07,EUR_Policy Rate,-0.4000
2019-03-08,EUR_Policy Rate,-0.4000
2019-03-09,EUR_Policy Rate,-0.4000
2019-03-10,EUR_Policy Rate,-0.4000
2019-03-11,EUR_Policy Rate,-0.4000
2019-03-12,EUR_Policy Rate,-0.4000
2019-03-13,EUR_Policy Rate,-0.4000
2019-03-14,EUR_Policy Rate,-0.4000
2019-03-15,EUR_Policy Rate,-0.4000
2019-03-16,EUR_Policy Rate,-0.4000
2019-03-17,EUR_Policy Rate,-0.4000
2019-03-18,EUR_Policy Rate,-0.4000
2019-03-19,EUR_Policy Rate,-0.4000
2019-03-20,EUR_Policy Rate,-0.4000
2019-03-21,EUR_Policy Rate,-0.4000
2019-03-22,EUR_Policy Rate,-0.4000
2019-03-23,EUR_Policy Rate,-0.4000
2019-03-24,EUR_Policy Rate,-0.4000
2019-03-25,EUR_Policy Rate,-0.4000
2019-03-26,EUR_Policy Rate,-0.4000
2019-03-27,EUR_Policy Rate,-0.4000
2019-03-28,EUR_Policy Rate,-0.4000
2019-03-29,EUR_Policy Rate,-0.4000
2019-03-30,EUR_Policy Rate,-0.4000
2019-03-31,EUR_Policy Rate,-0.4000
2019-04-01,EUR_Policy Rate,-0.4000
2019-04-02,EUR_Policy Rate,-0.4000
2019-04-03,EUR_Policy Rate,-0.4000
2019-04-04,EUR_Policy Rate,-0.4000
2019-04-05,EUR_Policy Rate,-0.4000
2019-04-06,EUR_Policy Rate,-0.4000
2019-04-07,EUR_Policy Rate,-0.4000
2019-04-08,EUR_Policy Rate,-0.4000
2019-04-09,EUR_Policy Rate,-0.4000
2019-04-10,EUR_Policy Rate,-0.4000
2019-04-11,EUR_Policy Rate,-0.4000
2019-04-12,EUR_Policy Rate,-0.4000
2019-04-13,EUR_Policy Rate,-0.4000
2019-04-14,EUR_Policy Rate,-0.4000
2019-04-15,EUR_Policy Rate,-0.4000
2019-04-16,EUR_Policy Rate,-0.4000
2019-04-17,EUR_Policy Rate,-0.4000
2019-04-18,EUR_Policy Rate,-0.4000
2019-04-19,EUR_Policy Rate,-0.4000
2019-04-20,EUR_Policy Rate,-0.4000
2019-04-21,EUR_Policy Rate,-0.4000
2019-04-22,EUR_Policy Rate,-0.4000
2019-04-23,EUR_Policy Rate,-0.4000
2019-04-24,EUR_Policy Rate,-0.4000
2019-04-25,EUR_Policy Rate,-0.4000
2019-04-26,EUR_Policy Rate,-0.4000
2019-04-27,EUR_Policy Rate,-0.4000
2019-04-28,EUR_Policy Rate,-0.4000
2019-04-29,EUR_Policy Rate,-0.4000
2019-04-30,EUR_Policy Rate,-0.4000
2019-05-01,EUR_Policy Rate,-0.4000
2019-05-02,EUR_Policy Rate,-0.4000
2019-05-03,EUR_Policy Rate,-0.4000
2019-05-04,EUR_Policy Rate,-0.4000
2019-05-05,EUR_Policy Rate,-0.4000
2019-05-06,EUR_Policy Rate,-0.4000
2019-05-07,EUR_Policy Rate,-0.4000
2019-05-08,EUR_Policy Rate,-0.4000
2019-05-09,EUR_Policy Rate,-0.4000
2019-05-10,EUR_Policy Rate,-0.4000
2019-05-11,EUR_Policy Rate,-0.4000
2019-05-12,EUR_Policy Rate,-0.4000
2019-05-13,EUR_Policy Rate,-0.4000
2019-05-14,EUR_Policy Rate,-0.4000
2019-05-15,EUR_Policy Rate,-0.4000
2019-05-16,EUR_Policy Rate,-0.4000
2019-05-17,EUR_Policy Rate,-0.4000
2019-05-18,EUR_Policy Rate,-0.4000
2019-05-19,EUR_Policy Rate,-0.4000
2019-05-20,EUR_Policy Rate,-0.4000
2019-05-21,EUR_Policy Rate,-0.4000
2019-05-22,EUR_Policy Rate,-0.4000
2019-05-23,EUR_Policy Rate,-0.4000
2019-05-24,EUR_Policy Rate,-0.4000
2019-05-25,EUR_Policy Rate,-0.4000
2019-05-26,EUR_Policy Rate,-0.4000
2019-05-27,EUR_Policy Rate,-0.4000
2019-05-28,EUR_Policy Rate,-0.4000
2019-05-29,EUR_Policy Rate,-0.4000
2019-05-30,EUR_Policy Rate,-0.4000
2019-05-31,EUR_Policy Rate,-0.4000
2019-06-01,EUR_Policy Rate,-0.4000
2019-06-02,EUR_Policy Rate,-0.4000
2019-06-03,EUR_Policy Rate,-0.4000
2019-06-04,EUR_Policy Rate,-0.4000
2019-06-05,EUR_Policy Rate,-0.4000
2019-06-06,EUR_Policy Rate,-0.4000
2019-06-07,EUR_Policy Rate,-0.4000
2019-06-08,EUR_Policy Rate,-0.4000
2019-06-09,EUR_Policy Rate,-0.4000
2019-06-10,EUR_Policy Rate,-0.4000
2019-06-11,EUR_Policy Rate,-0.4000
2019-06-12,EUR_Policy Rate,-0.4000
2019-06-13,EUR_Policy Rate,-0.4000
2019-06-14,EUR_Policy Rate,-0.4000
2019-06-15,EUR_Policy Rate,-0.4000
2019-06-16,EUR_Policy Rate,-0.4000
2019-06-17,EUR_Policy Rate,-0.4000
2019-06-18,EUR_Policy Rate,-0.4000
2019-06-19,EUR_Policy Rate,-0.4000
2019-06-20,EUR_Policy Rate,-0.4000
2019-06-21,EUR_Policy Rate,-0.4000
2019-06-22,EUR_Policy Rate,-0.4000
2019-06-23,EUR_Policy Rate,-0.4000
2019-06-24,EUR_Policy Rate,-0.4000
2019-06-25,EUR_Policy Rate,-0.4000
2019-06-26,EUR_Policy Rate,-0.4000
2019-06-27,EUR_Policy Rate,-0.4000
2019-06-28,EUR_Policy Rate,-0.4000
2019-06-29,EUR_Policy Rate,-0.4000
2019-06-30,EUR_Policy Rate,-0.4000
2019-07-01,EUR_Policy Rate,-0.4000
2019-07-02,EUR_Policy Rate,-0.4000
2019-07-03,EUR_Policy Rate,-0.4000
2019-07-04,EUR_Policy Rate,-0.4000
2019-07-05,EUR_Policy Rate,-0.4000
2019-07-06,EUR_Policy Rate,-0.4000
2019-07-07,EUR_Policy Rate,-0.4000
2019-07-08,EUR_Policy Rate,-0.4000
2019-07-09,EUR_Policy Rate,-0.4000
2019-07-10,EUR_Policy Rate,-0.4000
2019-07-11,EUR_Policy Rate,-0.4000
2019-07-12,EUR_Policy Rate,-0.4000
2019-07-13,EUR_Policy Rate,-0.4000
2019-07-14,EUR_Policy Rate,-0.4000
2019-07-15,EUR_Policy Rate,-0.4000
2019-07-16,EUR_Policy Rate,-0.4000
2019-07-17,EUR_Policy Rate,-0.4000
2019-07-18,EUR_Policy Rate,-0.4000
2019-07-19,EUR_Policy Rate,-0.4000
2019-07-20,EUR_Policy Rate,-0.4000
2019-07-21,EUR_Policy Rate,-0.4000
2019-07-22,EUR_Policy Rate,-0.4000
2019-07-23,EUR_Policy Rate,-0.4000
2019-07-24,EUR_Policy Rate,-0.4000
2019-07-25,EUR_Policy Rate,-0.4000
2019-07-26,EUR_Policy Rate,-0.4000
2019-07-27,EUR_Policy Rate,-0.4000
2019-07-28,EUR_Policy Rate,-0.4000
2019-07-29,EUR_Policy Rate,-0.4000
2019-07-30,EUR_Policy Rate,-0.4000
2019-07-31,EUR_Policy Rate,-0.4000
2019-08-01,EUR_Policy Rate,-0.4000
2019-08-02,EUR_Policy Rate,-0.4000
2019-08-03,EUR_Policy Rate,-0.4000
2019-08-04,EUR_Policy Rate,-0.4000
2019-08-05,EUR_Policy Rate,-0.4000
2019-08-06,EUR_Policy Rate,-0.4000
2019-08-07,EUR_Policy Rate,-0.4000
2019-08-08,EUR_Policy Rate,-0.4000
2019-08-09,EUR_Policy Rate,-0.4000
2019-08-10,EUR_Policy Rate,-0.4000
2019-08-11,EUR_Policy Rate,-0.4000
2019-08-12,EUR_Policy Rate,-0.4000
2019-08-13,EUR_Policy Rate,-0.4000
2019-08-14,EUR_Policy Rate,-0.4000
2019-08-15,EUR_Policy Rate,-0.4000
2019-08-16,EUR_Policy Rate,-0.4000
2019-08-17,EUR_Policy Rate,-0.4000
2019-08-18,EUR_Policy Rate,-0.4000
2019-08-19,EUR_Policy Rate,-0.4000
2019-08-20,EUR_Policy Rate,-0.4000
2019-08-21,EUR_Policy Rate,-0.4000
2019-08-22,EUR_Policy Rate,-0.4000
2019-08-23,EUR_Policy Rate,-0.4000
2019-08-24,EUR_Policy Rate,-0.4000
2019-08-25,EUR_Policy Rate,-0.4000
2019-08-26,EUR_Policy Rate,-0.4000
2019-08-27,EUR_Policy Rate,-0.4000
2019-08-28,EUR_Policy Rate,-0.4000
2019-08-29,EUR_Policy Rate,-0.4000
2019-08-30,EUR_Policy Rate,-0.4000
2019-08-31,EUR_Policy Rate,-0.4000
2019-09-01,EUR_Policy Rate,-0.4000
2019-09-02,EUR_Policy Rate,-0.4000
2019-09-03,EUR_Policy Rate,-0.4000
2019-09-04,EUR_Policy Rate,-0.4000
2019-09-05,EUR_Policy Rate,-0.4000
2019-09-06,EUR_Policy Rate,-0.4000
2019-09-07,EUR_Policy Rate,-0.4000
2019-09-08,EUR_Policy Rate,-0.4000
2019-09-09,EUR_Policy Rate,-0.4000
2019-09-10,EUR_Policy Rate,-0.4000
2019-09-11,EUR_Policy Rate,-0.4000
2019-09-12,EUR_Policy Rate,-0.4000
2019-09-13,EUR_Policy Rate,-0.4000
2019-09-14,EUR_Policy Rate,-0.4000
2019-09-15,EUR_Policy Rate,-0.4000
2019-09-16,EUR_Policy Rate,-0.4000
2019-09-17,EUR_Policy Rate,-0.4000
2019-09-18,EUR_Policy Rate,-0.5000
2019-09-19,EUR_Policy Rate,-0.5000
2019-09-20,EUR_Policy Rate,-0.5000
2019-09-21,EUR_Policy Rate,-0.5000
2019-09-22,EUR_Policy Rate,-0.5000
2019-09-23,EUR_Policy Rate,-0.5000
2019-09-24,EUR_Policy Rate,-0.5000
2019-09-25,EUR_Policy Rate,-0.5000
2019-09-26,EUR_Policy Rate,-0.5000
2019-09-27,EUR_Policy Rate,-0.5000
2019-09-28,EUR_Policy Rate,-0.5000
2019-09-29,EUR_Policy Rate,-0.5000
2019-09-30,EUR_Policy Rate,-0.5000
2019-10-01,EUR_Policy Rate,-0.5000
2019-10-02,EUR_Policy Rate,-0.5000
2019-10-03,EUR_Policy Rate,-0.5000
2019-10-04,EUR_Policy Rate,-0.5000
2019-10-05,EUR_Policy Rate,-0.5000
2019-10-06,EUR_Policy Rate,-0.5000
2019-10-07,EUR_Policy Rate,-0.5000
2019-10-08,EUR_Policy Rate,-0.5000
2019-10-09,EUR_Policy Rate,-0.5000
2019-10-10,EUR_Policy Rate,-0.5000
2019-10-11,EUR_Policy Rate,-0.5000
2019-10-12,EUR_Policy Rate,-0.5000
2019-10-13,EUR_Policy Rate,-0.5000
2019-10-14,EUR_Policy Rate,-0.5000
2019-10-15,EUR_Policy Rate,-0.5000
2019-10-16,EUR_Policy Rate,-0.5000
2019-10-17,EUR_Policy Rate,-0.5000
2019-10-18,EUR_Policy Rate,-0.5000
2019-10-19,EUR_Policy Rate,-0.5000
2019-10-20,EUR_Policy Rate,-0.5000
2019-10-21,EUR_Policy Rate,-0.5000
2019-10-22,EUR_Policy Rate,-0.5000
2019-10-23,EUR_Policy Rate,-0.5000
2019-10-24,EUR_Policy Rate,-0.5000
2019-10-25,EUR_Policy Rate,-0.5000
2019-10-26,EUR_Policy Rate,-0.5000
2019-10-27,EUR_Policy Rate,-0.5000
2019-10-28,EUR_Policy Rate,-0.5000
2019-10-29,EUR_Policy Rate,-0.5000
2019-10-30,EUR_Policy Rate,-0.5000
2019-10-31,EUR_Policy Rate,-0.5000
2019-11-01,EUR_Policy Rate,-0.5000
2019-11-02,EUR_Policy Rate,-0.5000
2019-11-03,EUR_Policy Rate,-0.5000
2019-11-04,EUR_Policy Rate,-0.5000
2019-11-05,EUR_Policy Rate,-0.5000
2019-11-06,EUR_Policy Rate,-0.5000
2019-11-07,EUR_Policy Rate,-0.5000
2019-11-08,EUR_Policy Rate,-0.5000
2019-11-09,EUR_Policy Rate,-0.5000
2019-11-10,EUR_Policy Rate,-0.5000
2019-11-11,EUR_Policy Rate,-0.5000
2019-11-12,EUR_Policy Rate,-0.5000
2019-11-13,EUR_Policy Rate,-0.5000
2019-11-14,EUR_Policy Rate,-0.5000
2019-11-15,EUR_Policy Rate,-0.5000
2019-11-16,EUR_Policy Rate,-0.5000
2019-11-17,EUR_Policy Rate,-0.5000
2019-11-18,EUR_Policy Rate,-0.5000
2019-11-19,EUR_Policy Rate,-0.5000
2019-11-20,EUR_Policy Rate,-0.5000
2019-11-21,EUR_Policy Rate,-0.5000
2019-11-22,EUR_Policy Rate,-0.5000
2019-11-23,EUR_Policy Rate,-0.5000
2019-11-24,EUR_Policy Rate,-0.5000
2019-11-25,EUR_Policy Rate,-0.5000
2019-11-26,EUR_Policy Rate,-0.5000
2019-11-27,EUR_Policy Rate,-0.5000
2019-11-28,EUR_Policy Rate,-0.5000
2019-11-29,EUR_Policy Rate,-0.5000
2019-11-30,EUR_Policy Rate,-0.5000
2019-12-01,EUR_Policy Rate,-0.5000
2019-12-02,EUR_Policy Rate,-0.5000
2019-12-03,EUR_Policy Rate,-0.5000
2019-12-04,EUR_Policy Rate,-0.5000
2019-12-05,EUR_Policy Rate,-0.5000
2019-12-06,EUR_Policy Rate,-0.5000
2019-12-07,EUR_Policy Rate,-0.5000
2019-12-08,EUR_Policy Rate,-0.5000
2019-12-09,EUR_Policy Rate,-0.5000
2019-12-10,EUR_Policy Rate,-0.5000
2019-12-11,EUR_Policy Rate,-0.5000
2019-12-12,EUR_Policy Rate,-0.5000
2019-12-13,EUR_Policy Rate,-0.5000
2019-12-14,EUR_Policy Rate,-0.5000
2019-12-15,EUR_Policy Rate,-0.5000
2019-12-16,EUR_Policy Rate,-0.5000
2019-12-17,EUR_Policy Rate,-0.5000
2019-12-18,EUR_Policy Rate,-0.5000
2019-12-19,EUR_Policy Rate,-0.5000
2019-12-20,EUR_Policy Rate,-0.5000
2019-12-21,EUR_Policy Rate,-0.5000
2019-12-22,EUR_Policy Rate,-0.5000
2019-12-23,EUR_Policy Rate,-0.5000
2019-12-24,EUR_Policy Rate,-0.5000
2019-12-25,EUR_Policy Rate,-0.5000
2019-12-26,EUR_Policy Rate,-0.5000
2019-12-27,EUR_Policy Rate,-0.5000
2019-12-28,EUR_Policy Rate,-0.5000
2019-12-29,EUR_Policy Rate,-0.5000
2019-12-30,EUR_Policy Rate,-0.5000
2019-12-31,EUR_Policy Rate,-0.5000
2020-01-01,EUR_Policy Rate,-0.5000
2020-01-02,EUR_Policy Rate,-0.5000
2020-01-03,EUR_Policy Rate,-0.5000
2020-01-04,EUR_Policy Rate,-0.5000
2020-01-05,EUR_Policy Rate,-0.5000
2020-01-06,EUR_Policy Rate,-0.5000
2020-01-07,EUR_Policy Rate,-0.5000
2020-01-08,EUR_Policy Rate,-0.5000
2020-01-09,EUR_Policy Rate,-0.5000
2020-01-10,EUR_Policy Rate,-0.5000
2020-01-11,EUR_Policy Rate,-0.5000
2020-01-12,EUR_Policy Rate,-0.5000
2020-01-13,EUR_Policy Rate,-0.5000
2020-01-14,EUR_Policy Rate,-0.5000
2020-01-15,EUR_Policy Rate,-0.5000
2020-01-16,EUR_Policy Rate,-0.5000
2020-01-17,EUR_Policy Rate,-0.5000
2020-01-18,EUR_Policy Rate,-0.5000
2020-01-19,EUR_Policy Rate,-0.5000
2020-01-20,EUR_Policy Rate,-0.5000
2020-01-21,EUR_Policy Rate,-0.5000
2020-01-22,EUR_Policy Rate,-0.5000
2020-01-23,EUR_Policy Rate,-0.5000
2020-01-24,EUR_Policy Rate,-0.5000
2020-01-25,EUR_Policy Rate,-0.5000
2020-01-26,EUR_Policy Rate,-0.5000
2020-01-27,EUR_Policy Rate,-0.5000
2020-01-28,EUR_Policy Rate,-0.5000
2020-01-29,EUR_Policy Rate,-0.5000
2020-01-30,EUR_Policy Rate,-0.5000
2020-01-31,EUR_Policy Rate,-0.5000
2020-02-01,EUR_Policy Rate,-0.5000
2020-02-02,EUR_Policy Rate,-0.5000
2020-02-03,EUR_Policy Rate,-0.5000
2020-02-04,EUR_Policy Rate,-0.5000
2020-02-05,EUR_Policy Rate,-0.5000
2020-02-06,EUR_Policy Rate,-0.5000
2020-02-07,EUR_Policy Rate,-0.5000
2020-02-08,EUR_Policy Rate,-0.5000
2020-02-09,EUR_Policy Rate,-0.5000
2020-02-10,EUR_Policy Rate,-0.5000
2020-02-11,EUR_Policy Rate,-0.5000
2020-02-12,EUR_Policy Rate,-0.5000
2020-02-13,EUR_Policy Rate,-0.5000
2020-02-14,EUR_Policy Rate,-0.5000
2020-02-15,EUR_Policy Rate,-0.5000
2020-02-16,EUR_Policy Rate,-0.5000
2020-02-17,EUR_Policy Rate,-0.5000
2020-02-18,EUR_Policy Rate,-0.5000
2020-02-19,EUR_Policy Rate,-0.5000
2020-02-20,EUR_Policy Rate,-0.5000
2020-02-21,EUR_Policy Rate,-0.5000
2020-02-22,EUR_Policy Rate,-0.5000
2020-02-23,EUR_Policy Rate,-0.5000
2020-02-24,EUR_Policy Rate,-0.5000
2020-02-25,EUR_Policy Rate,-0.5000
2020-02-26,EUR_Policy Rate,-0.5000
2020-02-27,EUR_Policy Rate,-0.5000
2020-02-28,EUR_Policy Rate,-0.5000
2020-02-29,EUR_Policy Rate,-0.5000
2020-03-01,EUR_Policy Rate,-0.5000
2020-03-02,EUR_Policy Rate,-0.5000
2020-03-03,EUR_Policy Rate,-0.5000
2020-03-04,EUR_Policy Rate,-0.5000
2020-03-05,EUR_Policy Rate,-0.5000
2020-03-06,EUR_Policy Rate,-0.5000
2020-03-07,EUR_Policy Rate,-0.5000
2020-03-08,EUR_Policy Rate,-0.5000
2020-03-09,EUR_Policy Rate,-0.5000
2020-03-10,EUR_Policy Rate,-0.5000
2020-03-11,EUR_Policy Rate,-0.5000
2020-03-12,EUR_Policy Rate,-0.5000
2020-03-13,EUR_Policy Rate,-0.5000
2020-03-14,EUR_Policy Rate,-0.5000
2020-03-15,EUR_Policy Rate,-0.5000
2020-03-16,EUR_Policy Rate,-0.5000
2020-03-17,EUR_Policy Rate,-0.5000
2020-03-18,EUR_Policy Rate,-0.5000
2020-03-19,EUR_Policy Rate,-0.5000
2020-03-20,EUR_Policy Rate,-0.5000
2020-03-21,EUR_Policy Rate,-0.5000
2020-03-22,EUR_Policy Rate,-0.5000
2020-03-23,EUR_Policy Rate,-0.5000
2020-03-24,EUR_Policy Rate,-0.5000
2020-03-25,EUR_Policy Rate,-0.5000
2020-03-26,EUR_Policy Rate,-0.5000
2020-03-27,EUR_Policy Rate,-0.5000
2020-03-28,EUR_Policy Rate,-0.5000
2020-03-29,EUR_Policy Rate,-0.5000
2020-03-30,EUR_Policy Rate,-0.5000
2020-03-31,EUR_Policy Rate,-0.5000
2020-04-01,EUR_Policy Rate,-0.5000
2020-04-02,EUR_Policy Rate,-0.5000
2020-04-03,EUR_Policy Rate,-0.5000
2020-04-04,EUR_Policy Rate,-0.5000
2020-04-05,EUR_Policy Rate,-0.5000
2020-04-06,EUR_Policy Rate,-0.5000
2020-04-07,EUR_Policy Rate,-0.5000
2020-04-08,EUR_Policy Rate,-0.5000
2020-04-09,EUR_Policy Rate,-0.5000
2020-04-10,EUR_Policy Rate,-0.5000
2020-04-11,EUR_Policy Rate,-0.5000
2020-04-12,EUR_Policy Rate,-0.5000
2020-04-13,EUR_Policy Rate,-0.5000
2020-04-14,EUR_Policy Rate,-0.5000
2020-04-15,EUR_Policy Rate,-0.5000
2020-04-16,EUR_Policy Rate,-0.5000
2020-04-17,EUR_Policy Rate,-0.5000
2020-04-18,EUR_Policy Rate,-0.5000
2020-04-19,EUR_Policy Rate,-0.5000
2020-04-20,EUR_Policy Rate,-0.5000
2020-04-21,EUR_Policy Rate,-0.5000
2020-04-22,EUR_Policy Rate,-0.5000
2020-04-23,EUR_Policy Rate,-0.5000
2020-04-24,EUR_Policy Rate,-0.5000
2020-04-25,EUR_Policy Rate,-0.5000
2020-04-26,EUR_Policy Rate,-0.5000
2020-04-27,EUR_Policy Rate,-0.5000
2020-04-28,EUR_Policy Rate,-0.5000
2020-04-29,EUR_Policy Rate,-0.5000
2020-04-30,EUR_Policy Rate,-0.5000
2020-05-01,EUR_Policy Rate,-0.5000
2020-05-02,EUR_Policy Rate,-0.5000
2020-05-03,EUR_Policy Rate,-0.5000
2020-05-04,EUR_Policy Rate,-0.5000
2020-05-05,EUR_Policy Rate,-0.5000
2020-05-06,EUR_Policy Rate,-0.5000
2020-05-07,EUR_Policy Rate,-0.5000
2020-05-08,EUR_Policy Rate,-0.5000
2020-05-09,EUR_Policy Rate,-0.5000
2020-05-10,EUR_Policy Rate,-0.5000
2020-05-11,EUR_Policy Rate,-0.5000
2020-05-12,EUR_Policy Rate,-0.5000
2020-05-13,EUR_Policy Rate,-0.5000
2020-05-14,EUR_Policy Rate,-0.5000
2020-05-15,EUR_Policy Rate,-0.5000
2020-05-16,EUR_Policy Rate,-0.5000
2020-05-17,EUR_Policy Rate,-0.5000
2020-05-18,EUR_Policy Rate,-0.5000
2020-05-19,EUR_Policy Rate,-0.5000
2020-05-20,EUR_Policy Rate,-0.5000
2020-05-21,EUR_Policy Rate,-0.5000
2020-05-22,EUR_Policy Rate,-0.5000
2020-05-23,EUR_Policy Rate,-0.5000
2020-05-24,EUR_Policy Rate,-0.5000
2020-05-25,EUR_Policy Rate,-0.5000
2020-05-26,EUR_Policy Rate,-0.5000
2020-05-27,EUR_Policy Rate,-0.5000
2020-05-28,EUR_Policy Rate,-0.5000
2020-05-29,EUR_Policy Rate,-0.5000
2020-05-30,EUR_Policy Rate,-0.5000
2020-05-31,EUR_Policy Rate,-0.5000
2020-06-01,EUR_Policy Rate,-0.5000
2020-06-02,EUR_Policy Rate,-0.5000
2020-06-03,EUR_Policy Rate,-0.5000
2020-06-04,EUR_Policy Rate,-0.5000
2020-06-05,EUR_Policy Rate,-0.5000
2020-06-06,EUR_Policy Rate,-0.5000
2020-06-07,EUR_Policy Rate,-0.5000
2020-06-08,EUR_Policy Rate,-0.5000
2020-06-09,EUR_Policy Rate,-0.5000
2020-06-10,EUR_Policy Rate,-0.5000
2020-06-11,EUR_Policy Rate,-0.5000
2020-06-12,EUR_Policy Rate,-0.5000
2020-06-13,EUR_Policy Rate,-0.5000
2020-06-14,EUR_Policy Rate,-0.5000
2020-06-15,EUR_Policy Rate,-0.5000
2020-06-16,EUR_Policy Rate,-0.5000
2020-06-17,EUR_Policy Rate,-0.5000
2020-06-18,EUR_Policy Rate,-0.5000
2020-06-19,EUR_Policy Rate,-0.5000
2020-06-20,EUR_Policy Rate,-0.5000
2020-06-21,EUR_Policy Rate,-0.5000
2020-06-22,EUR_Policy Rate,-0.5000
2020-06-23,EUR_Policy Rate,-0.5000
2020-06-24,EUR_Policy Rate,-0.5000
2020-06-25,EUR_Policy Rate,-0.5000
2020-06-26,EUR_Policy Rate,-0.5000
2020-06-27,EUR_Policy Rate,-0.5000
2020-06-28,EUR_Policy Rate,-0.5000
2020-06-29,EUR_Policy Rate,-0.5000
2020-06-30,EUR_Policy Rate,-0.5000
2020-07-01,EUR_Policy Rate,-0.5000
2020-07-02,EUR_Policy Rate,-0.5000
2020-07-03,EUR_Policy Rate,-0.5000
2020-07-04,EUR_Policy Rate,-0.5000
2020-07-05,EUR_Policy Rate,-0.5000
2020-07-06,EUR_Policy Rate,-0.5000
2020-07-07,EUR_Policy Rate,-0.5000
2020-07-08,EUR_Policy Rate,-0.5000
2020-07-09,EUR_Policy Rate,-0.5000
2020-07-10,EUR_Policy Rate,-0.5000
2020-07-11,EUR_Policy Rate,-0.5000
2020-07-12,EUR_Policy Rate,-0.5000
2020-07-13,EUR_Policy Rate,-0.5000
2020-07-14,EUR_Policy Rate,-0.5000
2020-07-15,EUR_Policy Rate,-0.5000
2020-07-16,EUR_Policy Rate,-0.5000
2020-07-17,EUR_Policy Rate,-0.5000
2020-07-18,EUR_Policy Rate,-0.5000
2020-07-19,EUR_Policy Rate,-0.5000
2020-07-20,EUR_Policy Rate,-0.5000
2020-07-21,EUR_Policy Rate,-0.5000
2020-07-22,EUR_Policy Rate,-0.5000
2020-07-23,EUR_Policy Rate,-0.5000
2020-07-24,EUR_Policy Rate,-0.5000
2020-07-25,EUR_Policy Rate,-0.5000
2020-07-26,EUR_Policy Rate,-0.5000
2020-07-27,EUR_Policy Rate,-0.5000
2020-07-28,EUR_Policy Rate,-0.5000
2020-07-29,EUR_Policy Rate,-0.5000
2020-07-30,EUR_Policy Rate,-0.5000
2020-07-31,EUR_Policy Rate,-0.5000
2020-08-01,EUR_Policy Rate,-0.5000
2020-08-02,EUR_Policy Rate,-0.5000
2020-08-03,EUR_Policy Rate,-0.5000
2020-08-04,EUR_Policy Rate,-0.5000
2020-08-05,EUR_Policy Rate,-0.5000
2020-08-06,EUR_Policy Rate,-0.5000
2020-08-07,EUR_Policy Rate,-0.5000
2020-08-08,EUR_Policy Rate,-0.5000
2020-08-09,EUR_Policy Rate,-0.5000
2020-08-10,EUR_Policy Rate,-0.5000
2020-08-11,EUR_Policy Rate,-0.5000
2020-08-12,EUR_Policy Rate,-0.5000
2020-08-13,EUR_Policy Rate,-0.5000
2020-08-14,EUR_Policy Rate,-0.5000
2020-08-15,EUR_Policy Rate,-0.5000
2020-08-16,EUR_Policy Rate,-0.5000
2020-08-17,EUR_Policy Rate,-0.5000
2020-08-18,EUR_Policy Rate,-0.5000
2020-08-19,EUR_Policy Rate,-0.5000
2020-08-20,EUR_Policy Rate,-0.5000
2020-08-21,EUR_Policy Rate,-0.5000
2020-08-22,EUR_Policy Rate,-0.5000
2020-08-23,EUR_Policy Rate,-0.5000
2020-08-24,EUR_Policy Rate,-0.5000
2020-08-25,EUR_Policy Rate,-0.5000
2020-08-26,EUR_Policy Rate,-0.5000
2020-08-27,EUR_Policy Rate,-0.5000
2020-08-28,EUR_Policy Rate,-0.5000
2020-08-29,EUR_Policy Rate,-0.5000
2020-08-30,EUR_Policy Rate,-0.5000
2020-08-31,EUR_Policy Rate,-0.5000
2020-09-01,EUR_Policy Rate,-0.5000
2020-09-02,EUR_Policy Rate,-0.5000
2020-09-03,EUR_Policy Rate,-0.5000
2020-09-04,EUR_Policy Rate,-0.5000
2020-09-05,EUR_Policy Rate,-0.5000
2020-09-06,EUR_Policy Rate,-0.5000
2020-09-07,EUR_Policy Rate,-0.5000
2020-09-08,EUR_Policy Rate,-0.5000
2020-09-09,EUR_Policy Rate,-0.5000
2020-09-10,EUR_Policy Rate,-0.5000
2020-09-11,EUR_Policy Rate,-0.5000
2020-09-12,EUR_Policy Rate,-0.5000
2020-09-13,EUR_Policy Rate,-0.5000
2020-09-14,EUR_Policy Rate,-0.5000
2020-09-15,EUR_Policy Rate,-0.5000
2020-09-16,EUR_Policy Rate,-0.5000
2020-09-17,EUR_Policy Rate,-0.5000
2020-09-18,EUR_Policy Rate,-0.5000
2020-09-19,EUR_Policy Rate,-0.5000
2020-09-20,EUR_Policy Rate,-0.5000
2020-09-21,EUR_Policy Rate,-0.5000
2020-09-22,EUR_Policy Rate,-0.5000
2020-09-23,EUR_Policy Rate,-0.5000
2020-09-24,EUR_Policy Rate,-0.5000
2020-09-25,EUR_Policy Rate,-0.5000
2020-09-26,EUR_Policy Rate,-0.5000
2020-09-27,EUR_Policy Rate,-0.5000
2020-09-28,EUR_Policy Rate,-0.5000
2020-09-29,EUR_Policy Rate,-0.5000
2020-09-30,EUR_Policy Rate,-0.5000
2020-10-01,EUR_Policy Rate,-0.5000
2020-10-02,EUR_Policy Rate,-0.5000
2020-10-03,EUR_Policy Rate,-0.5000
2020-10-04,EUR_Policy Rate,-0.5000
2020-10-05,EUR_Policy Rate,-0.5000
2020-10-06,EUR_Policy Rate,-0.5000
2020-10-07,EUR_Policy Rate,-0.5000
2020-10-08,EUR_Policy Rate,-0.5000
2020-10-09,EUR_Policy Rate,-0.5000
2020-10-10,EUR_Policy Rate,-0.5000
2020-10-11,EUR_Policy Rate,-0.5000
2020-10-12,EUR_Policy Rate,-0.5000
2020-10-13,EUR_Policy Rate,-0.5000
2020-10-14,EUR_Policy Rate,-0.5000
2020-10-15,EUR_Policy Rate,-0.5000
2020-10-16,EUR_Policy Rate,-0.5000
2020-10-17,EUR_Policy Rate,-0.5000
2020-10-18,EUR_Policy Rate,-0.5000
2020-10-19,EUR_Policy Rate,-0.5000
2020-10-20,EUR_Policy Rate,-0.5000
2020-10-21,EUR_Policy Rate,-0.5000
2020-10-22,EUR_Policy Rate,-0.5000
2020-10-23,EUR_Policy Rate,-0.5000
2020-10-24,EUR_Policy Rate,-0.5000
2020-10-25,EUR_Policy Rate,-0.5000
2020-10-26,EUR_Policy Rate,-0.5000
2020-10-27,EUR_Policy Rate,-0.5000
2020-10-28,EUR_Policy Rate,-0.5000
2020-10-29,EUR_Policy Rate,-0.5000
2020-10-30,EUR_Policy Rate,-0.5000
2020-10-31,EUR_Policy Rate,-0.5000
2020-11-01,EUR_Policy Rate,-0.5000
2020-11-02,EUR_Policy Rate,-0.5000
2020-11-03,EUR_Policy Rate,-0.5000
2020-11-04,EUR_Policy Rate,-0.5000
2020-11-05,EUR_Policy Rate,-0.5000
2020-11-06,EUR_Policy Rate,-0.5000
2020-11-07,EUR_Policy Rate,-0.5000
2020-11-08,EUR_Policy Rate,-0.5000
2020-11-09,EUR_Policy Rate,-0.5000
2020-11-10,EUR_Policy Rate,-0.5000
2020-11-11,EUR_Policy Rate,-0.5000
2020-11-12,EUR_Policy Rate,-0.5000
2020-11-13,EUR_Policy Rate,-0.5000
2020-11-14,EUR_Policy Rate,-0.5000
2020-11-15,EUR_Policy Rate,-0.5000
2020-11-16,EUR_Policy Rate,-0.5000
2020-11-17,EUR_Policy Rate,-0.5000
2020-11-18,EUR_Policy Rate,-0.5000
2020-11-19,EUR_Policy Rate,-0.5000
2020-11-20,EUR_Policy Rate,-0.5000
2020-11-21,EUR_Policy Rate,-0.5000
2020-11-22,EUR_Policy Rate,-0.5000
2020-11-23,EUR_Policy Rate,-0.5000
2020-11-24,EUR_Policy Rate,-0.5000
2020-11-25,EUR_Policy Rate,-0.5000
2020-11-26,EUR_Policy Rate,-0.5000
2020-11-27,EUR_Policy Rate,-0.5000
2020-11-28,EUR_Policy Rate,-0.5000
2020-11-29,EUR_Policy Rate,-0.5000
2020-11-30,EUR_Policy Rate,-0.5000
2020-12-01,EUR_Policy Rate,-0.5000
2020-12-02,EUR_Policy Rate,-0.5000
2020-12-03,EUR_Policy Rate,-0.5000
2020-12-04,EUR_Policy Rate,-0.5000
2020-12-05,EUR_Policy Rate,-0.5000
2020-12-06,EUR_Policy Rate,-0.5000
2020-12-07,EUR_Policy Rate,-0.5000
2020-12-08,EUR_Policy Rate,-0.5000
2020-12-09,EUR_Policy Rate,-0.5000
2020-12-10,EUR_Policy Rate,-0.5000
2020-12-11,EUR_Policy Rate,-0.5000
2020-12-12,EUR_Policy Rate,-0.5000
2020-12-13,EUR_Policy Rate,-0.5000
2020-12-14,EUR_Policy Rate,-0.5000
2020-12-15,EUR_Policy Rate,-0.5000
2020-12-16,EUR_Policy Rate,-0.5000
2020-12-17,EUR_Policy Rate,-0.5000
2020-12-18,EUR_Policy Rate,-0.5000
2020-12-19,EUR_Policy Rate,-0.5000
2020-12-20,EUR_Policy Rate,-0.5000
2020-12-21,EUR_Policy Rate,-0.5000
2020-12-22,EUR_Policy Rate,-0.5000
2020-12-23,EUR_Policy Rate,-0.5000
2020-12-24,EUR_Policy Rate,-0.5000
2020-12-25,EUR_Policy Rate,-0.5000
2020-12-26,EUR_Policy Rate,-0.5000
2020-12-27,EUR_Policy Rate,-0.5000
2020-12-28,EUR_Policy Rate,-0.5000
2020-12-29,EUR_Policy Rate,-0.5000
2020-12-30,EUR_Policy Rate,-0.5000
2020-12-31,EUR_Policy Rate,-0.5000
2021-01-01,EUR_Policy Rate,-0.5000
2021-01-02,EUR_Policy Rate,-0.5000
2021-01-03,EUR_Policy Rate,-0.5000
2021-01-04,EUR_Policy Rate,-0.5000
2021-01-05,EUR_Policy Rate,-0.5000
2021-01-06,EUR_Policy Rate,-0.5000
2021-01-07,EUR_Policy Rate,-0.5000
2021-01-08,EUR_Policy Rate,-0.5000
2021-01-09,EUR_Policy Rate,-0.5000
2021-01-10,EUR_Policy Rate,-0.5000
2021-01-11,EUR_Policy Rate,-0.5000
2021-01-12,EUR_Policy Rate,-0.5000
2021-01-13,EUR_Policy Rate,-0.5000
2021-01-14,EUR_Policy Rate,-0.5000
2021-01-15,EUR_Policy Rate,-0.5000
2021-01-16,EUR_Policy Rate,-0.5000
2021-01-17,EUR_Policy Rate,-0.5000
2021-01-18,EUR_Policy Rate,-0.5000
2021-01-19,EUR_Policy Rate,-0.5000
2021-01-20,EUR_Policy Rate,-0.5000
2021-01-21,EUR_Policy Rate,-0.5000
2021-01-22,EUR_Policy Rate,-0.5000
2021-01-23,EUR_Policy Rate,-0.5000
2021-01-24,EUR_Policy Rate,-0.5000
2021-01-25,EUR_Policy Rate,-0.5000
2021-01-26,EUR_Policy Rate,-0.5000
2021-01-27,EUR_Policy Rate,-0.5000
2021-01-28,EUR_Policy Rate,-0.5000
2021-01-29,EUR_Policy Rate,-0.5000
2021-01-30,EUR_Policy Rate,-0.5000
2021-01-31,EUR_Policy Rate,-0.5000
2021-02-01,EUR_Policy Rate,-0.5000
2021-02-02,EUR_Policy Rate,-0.5000
2021-02-03,EUR_Policy Rate,-0.5000
2021-02-04,EUR_Policy Rate,-0.5000
2021-02-05,EUR_Policy Rate,-0.5000
2021-02-06,EUR_Policy Rate,-0.5000
2021-02-07,EUR_Policy Rate,-0.5000
2021-02-08,EUR_Policy Rate,-0.5000
2021-02-09,EUR_Policy Rate,-0.5000
2021-02-10,EUR_Policy Rate,-0.5000
2021-02-11,EUR_Policy Rate,-0.5000
2021-02-12,EUR_Policy Rate,-0.5000
2021-02-13,EUR_Policy Rate,-0.5000
2021-02-14,EUR_Policy Rate,-0.5000
2021-02-15,EUR_Policy Rate,-0.5000
2021-02-16,EUR_Policy Rate,-0.5000
2021-02-17,EUR_Policy Rate,-0.5000
2021-02-18,EUR_Policy Rate,-0.5000
2021-02-19,EUR_Policy Rate,-0.5000
2021-02-20,EUR_Policy Rate,-0.5000
2021-02-21,EUR_Policy Rate,-0.5000
2021-02-22,EUR_Policy Rate,-0.5000
2021-02-23,EUR_Policy Rate,-0.5000
2021-02-24,EUR_Policy Rate,-0.5000
2021-02-25,EUR_Policy Rate,-0.5000
2021-02-26,EUR_Policy Rate,-0.5000
2021-02-27,EUR_Policy Rate,-0.5000
2021-02-28,EUR_Policy Rate,-0.5000
2021-03-01,EUR_Policy Rate,-0.5000
2021-03-02,EUR_Policy Rate,-0.5000
2021-03-03,EUR_Policy Rate,-0.5000
2021-03-04,EUR_Policy Rate,-0.5000
2021-03-05,EUR_Policy Rate,-0.5000
2021-03-06,EUR_Policy Rate,-0.5000
2021-03-07,EUR_Policy Rate,-0.5000
2021-03-08,EUR_Policy Rate,-0.5000
2021-03-09,EUR_Policy Rate,-0.5000
2021-03-10,EUR_Policy Rate,-0.5000
2021-03-11,EUR_Policy Rate,-0.5000
2021-03-12,EUR_Policy Rate,-0.5000
2021-03-13,EUR_Policy Rate,-0.5000
2021-03-14,EUR_Policy Rate,-0.5000
2021-03-15,EUR_Policy Rate,-0.5000
2021-03-16,EUR_Policy Rate,-0.5000
2021-03-17,EUR_Policy Rate,-0.5000
2021-03-18,EUR_Policy Rate,-0.5000
2021-03-19,EUR_Policy Rate,-0.5000
2021-03-20,EUR_Policy Rate,-0.5000
2021-03-21,EUR_Policy Rate,-0.5000
2021-03-22,EUR_Policy Rate,-0.5000
2021-03-23,EUR_Policy Rate,-0.5000
2021-03-24,EUR_Policy Rate,-0.5000
2021-03-25,EUR_Policy Rate,-0.5000
2021-03-26,EUR_Policy Rate,-0.5000
2021-03-27,EUR_Policy Rate,-0.5000
2021-03-28,EUR_Policy Rate,-0.5000
2021-03-29,EUR_Policy Rate,-0.5000
2021-03-30,EUR_Policy Rate,-0.5000
2021-03-31,EUR_Policy Rate,-0.5000
2021-04-01,EUR_Policy Rate,-0.5000
2021-04-02,EUR_Policy Rate,-0.5000
2021-04-03,EUR_Policy Rate,-0.5000
2021-04-04,EUR_Policy Rate,-0.5000
2021-04-05,EUR_Policy Rate,-0.5000
2021-04-06,EUR_Policy Rate,-0.5000
2021-04-07,EUR_Policy Rate,-0.5000
2021-04-08,EUR_Policy Rate,-0.5000
2021-04-09,EUR_Policy Rate,-0.5000
2021-04-10,EUR_Policy Rate,-0.5000
2021-04-11,EUR_Policy Rate,-0.5000
2021-04-12,EUR_Policy Rate,-0.5000
2021-04-13,EUR_Policy Rate,-0.5000
2021-04-14,EUR_Policy Rate,-0.5000
2021-04-15,EUR_Policy Rate,-0.5000
2021-04-16,EUR_Policy Rate,-0.5000
2021-04-17,EUR_Policy Rate,-0.5000
2021-04-18,EUR_Policy Rate,-0.5000
2021-04-19,EUR_Policy Rate,-0.5000
2021-04-20,EUR_Policy Rate,-0.5000
2021-04-21,EUR_Policy Rate,-0.5000
2021-04-22,EUR_Policy Rate,-0.5000
2021-04-23,EUR_Policy Rate,-0.5000
2021-04-24,EUR_Policy Rate,-0.5000
2021-04-25,EUR_Policy Rate,-0.5000
2021-04-26,EUR_Policy Rate,-0.5000
2021-04-27,EUR_Policy Rate,-0.5000
2021-04-28,EUR_Policy Rate,-0.5000
2021-04-29,EUR_Policy Rate,-0.5000
2021-04-30,EUR_Policy Rate,-0.5000
2021-05-01,EUR_Policy Rate,-0.5000
2021-05-02,EUR_Policy Rate,-0.5000
2021-05-03,EUR_Policy Rate,-0.5000
2021-05-04,EUR_Policy Rate,-0.5000
2021-05-05,EUR_Policy Rate,-0.5000
2021-05-06,EUR_Policy Rate,-0.5000
2021-05-07,EUR_Policy Rate,-0.5000
2021-05-08,EUR_Policy Rate,-0.5000
2021-05-09,EUR_Policy Rate,-0.5000
2021-05-10,EUR_Policy Rate,-0.5000
2021-05-11,EUR_Policy Rate,-0.5000
2021-05-12,EUR_Policy Rate,-0.5000
2021-05-13,EUR_Policy Rate,-0.5000
2021-05-14,EUR_Policy Rate,-0.5000
2021-05-15,EUR_Policy Rate,-0.5000
2021-05-16,EUR_Policy Rate,-0.5000
2021-05-17,EUR_Policy Rate,-0.5000
2021-05-18,EUR_Policy Rate,-0.5000
2021-05-19,EUR_Policy Rate,-0.5000
2021-05-20,EUR_Policy Rate,-0.5000
2021-05-21,EUR_Policy Rate,-0.5000
2021-05-22,EUR_Policy Rate,-0.5000
2021-05-23,EUR_Policy Rate,-0.5000
2021-05-24,EUR_Policy Rate,-0.5000
2021-05-25,EUR_Policy Rate,-0.5000
2021-05-26,EUR_Policy Rate,-0.5000
2021-05-27,EUR_Policy Rate,-0.5000
2021-05-28,EUR_Policy Rate,-0.5000
2021-05-29,EUR_Policy Rate,-0.5000
2021-05-30,EUR_Policy Rate,-0.5000
2021-05-31,EUR_Policy Rate,-0.5000
2021-06-01,EUR_Policy Rate,-0.5000
2021-06-02,EUR_Policy Rate,-0.5000
2021-06-03,EUR_Policy Rate,-0.5000
2021-06-04,EUR_Policy Rate,-0.5000
2021-06-05,EUR_Policy Rate,-0.5000
2021-06-06,EUR_Policy Rate,-0.5000
2021-06-07,EUR_Policy Rate,-0.5000
2021-06-08,EUR_Policy Rate,-0.5000
2021-06-09,EUR_Policy Rate,-0.5000
2021-06-10,EUR_Policy Rate,-0.5000
2021-06-11,EUR_Policy Rate,-0.5000
2021-06-12,EUR_Policy Rate,-0.5000
2021-06-13,EUR_Policy Rate,-0.5000
2021-06-14,EUR_Policy Rate,-0.5000
2021-06-15,EUR_Policy Rate,-0.5000
2021-06-16,EUR_Policy Rate,-0.5000
2021-06-17,EUR_Policy Rate,-0.5000
2021-06-18,EUR_Policy Rate,-0.5000
2021-06-19,EUR_Policy Rate,-0.5000
2021-06-20,EUR_Policy Rate,-0.5000
2021-06-21,EUR_Policy Rate,-0.5000
2021-06-22,EUR_Policy Rate,-0.5000
2021-06-23,EUR_Policy Rate,-0.5000
2021-06-24,EUR_Policy Rate,-0.5000
2021-06-25,EUR_Policy Rate,-0.5000
2021-06-26,EUR_Policy Rate,-0.5000
2021-06-27,EUR_Policy Rate,-0.5000
2021-06-28,EUR_Policy Rate,-0.5000
2021-06-29,EUR_Policy Rate,-0.5000
2021-06-30,EUR_Policy Rate,-0.5000
2021-07-01,EUR_Policy Rate,-0.5000
2021-07-02,EUR_Policy Rate,-0.5000
2021-07-03,EUR_Policy Rate,-0.5000
2021-07-04,EUR_Policy Rate,-0.5000
2021-07-05,EUR_Policy Rate,-0.5000
2021-07-06,EUR_Policy Rate,-0.5000
2021-07-07,EUR_Policy Rate,-0.5000
2021-07-08,EUR_Policy Rate,-0.5000
2021-07-09,EUR_Policy Rate,-0.5000
2021-07-10,EUR_Policy Rate,-0.5000
2021-07-11,EUR_Policy Rate,-0.5000
2021-07-12,EUR_Policy Rate,-0.5000
2021-07-13,EUR_Policy Rate,-0.5000
2021-07-14,EUR_Policy Rate,-0.5000
2021-07-15,EUR_Policy Rate,-0.5000
2021-07-16,EUR_Policy Rate,-0.5000
2021-07-17,EUR_Policy Rate,-0.5000
2021-07-18,EUR_Policy Rate,-0.5000
2021-07-19,EUR_Policy Rate,-0.5000
2021-07-20,EUR_Policy Rate,-0.5000
2021-07-21,EUR_Policy Rate,-0.5000
2021-07-22,EUR_Policy Rate,-0.5000
2021-07-23,EUR_Policy Rate,-0.5000
2021-07-24,EUR_Policy Rate,-0.5000
2021-07-25,EUR_Policy Rate,-0.5000
2021-07-26,EUR_Policy Rate,-0.5000
2021-07-27,EUR_Policy Rate,-0.5000
2021-07-28,EUR_Policy Rate,-0.5000
2021-07-29,EUR_Policy Rate,-0.5000
2021-07-30,EUR_Policy Rate,-0.5000
2021-07-31,EUR_Policy Rate,-0.5000
2021-08-01,EUR_Policy Rate,-0.5000
2021-08-02,EUR_Policy Rate,-0.5000
2021-08-03,EUR_Policy Rate,-0.5000
2021-08-04,EUR_Policy Rate,-0.5000
2021-08-05,EUR_Policy Rate,-0.5000
2021-08-06,EUR_Policy Rate,-0.5000
2021-08-07,EUR_Policy Rate,-0.5000
2021-08-08,EUR_Policy Rate,-0.5000
2021-08-09,EUR_Policy Rate,-0.5000
2021-08-10,EUR_Policy Rate,-0.5000
2021-08-11,EUR_Policy Rate,-0.5000
2021-08-12,EUR_Policy Rate,-0.5000
2021-08-13,EUR_Policy Rate,-0.5000
2021-08-14,EUR_Policy Rate,-0.5000
2021-08-15,EUR_Policy Rate,-0.5000
2021-08-16,EUR_Policy Rate,-0.5000
2021-08-17,EUR_Policy Rate,-0.5000
2021-08-18,EUR_Policy Rate,-0.5000
2021-08-19,EUR_Policy Rate,-0.5000
2021-08-20,EUR_Policy Rate,-0.5000
2021-08-21,EUR_Policy Rate,-0.5000
2021-08-22,EUR_Policy Rate,-0.5000
2021-08-23,EUR_Policy Rate,-0.5000
2021-08-24,EUR_Policy Rate,-0.5000
2021-08-25,EUR_Policy Rate,-0.5000
2021-08-26,EUR_Policy Rate,-0.5000
2021-08-27,EUR_Policy Rate,-0.5000
2021-08-28,EUR_Policy Rate,-0.5000
2021-08-29,EUR_Policy Rate,-0.5000
2021-08-30,EUR_Policy Rate,-0.5000
2021-08-31,EUR_Policy Rate,-0.5000
2021-09-01,EUR_Policy Rate,-0.5000
2021-09-02,EUR_Policy Rate,-0.5000
2021-09-03,EUR_Policy Rate,-0.5000
2021-09-04,EUR_Policy Rate,-0.5000
2021-09-05,EUR_Policy Rate,-0.5000
2021-09-06,EUR_Policy Rate,-0.5000
2021-09-07,EUR_Policy Rate,-0.5000
2021-09-08,EUR_Policy Rate,-0.5000
2021-09-09,EUR_Policy Rate,-0.5000
2021-09-10,EUR_Policy Rate,-0.5000
2021-09-11,EUR_Policy Rate,-0.5000
2021-09-12,EUR_Policy Rate,-0.5000
2021-09-13,EUR_Policy Rate,-0.5000
2021-09-14,EUR_Policy Rate,-0.5000
2021-09-15,EUR_Policy Rate,-0.5000
2021-09-16,EUR_Policy Rate,-0.5000
2021-09-17,EUR_Policy Rate,-0.5000
2021-09-18,EUR_Policy Rate,-0.5000
2021-09-19,EUR_Policy Rate,-0.5000
2021-09-20,EUR_Policy Rate,-0.5000
2021-09-21,EUR_Policy Rate,-0.5000
2021-09-22,EUR_Policy Rate,-0.5000
2021-09-23,EUR_Policy Rate,-0.5000
2021-09-24,EUR_Policy Rate,-0.5000
2021-09-25,EUR_Policy Rate,-0.5000
2021-09-26,EUR_Policy Rate,-0.5000
2021-09-27,EUR_Policy Rate,-0.5000
2021-09-28,EUR_Policy Rate,-0.5000
2021-09-29,EUR_Policy Rate,-0.5000
2021-09-30,EUR_Policy Rate,-0.5000
2021-10-01,EUR_Policy Rate,-0.5000
2021-10-02,EUR_Policy Rate,-0.5000
2021-10-03,EUR_Policy Rate,-0.5000
2021-10-04,EUR_Policy Rate,-0.5000
2021-10-05,EUR_Policy Rate,-0.5000
2021-10-06,EUR_Policy Rate,-0.5000
2021-10-07,EUR_Policy Rate,-0.5000
2021-10-08,EUR_Policy Rate,-0.5000
2021-10-09,EUR_Policy Rate,-0.5000
2021-10-10,EUR_Policy Rate,-0.5000
2021-10-11,EUR_Policy Rate,-0.5000
2021-10-12,EUR_Policy Rate,-0.5000
2021-10-13,EUR_Policy Rate,-0.5000
2021-10-14,EUR_Policy Rate,-0.5000
2021-10-15,EUR_Policy Rate,-0.5000
2021-10-16,EUR_Policy Rate,-0.5000
2021-10-17,EUR_Policy Rate,-0.5000
2021-10-18,EUR_Policy Rate,-0.5000
2021-10-19,EUR_Policy Rate,-0.5000
2021-10-20,EUR_Policy Rate,-0.5000
2021-10-21,EUR_Policy Rate,-0.5000
2021-10-22,EUR_Policy Rate,-0.5000
2021-10-23,EUR_Policy Rate,-0.5000
2021-10-24,EUR_Policy Rate,-0.5000
2021-10-25,EUR_Policy Rate,-0.5000
2021-10-26,EUR_Policy Rate,-0.5000
2021-10-27,EUR_Policy Rate,-0.5000
2021-10-28,EUR_Policy Rate,-0.5000
2021-10-29,EUR_Policy Rate,-0.5000
2021-10-30,EUR_Policy Rate,-0.5000
2021-10-31,EUR_Policy Rate,-0.5000
2021-11-01,EUR_Policy Rate,-0.5000
2021-11-02,EUR_Policy Rate,-0.5000
2021-11-03,EUR_Policy Rate,-0.5000
2021-11-04,EUR_Policy Rate,-0.5000
2021-11-05,EUR_Policy Rate,-0.5000
2021-11-06,EUR_Policy Rate,-0.5000
2021-11-07,EUR_Policy Rate,-0.5000
2021-11-08,EUR_Policy Rate,-0.5000
2021-11-09,EUR_Policy Rate,-0.5000
2021-11-10,EUR_Policy Rate,-0.5000
2021-11-11,EUR_Policy Rate,-0.5000
2021-11-12,EUR_Policy Rate,-0.5000
2021-11-13,EUR_Policy Rate,-0.5000
2021-11-14,EUR_Policy Rate,-0.5000
2021-11-15,EUR_Policy Rate,-0.5000
2021-11-16,EUR_Policy Rate,-0.5000
2021-11-17,EUR_Policy Rate,-0.5000
2021-11-18,EUR_Policy Rate,-0.5000
2021-11-19,EUR_Policy Rate,-0.5000
2021-11-20,EUR_Policy Rate,-0.5000
2021-11-21,EUR_Policy Rate,-0.5000
2021-11-22,EUR_Policy Rate,-0.5000
2021-11-23,EUR_Policy Rate,-0.5000
2021-11-24,EUR_Policy Rate,-0.5000
2021-11-25,EUR_Policy Rate,-0.5000
2021-11-26,EUR_Policy Rate,-0.5000
2021-11-27,EUR_Policy Rate,-0.5000
2021-11-28,EUR_Policy Rate,-0.5000
2021-11-29,EUR_Policy Rate,-0.5000
2021-11-30,EUR_Policy Rate,-0.5000
2021-12-01,EUR_Policy Rate,-0.5000
2021-12-02,EUR_Policy Rate,-0.5000
2021-12-03,EUR_Policy Rate,-0.5000
2021-12-04,EUR_Policy Rate,-0.5000
2021-12-05,EUR_Policy Rate,-0.5000
2021-12-06,EUR_Policy Rate,-0.5000
2021-12-07,EUR_Policy Rate,-0.5000
2021-12-08,EUR_Policy Rate,-0.5000
2021-12-09,EUR_Policy Rate,-0.5000
2021-12-10,EUR_Policy Rate,-0.5000
2021-12-11,EUR_Policy Rate,-0.5000
2021-12-12,EUR_Policy Rate,-0.5000
2021-12-13,EUR_Policy Rate,-0.5000
2021-12-14,EUR_Policy Rate,-0.5000
2021-12-15,EUR_Policy Rate,-0.5000
2021-12-16,EUR_Policy Rate,-0.5000
2021-12-17,EUR_Policy Rate,-0.5000
2021-12-18,EUR_Policy Rate,-0.5000
2021-12-19,EUR_Policy Rate,-0.5000
2021-12-20,EUR_Policy Rate,-0.5000
2021-12-21,EUR_Policy Rate,-0.5000
2021-12-22,EUR_Policy Rate,-0.5000
2021-12-23,EUR_Policy Rate,-0.5000
2021-12-24,EUR_Policy Rate,-0.5000
2021-12-25,EUR_Policy Rate,-0.5000
2021-12-26,EUR_Policy Rate,-0.5000
2021-12-27,EUR_Policy Rate,-0.5000
2021-12-28,EUR_Policy Rate,-0.5000
2021-12-29,EUR_Policy Rate,-0.5000
2021-12-30,EUR_Policy Rate,-0.5000
2021-12-31,EUR_Policy Rate,-0.5000
2022-01-01,EUR_Policy Rate,-0.5000
2022-01-02,EUR_Policy Rate,-0.5000
2022-01-03,EUR_Policy Rate,-0.5000
2022-01-04,EUR_Policy Rate,-0.5000
2022-01-05,EUR_Policy Rate,-0.5000
2022-01-06,EUR_Policy Rate,-0.5000
2022-01-07,EUR_Policy Rate,-0.5000
2022-01-08,EUR_Policy Rate,-0.5000
2022-01-09,EUR_Policy Rate,-0.5000
2022-01-10,EUR_Policy Rate,-0.5000
2022-01-11,EUR_Policy Rate,-0.5000
2022-01-12,EUR_Policy Rate,-0.5000
2022-01-13,EUR_Policy Rate,-0.5000
2022-01-14,EUR_Policy Rate,-0.5000
2022-01-15,EUR_Policy Rate,-0.5000
2022-01-16,EUR_Policy Rate,-0.5000
2022-01-17,EUR_Policy Rate,-0.5000
2022-01-18,EUR_Policy Rate,-0.5000
2022-01-19,EUR_Policy Rate,-0.5000
2022-01-20,EUR_Policy Rate,-0.5000
2022-01-21,EUR_Policy Rate,-0.5000
2022-01-22,EUR_Policy Rate,-0.5000
2022-01-23,EUR_Policy Rate,-0.5000
2022-01-24,EUR_Policy Rate,-0.5000
2022-01-25,EUR_Policy Rate,-0.5000
2022-01-26,EUR_Policy Rate,-0.5000
2022-01-27,EUR_Policy Rate,-0.5000
2022-01-28,EUR_Policy Rate,-0.5000
2022-01-29,EUR_Policy Rate,-0.5000
2022-01-30,EUR_Policy Rate,-0.5000
2022-01-31,EUR_Policy Rate,-0.5000
2022-02-01,EUR_Policy Rate,-0.5000
2022-02-02,EUR_Policy Rate,-0.5000
2022-02-03,EUR_Policy Rate,-0.5000
2022-02-04,EUR_Policy Rate,-0.5000
2022-02-05,EUR_Policy Rate,-0.5000
2022-02-06,EUR_Policy Rate,-0.5000
2022-02-07,EUR_Policy Rate,-0.5000
2022-02-08,EUR_Policy Rate,-0.5000
2022-02-09,EUR_Policy Rate,-0.5000
2022-02-10,EUR_Policy Rate,-0.5000
2022-02-11,EUR_Policy Rate,-0.5000
2022-02-12,EUR_Policy Rate,-0.5000
2022-02-13,EUR_Policy Rate,-0.5000
2022-02-14,EUR_Policy Rate,-0.5000
2022-02-15,EUR_Policy Rate,-0.5000
2022-02-16,EUR_Policy Rate,-0.5000
2022-02-17,EUR_Policy Rate,-0.5000
2022-02-18,EUR_Policy Rate,-0.5000
2022-02-19,EUR_Policy Rate,-0.5000
2022-02-20,EUR_Policy Rate,-0.5000
2022-02-21,EUR_Policy Rate,-0.5000
2022-02-22,EUR_Policy Rate,-0.5000
2022-02-23,EUR_Policy Rate,-0.5000
2022-02-24,EUR_Policy Rate,-0.5000
2022-02-25,EUR_Policy Rate,-0.5000
2022-02-26,EUR_Policy Rate,-0.5000
2022-02-27,EUR_Policy Rate,-0.5000
2022-02-28,EUR_Policy Rate,-0.5000
2022-03-01,EUR_Policy Rate,-0.5000
2022-03-02,EUR_Policy Rate,-0.5000
2022-03-03,EUR_Policy Rate,-0.5000
2022-03-04,EUR_Policy Rate,-0.5000
2022-03-05,EUR_Policy Rate,-0.5000
2022-03-06,EUR_Policy Rate,-0.5000
2022-03-07,EUR_Policy Rate,-0.5000
2022-03-08,EUR_Policy Rate,-0.5000
2022-03-09,EUR_Policy Rate,-0.5000
2022-03-10,EUR_Policy Rate,-0.5000
2022-03-11,EUR_Policy Rate,-0.5000
2022-03-12,EUR_Policy Rate,-0.5000
2022-03-13,EUR_Policy Rate,-0.5000
2022-03-14,EUR_Policy Rate,-0.5000
2022-03-15,EUR_Policy Rate,-0.5000
2022-03-16,EUR_Policy Rate,-0.5000
2022-03-17,EUR_Policy Rate,-0.5000
2022-03-18,EUR_Policy Rate,-0.5000
2022-03-19,EUR_Policy Rate,-0.5000
2022-03-20,EUR_Policy Rate,-0.5000
2022-03-21,EUR_Policy Rate,-0.5000
2022-03-22,EUR_Policy Rate,-0.5000
2022-03-23,EUR_Policy Rate,-0.5000
2022-03-24,EUR_Policy Rate,-0.5000
2022-03-25,EUR_Policy Rate,-0.5000
2022-03-26,EUR_Policy Rate,-0.5000
2022-03-27,EUR_Policy Rate,-0.5000
2022-03-28,EUR_Policy Rate,-0.5000
2022-03-29,EUR_Policy Rate,-0.5000
2022-03-30,EUR_Policy Rate,-0.5000
2022-03-31,EUR_Policy Rate,-0.5000
2022-04-01,EUR_Policy Rate,-0.5000
2022-04-02,EUR_Policy Rate,-0.5000
2022-04-03,EUR_Policy Rate,-0.5000
2022-04-04,EUR_Policy Rate,-0.5000
2022-04-05,EUR_Policy Rate,-0.5000
2022-04-06,EUR_Policy Rate,-0.5000
2022-04-07,EUR_Policy Rate,-0.5000
2022-04-08,EUR_Policy Rate,-0.5000
2022-04-09,EUR_Policy Rate,-0.5000
2022-04-10,EUR_Policy Rate,-0.5000
2022-04-11,EUR_Policy Rate,-0.5000
2022-04-12,EUR_Policy Rate,-0.5000
2022-04-13,EUR_Policy Rate,-0.5000
2022-04-14,EUR_Policy Rate,-0.5000
2022-04-15,EUR_Policy Rate,-0.5000
2022-04-16,EUR_Policy Rate,-0.5000
2022-04-17,EUR_Policy Rate,-0.5000
2022-04-18,EUR_Policy Rate,-0.5000
2022-04-19,EUR_Policy Rate,-0.5000
2022-04-20,EUR_Policy Rate,-0.5000
2022-04-21,EUR_Policy Rate,-0.5000
2022-04-22,EUR_Policy Rate,-0.5000
2022-04-23,EUR_Policy Rate,-0.5000
2022-04-24,EUR_Policy Rate,-0.5000
2022-04-25,EUR_Policy Rate,-0.5000
2022-04-26,EUR_Policy Rate,-0.5000
2022-04-27,EUR_Policy Rate,-0.5000
2022-04-28,EUR_Policy Rate,-0.5000
2022-04-29,EUR_Policy Rate,-0.5000
2022-04-30,EUR_Policy Rate,-0.5000
2022-05-01,EUR_Policy Rate,-0.5000
2022-05-02,EUR_Policy Rate,-0.5000
2022-05-03,EUR_Policy Rate,-0.5000
2022-05-04,EUR_Policy Rate,-0.5000
2022-05-05,EUR_Policy Rate,-0.5000
2022-05-06,EUR_Policy Rate,-0.5000
2022-05-07,EUR_Policy Rate,-0.5000
2022-05-08,EUR_Policy Rate,-0.5000
2022-05-09,EUR_Policy Rate,-0.5000
2022-05-10,EUR_Policy Rate,-0.5000
2022-05-11,EUR_Policy Rate,-0.5000
2022-05-12,EUR_Policy Rate,-0.5000
2022-05-13,EUR_Policy Rate,-0.5000
2022-05-14,EUR_Policy Rate,-0.5000
2022-05-15,EUR_Policy Rate,-0.5000
2022-05-16,EUR_Policy Rate,-0.5000
2022-05-17,EUR_Policy Rate,-0.5000
2022-05-18,EUR_Policy Rate,-0.5000
2022-05-19,EUR_Policy Rate,-0.5000
2022-05-20,EUR_Policy Rate,-0.5000
2022-05-21,EUR_Policy Rate,-0.5000
2022-05-22,EUR_Policy Rate,-0.5000
2022-05-23,EUR_Policy Rate,-0.5000
2022-05-24,EUR_Policy Rate,-0.5000
2022-05-25,EUR_Policy Rate,-0.5000
2022-05-26,EUR_Policy Rate,-0.5000
2022-05-27,EUR_Policy Rate,-0.5000
2022-05-28,EUR_Policy Rate,-0.5000
2022-05-29,EUR_Policy Rate,-0.5000
2022-05-30,EUR_Policy Rate,-0.5000
2022-05-31,EUR_Policy Rate,-0.5000
2022-06-01,EUR_Policy Rate,-0.5000
2022-06-02,EUR_Policy Rate,-0.5000
2022-06-03,EUR_Policy Rate,-0.5000
2022-06-04,EUR_Policy Rate,-0.5000
2022-06-05,EUR_Policy Rate,-0.5000
2022-06-06,EUR_Policy Rate,-0.5000
2022-06-07,EUR_Policy Rate,-0.5000
2022-06-08,EUR_Policy Rate,-0.5000
2022-06-09,EUR_Policy Rate,-0.5000
2022-06-10,EUR_Policy Rate,-0.5000
2022-06-11,EUR_Policy Rate,-0.5000
2022-06-12,EUR_Policy Rate,-0.5000
2022-06-13,EUR_Policy Rate,-0.5000
2022-06-14,EUR_Policy Rate,-0.5000
2022-06-15,EUR_Policy Rate,-0.5000
2022-06-16,EUR_Policy Rate,-0.5000
2022-06-17,EUR_Policy Rate,-0.5000
2022-06-18,EUR_Policy Rate,-0.5000
2022-06-19,EUR_Policy Rate,-0.5000
2022-06-20,EUR_Policy Rate,-0.5000
2022-06-21,EUR_Policy Rate,-0.5000
2022-06-22,EUR_Policy Rate,-0.5000
2022-06-23,EUR_Policy Rate,-0.5000
2022-06-24,EUR_Policy Rate,-0.5000
2022-06-25,EUR_Policy Rate,-0.5000
2022-06-26,EUR_Policy Rate,-0.5000
2022-06-27,EUR_Policy Rate,-0.5000
2022-06-28,EUR_Policy Rate,-0.5000
2022-06-29,EUR_Policy Rate,-0.5000
2022-06-30,EUR_Policy Rate,-0.5000
2022-07-01,EUR_Policy Rate,-0.5000
2022-07-02,EUR_Policy Rate,-0.5000
2022-07-03,EUR_Policy Rate,-0.5000
2022-07-04,EUR_Policy Rate,-0.5000
2022-07-05,EUR_Policy Rate,-0.5000
2022-07-06,EUR_Policy Rate,-0.5000
2022-07-07,EUR_Policy Rate,-0.5000
2022-07-08,EUR_Policy Rate,-0.5000
2022-07-09,EUR_Policy Rate,-0.5000
2022-07-10,EUR_Policy Rate,-0.5000
2022-07-11,EUR_Policy Rate,-0.5000
2022-07-12,EUR_Policy Rate,-0.5000
2022-07-13,EUR_Policy Rate,-0.5000
2022-07-14,EUR_Policy Rate,-0.5000
2022-07-15,EUR_Policy Rate,-0.5000
2022-07-16,EUR_Policy Rate,-0.5000
2022-07-17,EUR_Policy Rate,-0.5000
2022-07-18,EUR_Policy Rate,-0.5000
2022-07-19,EUR_Policy Rate,-0.5000
2022-07-20,EUR_Policy Rate,-0.5000
2022-07-21,EUR_Policy Rate,-0.5000
2022-07-22,EUR_Policy Rate,-0.5000
2022-07-23,EUR_Policy Rate,-0.5000
2022-07-24,EUR_Policy Rate,-0.5000
2022-07-25,EUR_Policy Rate,-0.5000
2022-07-26,EUR_Policy Rate,-0.5000
2022-07-27,EUR_Policy Rate,0.0000
2022-07-28,EUR_Policy Rate,0.0000
2022-07-29,EUR_Policy Rate,0.0000
2022-07-30,EUR_Policy Rate,0.0000
2022-07-31,EUR_Policy Rate,0.0000
2022-08-01,EUR_Policy Rate,0.0000
2022-08-02,EUR_Policy Rate,0.0000
2022-08-03,EUR_Policy Rate,0.0000
2022-08-04,EUR_Policy Rate,0.0000
2022-08-05,EUR_Policy Rate,0.0000
2022-08-06,EUR_Policy Rate,0.0000
2022-08-07,EUR_Policy Rate,0.0000
2022-08-08,EUR_Policy Rate,0.0000
2022-08-09,EUR_Policy Rate,0.0000
2022-08-10,EUR_Policy Rate,0.0000
2022-08-11,EUR_Policy Rate,0.0000
2022-08-12,EUR_Policy Rate,0.0000
2022-08-13,EUR_Policy Rate,0.0000
2022-08-14,EUR_Policy Rate,0.0000
2022-08-15,EUR_Policy Rate,0.0000
2022-08-16,EUR_Policy Rate,0.0000
2022-08-17,EUR_Policy Rate,0.0000
2022-08-18,EUR_Policy Rate,0.0000
2022-08-19,EUR_Policy Rate,0.0000
2022-08-20,EUR_Policy Rate,0.0000
2022-08-21,EUR_Policy Rate,0.0000
2022-08-22,EUR_Policy Rate,0.0000
2022-08-23,EUR_Policy Rate,0.0000
2022-08-24,EUR_Policy Rate,0.0000
2022-08-25,EUR_Policy Rate,0.0000
2022-08-26,EUR_Policy Rate,0.0000
2022-08-27,EUR_Policy Rate,0.0000
2022-08-28,EUR_Policy Rate,0.0000
2022-08-29,EUR_Policy Rate,0.0000
2022-08-30,EUR_Policy Rate,0.0000
2022-08-31,EUR_Policy Rate,0.0000
2022-09-01,EUR_Policy Rate,0.0000
2022-09-02,EUR_Policy Rate,0.0000
2022-09-03,EUR_Policy Rate,0.0000
2022-09-04,EUR_Policy Rate,0.0000
2022-09-05,EUR_Policy Rate,0.0000
2022-09-06,EUR_Policy Rate,0.0000
2022-09-07,EUR_Policy Rate,0.0000
2022-09-08,EUR_Policy Rate,0.0000
2022-09-09,EUR_Policy Rate,0.0000
2022-09-10,EUR_Policy Rate,0.0000
2022-09-11,EUR_Policy Rate,0.0000
2022-09-12,EUR_Policy Rate,0.0000
2022-09-13,EUR_Policy Rate,0.0000
2022-09-14,EUR_Policy Rate,0.7500
2022-09-15,EUR_Policy Rate,0.7500
2022-09-16,EUR_Policy Rate,0.7500
2022-09-17,EUR_Policy Rate,0.7500
2022-09-18,EUR_Policy Rate,0.7500
2022-09-19,EUR_Policy Rate,0.7500
2022-09-20,EUR_Policy Rate,0.7500
2022-09-21,EUR_Policy Rate,0.7500
2022-09-22,EUR_Policy Rate,0.7500
2022-09-23,EUR_Policy Rate,0.7500
2022-09-24,EUR_Policy Rate,0.7500
2022-09-25,EUR_Policy Rate,0.7500
2022-09-26,EUR_Policy Rate,0.7500
2022-09-27,EUR_Policy Rate,0.7500
2022-09-28,EUR_Policy Rate,0.7500
2022-09-29,EUR_Policy Rate,0.7500
2022-09-30,EUR_Policy Rate,0.7500
2022-10-01,EUR_Policy Rate,0.7500
2022-10-02,EUR_Policy Rate,0.7500
2022-10-03,EUR_Policy Rate,0.7500
2022-10-04,EUR_Policy Rate,0.7500
2022-10-05,EUR_Policy Rate,0.7500
2022-10-06,EUR_Policy Rate,0.7500
2022-10-07,EUR_Policy Rate,0.7500
2022-10-08,EUR_Policy Rate,0.7500
2022-10-09,EUR_Policy Rate,0.7500
2022-10-10,EUR_Policy Rate,0.7500
2022-10-11,EUR_Policy Rate,0.7500
2022-10-12,EUR_Policy Rate,0.7500
2022-10-13,EUR_Policy Rate,0.7500
2022-10-14,EUR_Policy Rate,0.7500
2022-10-15,EUR_Policy Rate,0.7500
2022-10-16,EUR_Policy Rate,0.7500
2022-10-17,EUR_Policy Rate,0.7500
2022-10-18,EUR_Policy Rate,0.7500
2022-10-19,EUR_Policy Rate,0.7500
2022-10-20,EUR_Policy Rate,0.7500
2022-10-21,EUR_Policy Rate,0.7500
2022-10-22,EUR_Policy Rate,0.7500
2022-10-23,EUR_Policy Rate,0.7500
2022-10-24,EUR_Policy Rate,0.7500
2022-10-25,EUR_Policy Rate,0.7500
2022-10-26,EUR_Policy Rate,0.7500
2022-10-27,EUR_Policy Rate,0.7500
2022-10-28,EUR_Policy Rate,0.7500
2022-10-29,EUR_Policy Rate,0.7500
2022-10-30,EUR_Policy Rate,0.7500
2022-10-31,EUR_Policy Rate,0.7500
2022-11-01,EUR_Policy Rate,0.7500
2022-11-02,EUR_Policy Rate,1.5000
2022-11-03,EUR_Policy Rate,1.5000
2022-11-04,EUR_Policy Rate,1.5000
2022-11-05,EUR_Policy Rate,1.5000
2022-11-06,EUR_Policy Rate,1.5000
2022-11-07,EUR_Policy Rate,1.5000
2022-11-08,EUR_Policy Rate,1.5000
2022-11-09,EUR_Policy Rate,1.5000
2022-11-10,EUR_Policy Rate,1.5000
2022-11-11,EUR_Policy Rate,1.5000
2022-11-12,EUR_Policy Rate,1.5000
2022-11-13,EUR_Policy Rate,1.5000
2022-11-14,EUR_Policy Rate,1.5000
2022-11-15,EUR_Policy Rate,1.5000
2022-11-16,EUR_Policy Rate,1.5000
2022-11-17,EUR_Policy Rate,1.5000
2022-11-18,EUR_Policy Rate,1.5000
2022-11-19,EUR_Policy Rate,1.5000
2022-11-20,EUR_Policy Rate,1.5000
2022-11-21,EUR_Policy Rate,1.5000
2022-11-22,EUR_Policy Rate,1.5000
2022-11-23,EUR_Policy Rate,1.5000
2022-11-24,EUR_Policy Rate,1.5000
2022-11-25,EUR_Policy Rate,1.5000
2022-11-26,EUR_Policy Rate,1.5000
2022-11-27,EUR_Policy Rate,1.5000
2022-11-28,EUR_Policy Rate,1.5000
2022-11-29,EUR_Policy Rate,1.5000
2022-11-30,EUR_Policy Rate,1.5000
2022-12-01,EUR_Policy Rate,1.5000
2022-12-02,EUR_Policy Rate,1.5000
2022-12-03,EUR_Policy Rate,1.5000
2022-12-04,EUR_Policy Rate,1.5000
2022-12-05,EUR_Policy Rate,1.5000
2022-12-06,EUR_Policy Rate,1.5000
2022-12-07,EUR_Policy Rate,1.5000
2022-12-08,EUR_Policy Rate,1.5000
2022-12-09,EUR_Policy Rate,1.5000
2022-12-10,EUR_Policy Rate,1.5000
2022-12-11,EUR_Policy Rate,1.5000
2022-12-12,EUR_Policy Rate,1.5000
2022-12-13,EUR_Policy Rate,1.5000
2022-12-14,EUR_Policy Rate,1.5000
2022-12-15,EUR_Policy Rate,1.5000
2022-12-16,EUR_Policy Rate,1.5000
2022-12-17,EUR_Policy Rate,1.5000
2022-12-18,EUR_Policy Rate,1.5000
2022-12-19,EUR_Policy Rate,1.5000
2022-12-20,EUR_Policy Rate,1.5000
2022-12-21,EUR_Policy Rate,2.0000
2022-12-22,EUR_Policy Rate,2.0000
2022-12-23,EUR_Policy Rate,2.0000
2022-12-24,EUR_Policy Rate,2.0000
2022-12-25,EUR_Policy Rate,2.0000
2022-12-26,EUR_Policy Rate,2.0000
2022-12-27,EUR_Policy Rate,2.0000
2022-12-28,EUR_Policy Rate,2.0000
2022-12-29,EUR_Policy Rate,2.0000
2022-12-30,EUR_Policy Rate,2.0000
2022-12-31,EUR_Policy Rate,2.0000
2023-01-01,EUR_Policy Rate,2.0000
2023-01-02,EUR_Policy Rate,2.0000
2023-01-03,EUR_Policy Rate,2.0000
2023-01-04,EUR_Policy Rate,2.0000
2023-01-05,EUR_Policy Rate,2.0000
2023-01-06,EUR_Policy Rate,2.0000
2023-01-07,EUR_Policy Rate,2.0000
2023-01-08,EUR_Policy Rate,2.0000
2023-01-09,EUR_Policy Rate,2.0000
2023-01-10,EUR_Policy Rate,2.0000
2023-01-11,EUR_Policy Rate,2.0000
2023-01-12,EUR_Policy Rate,2.0000
2023-01-13,EUR_Policy Rate,2.0000
2023-01-14,EUR_Policy Rate,2.0000
2023-01-15,EUR_Policy Rate,2.0000
2023-01-16,EUR_Policy Rate,2.0000
2023-01-17,EUR_Policy Rate,2.0000
2023-01-18,EUR_Policy Rate,2.0000
2023-01-19,EUR_Policy Rate,2.0000
2023-01-20,EUR_Policy Rate,2.0000
2023-01-21,EUR_Policy Rate,2.0000
2023-01-22,EUR_Policy Rate,2.0000
2023-01-23,EUR_Policy Rate,2.0000
2023-01-24,EUR_Policy Rate,2.0000
2023-01-25,EUR_Policy Rate,2.0000
2023-01-26,EUR_Policy Rate,2.0000
2023-01-27,EUR_Policy Rate,2.0000
2023-01-28,EUR_Policy Rate,2.0000
2023-01-29,EUR_Policy Rate,2.0000
2023-01-30,EUR_Policy Rate,2.0000
2023-01-31,EUR_Policy Rate,2.0000
2023-02-01,EUR_Policy Rate,2.0000
2023-02-02,EUR_Policy Rate,2.0000
2023-02-03,EUR_Policy Rate,2.0000
2023-02-04,EUR_Policy Rate,2.0000
2023-02-05,EUR_Policy Rate,2.0000
2023-02-06,EUR_Policy Rate,2.0000
2023-02-07,EUR_Policy Rate,2.0000
2023-02-08,EUR_Policy Rate,2.5000
2023-02-09,EUR_Policy Rate,2.5000
2023-02-10,EUR_Policy Rate,2.5000
2023-02-11,EUR_Policy Rate,2.5000
2023-02-12,EUR_Policy Rate,2.5000
2023-02-13,EUR_Policy Rate,2.5000
2023-02-14,EUR_Policy Rate,2.5000
2023-02-15,EUR_Policy Rate,2.5000
2023-02-16,EUR_Policy Rate,2.5000
2023-02-17,EUR_Policy Rate,2.5000
2023-02-18,EUR_Policy Rate,2.5000
2023-02-19,EUR_Policy Rate,2.5000
2023-02-20,EUR_Policy Rate,2.5000
2023-02-21,EUR_Policy Rate,2.5000
2023-02-22,EUR_Policy Rate,2.5000
2023-02-23,EUR_Policy Rate,2.5000
2023-02-24,EUR_Policy Rate,2.5000
2023-02-25,EUR_Policy Rate,2.5000
2023-02-26,EUR_Policy Rate,2.5000
2023-02-27,EUR_Policy Rate,2.5000
2023-02-28,EUR_Policy Rate,2.5000
2023-03-01,EUR_Policy Rate,2.5000
2023-03-02,EUR_Policy Rate,2.5000
2023-03-03,EUR_Policy Rate,2.5000
2023-03-04,EUR_Policy Rate,2.5000
2023-03-05,EUR_Policy Rate,2.5000
2023-03-06,EUR_Policy Rate,2.5000
2023-03-07,EUR_Policy Rate,2.5000
2023-03-08,EUR_Policy Rate,2.5000
2023-03-09,EUR_Policy Rate,2.5000
2023-03-10,EUR_Policy Rate,2.5000
2023-03-11,EUR_Policy Rate,2.5000
2023-03-12,EUR_Policy Rate,2.5000
2023-03-13,EUR_Policy Rate,2.5000
2023-03-14,EUR_Policy Rate,2.5000
2023-03-15,EUR_Policy Rate,2.5000
2023-03-16,EUR_Policy Rate,2.5000
2023-03-17,EUR_Policy Rate,2.5000
2023-03-18,EUR_Policy Rate,2.5000
2023-03-19,EUR_Policy Rate,2.5000
2023-03-20,EUR_Policy Rate,2.5000
2023-03-21,EUR_Policy Rate,2.5000
2023-03-22,EUR_Policy Rate,3.0000
2023-03-23,EUR_Policy Rate,3.0000
2023-03-24,EUR_Policy Rate,3.0000
2023-03-25,EUR_Policy Rate,3.0000
2023-03-26,EUR_Policy Rate,3.0000
2023-03-27,EUR_Policy Rate,3.0000
2023-03-28,EUR_Policy Rate,3.0000
2023-03-29,EUR_Policy Rate,3.0000
2023-03-30,EUR_Policy Rate,3.0000
2023-03-31,EUR_Policy Rate,3.0000
2023-04-01,EUR_Policy Rate,3.0000
2023-04-02,EUR_Policy Rate,3.0000
2023-04-03,EUR_Policy Rate,3.0000
2023-04-04,EUR_Policy Rate,3.0000
2023-04-05,EUR_Policy Rate,3.0000
2023-04-06,EUR_Policy Rate,3.0000
2023-04-07,EUR_Policy Rate,3.0000
2023-04-08,EUR_Policy Rate,3.0000
2023-04-09,EUR_Policy Rate,3.0000
2023-04-10,EUR_Policy Rate,3.0000
2023-04-11,EUR_Policy Rate,3.0000
2023-04-12,EUR_Policy Rate,3.0000
2023-04-13,EUR_Policy Rate,3.0000
2023-04-14,EUR_Policy Rate,3.0000
2023-04-15,EUR_Policy Rate,3.0000
2023-04-16,EUR_Policy Rate,3.0000
2023-04-17,EUR_Policy Rate,3.0000
2023-04-18,EUR_Policy Rate,3.0000
2023-04-19,EUR_Policy Rate,3.0000
2023-04-20,EUR_Policy Rate,3.0000
2023-04-21,EUR_Policy Rate,3.0000
2023-04-22,EUR_Policy Rate,3.0000
2023-04-23,EUR_Policy Rate,3.0000
2023-04-24,EUR_Policy Rate,3.0000
2023-04-25,EUR_Policy Rate,3.0000
2023-04-26,EUR_Policy Rate,3.0000
2023-04-27,EUR_Policy Rate,3.0000
2023-04-28,EUR_Policy Rate,3.0000
2023-04-29,EUR_Policy Rate,3.0000
2023-04-30,EUR_Policy Rate,3.0000
2023-05-01,EUR_Policy Rate,3.0000
2023-05-02,EUR_Policy Rate,3.0000
2023-05-03,EUR_Policy Rate,3.0000
2023-05-04,EUR_Policy Rate,3.0000
2023-05-05,EUR_Policy Rate,3.0000
2023-05-06,EUR_Policy Rate,3.0000
2023-05-07,EUR_Policy Rate,3.0000
2023-05-08,EUR_Policy Rate,3.0000
2023-05-09,EUR_Policy Rate,3.0000
2023-05-10,EUR_Policy Rate,3.2500
2023-05-11,EUR_Policy Rate,3.2500
2023-05-12,EUR_Policy Rate,3.2500
2023-05-13,EUR_Policy Rate,3.2500
2023-05-14,EUR_Policy Rate,3.2500
2023-05-15,EUR_Policy Rate,3.2500
2023-05-16,EUR_Policy Rate,3.2500
2023-05-17,EUR_Policy Rate,3.2500
2023-05-18,EUR_Policy Rate,3.2500
2023-05-19,EUR_Policy Rate,3.2500
2023-05-20,EUR_Policy Rate,3.2500
2023-05-21,EUR_Policy Rate,3.2500
2023-05-22,EUR_Policy Rate,3.2500
2023-05-23,EUR_Policy Rate,3.2500
2023-05-24,EUR_Policy Rate,3.2500
2023-05-25,EUR_Policy Rate,3.2500
2023-05-26,EUR_Policy Rate,3.2500
2023-05-27,EUR_Policy Rate,3.2500
2023-05-28,EUR_Policy Rate,3.2500
2023-05-29,EUR_Policy Rate,3.2500
2023-05-30,EUR_Policy Rate,3.2500
2023-05-31,EUR_Policy Rate,3.2500
2023-06-01,EUR_Policy Rate,3.2500
2023-06-02,EUR_Policy Rate,3.2500
2023-06-03,EUR_Policy Rate,3.2500
2023-06-04,EUR_Policy Rate,3.2500
2023-06-05,EUR_Policy Rate,3.2500
2023-06-06,EUR_Policy Rate,3.2500
2023-06-07,EUR_Policy Rate,3.2500
2023-06-08,EUR_Policy Rate,3.2500
2023-06-09,EUR_Policy Rate,3.2500
2023-06-10,EUR_Policy Rate,3.2500
2023-06-11,EUR_Policy Rate,3.2500
2023-06-12,EUR_Policy Rate,3.2500
2023-06-13,EUR_Policy Rate,3.2500
2023-06-14,EUR_Policy Rate,3.2500
2023-06-15,EUR_Policy Rate,3.2500
2023-06-16,EUR_Policy Rate,3.2500
2023-06-17,EUR_Policy Rate,3.2500
2023-06-18,EUR_Policy Rate,3.2500
2023-06-19,EUR_Policy Rate,3.2500
2023-06-20,EUR_Policy Rate,3.2500
2023-06-21,EUR_Policy Rate,3.5000
2023-06-22,EUR_Policy Rate,3.5000
2023-06-23,EUR_Policy Rate,3.5000
2023-06-24,EUR_Policy Rate,3.5000
2023-06-25,EUR_Policy Rate,3.5000
2023-06-26,EUR_Policy Rate,3.5000
2023-06-27,EUR_Policy Rate,3.5000
2023-06-28,EUR_Policy Rate,3.5000
2023-06-29,EUR_Policy Rate,3.5000
2023-06-30,EUR_Policy Rate,3.5000
2023-07-01,EUR_Policy Rate,3.5000
2023-07-02,EUR_Policy Rate,3.5000
2023-07-03,EUR_Policy Rate,3.5000
2023-07-04,EUR_Policy Rate,3.5000
2023-07-05,EUR_Policy Rate,3.5000
2023-07-06,EUR_Policy Rate,3.5000
2023-07-07,EUR_Policy Rate,3.5000
2023-07-08,EUR_Policy Rate,3.5000
2023-07-09,EUR_Policy Rate,3.5000
2023-07-10,EUR_Policy Rate,3.5000
2023-07-11,EUR_Policy Rate,3.5000
2023-07-12,EUR_Policy Rate,3.5000
2023-07-13,EUR_Policy Rate,3.5000
2023-07-14,EUR_Policy Rate,3.5000
2023-07-15,EUR_Policy Rate,3.5000
2023-07-16,EUR_Policy Rate,3.5000
2023-07-17,EUR_Policy Rate,3.5000
2023-07-18,EUR_Policy Rate,3.5000
2023-07-19,EUR_Policy Rate,3.5000
2023-07-20,EUR_Policy Rate,3.5000
2023-07-21,EUR_Policy Rate,3.5000
2023-07-22,EUR_Policy Rate,3.5000
2023-07-23,EUR_Policy Rate,3.5000
2023-07-24,EUR_Policy Rate,3.5000
2023-07-25,EUR_Policy Rate,3.5000
2023-07-26,EUR_Policy Rate,3.5000
2023-07-27,EUR_Policy Rate,3.5000
2023-07-28,EUR_Policy Rate,3.5000
2023-07-29,EUR_Policy Rate,3.5000
2023-07-30,EUR_Policy Rate,3.5000
2023-07-31,EUR_Policy Rate,3.5000
2023-08-01,EUR_Policy Rate,3.5000
2023-08-02,EUR_Policy Rate,3.7500
2023-08-03,EUR_Policy Rate,3.7500
2023-08-04,EUR_Policy Rate,3.7500
2023-08-05,EUR_Policy Rate,3.7500
2023-08-06,EUR_Policy Rate,3.7500
2023-08-07,EUR_Policy Rate,3.7500
2023-08-08,EUR_Policy Rate,3.7500
2023-08-09,EUR_Policy Rate,3.7500
2023-08-10,EUR_Policy Rate,3.7500
2023-08-11,EUR_Policy Rate,3.7500
2023-08-12,EUR_Policy Rate,3.7500
2023-08-13,EUR_Policy Rate,3.7500
2023-08-14,EUR_Policy Rate,3.7500
2023-08-15,EUR_Policy Rate,3.7500
2023-08-16,EUR_Policy Rate,3.7500
2023-08-17,EUR_Policy Rate,3.7500
2023-08-18,EUR_Policy Rate,3.7500
2023-08-19,EUR_Policy Rate,3.7500
2023-08-20,EUR_Policy Rate,3.7500
2023-08-21,EUR_Policy Rate,3.7500
2023-08-22,EUR_Policy Rate,3.7500
2023-08-23,EUR_Policy Rate,3.7500
2023-08-24,EUR_Policy Rate,3.7500
2023-08-25,EUR_Policy Rate,3.7500
2023-08-26,EUR_Policy Rate,3.7500
2023-08-27,EUR_Policy Rate,3.7500
2023-08-28,EUR_Policy Rate,3.7500
2023-08-29,EUR_Policy Rate,3.7500
2023-08-30,EUR_Policy Rate,3.7500
2023-08-31,EUR_Policy Rate,3.7500
2023-09-01,EUR_Policy Rate,3.7500
2023-09-02,EUR_Policy Rate,3.7500
2023-09-03,EUR_Policy Rate,3.7500
2023-09-04,EUR_Policy Rate,3.7500
2023-09-05,EUR_Policy Rate,3.7500
2023-09-06,EUR_Policy Rate,3.7500
2023-09-07,EUR_Policy Rate,3.7500
2023-09-08,EUR_Policy Rate,3.7500
2023-09-09,EUR_Policy Rate,3.7500
2023-09-10,EUR_Policy Rate,3.7500
2023-09-11,EUR_Policy Rate,3.7500
2023-09-12,EUR_Policy Rate,3.7500
2023-09-13,EUR_Policy Rate,3.7500
2023-09-14,EUR_Policy Rate,3.7500
2023-09-15,EUR_Policy Rate,3.7500
2023-09-16,EUR_Policy Rate,3.7500
2023-09-17,EUR_Policy Rate,3.7500
2023-09-18,EUR_Policy Rate,3.7500
2023-09-19,EUR_Policy Rate,3.7500
2023-09-20,EUR_Policy Rate,4.0000
2023-09-21,EUR_Policy Rate,4.0000
2023-09-22,EUR_Policy Rate,4.0000
2023-09-23,EUR_Policy Rate,4.0000
2023-09-24,EUR_Policy Rate,4.0000
2023-09-25,EUR_Policy Rate,4.0000
2023-09-26,EUR_Policy Rate,4.0000
2023-09-27,EUR_Policy Rate,4.0000
2023-09-28,EUR_Policy Rate,4.0000
2023-09-29,EUR_Policy Rate,4.0000
2023-09-30,EUR_Policy Rate,4.0000
2023-10-01,EUR_Policy Rate,4.0000
2023-10-02,EUR_Policy Rate,4.0000
2023-10-03,EUR_Policy Rate,4.0000
2023-10-04,EUR_Policy Rate,4.0000
2023-10-05,EUR_Policy Rate,4.0000
2023-10-06,EUR_Policy Rate,4.0000
2023-10-07,EUR_Policy Rate,4.0000
2023-10-08,EUR_Policy Rate,4.0000
2023-10-09,EUR_Policy Rate,4.0000
2023-10-10,EUR_Policy Rate,4.0000
2023-10-11,EUR_Policy Rate,4.0000
2023-10-12,EUR_Policy Rate,4.0000
2023-10-13,EUR_Policy Rate,4.0000
2023-10-14,EUR_Policy Rate,4.0000
2023-10-15,EUR_Policy Rate,4.0000
2023-10-16,EUR_Policy Rate,4.0000
2023-10-17,EUR_Policy Rate,4.0000
2023-10-18,EUR_Policy Rate,4.0000
2023-10-19,EUR_Policy Rate,4.0000
2023-10-20,EUR_Policy Rate,4.0000
2023-10-21,EUR_Policy Rate,4.0000
2023-10-22,EUR_Policy Rate,4.0000
2023-10-23,EUR_Policy Rate,4.0000
2023-10-24,EUR_Policy Rate,4.0000
2023-10-25,EUR_Policy Rate,4.0000
2023-10-26,EUR_Policy Rate,4.0000
2023-10-27,EUR_Policy Rate,4.0000
2023-10-28,EUR_Policy Rate,4.0000
2023-10-29,EUR_Policy Rate,4.0000
2023-10-30,EUR_Policy Rate,4.0000
2023-10-31,EUR_Policy Rate,4.0000
2023-11-01,EUR_Policy Rate,4.0000
2023-11-02,EUR_Policy Rate,4.0000
2023-11-03,EUR_Policy Rate,4.0000
2023-11-04,EUR_Policy Rate,4.0000
2023-11-05,EUR_Policy Rate,4.0000
2023-11-06,EUR_Policy Rate,4.0000
2023-11-07,EUR_Policy Rate,4.0000
2023-11-08,EUR_Policy Rate,4.0000
2023-11-09,EUR_Policy Rate,4.0000
2023-11-10,EUR_Policy Rate,4.0000
2023-11-11,EUR_Policy Rate,4.0000
2023-11-12,EUR_Policy Rate,4.0000
2023-11-13,EUR_Policy Rate,4.0000
2023-11-14,EUR_Policy Rate,4.0000
2023-11-15,EUR_Policy Rate,4.0000
2023-11-16,EUR_Policy Rate,4.0000
2023-11-17,EUR_Policy Rate,4.0000
2023-11-18,EUR_Policy Rate,4.0000
2023-11-19,EUR_Policy Rate,4.0000
2023-11-20,EUR_Policy Rate,4.0000
2023-11-21,EUR_Policy Rate,4.0000
2023-11-22,EUR_Policy Rate,4.0000
2023-11-23,EUR_Policy Rate,4.0000
2023-11-24,EUR_Policy Rate,4.0000
2023-11-25,EUR_Policy Rate,4.0000
2023-11-26,EUR_Policy Rate,4.0000
2023-11-27,EUR_Policy Rate,4.0000
2023-11-28,EUR_Policy Rate,4.0000
2023-11-29,EUR_Policy Rate,4.0000
2023-11-30,EUR_Policy Rate,4.0000
2023-12-01,EUR_Policy Rate,4.0000
2023-12-02,EUR_Policy Rate,4.0000
2023-12-03,EUR_Policy Rate,4.0000
2023-12-04,EUR_Policy Rate,4.0000
2023-12-05,EUR_Policy Rate,4.0000
2023-12-06,EUR_Policy Rate,4.0000
2023-12-07,EUR_Policy Rate,4.0000
2023-12-08,EUR_Policy Rate,4.0000
2023-12-09,EUR_Policy Rate,4.0000
2023-12-10,EUR_Policy Rate,4.0000
2023-12-11,EUR_Policy Rate,4.0000
2023-12-12,EUR_Policy Rate,4.0000
2023-12-13,EUR_Policy Rate,4.0000
2023-12-14,EUR_Policy Rate,4.0000
2023-12-15,EUR_Policy Rate,4.0000
2023-12-16,EUR_Policy Rate,4.0000
2023-12-17,EUR_Policy Rate,4.0000
2023-12-18,EUR_Policy Rate,4.0000
2023-12-19,EUR_Policy Rate,4.0000
2023-12-20,EUR_Policy Rate,4.0000
2023-12-21,EUR_Policy Rate,4.0000
2023-12-22,EUR_Policy Rate,4.0000
2023-12-23,EUR_Policy Rate,4.0000
2023-12-24,EUR_Policy Rate,4.0000
2023-12-25,EUR_Policy Rate,4.0000
2023-12-26,EUR_Policy Rate,4.0000
2023-12-27,EUR_Policy Rate,4.0000
2023-12-28,EUR_Policy Rate,4.0000
2023-12-29,EUR_Policy Rate,4.0000
2023-12-30,EUR_Policy Rate,4.0000
2023-12-31,EUR_Policy Rate,4.0000
2024-01-01,EUR_Policy Rate,4.0000
2024-01-02,EUR_Policy Rate,4.0000
2024-01-03,EUR_Policy Rate,4.0000
2024-01-04,EUR_Policy Rate,4.0000
2024-01-05,EUR_Policy Rate,4.0000
2024-01-06,EUR_Policy Rate,4.0000
2024-01-07,EUR_Policy Rate,4.0000
2024-01-08,EUR_Policy Rate,4.0000
2024-01-09,EUR_Policy Rate,4.0000
2024-01-10,EUR_Policy Rate,4.0000
2024-01-11,EUR_Policy Rate,4.0000
2024-01-12,EUR_Policy Rate,4.0000
2024-01-13,EUR_Policy Rate,4.0000
2024-01-14,EUR_Policy Rate,4.0000
2024-01-15,EUR_Policy Rate,4.0000
2024-01-16,EUR_Policy Rate,4.0000
2024-01-17,EUR_Policy Rate,4.0000
2024-01-18,EUR_Policy Rate,4.0000
2024-01-19,EUR_Policy Rate,4.0000
2024-01-20,EUR_Policy Rate,4.0000
2024-01-21,EUR_Policy Rate,4.0000
2024-01-22,EUR_Policy Rate,4.0000
2024-01-23,EUR_Policy Rate,4.0000
2024-01-24,EUR_Policy Rate,4.0000
2024-01-25,EUR_Policy Rate,4.0000
2024-01-26,EUR_Policy Rate,4.0000
2024-01-27,EUR_Policy Rate,4.0000
2024-01-28,EUR_Policy Rate,4.0000
2024-01-29,EUR_Policy Rate,4.0000
2024-01-30,EUR_Policy Rate,4.0000
2024-01-31,EUR_Policy Rate,4.0000
2024-02-01,EUR_Policy Rate,4.0000
2024-02-02,EUR_Policy Rate,4.0000
2024-02-03,EUR_Policy Rate,4.0000
2024-02-04,EUR_Policy Rate,4.0000
2024-02-05,EUR_Policy Rate,4.0000
2024-02-06,EUR_Policy Rate,4.0000
2024-02-07,EUR_Policy Rate,4.0000
2024-02-08,EUR_Policy Rate,4.0000
2024-02-09,EUR_Policy Rate,4.0000
2024-02-10,EUR_Policy Rate,4.0000
2024-02-11,EUR_Policy Rate,4.0000
2024-02-12,EUR_Policy Rate,4.0000
2024-02-13,EUR_Policy Rate,4.0000
2024-02-14,EUR_Policy Rate,4.0000
2024-02-15,EUR_Policy Rate,4.0000
2024-02-16,EUR_Policy Rate,4.0000
2024-02-17,EUR_Policy Rate,4.0000
2024-02-18,EUR_Policy Rate,4.0000
2024-02-19,EUR_Policy Rate,4.0000
2024-02-20,EUR_Policy Rate,4.0000
2024-02-21,EUR_Policy Rate,4.0000
2024-02-22,EUR_Policy Rate,4.0000
2024-02-23,EUR_Policy Rate,4.0000
2024-02-24,EUR_Policy Rate,4.0000
2024-02-25,EUR_Policy Rate,4.0000
2024-02-26,EUR_Policy Rate,4.0000
2024-02-27,EUR_Policy Rate,4.0000
2024-02-28,EUR_Policy Rate,4.0000
2024-02-29,EUR_Policy Rate,4.0000
2024-03-01,EUR_Policy Rate,4.0000
2024-03-02,EUR_Policy Rate,4.0000
2024-03-03,EUR_Policy Rate,4.0000
2024-03-04,EUR_Policy Rate,4.0000
2024-03-05,EUR_Policy Rate,4.0000
2024-03-06,EUR_Policy Rate,4.0000
2024-03-07,EUR_Policy Rate,4.0000
2024-03-08,EUR_Policy Rate,4.0000
2024-03-09,EUR_Policy Rate,4.0000
2024-03-10,EUR_Policy Rate,4.0000
2024-03-11,EUR_Policy Rate,4.0000
2024-03-12,EUR_Policy Rate,4.0000
2024-03-13,EUR_Policy Rate,4.0000
2024-03-14,EUR_Policy Rate,4.0000
2024-03-15,EUR_Policy Rate,4.0000
2024-03-16,EUR_Policy Rate,4.0000
2024-03-17,EUR_Policy Rate,4.0000
2024-03-18,EUR_Policy Rate,4.0000
2024-03-19,EUR_Policy Rate,4.0000
2024-03-20,EUR_Policy Rate,4.0000
2024-03-21,EUR_Policy Rate,4.0000
2024-03-22,EUR_Policy Rate,4.0000
2024-03-23,EUR_Policy Rate,4.0000
2024-03-24,EUR_Policy Rate,4.0000
2024-03-25,EUR_Policy Rate,4.0000
2024-03-26,EUR_Policy Rate,4.0000
2024-03-27,EUR_Policy Rate,4.0000
2024-03-28,EUR_Policy Rate,4.0000
2024-03-29,EUR_Policy Rate,4.0000
2024-03-30,EUR_Policy Rate,4.0000
2024-03-31,EUR_Policy Rate,4.0000
2024-04-01,EUR_Policy Rate,4.0000
2024-04-02,EUR_Policy Rate,4.0000
2024-04-03,EUR_Policy Rate,4.0000
2024-04-04,EUR_Policy Rate,4.0000
2024-04-05,EUR_Policy Rate,4.0000
2024-04-06,EUR_Policy Rate,4.0000
2024-04-07,EUR_Policy Rate,4.0000
2024-04-08,EUR_Policy Rate,4.0000
2024-04-09,EUR_Policy Rate,4.0000
2024-04-10,EUR_Policy Rate,4.0000
2024-04-11,EUR_Policy Rate,4.0000
2024-04-12,EUR_Policy Rate,4.0000
2024-04-13,EUR_Policy Rate,4.0000
2024-04-14,EUR_Policy Rate,4.0000
2024-04-15,EUR_Policy Rate,4.0000
2024-04-16,EUR_Policy Rate,4.0000
2024-04-17,EUR_Policy Rate,4.0000
2024-04-18,EUR_Policy Rate,4.0000
2024-04-19,EUR_Policy Rate,4.0000
2024-04-20,EUR_Policy Rate,4.0000
2024-04-21,EUR_Policy Rate,4.0000
2024-04-22,EUR_Policy Rate,4.0000
2024-04-23,EUR_Policy Rate,4.0000
2024-04-24,EUR_Policy Rate,4.0000
2024-04-25,EUR_Policy Rate,4.0000
2024-04-26,EUR_Policy Rate,4.0000
2024-04-27,EUR_Policy Rate,4.0000
2024-04-28,EUR_Policy Rate,4.0000
2024-04-29,EUR_Policy Rate,4.0000
2024-04-30,EUR_Policy Rate,4.0000
2024-05-01,EUR_Policy Rate,4.0000
2024-05-02,EUR_Policy Rate,4.0000
2024-05-03,EUR_Policy Rate,4.0000
2024-05-04,EUR_Policy Rate,4.0000
2024-05-05,EUR_Policy Rate,4.0000
2024-05-06,EUR_Policy Rate,4.0000
2024-05-07,EUR_Policy Rate,4.0000
2024-05-08,EUR_Policy Rate,4.0000
2024-05-09,EUR_Policy Rate,4.0000
2024-05-10,EUR_Policy Rate,4.0000
2024-05-11,EUR_Policy Rate,4.0000
2024-05-12,EUR_Policy Rate,4.0000
2024-05-13,EUR_Policy Rate,4.0000
2024-05-14,EUR_Policy Rate,4.0000
2024-05-15,EUR_Policy Rate,4.0000
2024-05-16,EUR_Policy Rate,4.0000
2024-05-17,EUR_Policy Rate,4.0000
2024-05-18,EUR_Policy Rate,4.0000
2024-05-19,EUR_Policy Rate,4.0000
2024-05-20,EUR_Policy Rate,4.0000
2024-05-21,EUR_Policy Rate,4.0000
2024-05-22,EUR_Policy Rate,4.0000
2024-05-23,EUR_Policy Rate,4.0000
2024-05-24,EUR_Policy Rate,4.0000
2024-05-25,EUR_Policy Rate,4.0000
2024-05-26,EUR_Policy Rate,4.0000
2024-05-27,EUR_Policy Rate,4.0000
2024-05-28,EUR_Policy Rate,4.0000
2024-05-29,EUR_Policy Rate,4.0000
2024-05-30,EUR_Policy Rate,4.0000
2024-05-31,EUR_Policy Rate,4.0000
2024-06-01,EUR_Policy Rate,4.0000
2024-06-02,EUR_Policy Rate,4.0000
2024-06-03,EUR_Policy Rate,4.0000
2024-06-04,EUR_Policy Rate,4.0000
2024-06-05,EUR_Policy Rate,4.0000
2024-06-06,EUR_Policy Rate,4.0000
2024-06-07,EUR_Policy Rate,4.0000
2024-06-08,EUR_Policy Rate,4.0000
2024-06-09,EUR_Policy Rate,4.0000
2024-06-10,EUR_Policy Rate,4.0000
2024-06-11,EUR_Policy Rate,4.0000
2024-06-12,EUR_Policy Rate,3.7500
2024-06-13,EUR_Policy Rate,3.7500
2024-06-14,EUR_Policy Rate,3.7500
2024-06-15,EUR_Policy Rate,3.7500
2024-06-16,EUR_Policy Rate,3.7500
2024-06-17,EUR_Policy Rate,3.7500
2024-06-18,EUR_Policy Rate,3.7500
2024-06-19,EUR_Policy Rate,3.7500
2024-06-20,EUR_Policy Rate,3.7500
2024-06-21,EUR_Policy Rate,3.7500
2024-06-22,EUR_Policy Rate,3.7500
2024-06-23,EUR_Policy Rate,3.7500
2024-06-24,EUR_Policy Rate,3.7500
2024-06-25,EUR_Policy Rate,3.7500
2024-06-26,EUR_Policy Rate,3.7500
2024-06-27,EUR_Policy Rate,3.7500
2024-06-28,EUR_Policy Rate,3.7500
2024-06-29,EUR_Policy Rate,3.7500
2024-06-30,EUR_Policy Rate,3.7500
2024-07-01,EUR_Policy Rate,3.7500
2024-07-02,EUR_Policy Rate,3.7500
2024-07-03,EUR_Policy Rate,3.7500
2024-07-04,EUR_Policy Rate,3.7500
2024-07-05,EUR_Policy Rate,3.7500
2024-07-06,EUR_Policy Rate,3.7500
2024-07-07,EUR_Policy Rate,3.7500
2024-07-08,EUR_Policy Rate,3.7500
2024-07-09,EUR_Policy Rate,3.7500
2024-07-10,EUR_Policy Rate,3.7500
2024-07-11,EUR_Policy Rate,3.7500
2024-07-12,EUR_Policy Rate,3.7500
2024-07-13,EUR_Policy Rate,3.7500
2024-07-14,EUR_Policy Rate,3.7500
2024-07-15,EUR_Policy Rate,3.7500
2024-07-16,EUR_Policy Rate,3.7500
2024-07-17,EUR_Policy Rate,3.7500
2024-07-18,EUR_Policy Rate,3.7500
2024-07-19,EUR_Policy Rate,3.7500
2024-07-20,EUR_Policy Rate,3.7500
2024-07-21,EUR_Policy Rate,3.7500
2024-07-22,EUR_Policy Rate,3.7500
2024-07-23,EUR_Policy Rate,3.7500
2024-07-24,EUR_Policy Rate,3.7500
2024-07-25,EUR_Policy Rate,3.7500
2024-07-26,EUR_Policy Rate,3.7500
2024-07-27,EUR_Policy Rate,3.7500
2024-07-28,EUR_Policy Rate,3.7500
2024-07-29,EUR_Policy Rate,3.7500
2024-07-30,EUR_Policy Rate,3.7500
2024-07-31,EUR_Policy Rate,3.7500
2024-08-01,EUR_Policy Rate,3.7500
2024-08-02,EUR_Policy Rate,3.7500
2024-08-03,EUR_Policy Rate,3.7500
2024-08-04,EUR_Policy Rate,3.7500
2024-08-05,EUR_Policy Rate,3.7500
2024-08-06,EUR_Policy Rate,3.7500
2024-08-07,EUR_Policy Rate,3.7500
2024-08-08,EUR_Policy Rate,3.7500
2024-08-09,EUR_Policy Rate,3.7500
2024-08-10,EUR_Policy Rate,3.7500
2024-08-11,EUR_Policy Rate,3.7500
2024-08-12,EUR_Policy Rate,3.7500
2024-08-13,EUR_Policy Rate,3.7500
2024-08-14,EUR_Policy Rate,3.7500
2024-08-15,EUR_Policy Rate,3.7500
2024-08-16,EUR_Policy Rate,3.7500
2024-08-17,EUR_Policy Rate,3.7500
2024-08-18,EUR_Policy Rate,3.7500
2024-08-19,EUR_Policy Rate,3.7500
2024-08-20,EUR_Policy Rate,3.7500
2024-08-21,EUR_Policy Rate,3.7500
2024-08-22,EUR_Policy Rate,3.7500
2024-08-23,EUR_Policy Rate,3.7500
2024-08-24,EUR_Policy Rate,3.7500
2024-08-25,EUR_Policy Rate,3.7500
2024-08-26,EUR_Policy Rate,3.7500
2024-08-27,EUR_Policy Rate,3.7500
2024-08-28,EUR_Policy Rate,3.7500
2024-08-29,EUR_Policy Rate,3.7500
2024-08-30,EUR_Policy Rate,3.7500
2024-08-31,EUR_Policy Rate,3.7500
2024-09-01,EUR_Policy Rate,3.7500
2024-09-02,EUR_Policy Rate,3.7500
2024-09-03,EUR_Policy Rate,3.7500
2024-09-04,EUR_Policy Rate,3.7500
2024-09-05,EUR_Policy Rate,3.7500
2024-09-06,EUR_Policy Rate,3.7500
2024-09-07,EUR_Policy Rate,3.7500
2024-09-08,EUR_Policy Rate,3.7500
2024-09-09,EUR_Policy Rate,3.7500
2024-09-10,EUR_Policy Rate,3.7500
2024-09-11,EUR_Policy Rate,3.7500
2024-09-12,EUR_Policy Rate,3.7500
2024-09-13,EUR_Policy Rate,3.7500
2024-09-14,EUR_Policy Rate,3.7500
2024-09-15,EUR_Policy Rate,3.7500
2024-09-16,EUR_Policy Rate,3.7500
2024-09-17,EUR_Policy Rate,3.7500
2024-09-18,EUR_Policy Rate,3.5000
2024-09-19,EUR_Policy Rate,3.5000
2024-09-20,EUR_Policy Rate,3.5000
2024-09-21,EUR_Policy Rate,3.5000
2024-09-22,EUR_Policy Rate,3.5000
2024-09-23,EUR_Policy Rate,3.5000
2024-09-24,EUR_Policy Rate,3.5000
2024-09-25,EUR_Policy Rate,3.5000
2024-09-26,EUR_Policy Rate,3.5000
2024-09-27,EUR_Policy Rate,3.5000
2024-09-28,EUR_Policy Rate,3.5000
2024-09-29,EUR_Policy Rate,3.5000
2024-09-30,EUR_Policy Rate,3.5000
2024-10-01,EUR_Policy Rate,3.5000
2024-10-02,EUR_Policy Rate,3.5000
2024-10-03,EUR_Policy Rate,3.5000
2024-10-04,EUR_Policy Rate,3.5000
2024-10-05,EUR_Policy Rate,3.5000
2024-10-06,EUR_Policy Rate,3.5000
2024-10-07,EUR_Policy Rate,3.5000
2024-10-08,EUR_Policy Rate,3.5000
2024-10-09,EUR_Policy Rate,3.5000
2024-10-10,EUR_Policy Rate,3.5000
2024-10-11,EUR_Policy Rate,3.5000
2024-10-12,EUR_Policy Rate,3.5000
2024-10-13,EUR_Policy Rate,3.5000
2024-10-14,EUR_Policy Rate,3.5000
2024-10-15,EUR_Policy Rate,3.5000
2024-10-16,EUR_Policy Rate,3.5000
2024-10-17,EUR_Policy Rate,3.5000
2024-10-18,EUR_Policy Rate,3.5000
2024-10-19,EUR_Policy Rate,3.5000
2024-10-20,EUR_Policy Rate,3.5000
2024-10-21,EUR_Policy Rate,3.5000
2024-10-22,EUR_Policy Rate,3.5000
2024-10-23,EUR_Policy Rate,3.2500
2024-10-24,EUR_Policy Rate,3.2500
2024-10-25,EUR_Policy Rate,3.2500
2024-10-26,EUR_Policy Rate,3.2500
2024-10-27,EUR_Policy Rate,3.2500
2024-10-28,EUR_Policy Rate,3.2500
2024-10-29,EUR_Policy Rate,3.2500
2024-10-30,EUR_Policy Rate,3.2500
2024-10-31,EUR_Policy Rate,3.2500
2024-11-01,EUR_Policy Rate,3.2500
2024-11-02,EUR_Policy Rate,3.2500
2024-11-03,EUR_Policy Rate,3.2500
2024-11-04,EUR_Policy Rate,3.2500
2024-11-05,EUR_Policy Rate,3.2500
2024-11-06,EUR_Policy Rate,3.2500
2024-11-07,EUR_Policy Rate,3.2500
2024-11-08,EUR_Policy Rate,3.2500
2024-11-09,EUR_Policy Rate,3.2500
2024-11-10,EUR_Policy Rate,3.2500
2024-11-11,EUR_Policy Rate,3.2500
2024-11-12,EUR_Policy Rate,3.2500
2024-11-13,EUR_Policy Rate,3.2500
2024-11-14,EUR_Policy Rate,3.2500
2024-11-15,EUR_Policy Rate,3.2500
2024-11-16,EUR_Policy Rate,3.2500
2024-11-17,EUR_Policy Rate,3.2500
2024-11-18,EUR_Policy Rate,3.2500
2024-11-19,EUR_Policy Rate,3.2500
2024-11-20,EUR_Policy Rate,3.2500
2024-11-21,EUR_Policy Rate,3.2500
2024-11-22,EUR_Policy Rate,3.2500
2024-11-23,EUR_Policy Rate,3.2500
2024-11-24,EUR_Policy Rate,3.2500
2024-11-25,EUR_Policy Rate,3.2500
2024-11-26,EUR_Policy Rate,3.2500
2024-11-27,EUR_Policy Rate,3.2500
2024-11-28,EUR_Policy Rate,3.2500
2024-11-29,EUR_Policy Rate,3.2500
2024-11-30,EUR_Policy Rate,3.2500
2024-12-01,EUR_Policy Rate,3.2500
2024-12-02,EUR_Policy Rate,3.2500
2024-12-03,EUR_Policy Rate,3.2500
2024-12-04,EUR_Policy Rate,3.2500
2024-12-05,EUR_Policy Rate,3.2500
2024-12-06,EUR_Policy Rate,3.2500
2024-12-07,EUR_Policy Rate,3.2500
2024-12-08,EUR_Policy Rate,3.2500
2024-12-09,EUR_Policy Rate,3.2500
2024-12-10,EUR_Policy Rate,3.2500
2024-12-11,EUR_Policy Rate,3.2500
2024-12-12,EUR_Policy Rate,3.2500
2024-12-13,EUR_Policy Rate,3.2500
2024-12-14,EUR_Policy Rate,3.2500
2024-12-15,EUR_Policy Rate,3.2500
2024-12-16,EUR_Policy Rate,3.2500
2024-12-17,EUR_Policy Rate,3.2500
2024-12-18,EUR_Policy Rate,3.0000
2024-12-19,EUR_Policy Rate,3.0000
2024-12-20,EUR_Policy Rate,3.0000
2024-12-21,EUR_Policy Rate,3.0000
2024-12-22,EUR_Policy Rate,3.0000
2024-12-23,EUR_Policy Rate,3.0000
2024-12-24,EUR_Policy Rate,3.0000
2024-12-25,EUR_Policy Rate,3.0000
2024-12-26,EUR_Policy Rate,3.0000
2024-12-27,EUR_Policy Rate,3.0000
2024-12-28,EUR_Policy Rate,3.0000
2024-12-29,EUR_Policy Rate,3.0000
2024-12-30,EUR_Policy Rate,3.0000
2024-12-31,EUR_Policy Rate,3.0000
2025-01-01,EUR_Policy Rate,3.0000
2025-01-02,EUR_Policy Rate,3.0000
2025-01-03,EUR_Policy Rate,3.0000
2025-01-04,EUR_Policy Rate,3.0000
2025-01-05,EUR_Policy Rate,3.0000
2025-01-06,EUR_Policy Rate,3.0000
2025-01-07,EUR_Policy Rate,3.0000
2025-01-08,EUR_Policy Rate,3.0000
2025-01-09,EUR_Policy Rate,3.0000
2025-01-10,EUR_Policy Rate,3.0000
2025-01-11,EUR_Policy Rate,3.0000
2025-01-12,EUR_Policy Rate,3.0000
2025-01-13,EUR_Policy Rate,3.0000
2025-01-14,EUR_Policy Rate,3.0000
2025-01-15,EUR_Policy Rate,3.0000
2025-01-16,EUR_Policy Rate,3.0000
2025-01-17,EUR_Policy Rate,3.0000
2025-01-18,EUR_Policy Rate,3.0000
2025-01-19,EUR_Policy Rate,3.0000
2025-01-20,EUR_Policy Rate,3.0000
2025-01-21,EUR_Policy Rate,3.0000
2025-01-22,EUR_Policy Rate,3.0000
2025-01-23,EUR_Policy Rate,3.0000
2025-01-24,EUR_Policy Rate,3.0000
2025-01-25,EUR_Policy Rate,3.0000
2025-01-26,EUR_Policy Rate,3.0000
2025-01-27,EUR_Policy Rate,3.0000
2025-01-28,EUR_Policy Rate,3.0000
2025-01-29,EUR_Policy Rate,3.0000
2025-01-30,EUR_Policy Rate,3.0000
2025-01-31,EUR_Policy Rate,3.0000
2025-02-01,EUR_Policy Rate,3.0000
2025-02-02,EUR_Policy Rate,3.0000
2025-02-03,EUR_Policy Rate,3.0000
2025-02-04,EUR_Policy Rate,3.0000
2025-02-05,EUR_Policy Rate,2.7500
2025-02-06,EUR_Policy Rate,2.7500
2025-02-07,EUR_Policy Rate,2.7500
2025-02-08,EUR_Policy Rate,2.7500
2025-02-09,EUR_Policy Rate,2.7500
2025-02-10,EUR_Policy Rate,2.7500
2025-02-11,EUR_Policy Rate,2.7500
2025-02-12,EUR_Policy Rate,2.7500
2025-02-13,EUR_Policy Rate,2.7500
2025-02-14,EUR_Policy Rate,2.7500
2025-02-15,EUR_Policy Rate,2.7500
2025-02-16,EUR_Policy Rate,2.7500
2025-02-17,EUR_Policy Rate,2.7500
2025-02-18,EUR_Policy Rate,2.7500
2025-02-19,EUR_Policy Rate,2.7500
2025-02-20,EUR_Policy Rate,2.7500
2025-02-21,EUR_Policy Rate,2.7500
2025-02-22,EUR_Policy Rate,2.7500
2025-02-23,EUR_Policy Rate,2.7500
2025-02-24,EUR_Policy Rate,2.7500
2025-02-25,EUR_Policy Rate,2.7500
2025-02-26,EUR_Policy Rate,2.7500
2025-02-27,EUR_Policy Rate,2.7500
2025-02-28,EUR_Policy Rate,2.7500
2025-03-01,EUR_Policy Rate,2.7500
2025-03-02,EUR_Policy Rate,2.7500
2025-03-03,EUR_Policy Rate,2.7500
2025-03-04,EUR_Policy Rate,2.7500
2025-03-05,EUR_Policy Rate,2.7500
2025-03-06,EUR_Policy Rate,2.7500
2025-03-07,EUR_Policy Rate,2.7500
2025-03-08,EUR_Policy Rate,2.7500
2025-03-09,EUR_Policy Rate,2.7500
2025-03-10,EUR_Policy Rate,2.7500
2025-03-11,EUR_Policy Rate,2.7500
2025-03-12,EUR_Policy Rate,2.5000
2025-03-13,EUR_Policy Rate,2.5000
2025-03-14,EUR_Policy Rate,2.5000
2025-03-15,EUR_Policy Rate,2.5000
2025-03-16,EUR_Policy Rate,2.5000
2025-03-17,EUR_Policy Rate,2.5000
2025-03-18,EUR_Policy Rate,2.5000
2025-03-19,EUR_Policy Rate,2.5000
2025-03-20,EUR_Policy Rate,2.5000
2025-03-21,EUR_Policy Rate,2.5000
2025-03-22,EUR_Policy Rate,2.5000
2025-03-23,EUR_Policy Rate,2.5000
2025-03-24,EUR_Policy Rate,2.5000
2025-03-25,EUR_Policy Rate,2.5000
2025-03-26,EUR_Policy Rate,2.5000
2025-03-27,EUR_Policy Rate,2.5000
2025-03-28,EUR_Policy Rate,2.5000
2025-03-29,EUR_Policy Rate,2.5000
2025-03-30,EUR_Policy Rate,2.5000
2025-03-31,EUR_Policy Rate,2.5000
2025-04-01,EUR_Policy Rate,2.5000
2025-04-02,EUR_Policy Rate,2.5000
2025-04-03,EUR_Policy Rate,2.5000
2025-04-04,EUR_Policy Rate,2.5000
2025-04-05,EUR_Policy Rate,2.5000
2025-04-06,EUR_Policy Rate,2.5000
2025-04-07,EUR_Policy Rate,2.5000
2025-04-08,EUR_Policy Rate,2.5000
2025-04-09,EUR_Policy Rate,2.5000
2025-04-10,EUR_Policy Rate,2.5000
2025-04-11,EUR_Policy Rate,2.5000
2025-04-12,EUR_Policy Rate,2.5000
2025-04-13,EUR_Policy Rate,2.5000
2025-04-14,EUR_Policy Rate,2.5000
2025-04-15,EUR_Policy Rate,2.5000
2025-04-16,EUR_Policy Rate,2.5000
2025-04-17,EUR_Policy Rate,2.5000
2025-04-18,EUR_Policy Rate,2.5000
2025-04-19,EUR_Policy Rate,2.5000
2025-04-20,EUR_Policy Rate,2.5000
2025-04-21,EUR_Policy Rate,2.5000
2025-04-22,EUR_Policy Rate,2.5000
2025-04-23,EUR_Policy Rate,2.2500
2025-04-24,EUR_Policy Rate,2.2500
2025-04-25,EUR_Policy Rate,2.2500
2025-04-26,EUR_Policy Rate,2.2500
2025-04-27,EUR_Policy Rate,2.2500
2025-04-28,EUR_Policy Rate,2.2500
2025-04-29,EUR_Policy Rate,2.2500
2025-04-30,EUR_Policy Rate,2.2500
2025-05-01,EUR_Policy Rate,2.2500
2025-05-02,EUR_Policy Rate,2.2500
2025-05-03,EUR_Policy Rate,2.2500
2025-05-04,EUR_Policy Rate,2.2500
2025-05-05,EUR_Policy Rate,2.2500
2025-05-06,EUR_Policy Rate,2.2500
2025-05-07,EUR_Policy Rate,2.2500
2025-05-08,EUR_Policy Rate,2.2500
2025-05-09,EUR_Policy Rate,2.2500
2025-05-10,EUR_Policy Rate,2.2500
2025-05-11,EUR_Policy Rate,2.2500
2025-05-12,EUR_Policy Rate,2.2500
2025-05-13,EUR_Policy Rate,2.2500
2025-05-14,EUR_Policy Rate,2.2500
2025-05-15,EUR_Policy Rate,2.2500
2025-05-16,EUR_Policy Rate,2.2500
2025-05-17,EUR_Policy Rate,2.2500
2025-05-18,EUR_Policy Rate,2.2500
2025-05-19,EUR_Policy Rate,2.2500
2025-05-20,EUR_Policy Rate,2.2500
2025-05-21,EUR_Policy Rate,2.2500
2025-05-22,EUR_Policy Rate,2.2500
2025-05-23,EUR_Policy Rate,2.2500
2025-05-24,EUR_Policy Rate,2.2500
2025-05-25,EUR_Policy Rate,2.2500
2025-05-26,EUR_Policy Rate,2.2500
2025-05-27,EUR_Policy Rate,2.2500
2025-05-28,EUR_Policy Rate,2.2500
2025-05-29,EUR_Policy Rate,2.2500
2025-05-30,EUR_Policy Rate,2.2500
2025-05-31,EUR_Policy Rate,2.2500
2025-06-01,EUR_Policy Rate,2.2500
2025-06-02,EUR_Policy Rate,2.2500
2025-06-03,EUR_Policy Rate,2.2500
2025-06-04,EUR_Policy Rate,2.2500
2025-06-05,EUR_Policy Rate,2.2500
2025-06-06,EUR_Policy Rate,2.2500
2025-06-07,EUR_Policy Rate,2.2500
2025-06-08,EUR_Policy Rate,2.2500
2025-06-09,EUR_Policy Rate,2.2500
2025-06-10,EUR_Policy Rate,2.2500
2025-06-11,EUR_Policy Rate,2.0000
2025-06-12,EUR_Policy Rate,2.0000
2025-06-13,EUR_Policy Rate,2.0000
2025-06-14,EUR_Policy Rate,2.0000
2025-06-15,EUR_Policy Rate,2.0000
2025-06-16,EUR_Policy Rate,2.0000
2025-06-17,EUR_Policy Rate,2.0000
2025-06-18,EUR_Policy Rate,2.0000
2025-06-19,EUR_Policy Rate,2.0000
2025-06-20,EUR_Policy Rate,2.0000
2025-06-21,EUR_Policy Rate,2.0000
2025-06-22,EUR_Policy Rate,2.0000
2025-06-23,EUR_Policy Rate,2.0000
2025-06-24,EUR_Policy Rate,2.0000
2025-06-25,EUR_Policy Rate,2.0000
2025-06-26,EUR_Policy Rate,2.0000
2025-06-27,EUR_Policy Rate,2.0000
2025-06-28,EUR_Policy Rate,2.0000
2025-06-29,EUR_Policy Rate,2.0000
2025-06-30,EUR_Policy Rate,2.0000
2025-07-01,EUR_Policy Rate,2.0000
2025-07-02,EUR_Policy Rate,2.0000
2025-07-03,EUR_Policy Rate,2.0000
2025-07-04,EUR_Policy Rate,2.0000
2025-07-05,EUR_Policy Rate,2.0000
2025-07-06,EUR_Policy Rate,2.0000
2025-07-07,EUR_Policy Rate,2.0000
2025-07-08,EUR_Policy Rate,2.0000
2025-07-09,EUR_Policy Rate,2.0000
2025-07-10,EUR_Policy Rate,2.0000
2025-07-11,EUR_Policy Rate,2.0000
2025-07-12,EUR_Policy Rate,2.0000
2025-07-13,EUR_Policy Rate,2.0000
2025-07-14,EUR_Policy Rate,2.0000
2025-07-15,EUR_Policy Rate,2.0000
2025-07-16,EUR_Policy Rate,2.0000
2025-07-17,EUR_Policy Rate,2.0000
2025-07-18,EUR_Policy Rate,2.0000
2025-07-19,EUR_Policy Rate,2.0000
2025-07-20,EUR_Policy Rate,2.0000
2025-07-21,EUR_Policy Rate,2.0000
2025-07-22,EUR_Policy Rate,2.0000
2025-07-23,EUR_Policy Rate,2.0000
2025-07-24,EUR_Policy Rate,2.0000
2025-07-25,EUR_Policy Rate,2.0000
2025-07-26,EUR_Policy Rate,2.0000
2025-07-27,EUR_Policy Rate,2.0000
2025-07-28,EUR_Policy Rate,2.0000
2025-07-29,EUR_Policy Rate,2.0000
2025-07-30,EUR_Policy Rate,2.0000
2025-07-31,EUR_Policy Rate,2.0000
2025-08-01,EUR_Policy Rate,2.0000
2025-08-02,EUR_Policy Rate,2.0000
2025-08-03,EUR_Policy Rate,2.0000
2025-08-04,EUR_Policy Rate,2.0000
2025-08-05,EUR_Policy Rate,2.0000
2025-08-06,EUR_Policy Rate,2.0000
2025-08-07,EUR_Policy Rate,2.0000
2025-08-08,EUR_Policy Rate,2.0000
2025-08-09,EUR_Policy Rate,2.0000
2025-08-10,EUR_Policy Rate,2.0000
2025-08-11,EUR_Policy Rate,2.0000
2025-08-12,EUR_Policy Rate,2.0000
2025-08-13,EUR_Policy Rate,2.0000
2025-08-14,EUR_Policy Rate,2.0000
2025-08-15,EUR_Policy Rate,2.0000
2025-08-16,EUR_Policy Rate,2.0000
2025-08-17,EUR_Policy Rate,2.0000
2025-08-18,EUR_Policy Rate,2.0000
2025-08-19,EUR_Policy Rate,2.0000
2025-08-20,EUR_Policy Rate,2.0000
2025-08-21,EUR_Policy Rate,2.0000
2025-08-22,EUR_Policy Rate,2.0000
2025-08-23,EUR_Policy Rate,2.0000
2025-08-24,EUR_Policy Rate,2.0000
2025-08-25,EUR_Policy Rate,2.0000
2025-08-26,EUR_Policy Rate,2.0000
2025-08-27,EUR_Policy Rate,2.0000
2025-08-28,EUR_Policy Rate,2.0000
2025-08-29,EUR_Policy Rate,2.0000
2025-08-30,EUR_Policy Rate,2.0000
2025-08-31,EUR_Policy Rate,2.0000
2025-09-01,EUR_Policy Rate,2.0000
2025-09-02,EUR_Policy Rate,2.0000
2025-09-03,EUR_Policy Rate,2.0000
2025-09-04,EUR_Policy Rate,2.0000
2025-09-05,EUR_Policy Rate,2.0000
2025-09-06,EUR_Policy Rate,2.0000
2025-09-07,EUR_Policy Rate,2.0000
2025-09-08,EUR_Policy Rate,2.0000
2025-09-09,EUR_Policy Rate,2.0000
2025-09-10,EUR_Policy Rate,2.0000
2025-09-11,EUR_Policy Rate,2.0000
2025-09-12,EUR_Policy Rate,2.0000
2025-09-13,EUR_Policy Rate,2.0000
2025-09-14,EUR_Policy Rate,2.0000
2025-09-15,EUR_Policy Rate,2.0000
2025-09-16,EUR_Policy Rate,2.0000
2025-09-17,EUR_Policy Rate,2.0000
2025-09-18,EUR_Policy Rate,2.0000
2025-09-19,EUR_Policy Rate,2.0000
2025-09-20,EUR_Policy Rate,2.0000
2025-09-21,EUR_Policy Rate,2.0000
2025-09-22,EUR_Policy Rate,2.0000
2025-09-23,EUR_Policy Rate,2.0000
2025-09-24,EUR_Policy Rate,2.0000
2025-09-25,EUR_Policy Rate,2.0000
2025-09-26,EUR_Policy Rate,2.0000
2025-09-27,EUR_Policy Rate,2.0000
2025-09-28,EUR_Policy Rate,2.0000
2025-09-29,EUR_Policy Rate,2.0000
2025-09-30,EUR_Policy Rate,2.0000
2025-10-01,EUR_Policy Rate,2.0000
2025-10-02,EUR_Policy Rate,2.0000
2025-10-03,EUR_Policy Rate,2.0000
2025-10-04,EUR_Policy Rate,2.0000
2025-10-05,EUR_Policy Rate,2.0000
2025-10-06,EUR_Policy Rate,2.0000
2025-10-07,EUR_Policy Rate,2.0000
2025-10-08,EUR_Policy Rate,2.0000
2025-10-09,EUR_Policy Rate,2.0000
2025-10-10,EUR_Policy Rate,2.0000
2025-10-11,EUR_Policy Rate,2.0000
2025-10-12,EUR_Policy Rate,2.0000
2025-10-13,EUR_Policy Rate,2.0000
2025-10-14,EUR_Policy Rate,2.0000
2025-10-15,EUR_Policy Rate,2.0000
2025-10-16,EUR_Policy Rate,2.0000
2025-10-17,EUR_Policy Rate,2.0000
2025-10-18,EUR_Policy Rate,2.0000
2025-10-19,EUR_Policy Rate,2.0000
2025-10-20,EUR_Policy Rate,2.0000
2025-10-21,EUR_Policy Rate,2.0000
2025-10-22,EUR_Policy Rate,2.0000
2025-10-23,EUR_Policy Rate,2.0000
2025-10-24,EUR_Policy Rate,2.0000
2025-10-25,EUR_Policy Rate,2.0000
2025-10-26,EUR_Policy Rate,2.0000
2025-10-27,EUR_Policy Rate,2.0000
2025-10-28,EUR_Policy Rate,2.0000
2025-10-29,EUR_Policy Rate,2.0000
2025-10-30,EUR_Policy Rate,2.0000
2025-10-31,EUR_Policy Rate,2.0000
2025-11-01,EUR_Policy Rate,2.0000
2025-11-02,EUR_Policy Rate,2.0000
2025-11-03,EUR_Policy Rate,2.0000
2025-11-04,EUR_Policy Rate,2.0000
2025-11-05,EUR_Policy Rate,2.0000
2025-11-06,EUR_Policy Rate,2.0000
2025-11-07,EUR_Policy Rate,2.0000
2025-11-08,EUR_Policy Rate,2.0000
2025-11-09,EUR_Policy Rate,2.0000
2025-11-10,EUR_Policy Rate,2.0000
2025-11-11,EUR_Policy Rate,2.0000
2025-11-12,EUR_Policy Rate,2.0000
2025-11-13,EUR_Policy Rate,2.0000
2025-11-14,EUR_Policy Rate,2.0000
2025-11-15,EUR_Policy Rate,2.0000
2025-11-16,EUR_Policy Rate,2.0000
2025-11-17,EUR_Policy Rate,2.0000
2025-11-18,EUR_Policy Rate,2.0000
2025-11-19,EUR_Policy Rate,2.0000
2025-11-20,EUR_Policy Rate,2.0000
2025-11-21,EUR_Policy Rate,2.0000
2025-11-22,EUR_Policy Rate,2.0000
2025-11-23,EUR_Policy Rate,2.0000
2025-11-24,EUR_Policy Rate,2.0000
2025-11-25,EUR_Policy Rate,2.0000
2025-11-26,EUR_Policy Rate,2.0000
2025-11-27,EUR_Policy Rate,2.0000
2025-11-28,EUR_Policy Rate,2.0000
2025-11-29,EUR_Policy Rate,2.0000
2025-11-30,EUR_Policy Rate,2.0000
2025-12-01,EUR_Policy Rate,2.0000
2025-12-02,EUR_Policy Rate,2.0000
2025-12-03,EUR_Policy Rate,2.0000
2025-12-04,EUR_Policy Rate,2.0000
2025-12-05,EUR_Policy Rate,2.0000
2025-12-06,EUR_Policy Rate,2.0000
2025-12-07,EUR_Policy Rate,2.0000
2025-12-08,EUR_Policy Rate,2.0000
2025-12-09,EUR_Policy Rate,2.0000
2025-12-10,EUR_Policy Rate,2.0000
2025-12-11,EUR_Policy Rate,2.0000
2025-12-12,EUR_Policy Rate,2.0000
2025-12-13,EUR_Policy Rate,2.0000
2025-12-14,EUR_Policy Rate,2.0000
2025-12-15,EUR_Policy Rate,2.0000
2025-12-16,EUR_Policy Rate,2.0000
2025-12-17,EUR_Policy Rate,2.0000
2025-12-18,EUR_Policy Rate,2.0000
2025-12-19,EUR_Policy Rate,2.0000
2025-12-20,EUR_Policy Rate,2.0000
2025-12-21,EUR_Policy Rate,2.0000
2025-12-22,EUR_Policy Rate,2.0000
2025-12-23,EUR_Policy Rate,2.0000
2025-12-24,EUR_Policy Rate,2.0000
2025-12-25,EUR_Policy Rate,2.0000
2025-12-26,EUR_Policy Rate,2.0000
2025-12-27,EUR_Policy Rate,2.0000
2025-12-28,EUR_Policy Rate,2.0000
2025-12-29,EUR_Policy Rate,2.0000
2025-12-30,EUR_Policy Rate,2.0000
2025-12-31,EUR_Policy Rate,2.0000
2026-01-01,EUR_Policy Rate,2.0000
2026-01-02,EUR_Policy Rate,2.0000
2026-01-03,EUR_Policy Rate,2.0000
2026-01-04,EUR_Policy Rate,2.0000
2026-01-05,EUR_Policy Rate,2.0000
2026-01-06,EUR_Policy Rate,2.0000
2026-01-07,EUR_Policy Rate,2.0000
2026-01-08,EUR_Policy Rate,2.0000
2026-01-09,EUR_Policy Rate,2.0000
2026-01-10,EUR_Policy Rate,2.0000
2026-01-11,EUR_Policy Rate,2.0000
2026-01-12,EUR_Policy Rate,2.0000
2026-01-13,EUR_Policy Rate,2.0000
2026-01-14,EUR_Policy Rate,2.0000
2026-01-15,EUR_Policy Rate,2.0000
2026-01-16,EUR_Policy Rate,2.0000
2026-01-17,EUR_Policy Rate,2.0000
2026-01-18,EUR_Policy Rate,2.0000
2026-01-19,EUR_Policy Rate,2.0000
2026-01-20,EUR_Policy Rate,2.0000
2026-01-21,EUR_Policy Rate,2.0000
2026-01-22,EUR_Policy Rate,2.0000
2026-01-23,EUR_Policy Rate,2.0000
2026-01-24,EUR_Policy Rate,2.0000
2026-01-25,EUR_Policy Rate,2.0000
2026-01-26,EUR_Policy Rate,2.0000
2026-01-27,EUR_Policy Rate,2.0000
2026-01-28,EUR_Policy Rate,2.0000
2026-01-29,EUR_Policy Rate,2.0000
2026-01-30,EUR_Policy Rate,2.0000
2026-01-31,EUR_Policy Rate,2.0000
2026-02-01,EUR_Policy Rate,2.0000
2026-02-02,EUR_Policy Rate,2.0000
2026-02-03,EUR_Policy Rate,2.0000
2026-02-04,EUR_Policy Rate,2.0000
2026-02-05,EUR_Policy Rate,2.0000
2026-02-06,EUR_Policy Rate,2.0000
2026-02-07,EUR_Policy Rate,2.0000
2026-02-08,EUR_Policy Rate,2.0000
2026-02-09,EUR_Policy Rate,2.0000
2026-02-10,EUR_Policy Rate,2.0000
2026-02-11,EUR_Policy Rate,2.0000
2026-02-12,EUR_Policy Rate,2.0000
2026-02-13,EUR_Policy Rate,2.0000
2026-02-14,EUR_Policy Rate,2.0000
2026-02-15,EUR_Policy Rate,2.0000
2026-02-16,EUR_Policy Rate,2.0000
2026-02-17,EUR_Policy Rate,2.0000
2026-02-18,EUR_Policy Rate,2.0000
2026-02-19,EUR_Policy Rate,2.0000
2026-02-20,EUR_Policy Rate,2.0000
2026-02-21,EUR_Policy Rate,2.0000
2026-02-22,EUR_Policy Rate,2.0000
2026-02-23,EUR_Policy Rate,2.0000
2026-02-24,EUR_Policy Rate,2.0000
2026-02-25,EUR_Policy Rate,2.0000
2026-02-26,EUR_Policy Rate,2.0000
2026-02-27,EUR_Policy Rate,2.0000
2026-02-28,EUR_Policy Rate,2.0000
2026-03-01,EUR_Policy Rate,2.0000
2026-03-02,EUR_Policy Rate,2.0000
2026-03-03,EUR_Policy Rate,2.0000
2026-03-04,EUR_Policy Rate,2.0000
2026-03-05,EUR_Policy Rate,2.0000
2026-03-06,EUR_Policy Rate,2.0000
2026-03-07,EUR_Policy Rate,2.0000
2026-03-08,EUR_Policy Rate,2.0000
2026-03-09,EUR_Policy Rate,2.0000
2026-03-10,EUR_Policy Rate,2.0000
2026-03-11,EUR_Policy Rate,2.0000
2026-03-12,EUR_Policy Rate,2.0000
2026-03-13,EUR_Policy Rate,2.0000
2026-03-14,EUR_Policy Rate,2.0000
2026-03-15,EUR_Policy Rate,2.0000
2026-03-16,EUR_Policy Rate,2.0000
2026-03-17,EUR_Policy Rate,2.0000
2026-03-18,EUR_Policy Rate,2.0000
2026-03-19,EUR_Policy Rate,2.0000
2026-03-20,EUR_Policy Rate,2.0000
2026-03-21,EUR_Policy Rate,2.0000
2026-03-22,EUR_Policy Rate,2.0000
2026-03-23,EUR_Policy Rate,2.0000
2026-03-24,EUR_Policy Rate,2.0000
2026-03-25,EUR_Policy Rate,2.0000
2026-03-26,EUR_Policy Rate,2.0000
2026-03-27,EUR_Policy Rate,2.0000
2026-03-28,EUR_Policy Rate,2.0000
2026-03-29,EUR_Policy Rate,2.0000
2026-03-30,EUR_Policy Rate,2.0000
2026-03-31,EUR_Policy Rate,2.0000
2026-04-01,EUR_Policy Rate,2.0000
2026-04-02,EUR_Policy Rate,2.0000
2026-04-03,EUR_Policy Rate,2.0000
2026-04-04,EUR_Policy Rate,2.0000
2026-04-05,EUR_Policy Rate,2.0000
2026-04-06,EUR_Policy Rate,2.0000
2026-04-07,EUR_Policy Rate,2.0000
2026-04-08,EUR_Policy Rate,2.0000
2026-04-09,EUR_Policy Rate,2.0000
2026-04-10,EUR_Policy Rate,2.0000
2026-04-11,EUR_Policy Rate,2.0000
2026-04-12,EUR_Policy Rate,2.0000
2026-04-13,EUR_Policy Rate,2.0000
2026-04-14,EUR_Policy Rate,2.0000
2026-04-15,EUR_Policy Rate,2.0000
2026-04-16,EUR_Policy Rate,2.0000
2026-04-17,EUR_Policy Rate,2.0000
2026-04-18,EUR_Policy Rate,2.0000
2026-04-19,EUR_Policy Rate,2.0000
2026-04-20,EUR_Policy Rate,2.0000
2026-04-21,EUR_Policy Rate,2.0000
2026-04-22,EUR_Policy Rate,2.0000
2026-04-23,EUR_Policy Rate,2.0000
2026-04-24,EUR_Policy Rate,2.0000
2026-04-25,EUR_Policy Rate,2.0000
2026-04-26,EUR_Policy Rate,2.0000
2026-04-27,EUR_Policy Rate,2.0000
2026-04-28,EUR_Policy Rate,2.0000
2026-04-29,EUR_Policy Rate,2.0000
2026-04-30,EUR_Policy Rate,2.0000
2026-05-01,EUR_Policy Rate,2.0000
2026-05-02,EUR_Policy Rate,2.0000
2026-05-03,EUR_Policy Rate,2.0000
2026-05-04,EUR_Policy Rate,2.0000
2026-05-05,EUR_Policy Rate,2.0000
2026-05-06,EUR_Policy Rate,2.0000
2026-05-07,EUR_Policy Rate,2.0000
2026-05-08,EUR_Policy Rate,2.0000
2026-05-09,EUR_Policy Rate,2.0000
2026-05-10,EUR_Policy Rate,2.0000
2026-05-11,EUR_Policy Rate,2.0000
2026-05-12,EUR_Policy Rate,2.0000
2026-05-13,EUR_Policy Rate,2.0000
2026-05-14,EUR_Policy Rate,2.0000
2026-05-15,EUR_Policy Rate,2.0000
2026-05-16,EUR_Policy Rate,2.0000
2026-05-17,EUR_Policy Rate,2.0000
2026-05-18,EUR_Policy Rate,2.0000
2026-05-19,EUR_Policy Rate,2.0000
2026-05-20,EUR_Policy Rate,2.0000
2026-05-21,EUR_Policy Rate,2.0000
2026-05-22,EUR_Policy Rate,2.0000
2026-05-23,EUR_Policy Rate,2.0000
2026-05-24,EUR_Policy Rate,2.0000
2026-05-25,EUR_Policy Rate,2.0000
2026-05-26,EUR_Policy Rate,2.0000
2026-05-27,EUR_Policy Rate,2.0000
2026-05-28,EUR_Policy Rate,2.0000
2026-05-29,EUR_Policy Rate,2.0000
2026-05-30,EUR_Policy Rate,2.0000
2026-05-31,EUR_Policy Rate,2.0000
2026-06-01,EUR_Policy Rate,2.0000
2026-06-02,EUR_Policy Rate,2.0000
2026-06-03,EUR_Policy Rate,2.0000
2003-01-01,EUR_Unemployment,9.1000
2003-02-01,EUR_Unemployment,9.1000
2003-03-01,EUR_Unemployment,9.2000
2003-04-01,EUR_Unemployment,9.2000
2003-05-01,EUR_Unemployment,9.2000
2003-06-01,EUR_Unemployment,9.2000
2003-07-01,EUR_Unemployment,9.2000
2003-08-01,EUR_Unemployment,9.2000
2003-09-01,EUR_Unemployment,9.2000
2003-10-01,EUR_Unemployment,9.2000
2003-11-01,EUR_Unemployment,9.2000
2003-12-01,EUR_Unemployment,9.3000
2004-01-01,EUR_Unemployment,9.4000
2004-02-01,EUR_Unemployment,9.4000
2004-03-01,EUR_Unemployment,9.5000
2004-04-01,EUR_Unemployment,9.4000
2004-05-01,EUR_Unemployment,9.4000
2004-06-01,EUR_Unemployment,9.4000
2004-07-01,EUR_Unemployment,9.4000
2004-08-01,EUR_Unemployment,9.4000
2004-09-01,EUR_Unemployment,9.4000
2004-10-01,EUR_Unemployment,9.4000
2004-11-01,EUR_Unemployment,9.4000
2004-12-01,EUR_Unemployment,9.4000
2005-01-01,EUR_Unemployment,9.3000
2005-02-01,EUR_Unemployment,9.3000
2005-03-01,EUR_Unemployment,9.3000
2005-04-01,EUR_Unemployment,9.4000
2005-05-01,EUR_Unemployment,9.3000
2005-06-01,EUR_Unemployment,9.3000
2005-07-01,EUR_Unemployment,9.2000
2005-08-01,EUR_Unemployment,9.2000
2005-09-01,EUR_Unemployment,9.2000
2005-10-01,EUR_Unemployment,9.2000
2005-11-01,EUR_Unemployment,9.1000
2005-12-01,EUR_Unemployment,9.1000
2006-01-01,EUR_Unemployment,9.0000
2006-02-01,EUR_Unemployment,8.9000
2006-03-01,EUR_Unemployment,8.8000
2006-04-01,EUR_Unemployment,8.7000
2006-05-01,EUR_Unemployment,8.6000
2006-06-01,EUR_Unemployment,8.5000
2006-07-01,EUR_Unemployment,8.4000
2006-08-01,EUR_Unemployment,8.4000
2006-09-01,EUR_Unemployment,8.3000
2006-10-01,EUR_Unemployment,8.2000
2006-11-01,EUR_Unemployment,8.2000
2006-12-01,EUR_Unemployment,8.0000
2007-01-01,EUR_Unemployment,8.0000
2007-02-01,EUR_Unemployment,7.9000
2007-03-01,EUR_Unemployment,7.8000
2007-04-01,EUR_Unemployment,7.7000
2007-05-01,EUR_Unemployment,7.7000
2007-06-01,EUR_Unemployment,7.6000
2007-07-01,EUR_Unemployment,7.6000
2007-08-01,EUR_Unemployment,7.6000
2007-09-01,EUR_Unemployment,7.5000
2007-10-01,EUR_Unemployment,7.5000
2007-11-01,EUR_Unemployment,7.4000
2007-12-01,EUR_Unemployment,7.4000
2008-01-01,EUR_Unemployment,7.4000
2008-02-01,EUR_Unemployment,7.4000
2008-03-01,EUR_Unemployment,7.4000
2008-04-01,EUR_Unemployment,7.5000
2008-05-01,EUR_Unemployment,7.5000
2008-06-01,EUR_Unemployment,7.6000
2008-07-01,EUR_Unemployment,7.6000
2008-08-01,EUR_Unemployment,7.7000
2008-09-01,EUR_Unemployment,7.8000
2008-10-01,EUR_Unemployment,7.9000
2008-11-01,EUR_Unemployment,8.1000
2008-12-01,EUR_Unemployment,8.4000
2009-01-01,EUR_Unemployment,8.8000
2009-02-01,EUR_Unemployment,9.1000
2009-03-01,EUR_Unemployment,9.3000
2009-04-01,EUR_Unemployment,9.5000
2009-05-01,EUR_Unemployment,9.6000
2009-06-01,EUR_Unemployment,9.7000
2009-07-01,EUR_Unemployment,9.8000
2009-08-01,EUR_Unemployment,9.9000
2009-09-01,EUR_Unemployment,10.0000
2009-10-01,EUR_Unemployment,10.1000
2009-11-01,EUR_Unemployment,10.1000
2009-12-01,EUR_Unemployment,10.2000
2010-01-01,EUR_Unemployment,10.2000
2010-02-01,EUR_Unemployment,10.3000
2010-03-01,EUR_Unemployment,10.3000
2010-04-01,EUR_Unemployment,10.3000
2010-05-01,EUR_Unemployment,10.3000
2010-06-01,EUR_Unemployment,10.3000
2010-07-01,EUR_Unemployment,10.2000
2010-08-01,EUR_Unemployment,10.2000
2010-09-01,EUR_Unemployment,10.2000
2010-10-01,EUR_Unemployment,10.3000
2010-11-01,EUR_Unemployment,10.2000
2010-12-01,EUR_Unemployment,10.2000
2011-01-01,EUR_Unemployment,10.2000
2011-02-01,EUR_Unemployment,10.1000
2011-03-01,EUR_Unemployment,10.1000
2011-04-01,EUR_Unemployment,10.0000
2011-05-01,EUR_Unemployment,10.1000
2011-06-01,EUR_Unemployment,10.1000
2011-07-01,EUR_Unemployment,10.2000
2011-08-01,EUR_Unemployment,10.3000
2011-09-01,EUR_Unemployment,10.5000
2011-10-01,EUR_Unemployment,10.6000
2011-11-01,EUR_Unemployment,10.7000
2011-12-01,EUR_Unemployment,10.8000
2012-01-01,EUR_Unemployment,10.9000
2012-02-01,EUR_Unemployment,11.0000
2012-03-01,EUR_Unemployment,11.2000
2012-04-01,EUR_Unemployment,11.3000
2012-05-01,EUR_Unemployment,11.4000
2012-06-01,EUR_Unemployment,11.5000
2012-07-01,EUR_Unemployment,11.5000
2012-08-01,EUR_Unemployment,11.6000
2012-09-01,EUR_Unemployment,11.7000
2012-10-01,EUR_Unemployment,11.9000
2012-11-01,EUR_Unemployment,12.0000
2012-12-01,EUR_Unemployment,12.0000
2013-01-01,EUR_Unemployment,12.2000
2013-02-01,EUR_Unemployment,12.2000
2013-03-01,EUR_Unemployment,12.2000
2013-04-01,EUR_Unemployment,12.2000
2013-05-01,EUR_Unemployment,12.2000
2013-06-01,EUR_Unemployment,12.2000
2013-07-01,EUR_Unemployment,12.1000
2013-08-01,EUR_Unemployment,12.1000
2013-09-01,EUR_Unemployment,12.1000
2013-10-01,EUR_Unemployment,12.1000
2013-11-01,EUR_Unemployment,12.1000
2013-12-01,EUR_Unemployment,12.0000
2014-01-01,EUR_Unemployment,12.1000
2014-02-01,EUR_Unemployment,12.0000
2014-03-01,EUR_Unemployment,12.0000
2014-04-01,EUR_Unemployment,11.8000
2014-05-01,EUR_Unemployment,11.8000
2014-06-01,EUR_Unemployment,11.6000
2014-07-01,EUR_Unemployment,11.7000
2014-08-01,EUR_Unemployment,11.5000
2014-09-01,EUR_Unemployment,11.6000
2014-10-01,EUR_Unemployment,11.6000
2014-11-01,EUR_Unemployment,11.6000
2014-12-01,EUR_Unemployment,11.5000
2015-01-01,EUR_Unemployment,11.4000
2015-02-01,EUR_Unemployment,11.4000
2015-03-01,EUR_Unemployment,11.3000
2015-04-01,EUR_Unemployment,11.2000
2015-05-01,EUR_Unemployment,11.1000
2015-06-01,EUR_Unemployment,11.1000
2015-07-01,EUR_Unemployment,10.8000
2015-08-01,EUR_Unemployment,10.7000
2015-09-01,EUR_Unemployment,10.7000
2015-10-01,EUR_Unemployment,10.7000
2015-11-01,EUR_Unemployment,10.6000
2015-12-01,EUR_Unemployment,10.6000
2016-01-01,EUR_Unemployment,10.5000
2016-02-01,EUR_Unemployment,10.5000
2016-03-01,EUR_Unemployment,10.3000
2016-04-01,EUR_Unemployment,10.3000
2016-05-01,EUR_Unemployment,10.2000
2016-06-01,EUR_Unemployment,10.2000
2016-07-01,EUR_Unemployment,10.0000
2016-08-01,EUR_Unemployment,10.0000
2016-09-01,EUR_Unemployment,9.9000
2016-10-01,EUR_Unemployment,9.9000
2016-11-01,EUR_Unemployment,9.9000
2016-12-01,EUR_Unemployment,9.7000
2017-01-01,EUR_Unemployment,9.7000
2017-02-01,EUR_Unemployment,9.6000
2017-03-01,EUR_Unemployment,9.5000
2017-04-01,EUR_Unemployment,9.3000
2017-05-01,EUR_Unemployment,9.3000
2017-06-01,EUR_Unemployment,9.1000
2017-07-01,EUR_Unemployment,9.1000
2017-08-01,EUR_Unemployment,9.0000
2017-09-01,EUR_Unemployment,8.9000
2017-10-01,EUR_Unemployment,8.8000
2017-11-01,EUR_Unemployment,8.7000
2017-12-01,EUR_Unemployment,8.7000
2018-01-01,EUR_Unemployment,8.7000
2018-02-01,EUR_Unemployment,8.6000
2018-03-01,EUR_Unemployment,8.5000
2018-04-01,EUR_Unemployment,8.4000
2018-05-01,EUR_Unemployment,8.3000
2018-06-01,EUR_Unemployment,8.2000
2018-07-01,EUR_Unemployment,8.1000
2018-08-01,EUR_Unemployment,8.0000
2018-09-01,EUR_Unemployment,8.0000
2018-10-01,EUR_Unemployment,8.0000
2018-11-01,EUR_Unemployment,7.9000
2018-12-01,EUR_Unemployment,7.9000
2019-01-01,EUR_Unemployment,7.9000
2019-02-01,EUR_Unemployment,7.8000
2019-03-01,EUR_Unemployment,7.7000
2019-04-01,EUR_Unemployment,7.7000
2019-05-01,EUR_Unemployment,7.6000
2019-06-01,EUR_Unemployment,7.5000
2019-07-01,EUR_Unemployment,7.5000
2019-08-01,EUR_Unemployment,7.5000
2019-09-01,EUR_Unemployment,7.5000
2019-10-01,EUR_Unemployment,7.4000
2019-11-01,EUR_Unemployment,7.5000
2019-12-01,EUR_Unemployment,7.5000
2020-01-01,EUR_Unemployment,7.5000
2020-02-01,EUR_Unemployment,7.4000
2020-03-01,EUR_Unemployment,7.2000
2020-04-01,EUR_Unemployment,7.4000
2020-05-01,EUR_Unemployment,7.6000
2020-06-01,EUR_Unemployment,8.1000
2020-07-01,EUR_Unemployment,8.5000
2020-08-01,EUR_Unemployment,8.6000
2020-09-01,EUR_Unemployment,8.6000
2020-10-01,EUR_Unemployment,8.4000
2020-11-01,EUR_Unemployment,8.2000
2020-12-01,EUR_Unemployment,8.2000
2021-01-01,EUR_Unemployment,8.2000
2021-02-01,EUR_Unemployment,8.2000
2021-03-01,EUR_Unemployment,8.2000
2021-04-01,EUR_Unemployment,8.2000
2021-05-01,EUR_Unemployment,8.0000
2021-06-01,EUR_Unemployment,7.8000
2021-07-01,EUR_Unemployment,7.7000
2021-08-01,EUR_Unemployment,7.5000
2021-09-01,EUR_Unemployment,7.4000
2021-10-01,EUR_Unemployment,7.3000
2021-11-01,EUR_Unemployment,7.1000
2021-12-01,EUR_Unemployment,7.0000
2022-01-01,EUR_Unemployment,6.9000
2022-02-01,EUR_Unemployment,6.8000
2022-03-01,EUR_Unemployment,6.8000
2022-04-01,EUR_Unemployment,6.7000
2022-05-01,EUR_Unemployment,6.7000
2022-06-01,EUR_Unemployment,6.7000
2022-07-01,EUR_Unemployment,6.7000
2022-08-01,EUR_Unemployment,6.7000
2022-09-01,EUR_Unemployment,6.7000
2022-10-01,EUR_Unemployment,6.6000
2022-11-01,EUR_Unemployment,6.7000
2022-12-01,EUR_Unemployment,6.7000
2023-01-01,EUR_Unemployment,6.7000
2003-01-01,GBP_CPI,75.9000
2003-02-01,GBP_CPI,76.1000
2003-03-01,GBP_CPI,76.4000
2003-04-01,GBP_CPI,76.8000
2003-05-01,GBP_CPI,76.8000
2003-06-01,GBP_CPI,76.7000
2003-07-01,GBP_CPI,76.6000
2003-08-01,GBP_CPI,76.8000
2003-09-01,GBP_CPI,77.0000
2003-10-01,GBP_CPI,77.1000
2003-11-01,GBP_CPI,77.1000
2003-12-01,GBP_CPI,77.3000
2004-01-01,GBP_CPI,77.0000
2004-02-01,GBP_CPI,77.2000
2004-03-01,GBP_CPI,77.3000
2004-04-01,GBP_CPI,77.6000
2004-05-01,GBP_CPI,77.9000
2004-06-01,GBP_CPI,77.9000
2004-07-01,GBP_CPI,77.7000
2004-08-01,GBP_CPI,77.9000
2004-09-01,GBP_CPI,77.9000
2004-10-01,GBP_CPI,78.1000
2004-11-01,GBP_CPI,78.3000
2004-12-01,GBP_CPI,78.6000
2005-01-01,GBP_CPI,78.3000
2005-02-01,GBP_CPI,78.5000
2005-03-01,GBP_CPI,78.8000
2005-04-01,GBP_CPI,79.1000
2005-05-01,GBP_CPI,79.4000
2005-06-01,GBP_CPI,79.4000
2005-07-01,GBP_CPI,79.5000
2005-08-01,GBP_CPI,79.7000
2005-09-01,GBP_CPI,79.9000
2005-10-01,GBP_CPI,80.0000
2005-11-01,GBP_CPI,80.0000
2005-12-01,GBP_CPI,80.3000
2006-01-01,GBP_CPI,80.0000
2006-02-01,GBP_CPI,80.2000
2006-03-01,GBP_CPI,80.4000
2006-04-01,GBP_CPI,80.9000
2006-05-01,GBP_CPI,81.3000
2006-06-01,GBP_CPI,81.5000
2006-07-01,GBP_CPI,81.5000
2006-08-01,GBP_CPI,81.8000
2006-09-01,GBP_CPI,81.9000
2006-10-01,GBP_CPI,82.0000
2006-11-01,GBP_CPI,82.2000
2006-12-01,GBP_CPI,82.6000
2007-01-01,GBP_CPI,82.1000
2007-02-01,GBP_CPI,82.4000
2007-03-01,GBP_CPI,82.8000
2007-04-01,GBP_CPI,83.1000
2007-05-01,GBP_CPI,83.3000
2007-06-01,GBP_CPI,83.5000
2007-07-01,GBP_CPI,83.1000
2007-08-01,GBP_CPI,83.4000
2007-09-01,GBP_CPI,83.5000
2007-10-01,GBP_CPI,83.8000
2007-11-01,GBP_CPI,84.1000
2007-12-01,GBP_CPI,84.5000
2008-01-01,GBP_CPI,84.1000
2008-02-01,GBP_CPI,84.6000
2008-03-01,GBP_CPI,84.9000
2008-04-01,GBP_CPI,85.6000
2008-05-01,GBP_CPI,86.1000
2008-06-01,GBP_CPI,86.6000
2008-07-01,GBP_CPI,86.6000
2008-08-01,GBP_CPI,87.1000
2008-09-01,GBP_CPI,87.5000
2008-10-01,GBP_CPI,87.3000
2008-11-01,GBP_CPI,87.3000
2008-12-01,GBP_CPI,87.1000
2009-01-01,GBP_CPI,86.6000
2009-02-01,GBP_CPI,87.2000
2009-03-01,GBP_CPI,87.3000
2009-04-01,GBP_CPI,87.5000
2009-05-01,GBP_CPI,87.9000
2009-06-01,GBP_CPI,88.1000
2009-07-01,GBP_CPI,88.0000
2009-08-01,GBP_CPI,88.3000
2009-09-01,GBP_CPI,88.3000
2009-10-01,GBP_CPI,88.4000
2009-11-01,GBP_CPI,88.6000
2009-12-01,GBP_CPI,88.9000
2010-01-01,GBP_CPI,88.8000
2010-02-01,GBP_CPI,89.0000
2010-03-01,GBP_CPI,89.4000
2010-04-01,GBP_CPI,89.9000
2010-05-01,GBP_CPI,90.1000
2010-06-01,GBP_CPI,90.2000
2010-07-01,GBP_CPI,90.0000
2010-08-01,GBP_CPI,90.4000
2010-09-01,GBP_CPI,90.4000
2010-10-01,GBP_CPI,90.6000
2010-11-01,GBP_CPI,90.9000
2010-12-01,GBP_CPI,91.7000
2011-01-01,GBP_CPI,91.8000
2011-02-01,GBP_CPI,92.3000
2011-03-01,GBP_CPI,92.6000
2011-04-01,GBP_CPI,93.3000
2011-05-01,GBP_CPI,93.5000
2011-06-01,GBP_CPI,93.5000
2011-07-01,GBP_CPI,93.5000
2011-08-01,GBP_CPI,93.9000
2011-09-01,GBP_CPI,94.5000
2011-10-01,GBP_CPI,94.5000
2011-11-01,GBP_CPI,94.7000
2011-12-01,GBP_CPI,95.0000
2012-01-01,GBP_CPI,94.7000
2012-02-01,GBP_CPI,95.2000
2012-03-01,GBP_CPI,95.4000
2012-04-01,GBP_CPI,95.9000
2012-05-01,GBP_CPI,95.9000
2012-06-01,GBP_CPI,95.6000
2012-07-01,GBP_CPI,95.7000
2012-08-01,GBP_CPI,96.1000
2012-09-01,GBP_CPI,96.4000
2012-10-01,GBP_CPI,96.8000
2012-11-01,GBP_CPI,97.0000
2012-12-01,GBP_CPI,97.3000
2013-01-01,GBP_CPI,97.0000
2013-02-01,GBP_CPI,97.5000
2013-03-01,GBP_CPI,97.8000
2013-04-01,GBP_CPI,98.0000
2013-05-01,GBP_CPI,98.2000
2013-06-01,GBP_CPI,98.0000
2013-07-01,GBP_CPI,98.0000
2013-08-01,GBP_CPI,98.4000
2013-09-01,GBP_CPI,98.7000
2013-10-01,GBP_CPI,98.8000
2013-11-01,GBP_CPI,98.8000
2013-12-01,GBP_CPI,99.2000
2014-01-01,GBP_CPI,98.7000
2014-02-01,GBP_CPI,99.1000
2014-03-01,GBP_CPI,99.3000
2014-04-01,GBP_CPI,99.6000
2014-05-01,GBP_CPI,99.6000
2014-06-01,GBP_CPI,99.8000
2014-07-01,GBP_CPI,99.6000
2014-08-01,GBP_CPI,99.9000
2014-09-01,GBP_CPI,100.0000
2014-10-01,GBP_CPI,100.1000
2014-11-01,GBP_CPI,99.9000
2014-12-01,GBP_CPI,99.9000
2015-01-01,GBP_CPI,99.2000
2015-02-01,GBP_CPI,99.5000
2015-03-01,GBP_CPI,99.6000
2015-04-01,GBP_CPI,99.9000
2015-05-01,GBP_CPI,100.1000
2015-06-01,GBP_CPI,100.1000
2015-07-01,GBP_CPI,100.0000
2015-08-01,GBP_CPI,100.3000
2015-09-01,GBP_CPI,100.2000
2015-10-01,GBP_CPI,100.3000
2015-11-01,GBP_CPI,100.3000
2015-12-01,GBP_CPI,100.4000
2016-01-01,GBP_CPI,99.9000
2016-02-01,GBP_CPI,100.1000
2016-03-01,GBP_CPI,100.4000
2016-04-01,GBP_CPI,100.6000
2016-05-01,GBP_CPI,100.8000
2016-06-01,GBP_CPI,101.0000
2016-07-01,GBP_CPI,100.9000
2016-08-01,GBP_CPI,101.2000
2016-09-01,GBP_CPI,101.5000
2016-10-01,GBP_CPI,101.6000
2016-11-01,GBP_CPI,101.8000
2016-12-01,GBP_CPI,102.2000
2017-01-01,GBP_CPI,101.8000
2017-02-01,GBP_CPI,102.4000
2017-03-01,GBP_CPI,102.7000
2017-04-01,GBP_CPI,103.2000
2017-05-01,GBP_CPI,103.5000
2017-06-01,GBP_CPI,103.5000
2017-07-01,GBP_CPI,103.5000
2017-08-01,GBP_CPI,104.0000
2017-09-01,GBP_CPI,104.3000
2017-10-01,GBP_CPI,104.4000
2017-11-01,GBP_CPI,104.7000
2017-12-01,GBP_CPI,105.0000
2018-01-01,GBP_CPI,104.5000
2018-02-01,GBP_CPI,104.9000
2018-03-01,GBP_CPI,105.1000
2018-04-01,GBP_CPI,105.5000
2018-05-01,GBP_CPI,105.9000
2018-06-01,GBP_CPI,105.9000
2018-07-01,GBP_CPI,105.9000
2018-08-01,GBP_CPI,106.5000
2018-09-01,GBP_CPI,106.6000
2018-10-01,GBP_CPI,106.7000
2018-11-01,GBP_CPI,106.9000
2018-12-01,GBP_CPI,107.1000
2019-01-01,GBP_CPI,106.4000
2019-02-01,GBP_CPI,106.8000
2019-03-01,GBP_CPI,107.0000
2019-04-01,GBP_CPI,107.6000
2019-05-01,GBP_CPI,107.9000
2019-06-01,GBP_CPI,107.9000
2019-07-01,GBP_CPI,108.0000
2019-08-01,GBP_CPI,108.3000
2019-09-01,GBP_CPI,108.4000
2019-10-01,GBP_CPI,108.3000
2019-11-01,GBP_CPI,108.5000
2019-12-01,GBP_CPI,108.5000
2020-01-01,GBP_CPI,108.3000
2020-02-01,GBP_CPI,108.6000
2020-03-01,GBP_CPI,108.6000
2020-04-01,GBP_CPI,108.6000
2020-05-01,GBP_CPI,108.6000
2020-06-01,GBP_CPI,108.8000
2020-07-01,GBP_CPI,109.2000
2020-08-01,GBP_CPI,108.8000
2020-09-01,GBP_CPI,109.2000
2020-10-01,GBP_CPI,109.2000
2020-11-01,GBP_CPI,109.1000
2020-12-01,GBP_CPI,109.4000
2021-01-01,GBP_CPI,109.3000
2021-02-01,GBP_CPI,109.4000
2021-03-01,GBP_CPI,109.7000
2021-04-01,GBP_CPI,110.4000
2021-05-01,GBP_CPI,111.0000
2021-06-01,GBP_CPI,111.4000
2021-07-01,GBP_CPI,111.4000
2021-08-01,GBP_CPI,112.1000
2021-09-01,GBP_CPI,112.4000
2021-10-01,GBP_CPI,113.4000
2021-11-01,GBP_CPI,114.1000
2021-12-01,GBP_CPI,114.7000
2022-01-01,GBP_CPI,114.6000
2022-02-01,GBP_CPI,115.4000
2022-03-01,GBP_CPI,116.5000
2022-04-01,GBP_CPI,119.0000
2022-05-01,GBP_CPI,119.7000
2022-06-01,GBP_CPI,120.5000
2022-07-01,GBP_CPI,121.2000
2022-08-01,GBP_CPI,121.8000
2022-09-01,GBP_CPI,122.3000
2022-10-01,GBP_CPI,124.3000
2022-11-01,GBP_CPI,124.8000
2022-12-01,GBP_CPI,125.3000
2023-01-01,GBP_CPI,124.8000
2023-02-01,GBP_CPI,126.0000
2023-03-01,GBP_CPI,126.8000
2023-04-01,GBP_CPI,128.3000
2023-05-01,GBP_CPI,129.1000
2023-06-01,GBP_CPI,129.4000
2023-07-01,GBP_CPI,129.0000
2023-08-01,GBP_CPI,129.4000
2023-09-01,GBP_CPI,130.1000
2023-10-01,GBP_CPI,130.2000
2023-11-01,GBP_CPI,130.0000
2023-12-01,GBP_CPI,130.5000
2024-01-01,GBP_CPI,130.0000
2024-02-01,GBP_CPI,130.8000
2024-03-01,GBP_CPI,131.6000
2024-04-01,GBP_CPI,132.2000
2024-05-01,GBP_CPI,132.7000
2024-06-01,GBP_CPI,133.0000
2024-07-01,GBP_CPI,132.9000
2024-08-01,GBP_CPI,133.4000
2024-09-01,GBP_CPI,133.5000
2024-10-01,GBP_CPI,134.3000
2024-11-01,GBP_CPI,134.6000
2024-12-01,GBP_CPI,135.1000
2025-01-01,GBP_CPI,135.1000
2025-02-01,GBP_CPI,135.6000
2025-03-01,GBP_CPI,136.1000
2003-01-01,GBP_Core CPI,80.0860
2003-02-01,GBP_Core CPI,80.2875
2003-03-01,GBP_Core CPI,80.4890
2003-04-01,GBP_Core CPI,80.7912
2003-05-01,GBP_Core CPI,80.8919
2003-06-01,GBP_Core CPI,80.7912
2003-07-01,GBP_Core CPI,80.6904
2003-08-01,GBP_Core CPI,80.9926
2003-09-01,GBP_Core CPI,81.1941
2003-10-01,GBP_Core CPI,81.2948
2003-11-01,GBP_Core CPI,81.2948
2003-12-01,GBP_Core CPI,81.4963
2004-01-01,GBP_Core CPI,80.9926
2004-02-01,GBP_Core CPI,81.1941
2004-03-01,GBP_Core CPI,81.2948
2004-04-01,GBP_Core CPI,81.5970
2004-05-01,GBP_Core CPI,81.7985
2004-06-01,GBP_Core CPI,81.7985
2004-07-01,GBP_Core CPI,81.5970
2004-08-01,GBP_Core CPI,81.7985
2004-09-01,GBP_Core CPI,81.8993
2004-10-01,GBP_Core CPI,82.0000
2004-11-01,GBP_Core CPI,82.1007
2004-12-01,GBP_Core CPI,82.6044
2005-01-01,GBP_Core CPI,82.0000
2005-02-01,GBP_Core CPI,82.1000
2005-03-01,GBP_Core CPI,82.4000
2005-04-01,GBP_Core CPI,82.7000
2005-05-01,GBP_Core CPI,82.9000
2005-06-01,GBP_Core CPI,83.0000
2005-07-01,GBP_Core CPI,83.1000
2005-08-01,GBP_Core CPI,83.3000
2005-09-01,GBP_Core CPI,83.3000
2005-10-01,GBP_Core CPI,83.4000
2005-11-01,GBP_Core CPI,83.5000
2005-12-01,GBP_Core CPI,83.8000
2006-01-01,GBP_Core CPI,83.4000
2006-02-01,GBP_Core CPI,83.6000
2006-03-01,GBP_Core CPI,83.8000
2006-04-01,GBP_Core CPI,84.1000
2006-05-01,GBP_Core CPI,84.2000
2006-06-01,GBP_Core CPI,84.4000
2006-07-01,GBP_Core CPI,84.3000
2006-08-01,GBP_Core CPI,84.6000
2006-09-01,GBP_Core CPI,84.8000
2006-10-01,GBP_Core CPI,84.9000
2006-11-01,GBP_Core CPI,85.1000
2006-12-01,GBP_Core CPI,85.5000
2007-01-01,GBP_Core CPI,84.9000
2007-02-01,GBP_Core CPI,85.2000
2007-03-01,GBP_Core CPI,85.5000
2007-04-01,GBP_Core CPI,85.8000
2007-05-01,GBP_Core CPI,86.0000
2007-06-01,GBP_Core CPI,86.2000
2007-07-01,GBP_Core CPI,85.9000
2007-08-01,GBP_Core CPI,86.3000
2007-09-01,GBP_Core CPI,86.3000
2007-10-01,GBP_Core CPI,86.5000
2007-11-01,GBP_Core CPI,86.6000
2007-12-01,GBP_Core CPI,87.0000
2008-01-01,GBP_Core CPI,86.4000
2008-02-01,GBP_Core CPI,86.6000
2008-03-01,GBP_Core CPI,86.9000
2008-04-01,GBP_Core CPI,87.3000
2008-05-01,GBP_Core CPI,87.6000
2008-06-01,GBP_Core CPI,87.9000
2008-07-01,GBP_Core CPI,87.8000
2008-08-01,GBP_Core CPI,88.2000
2008-09-01,GBP_Core CPI,88.3000
2008-10-01,GBP_Core CPI,88.3000
2008-11-01,GBP_Core CPI,88.5000
2008-12-01,GBP_Core CPI,88.3000
2009-01-01,GBP_Core CPI,87.8000
2009-02-01,GBP_Core CPI,88.2000
2009-03-01,GBP_Core CPI,88.5000
2009-04-01,GBP_Core CPI,88.8000
2009-05-01,GBP_Core CPI,89.1000
2009-06-01,GBP_Core CPI,89.2000
2009-07-01,GBP_Core CPI,89.2000
2009-08-01,GBP_Core CPI,89.6000
2009-09-01,GBP_Core CPI,89.6000
2009-10-01,GBP_Core CPI,89.6000
2009-11-01,GBP_Core CPI,89.7000
2009-12-01,GBP_Core CPI,90.0000
2010-01-01,GBP_Core CPI,89.6000
2010-02-01,GBP_Core CPI,89.9000
2010-03-01,GBP_Core CPI,90.2000
2010-04-01,GBP_Core CPI,90.6000
2010-05-01,GBP_Core CPI,90.8000
2010-06-01,GBP_Core CPI,91.0000
2010-07-01,GBP_Core CPI,90.8000
2010-08-01,GBP_Core CPI,91.3000
2010-09-01,GBP_Core CPI,91.3000
2010-10-01,GBP_Core CPI,91.4000
2010-11-01,GBP_Core CPI,91.6000
2010-12-01,GBP_Core CPI,92.1000
2011-01-01,GBP_Core CPI,91.9000
2011-02-01,GBP_Core CPI,92.4000
2011-03-01,GBP_Core CPI,92.7000
2011-04-01,GBP_Core CPI,93.4000
2011-05-01,GBP_Core CPI,93.4000
2011-06-01,GBP_Core CPI,93.3000
2011-07-01,GBP_Core CPI,93.3000
2011-08-01,GBP_Core CPI,93.8000
2011-09-01,GBP_Core CPI,94.0000
2011-10-01,GBP_Core CPI,94.1000
2011-11-01,GBP_Core CPI,94.2000
2011-12-01,GBP_Core CPI,94.6000
2012-01-01,GBP_Core CPI,94.1000
2012-02-01,GBP_Core CPI,94.5000
2012-03-01,GBP_Core CPI,94.8000
2012-04-01,GBP_Core CPI,95.2000
2012-05-01,GBP_Core CPI,95.3000
2012-06-01,GBP_Core CPI,95.1000
2012-07-01,GBP_Core CPI,95.2000
2012-08-01,GBP_Core CPI,95.6000
2012-09-01,GBP_Core CPI,95.8000
2012-10-01,GBP_Core CPI,96.3000
2012-11-01,GBP_Core CPI,96.4000
2012-12-01,GBP_Core CPI,96.6000
2013-01-01,GBP_Core CPI,95.9000
2013-02-01,GBP_Core CPI,96.4000
2013-03-01,GBP_Core CPI,96.8000
2013-04-01,GBP_Core CPI,96.9000
2013-05-01,GBP_Core CPI,97.2000
2013-06-01,GBP_Core CPI,97.1000
2013-07-01,GBP_Core CPI,97.0000
2013-08-01,GBP_Core CPI,97.3000
2013-09-01,GBP_Core CPI,97.7000
2013-10-01,GBP_Core CPI,97.8000
2013-11-01,GBP_Core CPI,98.0000
2013-12-01,GBP_Core CPI,98.1000
2014-01-01,GBP_Core CPI,97.4000
2014-02-01,GBP_Core CPI,97.9000
2014-03-01,GBP_Core CPI,98.2000
2014-04-01,GBP_Core CPI,98.7000
2014-05-01,GBP_Core CPI,98.7000
2014-06-01,GBP_Core CPI,98.9000
2014-07-01,GBP_Core CPI,98.6000
2014-08-01,GBP_Core CPI,99.1000
2014-09-01,GBP_Core CPI,99.2000
2014-10-01,GBP_Core CPI,99.4000
2014-11-01,GBP_Core CPI,99.3000
2014-12-01,GBP_Core CPI,99.5000
2015-01-01,GBP_Core CPI,98.9000
2015-02-01,GBP_Core CPI,99.3000
2015-03-01,GBP_Core CPI,99.4000
2015-04-01,GBP_Core CPI,99.7000
2015-05-01,GBP_Core CPI,99.9000
2015-06-01,GBP_Core CPI,99.9000
2015-07-01,GBP_Core CPI,100.0000
2015-08-01,GBP_Core CPI,100.3000
2015-09-01,GBP_Core CPI,100.4000
2015-10-01,GBP_Core CPI,100.6000
2015-11-01,GBP_Core CPI,100.7000
2015-12-01,GBP_Core CPI,101.0000
2016-01-01,GBP_Core CPI,100.3000
2016-02-01,GBP_Core CPI,100.6000
2016-03-01,GBP_Core CPI,101.1000
2016-04-01,GBP_Core CPI,101.2000
2016-05-01,GBP_Core CPI,101.4000
2016-06-01,GBP_Core CPI,101.5000
2016-07-01,GBP_Core CPI,101.5000
2016-08-01,GBP_Core CPI,101.8000
2016-09-01,GBP_Core CPI,102.1000
2016-10-01,GBP_Core CPI,102.2000
2016-11-01,GBP_Core CPI,102.4000
2016-12-01,GBP_Core CPI,102.8000
2017-01-01,GBP_Core CPI,102.1000
2017-02-01,GBP_Core CPI,102.7000
2017-03-01,GBP_Core CPI,103.0000
2017-04-01,GBP_Core CPI,103.6000
2017-05-01,GBP_Core CPI,103.9000
2017-06-01,GBP_Core CPI,104.0000
2017-07-01,GBP_Core CPI,103.9000
2017-08-01,GBP_Core CPI,104.5000
2017-09-01,GBP_Core CPI,104.7000
2017-10-01,GBP_Core CPI,104.7000
2017-11-01,GBP_Core CPI,104.9000
2017-12-01,GBP_Core CPI,105.2000
2018-01-01,GBP_Core CPI,104.5000
2018-02-01,GBP_Core CPI,105.0000
2018-03-01,GBP_Core CPI,105.2000
2018-04-01,GBP_Core CPI,105.6000
2018-05-01,GBP_Core CPI,105.9000
2018-06-01,GBP_Core CPI,105.8000
2018-07-01,GBP_Core CPI,105.8000
2018-08-01,GBP_Core CPI,106.5000
2018-09-01,GBP_Core CPI,106.5000
2018-10-01,GBP_Core CPI,106.6000
2018-11-01,GBP_Core CPI,106.8000
2018-12-01,GBP_Core CPI,107.1000
2019-01-01,GBP_Core CPI,106.4000
2019-02-01,GBP_Core CPI,106.9000
2019-03-01,GBP_Core CPI,107.0000
2019-04-01,GBP_Core CPI,107.5000
2019-05-01,GBP_Core CPI,107.7000
2019-06-01,GBP_Core CPI,107.7000
2019-07-01,GBP_Core CPI,107.8000
2019-08-01,GBP_Core CPI,108.1000
2019-09-01,GBP_Core CPI,108.3000
2019-10-01,GBP_Core CPI,108.4000
2019-11-01,GBP_Core CPI,108.6000
2019-12-01,GBP_Core CPI,108.6000
2020-01-01,GBP_Core CPI,108.2000
2020-02-01,GBP_Core CPI,108.6000
2020-03-01,GBP_Core CPI,108.8000
2020-04-01,GBP_Core CPI,109.0000
2020-05-01,GBP_Core CPI,109.1000
2020-06-01,GBP_Core CPI,109.3000
2020-07-01,GBP_Core CPI,109.7000
2020-08-01,GBP_Core CPI,109.2000
2020-09-01,GBP_Core CPI,109.8000
2020-10-01,GBP_Core CPI,110.0000
2020-11-01,GBP_Core CPI,109.9000
2020-12-01,GBP_Core CPI,110.2000
2021-01-01,GBP_Core CPI,109.8000
2021-02-01,GBP_Core CPI,109.9000
2021-03-01,GBP_Core CPI,110.2000
2021-04-01,GBP_Core CPI,110.6000
2021-05-01,GBP_Core CPI,111.3000
2021-06-01,GBP_Core CPI,111.8000
2021-07-01,GBP_Core CPI,111.8000
2021-08-01,GBP_Core CPI,112.4000
2021-09-01,GBP_Core CPI,112.8000
2021-10-01,GBP_Core CPI,113.4000
2021-11-01,GBP_Core CPI,113.9000
2021-12-01,GBP_Core CPI,114.4000
2022-01-01,GBP_Core CPI,114.2000
2022-02-01,GBP_Core CPI,114.9000
2022-03-01,GBP_Core CPI,115.8000
2022-04-01,GBP_Core CPI,116.6000
2022-05-01,GBP_Core CPI,117.1000
2022-06-01,GBP_Core CPI,117.6000
2022-07-01,GBP_Core CPI,117.9000
2022-08-01,GBP_Core CPI,118.7000
2022-09-01,GBP_Core CPI,119.3000
2022-10-01,GBP_Core CPI,120.0000
2022-11-01,GBP_Core CPI,120.4000
2022-12-01,GBP_Core CPI,121.0000
2023-01-01,GBP_Core CPI,120.3000
2023-02-01,GBP_Core CPI,121.5000
2023-03-01,GBP_Core CPI,122.3000
2023-04-01,GBP_Core CPI,123.9000
2023-05-01,GBP_Core CPI,124.7000
2023-06-01,GBP_Core CPI,125.1000
2023-07-01,GBP_Core CPI,125.5000
2023-08-01,GBP_Core CPI,125.7000
2023-09-01,GBP_Core CPI,126.3000
2023-10-01,GBP_Core CPI,126.8000
2023-11-01,GBP_Core CPI,126.6000
2023-12-01,GBP_Core CPI,127.3000
2024-01-01,GBP_Core CPI,126.5000
2024-02-01,GBP_Core CPI,127.3000
2024-03-01,GBP_Core CPI,128.1000
2024-04-01,GBP_Core CPI,129.3000
2024-05-01,GBP_Core CPI,129.9000
2024-06-01,GBP_Core CPI,130.3000
2024-07-01,GBP_Core CPI,130.6000
2024-08-01,GBP_Core CPI,131.2000
2024-09-01,GBP_Core CPI,131.4000
2024-10-01,GBP_Core CPI,132.0000
2024-11-01,GBP_Core CPI,132.2000
2024-12-01,GBP_Core CPI,132.7000
2025-01-01,GBP_Core CPI,132.3000
2025-02-01,GBP_Core CPI,132.9000
2025-03-01,GBP_Core CPI,133.5000
2003-01-01,GBP_GDP,514031.0000
2003-04-01,GBP_GDP,518802.0000
2003-07-01,GBP_GDP,524213.0000
2003-10-01,GBP_GDP,528320.0000
2004-01-01,GBP_GDP,529996.0000
2004-04-01,GBP_GDP,532543.0000
2004-07-01,GBP_GDP,534447.0000
2004-10-01,GBP_GDP,536886.0000
2005-01-01,GBP_GDP,541028.0000
2005-04-01,GBP_GDP,545530.0000
2005-07-01,GBP_GDP,550552.0000
2005-10-01,GBP_GDP,556311.0000
2006-01-01,GBP_GDP,558314.0000
2006-04-01,GBP_GDP,559795.0000
2006-07-01,GBP_GDP,560675.0000
2006-10-01,GBP_GDP,562669.0000
2007-01-01,GBP_GDP,568845.0000
2007-04-01,GBP_GDP,574194.0000
2007-07-01,GBP_GDP,579605.0000
2007-10-01,GBP_GDP,584504.0000
2008-01-01,GBP_GDP,586690.0000
2008-04-01,GBP_GDP,583541.0000
2008-07-01,GBP_GDP,573961.0000
2008-10-01,GBP_GDP,561816.0000
2009-01-01,GBP_GDP,550451.0000
2009-04-01,GBP_GDP,548859.0000
2009-07-01,GBP_GDP,549540.0000
2009-10-01,GBP_GDP,551372.0000
2010-01-01,GBP_GDP,556002.0000
2010-04-01,GBP_GDP,562353.0000
2010-07-01,GBP_GDP,565659.0000
2010-10-01,GBP_GDP,565945.0000
2011-01-01,GBP_GDP,566873.0000
2011-04-01,GBP_GDP,566601.0000
2011-07-01,GBP_GDP,567586.0000
2011-10-01,GBP_GDP,568056.0000
2012-01-01,GBP_GDP,573416.0000
2012-04-01,GBP_GDP,573112.0000
2012-07-01,GBP_GDP,579051.0000
2012-10-01,GBP_GDP,578215.0000
2013-01-01,GBP_GDP,579749.0000
2013-04-01,GBP_GDP,583605.0000
2013-07-01,GBP_GDP,588076.0000
2013-10-01,GBP_GDP,591954.0000
2014-01-01,GBP_GDP,596696.0000
2014-04-01,GBP_GDP,602310.0000
2014-07-01,GBP_GDP,607213.0000
2014-10-01,GBP_GDP,611220.0000
2015-01-01,GBP_GDP,613076.0000
2015-04-01,GBP_GDP,615875.0000
2015-07-01,GBP_GDP,618263.0000
2015-10-01,GBP_GDP,621968.0000
2016-01-01,GBP_GDP,625099.0000
2016-04-01,GBP_GDP,629697.0000
2016-07-01,GBP_GDP,632477.0000
2016-10-01,GBP_GDP,636392.0000
2017-01-01,GBP_GDP,642463.0000
2017-04-01,GBP_GDP,647944.0000
2017-07-01,GBP_GDP,652329.0000
2017-10-01,GBP_GDP,657225.0000
2018-01-01,GBP_GDP,657741.0000
2018-04-01,GBP_GDP,659172.0000
2018-07-01,GBP_GDP,661262.0000
2018-10-01,GBP_GDP,662120.0000
2019-01-01,GBP_GDP,665456.0000
2019-04-01,GBP_GDP,666875.0000
2019-07-01,GBP_GDP,670547.0000
2019-10-01,GBP_GDP,670587.0000
2020-01-01,GBP_GDP,652180.0000
2020-04-01,GBP_GDP,522356.0000
2020-07-01,GBP_GDP,610972.0000
2020-10-01,GBP_GDP,619330.0000
2021-01-01,GBP_GDP,612665.0000
2021-04-01,GBP_GDP,655443.0000
2021-07-01,GBP_GDP,666498.0000
2021-10-01,GBP_GDP,675680.0000
2022-01-01,GBP_GDP,682527.0000
2022-04-01,GBP_GDP,686335.0000
2022-07-01,GBP_GDP,687029.0000
2022-10-01,GBP_GDP,688817.0000
2023-01-01,GBP_GDP,689206.0000
2023-04-01,GBP_GDP,689491.0000
2023-07-01,GBP_GDP,687839.0000
2023-10-01,GBP_GDP,685628.0000
2024-01-01,GBP_GDP,690605.0000
2024-04-01,GBP_GDP,694810.0000
2024-07-01,GBP_GDP,696183.0000
2024-10-01,GBP_GDP,699177.0000
2025-01-01,GBP_GDP,703218.0000
2025-04-01,GBP_GDP,704206.0000
2025-07-01,GBP_GDP,705348.0000
2025-10-01,GBP_GDP,706453.0000
2026-01-01,GBP_GDP,710896.0000
2003-01-01,GBP_Policy Rate,4.0000
2003-02-01,GBP_Policy Rate,3.7500
2003-03-01,GBP_Policy Rate,3.7500
2003-04-01,GBP_Policy Rate,3.7500
2003-05-01,GBP_Policy Rate,3.7500
2003-06-01,GBP_Policy Rate,3.7500
2003-07-01,GBP_Policy Rate,3.5000
2003-08-01,GBP_Policy Rate,3.5000
2003-09-01,GBP_Policy Rate,3.5000
2003-10-01,GBP_Policy Rate,3.5000
2003-11-01,GBP_Policy Rate,3.7500
2003-12-01,GBP_Policy Rate,3.7500
2004-01-01,GBP_Policy Rate,3.7500
2004-02-01,GBP_Policy Rate,4.0000
2004-03-01,GBP_Policy Rate,4.0000
2004-04-01,GBP_Policy Rate,4.0000
2004-05-01,GBP_Policy Rate,4.2500
2004-06-01,GBP_Policy Rate,4.5000
2004-07-01,GBP_Policy Rate,4.5000
2004-08-01,GBP_Policy Rate,4.7500
2004-09-01,GBP_Policy Rate,4.7500
2004-10-01,GBP_Policy Rate,4.7500
2004-11-01,GBP_Policy Rate,4.7500
2004-12-01,GBP_Policy Rate,4.7500
2005-01-01,GBP_Policy Rate,4.7500
2005-02-01,GBP_Policy Rate,4.7500
2005-03-01,GBP_Policy Rate,4.7500
2005-04-01,GBP_Policy Rate,4.7500
2005-05-01,GBP_Policy Rate,4.7500
2005-06-01,GBP_Policy Rate,4.7500
2005-07-01,GBP_Policy Rate,4.7500
2005-08-01,GBP_Policy Rate,4.5000
2005-09-01,GBP_Policy Rate,4.5000
2005-10-01,GBP_Policy Rate,4.5000
2005-11-01,GBP_Policy Rate,4.5000
2005-12-01,GBP_Policy Rate,4.5000
2006-01-01,GBP_Policy Rate,4.5000
2006-02-01,GBP_Policy Rate,4.5000
2006-03-01,GBP_Policy Rate,4.5000
2006-04-01,GBP_Policy Rate,4.5000
2006-05-01,GBP_Policy Rate,4.5000
2006-06-01,GBP_Policy Rate,4.5000
2006-07-01,GBP_Policy Rate,4.5000
2006-08-01,GBP_Policy Rate,4.7500
2006-09-01,GBP_Policy Rate,4.7500
2006-10-01,GBP_Policy Rate,4.7500
2006-11-01,GBP_Policy Rate,5.0000
2006-12-01,GBP_Policy Rate,5.0000
2007-01-01,GBP_Policy Rate,5.2500
2007-02-01,GBP_Policy Rate,5.2500
2007-03-01,GBP_Policy Rate,5.2500
2007-04-01,GBP_Policy Rate,5.2500
2007-05-01,GBP_Policy Rate,5.5000
2007-06-01,GBP_Policy Rate,5.5000
2007-07-01,GBP_Policy Rate,5.7500
2007-08-01,GBP_Policy Rate,5.7500
2007-09-01,GBP_Policy Rate,5.7500
2007-10-01,GBP_Policy Rate,5.7500
2007-11-01,GBP_Policy Rate,5.7500
2007-12-01,GBP_Policy Rate,5.5000
2008-01-01,GBP_Policy Rate,5.5000
2008-02-01,GBP_Policy Rate,5.2500
2008-03-01,GBP_Policy Rate,5.2500
2008-04-01,GBP_Policy Rate,5.0000
2008-05-01,GBP_Policy Rate,5.0000
2008-06-01,GBP_Policy Rate,5.0000
2008-07-01,GBP_Policy Rate,5.0000
2008-08-01,GBP_Policy Rate,5.0000
2008-09-01,GBP_Policy Rate,5.0000
2008-10-01,GBP_Policy Rate,4.5000
2008-11-01,GBP_Policy Rate,3.0000
2008-12-01,GBP_Policy Rate,2.0000
2009-01-01,GBP_Policy Rate,1.5000
2009-02-01,GBP_Policy Rate,1.0000
2009-03-01,GBP_Policy Rate,0.5000
2009-04-01,GBP_Policy Rate,0.5000
2009-05-01,GBP_Policy Rate,0.5000
2009-06-01,GBP_Policy Rate,0.5000
2009-07-01,GBP_Policy Rate,0.5000
2009-08-01,GBP_Policy Rate,0.5000
2009-09-01,GBP_Policy Rate,0.5000
2009-10-01,GBP_Policy Rate,0.5000
2009-11-01,GBP_Policy Rate,0.5000
2009-12-01,GBP_Policy Rate,0.5000
2010-01-01,GBP_Policy Rate,0.5000
2010-02-01,GBP_Policy Rate,0.5000
2010-03-01,GBP_Policy Rate,0.5000
2010-04-01,GBP_Policy Rate,0.5000
2010-05-01,GBP_Policy Rate,0.5000
2010-06-01,GBP_Policy Rate,0.5000
2010-07-01,GBP_Policy Rate,0.5000
2010-08-01,GBP_Policy Rate,0.5000
2010-09-01,GBP_Policy Rate,0.5000
2010-10-01,GBP_Policy Rate,0.5000
2010-11-01,GBP_Policy Rate,0.5000
2010-12-01,GBP_Policy Rate,0.5000
2011-01-01,GBP_Policy Rate,0.5000
2011-02-01,GBP_Policy Rate,0.5000
2011-03-01,GBP_Policy Rate,0.5000
2011-04-01,GBP_Policy Rate,0.5000
2011-05-01,GBP_Policy Rate,0.5000
2011-06-01,GBP_Policy Rate,0.5000
2011-07-01,GBP_Policy Rate,0.5000
2011-08-01,GBP_Policy Rate,0.5000
2011-09-01,GBP_Policy Rate,0.5000
2011-10-01,GBP_Policy Rate,0.5000
2011-11-01,GBP_Policy Rate,0.5000
2011-12-01,GBP_Policy Rate,0.5000
2012-01-01,GBP_Policy Rate,0.5000
2012-02-01,GBP_Policy Rate,0.5000
2012-03-01,GBP_Policy Rate,0.5000
2012-04-01,GBP_Policy Rate,0.5000
2012-05-01,GBP_Policy Rate,0.5000
2012-06-01,GBP_Policy Rate,0.5000
2012-07-01,GBP_Policy Rate,0.5000
2012-08-01,GBP_Policy Rate,0.5000
2012-09-01,GBP_Policy Rate,0.5000
2012-10-01,GBP_Policy Rate,0.5000
2012-11-01,GBP_Policy Rate,0.5000
2012-12-01,GBP_Policy Rate,0.5000
2013-01-01,GBP_Policy Rate,0.5000
2013-02-01,GBP_Policy Rate,0.5000
2013-03-01,GBP_Policy Rate,0.5000
2013-04-01,GBP_Policy Rate,0.5000
2013-05-01,GBP_Policy Rate,0.5000
2013-06-01,GBP_Policy Rate,0.5000
2013-07-01,GBP_Policy Rate,0.5000
2013-08-01,GBP_Policy Rate,0.5000
2013-09-01,GBP_Policy Rate,0.5000
2013-10-01,GBP_Policy Rate,0.5000
2013-11-01,GBP_Policy Rate,0.5000
2013-12-01,GBP_Policy Rate,0.5000
2014-01-01,GBP_Policy Rate,0.5000
2014-02-01,GBP_Policy Rate,0.5000
2014-03-01,GBP_Policy Rate,0.5000
2014-04-01,GBP_Policy Rate,0.5000
2014-05-01,GBP_Policy Rate,0.5000
2014-06-01,GBP_Policy Rate,0.5000
2014-07-01,GBP_Policy Rate,0.5000
2014-08-01,GBP_Policy Rate,0.5000
2014-09-01,GBP_Policy Rate,0.5000
2014-10-01,GBP_Policy Rate,0.5000
2014-11-01,GBP_Policy Rate,0.5000
2014-12-01,GBP_Policy Rate,0.5000
2015-01-01,GBP_Policy Rate,0.5000
2015-02-01,GBP_Policy Rate,0.5000
2015-03-01,GBP_Policy Rate,0.5000
2015-04-01,GBP_Policy Rate,0.5000
2015-05-01,GBP_Policy Rate,0.5000
2015-06-01,GBP_Policy Rate,0.5000
2015-07-01,GBP_Policy Rate,0.5000
2015-08-01,GBP_Policy Rate,0.5000
2015-09-01,GBP_Policy Rate,0.5000
2015-10-01,GBP_Policy Rate,0.5000
2015-11-01,GBP_Policy Rate,0.5000
2015-12-01,GBP_Policy Rate,0.5000
2016-01-01,GBP_Policy Rate,0.5000
2016-02-01,GBP_Policy Rate,0.5000
2016-03-01,GBP_Policy Rate,0.5000
2016-04-01,GBP_Policy Rate,0.5000
2016-05-01,GBP_Policy Rate,0.5000
2016-06-01,GBP_Policy Rate,0.5000
2016-07-01,GBP_Policy Rate,0.5000
2016-08-01,GBP_Policy Rate,0.2500
2016-09-01,GBP_Policy Rate,0.2500
2016-10-01,GBP_Policy Rate,0.2500
2016-11-01,GBP_Policy Rate,0.2500
2016-12-01,GBP_Policy Rate,0.2500
2017-01-01,GBP_Policy Rate,0.2500
2003-01-01,GBP_Unemployment,5.1000
2003-02-01,GBP_Unemployment,5.2000
2003-03-01,GBP_Unemployment,5.1000
2003-04-01,GBP_Unemployment,5.0000
2003-05-01,GBP_Unemployment,4.9000
2003-06-01,GBP_Unemployment,5.1000
2003-07-01,GBP_Unemployment,5.1000
2003-08-01,GBP_Unemployment,5.0000
2003-09-01,GBP_Unemployment,5.0000
2003-10-01,GBP_Unemployment,4.9000
2003-11-01,GBP_Unemployment,4.9000
2003-12-01,GBP_Unemployment,4.8000
2004-01-01,GBP_Unemployment,4.8000
2004-02-01,GBP_Unemployment,4.8000
2004-03-01,GBP_Unemployment,4.8000
2004-04-01,GBP_Unemployment,4.8000
2004-05-01,GBP_Unemployment,4.8000
2004-06-01,GBP_Unemployment,4.8000
2004-07-01,GBP_Unemployment,4.7000
2004-08-01,GBP_Unemployment,4.7000
2004-09-01,GBP_Unemployment,4.7000
2004-10-01,GBP_Unemployment,4.7000
2004-11-01,GBP_Unemployment,4.7000
2004-12-01,GBP_Unemployment,4.7000
2005-01-01,GBP_Unemployment,4.8000
2005-02-01,GBP_Unemployment,4.7000
2005-03-01,GBP_Unemployment,4.7000
2005-04-01,GBP_Unemployment,4.8000
2005-05-01,GBP_Unemployment,4.8000
2005-06-01,GBP_Unemployment,4.7000
2005-07-01,GBP_Unemployment,4.7000
2005-08-01,GBP_Unemployment,4.7000
2005-09-01,GBP_Unemployment,4.9000
2005-10-01,GBP_Unemployment,5.1000
2005-11-01,GBP_Unemployment,5.1000
2005-12-01,GBP_Unemployment,5.1000
2006-01-01,GBP_Unemployment,5.2000
2006-02-01,GBP_Unemployment,5.2000
2006-03-01,GBP_Unemployment,5.3000
2006-04-01,GBP_Unemployment,5.4000
2006-05-01,GBP_Unemployment,5.5000
2006-06-01,GBP_Unemployment,5.5000
2006-07-01,GBP_Unemployment,5.5000
2006-08-01,GBP_Unemployment,5.5000
2006-09-01,GBP_Unemployment,5.5000
2006-10-01,GBP_Unemployment,5.4000
2006-11-01,GBP_Unemployment,5.5000
2006-12-01,GBP_Unemployment,5.5000
2007-01-01,GBP_Unemployment,5.5000
2007-02-01,GBP_Unemployment,5.5000
2007-03-01,GBP_Unemployment,5.5000
2007-04-01,GBP_Unemployment,5.4000
2007-05-01,GBP_Unemployment,5.4000
2007-06-01,GBP_Unemployment,5.3000
2007-07-01,GBP_Unemployment,5.3000
2007-08-01,GBP_Unemployment,5.3000
2007-09-01,GBP_Unemployment,5.2000
2007-10-01,GBP_Unemployment,5.2000
2007-11-01,GBP_Unemployment,5.2000
2007-12-01,GBP_Unemployment,5.2000
2008-01-01,GBP_Unemployment,5.2000
2008-02-01,GBP_Unemployment,5.2000
2008-03-01,GBP_Unemployment,5.3000
2008-04-01,GBP_Unemployment,5.2000
2008-05-01,GBP_Unemployment,5.4000
2008-06-01,GBP_Unemployment,5.5000
2008-07-01,GBP_Unemployment,5.7000
2008-08-01,GBP_Unemployment,5.9000
2008-09-01,GBP_Unemployment,6.0000
2008-10-01,GBP_Unemployment,6.2000
2008-11-01,GBP_Unemployment,6.4000
2008-12-01,GBP_Unemployment,6.5000
2009-01-01,GBP_Unemployment,6.7000
2009-02-01,GBP_Unemployment,7.1000
2009-03-01,GBP_Unemployment,7.3000
2009-04-01,GBP_Unemployment,7.6000
2009-05-01,GBP_Unemployment,7.8000
2009-06-01,GBP_Unemployment,7.9000
2009-07-01,GBP_Unemployment,7.9000
2009-08-01,GBP_Unemployment,7.8000
2009-09-01,GBP_Unemployment,7.9000
2009-10-01,GBP_Unemployment,7.8000
2009-11-01,GBP_Unemployment,7.8000
2009-12-01,GBP_Unemployment,7.7000
2010-01-01,GBP_Unemployment,7.9000
2010-02-01,GBP_Unemployment,8.0000
2010-03-01,GBP_Unemployment,8.0000
2010-04-01,GBP_Unemployment,7.9000
2010-05-01,GBP_Unemployment,7.9000
2010-06-01,GBP_Unemployment,7.8000
2010-07-01,GBP_Unemployment,7.8000
2010-08-01,GBP_Unemployment,7.8000
2010-09-01,GBP_Unemployment,7.9000
2010-10-01,GBP_Unemployment,7.9000
2010-11-01,GBP_Unemployment,7.9000
2010-12-01,GBP_Unemployment,7.9000
2011-01-01,GBP_Unemployment,7.8000
2011-02-01,GBP_Unemployment,7.8000
2011-03-01,GBP_Unemployment,7.7000
2011-04-01,GBP_Unemployment,7.8000
2011-05-01,GBP_Unemployment,7.9000
2011-06-01,GBP_Unemployment,8.0000
2011-07-01,GBP_Unemployment,8.2000
2011-08-01,GBP_Unemployment,8.3000
2011-09-01,GBP_Unemployment,8.4000
2011-10-01,GBP_Unemployment,8.5000
2011-11-01,GBP_Unemployment,8.4000
2011-12-01,GBP_Unemployment,8.3000
2012-01-01,GBP_Unemployment,8.3000
2012-02-01,GBP_Unemployment,8.2000
2012-03-01,GBP_Unemployment,8.2000
2012-04-01,GBP_Unemployment,8.1000
2012-05-01,GBP_Unemployment,8.0000
2012-06-01,GBP_Unemployment,8.0000
2012-07-01,GBP_Unemployment,7.9000
2012-08-01,GBP_Unemployment,7.8000
2012-09-01,GBP_Unemployment,7.8000
2012-10-01,GBP_Unemployment,7.8000
2012-11-01,GBP_Unemployment,7.8000
2012-12-01,GBP_Unemployment,7.8000
2013-01-01,GBP_Unemployment,8.0000
2013-02-01,GBP_Unemployment,7.8000
2013-03-01,GBP_Unemployment,7.8000
2013-04-01,GBP_Unemployment,7.7000
2013-05-01,GBP_Unemployment,7.7000
2013-06-01,GBP_Unemployment,7.7000
2013-07-01,GBP_Unemployment,7.7000
2013-08-01,GBP_Unemployment,7.6000
2013-09-01,GBP_Unemployment,7.4000
2013-10-01,GBP_Unemployment,7.2000
2013-11-01,GBP_Unemployment,7.2000
2013-12-01,GBP_Unemployment,7.1000
2014-01-01,GBP_Unemployment,6.9000
2014-02-01,GBP_Unemployment,6.7000
2014-03-01,GBP_Unemployment,6.6000
2014-04-01,GBP_Unemployment,6.4000
2014-05-01,GBP_Unemployment,6.3000
2014-06-01,GBP_Unemployment,6.1000
2014-07-01,GBP_Unemployment,6.0000
2014-08-01,GBP_Unemployment,6.0000
2014-09-01,GBP_Unemployment,5.9000
2014-10-01,GBP_Unemployment,5.9000
2014-11-01,GBP_Unemployment,5.7000
2014-12-01,GBP_Unemployment,5.6000
2015-01-01,GBP_Unemployment,5.6000
2015-02-01,GBP_Unemployment,5.5000
2015-03-01,GBP_Unemployment,5.5000
2015-04-01,GBP_Unemployment,5.6000
2015-05-01,GBP_Unemployment,5.6000
2015-06-01,GBP_Unemployment,5.5000
2015-07-01,GBP_Unemployment,5.4000
2015-08-01,GBP_Unemployment,5.3000
2015-09-01,GBP_Unemployment,5.2000
2015-10-01,GBP_Unemployment,5.1000
2015-11-01,GBP_Unemployment,5.1000
2015-12-01,GBP_Unemployment,5.1000
2016-01-01,GBP_Unemployment,5.1000
2016-02-01,GBP_Unemployment,5.1000
2016-03-01,GBP_Unemployment,5.0000
2016-04-01,GBP_Unemployment,4.9000
2016-05-01,GBP_Unemployment,4.9000
2016-06-01,GBP_Unemployment,4.9000
2016-07-01,GBP_Unemployment,5.0000
2016-08-01,GBP_Unemployment,4.8000
2016-09-01,GBP_Unemployment,4.8000
2016-10-01,GBP_Unemployment,4.8000
2016-11-01,GBP_Unemployment,4.7000
2016-12-01,GBP_Unemployment,4.7000
2017-01-01,GBP_Unemployment,4.6000
2017-02-01,GBP_Unemployment,4.6000
2017-03-01,GBP_Unemployment,4.5000
2017-04-01,GBP_Unemployment,4.4000
2017-05-01,GBP_Unemployment,4.4000
2017-06-01,GBP_Unemployment,4.3000
2017-07-01,GBP_Unemployment,4.3000
2017-08-01,GBP_Unemployment,4.3000
2017-09-01,GBP_Unemployment,4.2000
2017-10-01,GBP_Unemployment,4.3000
2017-11-01,GBP_Unemployment,4.4000
2017-12-01,GBP_Unemployment,4.3000
2018-01-01,GBP_Unemployment,4.2000
2018-02-01,GBP_Unemployment,4.2000
2018-03-01,GBP_Unemployment,4.2000
2018-04-01,GBP_Unemployment,4.2000
2018-05-01,GBP_Unemployment,4.0000
2018-06-01,GBP_Unemployment,4.0000
2018-07-01,GBP_Unemployment,4.0000
2018-08-01,GBP_Unemployment,4.1000
2018-09-01,GBP_Unemployment,4.1000
2018-10-01,GBP_Unemployment,4.0000
2018-11-01,GBP_Unemployment,4.0000
2018-12-01,GBP_Unemployment,3.9000
2019-01-01,GBP_Unemployment,4.0000
2019-02-01,GBP_Unemployment,3.8000
2019-03-01,GBP_Unemployment,3.8000
2019-04-01,GBP_Unemployment,3.8000
2019-05-01,GBP_Unemployment,3.9000
2019-06-01,GBP_Unemployment,3.9000
2019-07-01,GBP_Unemployment,3.9000
2019-08-01,GBP_Unemployment,3.9000
2019-09-01,GBP_Unemployment,3.8000
2019-10-01,GBP_Unemployment,3.8000
2019-11-01,GBP_Unemployment,3.7000
2019-12-01,GBP_Unemployment,3.9000
2020-01-01,GBP_Unemployment,3.9000
2020-02-01,GBP_Unemployment,4.1000
2020-03-01,GBP_Unemployment,4.1000
2020-04-01,GBP_Unemployment,4.1000
2020-05-01,GBP_Unemployment,4.1000
2020-06-01,GBP_Unemployment,4.4000
2020-07-01,GBP_Unemployment,4.6000
2020-08-01,GBP_Unemployment,5.0000
2020-09-01,GBP_Unemployment,5.2000
2020-10-01,GBP_Unemployment,5.2000
2020-11-01,GBP_Unemployment,5.3000
2020-12-01,GBP_Unemployment,5.2000
2021-01-01,GBP_Unemployment,5.0000
2021-02-01,GBP_Unemployment,4.9000
2021-03-01,GBP_Unemployment,4.8000
2021-04-01,GBP_Unemployment,4.8000
2021-05-01,GBP_Unemployment,4.7000
2021-06-01,GBP_Unemployment,4.6000
2021-07-01,GBP_Unemployment,4.5000
2021-08-01,GBP_Unemployment,4.4000
2021-09-01,GBP_Unemployment,4.3000
2021-10-01,GBP_Unemployment,4.2000
2021-11-01,GBP_Unemployment,4.2000
2021-12-01,GBP_Unemployment,4.1000
2022-01-01,GBP_Unemployment,3.9000
2022-02-01,GBP_Unemployment,3.8000
2022-03-01,GBP_Unemployment,3.8000
2022-04-01,GBP_Unemployment,3.7000
2022-05-01,GBP_Unemployment,3.8000
2022-06-01,GBP_Unemployment,3.6000
2022-07-01,GBP_Unemployment,3.6000
2022-08-01,GBP_Unemployment,3.7000
2022-09-01,GBP_Unemployment,3.8000
2022-10-01,GBP_Unemployment,3.9000
2022-11-01,GBP_Unemployment,3.9000
2022-12-01,GBP_Unemployment,3.9000
2023-01-01,GBP_Unemployment,4.0000
2023-02-01,GBP_Unemployment,4.0000
2023-03-01,GBP_Unemployment,3.9000
2023-04-01,GBP_Unemployment,4.0000
2023-05-01,GBP_Unemployment,4.2000
2023-06-01,GBP_Unemployment,4.3000
2023-07-01,GBP_Unemployment,4.3000
2023-08-01,GBP_Unemployment,4.1000
2023-09-01,GBP_Unemployment,4.0000
2023-10-01,GBP_Unemployment,4.0000
2023-11-01,GBP_Unemployment,3.9000
2023-12-01,GBP_Unemployment,4.1000
2024-01-01,GBP_Unemployment,4.2000
2024-02-01,GBP_Unemployment,4.3000
2024-03-01,GBP_Unemployment,4.4000
2024-04-01,GBP_Unemployment,4.4000
2024-05-01,GBP_Unemployment,4.2000
2024-06-01,GBP_Unemployment,4.2000
2024-07-01,GBP_Unemployment,4.1000
2024-08-01,GBP_Unemployment,4.3000
2024-09-01,GBP_Unemployment,4.3000
2024-10-01,GBP_Unemployment,4.4000
2024-11-01,GBP_Unemployment,4.4000
2024-12-01,GBP_Unemployment,4.4000
2025-01-01,GBP_Unemployment,4.4000
2025-02-01,GBP_Unemployment,4.5000
2025-03-01,GBP_Unemployment,4.6000
2025-04-01,GBP_Unemployment,4.7000
2025-05-01,GBP_Unemployment,4.7000
2025-06-01,GBP_Unemployment,4.7000
2025-07-01,GBP_Unemployment,4.8000
2025-08-01,GBP_Unemployment,5.0000
2025-09-01,GBP_Unemployment,5.1000
2025-10-01,GBP_Unemployment,5.1000
2025-11-01,GBP_Unemployment,5.2000
2025-12-01,GBP_Unemployment,5.2000
2003-01-01,JPY_CPI,-0.3000
2003-02-01,JPY_CPI,-0.3000
2003-03-01,JPY_CPI,0.3000
2003-04-01,JPY_CPI,0.3000
2003-05-01,JPY_CPI,0.2000
2003-06-01,JPY_CPI,-0.3000
2003-07-01,JPY_CPI,-0.2000
2003-08-01,JPY_CPI,0.2000
2003-09-01,JPY_CPI,0.1000
2003-10-01,JPY_CPI,0.0000
2003-11-01,JPY_CPI,-0.5000
2003-12-01,JPY_CPI,0.1000
2004-01-01,JPY_CPI,-0.2000
2004-02-01,JPY_CPI,0.0000
2004-03-01,JPY_CPI,0.2000
2004-04-01,JPY_CPI,0.0000
2004-05-01,JPY_CPI,0.1000
2004-06-01,JPY_CPI,0.2000
2004-07-01,JPY_CPI,-0.3000
2004-08-01,JPY_CPI,0.1000
2004-09-01,JPY_CPI,0.3000
2004-10-01,JPY_CPI,0.5000
2004-11-01,JPY_CPI,-0.2000
2004-12-01,JPY_CPI,-0.5000
2005-01-01,JPY_CPI,-0.5000
2005-02-01,JPY_CPI,-0.3000
2005-03-01,JPY_CPI,0.3000
2005-04-01,JPY_CPI,0.1000
2005-05-01,JPY_CPI,0.1000
2005-06-01,JPY_CPI,-0.4000
2005-07-01,JPY_CPI,-0.1000
2005-08-01,JPY_CPI,0.1000
2005-09-01,JPY_CPI,0.3000
2005-10-01,JPY_CPI,0.0000
2005-11-01,JPY_CPI,-0.4000
2005-12-01,JPY_CPI,0.1000
2006-01-01,JPY_CPI,0.1000
2006-02-01,JPY_CPI,-0.3000
2006-03-01,JPY_CPI,0.2000
2006-04-01,JPY_CPI,0.2000
2006-05-01,JPY_CPI,0.3000
2006-06-01,JPY_CPI,0.0000
2006-07-01,JPY_CPI,-0.3000
2006-08-01,JPY_CPI,0.7000
2006-09-01,JPY_CPI,0.0000
2006-10-01,JPY_CPI,-0.2000
2006-11-01,JPY_CPI,-0.5000
2006-12-01,JPY_CPI,0.1000
2007-01-01,JPY_CPI,-0.2000
2007-02-01,JPY_CPI,-0.5000
2007-03-01,JPY_CPI,0.3000
2007-04-01,JPY_CPI,0.3000
2007-05-01,JPY_CPI,0.3000
2007-06-01,JPY_CPI,-0.2000
2007-07-01,JPY_CPI,-0.1000
2007-08-01,JPY_CPI,0.5000
2007-09-01,JPY_CPI,0.0000
2007-10-01,JPY_CPI,0.3000
2007-11-01,JPY_CPI,-0.2000
2007-12-01,JPY_CPI,0.2000
2008-01-01,JPY_CPI,-0.2000
2008-02-01,JPY_CPI,-0.2000
2008-03-01,JPY_CPI,0.5000
2008-04-01,JPY_CPI,-0.1000
2008-05-01,JPY_CPI,0.8000
2008-06-01,JPY_CPI,0.5000
2008-07-01,JPY_CPI,0.2000
2008-08-01,JPY_CPI,0.3000
2008-09-01,JPY_CPI,0.0000
2008-10-01,JPY_CPI,-0.1000
2008-11-01,JPY_CPI,-0.9000
2008-12-01,JPY_CPI,-0.4000
2009-01-01,JPY_CPI,-0.6000
2009-02-01,JPY_CPI,-0.3000
2009-03-01,JPY_CPI,0.3000
2009-04-01,JPY_CPI,0.1000
2009-05-01,JPY_CPI,-0.2000
2009-06-01,JPY_CPI,-0.2000
2009-07-01,JPY_CPI,-0.3000
2009-08-01,JPY_CPI,0.3000
2009-09-01,JPY_CPI,0.0000
2009-10-01,JPY_CPI,-0.4000
2009-11-01,JPY_CPI,-0.2000
2009-12-01,JPY_CPI,-0.2000
2010-01-01,JPY_CPI,-0.2000
2010-02-01,JPY_CPI,0.0000
2010-03-01,JPY_CPI,0.3000
2010-04-01,JPY_CPI,0.0000
2010-05-01,JPY_CPI,-0.1000
2010-06-01,JPY_CPI,-0.2000
2010-07-01,JPY_CPI,-0.6000
2010-08-01,JPY_CPI,0.1000
2010-09-01,JPY_CPI,0.2000
2010-10-01,JPY_CPI,0.3000
2010-11-01,JPY_CPI,-0.3000
2010-12-01,JPY_CPI,-0.3000
2011-01-01,JPY_CPI,-0.1000
2011-02-01,JPY_CPI,0.0000
2011-03-01,JPY_CPI,0.3000
2011-04-01,JPY_CPI,0.1000
2011-05-01,JPY_CPI,0.0000
2011-06-01,JPY_CPI,-0.2000
2011-07-01,JPY_CPI,0.0000
2011-08-01,JPY_CPI,0.1000
2011-09-01,JPY_CPI,0.0000
2011-10-01,JPY_CPI,0.1000
2011-11-01,JPY_CPI,-0.6000
2011-12-01,JPY_CPI,0.0000
2012-01-01,JPY_CPI,0.2000
2012-02-01,JPY_CPI,0.2000
2012-03-01,JPY_CPI,0.5000
2012-04-01,JPY_CPI,0.1000
2012-05-01,JPY_CPI,-0.3000
2012-06-01,JPY_CPI,-0.5000
2012-07-01,JPY_CPI,-0.3000
2012-08-01,JPY_CPI,0.1000
2012-09-01,JPY_CPI,0.1000
2012-10-01,JPY_CPI,0.0000
2012-11-01,JPY_CPI,-0.4000
2012-12-01,JPY_CPI,0.0000
2013-01-01,JPY_CPI,0.1000
2013-02-01,JPY_CPI,-0.2000
2013-03-01,JPY_CPI,0.2000
2013-04-01,JPY_CPI,0.3000
2013-05-01,JPY_CPI,0.1000
2013-06-01,JPY_CPI,0.0000
2013-07-01,JPY_CPI,0.2000
2013-08-01,JPY_CPI,0.3000
2013-09-01,JPY_CPI,0.3000
2013-10-01,JPY_CPI,0.1000
2013-11-01,JPY_CPI,0.0000
2013-12-01,JPY_CPI,0.1000
2014-01-01,JPY_CPI,-0.2000
2014-02-01,JPY_CPI,0.0000
2014-03-01,JPY_CPI,0.3000
2014-04-01,JPY_CPI,2.1000
2014-05-01,JPY_CPI,0.4000
2014-06-01,JPY_CPI,-0.1000
2014-07-01,JPY_CPI,0.0000
2014-08-01,JPY_CPI,0.2000
2014-09-01,JPY_CPI,0.2000
2014-10-01,JPY_CPI,-0.3000
2014-11-01,JPY_CPI,-0.4000
2014-12-01,JPY_CPI,0.1000
2015-01-01,JPY_CPI,-0.2000
2015-02-01,JPY_CPI,-0.2000
2015-03-01,JPY_CPI,0.3000
2015-04-01,JPY_CPI,0.5000
2015-05-01,JPY_CPI,0.2000
2015-06-01,JPY_CPI,-0.2000
2015-07-01,JPY_CPI,-0.2000
2015-08-01,JPY_CPI,0.1000
2015-09-01,JPY_CPI,0.1000
2015-10-01,JPY_CPI,0.0000
2015-11-01,JPY_CPI,-0.4000
2015-12-01,JPY_CPI,0.0000
2016-01-01,JPY_CPI,-0.3000
2016-02-01,JPY_CPI,0.1000
2016-03-01,JPY_CPI,0.1000
2016-04-01,JPY_CPI,0.2000
2016-05-01,JPY_CPI,0.1000
2016-06-01,JPY_CPI,-0.1000
2016-07-01,JPY_CPI,-0.2000
2016-08-01,JPY_CPI,0.0000
2016-09-01,JPY_CPI,0.2000
2016-10-01,JPY_CPI,0.6000
2016-11-01,JPY_CPI,0.0000
2016-12-01,JPY_CPI,-0.2000
2017-01-01,JPY_CPI,-0.2000
2017-02-01,JPY_CPI,-0.1000
2017-03-01,JPY_CPI,0.1000
2017-04-01,JPY_CPI,0.4000
2017-05-01,JPY_CPI,0.1000
2017-06-01,JPY_CPI,-0.1000
2017-07-01,JPY_CPI,-0.2000
2017-08-01,JPY_CPI,0.2000
2017-09-01,JPY_CPI,0.2000
2017-10-01,JPY_CPI,0.0000
2017-11-01,JPY_CPI,0.4000
2017-12-01,JPY_CPI,0.3000
2018-01-01,JPY_CPI,0.1000
2018-02-01,JPY_CPI,0.0000
2018-03-01,JPY_CPI,-0.3000
2018-04-01,JPY_CPI,-0.1000
2018-05-01,JPY_CPI,0.1000
2018-06-01,JPY_CPI,-0.1000
2018-07-01,JPY_CPI,0.1000
2018-08-01,JPY_CPI,0.5000
2018-09-01,JPY_CPI,0.1000
2018-10-01,JPY_CPI,0.3000
2018-11-01,JPY_CPI,-0.3000
2018-12-01,JPY_CPI,-0.3000
2019-01-01,JPY_CPI,0.1000
2019-02-01,JPY_CPI,0.0000
2019-03-01,JPY_CPI,0.0000
2019-04-01,JPY_CPI,0.3000
2019-05-01,JPY_CPI,0.0000
2019-06-01,JPY_CPI,-0.1000
2019-07-01,JPY_CPI,-0.1000
2019-08-01,JPY_CPI,0.3000
2019-09-01,JPY_CPI,0.1000
2019-10-01,JPY_CPI,0.3000
2019-11-01,JPY_CPI,0.1000
2019-12-01,JPY_CPI,0.0000
2020-01-01,JPY_CPI,-0.1000
2020-02-01,JPY_CPI,-0.2000
2020-03-01,JPY_CPI,0.0000
2020-04-01,JPY_CPI,-0.1000
2020-05-01,JPY_CPI,0.0000
2020-06-01,JPY_CPI,-0.2000
2020-07-01,JPY_CPI,0.1000
2020-08-01,JPY_CPI,0.1000
2020-09-01,JPY_CPI,-0.2000
2020-10-01,JPY_CPI,-0.1000
2020-11-01,JPY_CPI,-0.3000
2020-12-01,JPY_CPI,-0.2000
2021-01-01,JPY_CPI,0.5000
2021-02-01,JPY_CPI,-0.1000
2021-03-01,JPY_CPI,0.1000
2021-04-01,JPY_CPI,-0.8000
2021-05-01,JPY_CPI,0.3000
2021-06-01,JPY_CPI,0.1000
2003-01-01,JPY_GDP,504306.5000
2003-04-01,JPY_GDP,508467.6000
2003-07-01,JPY_GDP,509940.0000
2003-10-01,JPY_GDP,515100.7000
2004-01-01,JPY_GDP,519509.7000
2004-04-01,JPY_GDP,519126.8000
2004-07-01,JPY_GDP,521999.9000
2004-10-01,JPY_GDP,520017.7000
2005-01-01,JPY_GDP,523237.4000
2005-04-01,JPY_GDP,528260.4000
2005-07-01,JPY_GDP,533016.4000
2005-10-01,JPY_GDP,534528.1000
2006-01-01,JPY_GDP,534942.4000
2006-04-01,JPY_GDP,536414.7000
2006-07-01,JPY_GDP,536338.3000
2006-10-01,JPY_GDP,543562.0000
2007-01-01,JPY_GDP,547464.5000
2007-04-01,JPY_GDP,548303.3000
2007-07-01,JPY_GDP,544705.7000
2007-10-01,JPY_GDP,547814.8000
2008-01-01,JPY_GDP,548944.6000
2008-04-01,JPY_GDP,546309.8000
2008-07-01,JPY_GDP,540238.6000
2008-10-01,JPY_GDP,527430.4000
2009-01-01,JPY_GDP,504017.1000
2009-04-01,JPY_GDP,509664.6000
2009-07-01,JPY_GDP,506353.6000
2009-10-01,JPY_GDP,514502.7000
2010-01-01,JPY_GDP,520845.5000
2010-04-01,JPY_GDP,528048.0000
2010-07-01,JPY_GDP,537150.1000
2010-10-01,JPY_GDP,532554.2000
2011-01-01,JPY_GDP,524877.9000
2011-04-01,JPY_GDP,521543.2000
2011-07-01,JPY_GDP,534021.7000
2011-10-01,JPY_GDP,534225.1000
2012-01-01,JPY_GDP,542308.1000
2012-04-01,JPY_GDP,537306.7000
2012-07-01,JPY_GDP,535177.1000
2012-10-01,JPY_GDP,534896.5000
2013-01-01,JPY_GDP,541700.6000
2013-04-01,JPY_GDP,547275.9000
2013-07-01,JPY_GDP,552465.3000
2013-10-01,JPY_GDP,551701.1000
2014-01-01,JPY_GDP,557450.7000
2014-04-01,JPY_GDP,549438.2000
2014-07-01,JPY_GDP,550512.5000
2014-10-01,JPY_GDP,553701.8000
2015-01-01,JPY_GDP,562606.5000
2015-04-01,JPY_GDP,562948.8000
2015-07-01,JPY_GDP,563778.5000
2015-10-01,JPY_GDP,562699.8000
2016-01-01,JPY_GDP,567574.5000
2016-04-01,JPY_GDP,565641.3000
2016-07-01,JPY_GDP,566915.0000
2016-10-01,JPY_GDP,567004.2000
2017-01-01,JPY_GDP,571123.8000
2017-04-01,JPY_GDP,572968.9000
2017-07-01,JPY_GDP,579488.5000
2017-10-01,JPY_GDP,580391.2000
2018-01-01,JPY_GDP,579490.1000
2018-04-01,JPY_GDP,583147.5000
2018-07-01,JPY_GDP,580295.7000
2018-10-01,JPY_GDP,580693.6000
2019-01-01,JPY_GDP,581450.1000
2019-04-01,JPY_GDP,583719.6000
2019-07-01,JPY_GDP,584007.2000
2019-10-01,JPY_GDP,567196.9000
2020-01-01,JPY_GDP,569447.8000
2020-04-01,JPY_GDP,528204.6000
2020-07-01,JPY_GDP,554569.6000
2020-10-01,JPY_GDP,563846.1000
2021-01-01,JPY_GDP,570000.1000
2021-04-01,JPY_GDP,573949.5000
2021-07-01,JPY_GDP,573103.7000
2021-10-01,JPY_GDP,580029.3000
2022-01-01,JPY_GDP,578103.2000
2022-04-01,JPY_GDP,583366.7000
2022-07-01,JPY_GDP,581222.2000
2022-10-01,JPY_GDP,583989.2000
2023-01-01,JPY_GDP,588696.9000
2023-04-01,JPY_GDP,589192.2000
2023-07-01,JPY_GDP,581110.6000
2023-10-01,JPY_GDP,584312.6000
2024-01-01,JPY_GDP,582321.2000
2024-04-01,JPY_GDP,582416.5000
2024-07-01,JPY_GDP,586284.2000
2024-10-01,JPY_GDP,588523.7000
2025-01-01,JPY_GDP,591103.8000
2025-04-01,JPY_GDP,593119.6000
2025-07-01,JPY_GDP,589441.3000
2025-10-01,JPY_GDP,590673.3000
2026-01-01,JPY_GDP,593693.3000
2003-01-01,JPY_Policy Rate,0.1000
2003-02-01,JPY_Policy Rate,0.1000
2003-03-01,JPY_Policy Rate,0.1000
2003-04-01,JPY_Policy Rate,0.1000
2003-05-01,JPY_Policy Rate,0.1000
2003-06-01,JPY_Policy Rate,0.1000
2003-07-01,JPY_Policy Rate,0.1000
2003-08-01,JPY_Policy Rate,0.1000
2003-09-01,JPY_Policy Rate,0.1000
2003-10-01,JPY_Policy Rate,0.1000
2003-11-01,JPY_Policy Rate,0.1000
2003-12-01,JPY_Policy Rate,0.1000
2004-01-01,JPY_Policy Rate,0.1000
2004-02-01,JPY_Policy Rate,0.1000
2004-03-01,JPY_Policy Rate,0.1000
2004-04-01,JPY_Policy Rate,0.1000
2004-05-01,JPY_Policy Rate,0.1000
2004-06-01,JPY_Policy Rate,0.1000
2004-07-01,JPY_Policy Rate,0.1000
2004-08-01,JPY_Policy Rate,0.1000
2004-09-01,JPY_Policy Rate,0.1000
2004-10-01,JPY_Policy Rate,0.1000
2004-11-01,JPY_Policy Rate,0.1000
2004-12-01,JPY_Policy Rate,0.1000
2005-01-01,JPY_Policy Rate,0.1000
2005-02-01,JPY_Policy Rate,0.1000
2005-03-01,JPY_Policy Rate,0.1000
2005-04-01,JPY_Policy Rate,0.1000
2005-05-01,JPY_Policy Rate,0.1000
2005-06-01,JPY_Policy Rate,0.1000
2005-07-01,JPY_Policy Rate,0.1000
2005-08-01,JPY_Policy Rate,0.1000
2005-09-01,JPY_Policy Rate,0.1000
2005-10-01,JPY_Policy Rate,0.1000
2005-11-01,JPY_Policy Rate,0.1000
2005-12-01,JPY_Policy Rate,0.1000
2006-01-01,JPY_Policy Rate,0.1000
2006-02-01,JPY_Policy Rate,0.1000
2006-03-01,JPY_Policy Rate,0.1000
2006-04-01,JPY_Policy Rate,0.1000
2006-05-01,JPY_Policy Rate,0.1000
2006-06-01,JPY_Policy Rate,0.1000
2006-07-01,JPY_Policy Rate,0.4000
2006-08-01,JPY_Policy Rate,0.4000
2006-09-01,JPY_Policy Rate,0.4000
2006-10-01,JPY_Policy Rate,0.4000
2006-11-01,JPY_Policy Rate,0.4000
2006-12-01,JPY_Policy Rate,0.4000
2007-01-01,JPY_Policy Rate,0.4000
2007-02-01,JPY_Policy Rate,0.7500
2007-03-01,JPY_Policy Rate,0.7500
2007-04-01,JPY_Policy Rate,0.7500
2007-05-01,JPY_Policy Rate,0.7500
2007-06-01,JPY_Policy Rate,0.7500
2007-07-01,JPY_Policy Rate,0.7500
2007-08-01,JPY_Policy Rate,0.7500
2007-09-01,JPY_Policy Rate,0.7500
2007-10-01,JPY_Policy Rate,0.7500
2007-11-01,JPY_Policy Rate,0.7500
2007-12-01,JPY_Policy Rate,0.7500
2008-01-01,JPY_Policy Rate,0.7500
2008-02-01,JPY_Policy Rate,0.7500
2008-03-01,JPY_Policy Rate,0.7500
2008-04-01,JPY_Policy Rate,0.7500
2008-05-01,JPY_Policy Rate,0.7500
2008-06-01,JPY_Policy Rate,0.7500
2008-07-01,JPY_Policy Rate,0.7500
2008-08-01,JPY_Policy Rate,0.7500
2008-09-01,JPY_Policy Rate,0.7500
2008-10-01,JPY_Policy Rate,0.5000
2008-11-01,JPY_Policy Rate,0.5000
2008-12-01,JPY_Policy Rate,0.3000
2009-01-01,JPY_Policy Rate,0.3000
2009-02-01,JPY_Policy Rate,0.3000
2009-03-01,JPY_Policy Rate,0.3000
2009-04-01,JPY_Policy Rate,0.3000
2009-05-01,JPY_Policy Rate,0.3000
2009-06-01,JPY_Policy Rate,0.3000
2009-07-01,JPY_Policy Rate,0.3000
2009-08-01,JPY_Policy Rate,0.3000
2009-09-01,JPY_Policy Rate,0.3000
2009-10-01,JPY_Policy Rate,0.3000
2009-11-01,JPY_Policy Rate,0.3000
2009-12-01,JPY_Policy Rate,0.3000
2010-01-01,JPY_Policy Rate,0.3000
2010-02-01,JPY_Policy Rate,0.3000
2010-03-01,JPY_Policy Rate,0.3000
2010-04-01,JPY_Policy Rate,0.3000
2010-05-01,JPY_Policy Rate,0.3000
2010-06-01,JPY_Policy Rate,0.3000
2010-07-01,JPY_Policy Rate,0.3000
2010-08-01,JPY_Policy Rate,0.3000
2010-09-01,JPY_Policy Rate,0.3000
2010-10-01,JPY_Policy Rate,0.3000
2010-11-01,JPY_Policy Rate,0.3000
2010-12-01,JPY_Policy Rate,0.3000
2011-01-01,JPY_Policy Rate,0.3000
2011-02-01,JPY_Policy Rate,0.3000
2011-03-01,JPY_Policy Rate,0.3000
2011-04-01,JPY_Policy Rate,0.3000
2011-05-01,JPY_Policy Rate,0.3000
2011-06-01,JPY_Policy Rate,0.3000
2011-07-01,JPY_Policy Rate,0.3000
2011-08-01,JPY_Policy Rate,0.3000
2011-09-01,JPY_Policy Rate,0.3000
2011-10-01,JPY_Policy Rate,0.3000
2011-11-01,JPY_Policy Rate,0.3000
2011-12-01,JPY_Policy Rate,0.3000
2012-01-01,JPY_Policy Rate,0.3000
2012-02-01,JPY_Policy Rate,0.3000
2012-03-01,JPY_Policy Rate,0.3000
2012-04-01,JPY_Policy Rate,0.3000
2012-05-01,JPY_Policy Rate,0.3000
2012-06-01,JPY_Policy Rate,0.3000
2012-07-01,JPY_Policy Rate,0.3000
2012-08-01,JPY_Policy Rate,0.3000
2012-09-01,JPY_Policy Rate,0.3000
2012-10-01,JPY_Policy Rate,0.3000
2012-11-01,JPY_Policy Rate,0.3000
2012-12-01,JPY_Policy Rate,0.3000
2013-01-01,JPY_Policy Rate,0.3000
2013-02-01,JPY_Policy Rate,0.3000
2013-03-01,JPY_Policy Rate,0.3000
2013-04-01,JPY_Policy Rate,0.3000
2013-05-01,JPY_Policy Rate,0.3000
2013-06-01,JPY_Policy Rate,0.3000
2013-07-01,JPY_Policy Rate,0.3000
2013-08-01,JPY_Policy Rate,0.3000
2013-09-01,JPY_Policy Rate,0.3000
2013-10-01,JPY_Policy Rate,0.3000
2013-11-01,JPY_Policy Rate,0.3000
2013-12-01,JPY_Policy Rate,0.3000
2014-01-01,JPY_Policy Rate,0.3000
2014-02-01,JPY_Policy Rate,0.3000
2014-03-01,JPY_Policy Rate,0.3000
2014-04-01,JPY_Policy Rate,0.3000
2014-05-01,JPY_Policy Rate,0.3000
2014-06-01,JPY_Policy Rate,0.3000
2014-07-01,JPY_Policy Rate,0.3000
2014-08-01,JPY_Policy Rate,0.3000
2014-09-01,JPY_Policy Rate,0.3000
2014-10-01,JPY_Policy Rate,0.3000
2014-11-01,JPY_Policy Rate,0.3000
2014-12-01,JPY_Policy Rate,0.3000
2015-01-01,JPY_Policy Rate,0.3000
2015-02-01,JPY_Policy Rate,0.3000
2015-03-01,JPY_Policy Rate,0.3000
2015-04-01,JPY_Policy Rate,0.3000
2015-05-01,JPY_Policy Rate,0.3000
2015-06-01,JPY_Policy Rate,0.3000
2015-07-01,JPY_Policy Rate,0.3000
2015-08-01,JPY_Policy Rate,0.3000
2015-09-01,JPY_Policy Rate,0.3000
2015-10-01,JPY_Policy Rate,0.3000
2015-11-01,JPY_Policy Rate,0.3000
2015-12-01,JPY_Policy Rate,0.3000
2016-01-01,JPY_Policy Rate,0.3000
2016-02-01,JPY_Policy Rate,0.3000
2016-03-01,JPY_Policy Rate,0.3000
2016-04-01,JPY_Policy Rate,0.3000
2016-05-01,JPY_Policy Rate,0.3000
2016-06-01,JPY_Policy Rate,0.3000
2016-07-01,JPY_Policy Rate,0.3000
2016-08-01,JPY_Policy Rate,0.3000
2016-09-01,JPY_Policy Rate,0.3000
2016-10-01,JPY_Policy Rate,0.3000
2016-11-01,JPY_Policy Rate,0.3000
2016-12-01,JPY_Policy Rate,0.3000
2017-01-01,JPY_Policy Rate,0.3000
2017-02-01,JPY_Policy Rate,0.3000
2017-03-01,JPY_Policy Rate,0.3000
2017-04-01,JPY_Policy Rate,0.3000
2017-05-01,JPY_Policy Rate,0.3000
2017-06-01,JPY_Policy Rate,0.3000
2017-07-01,JPY_Policy Rate,0.3000
2017-08-01,JPY_Policy Rate,0.3000
2017-09-01,JPY_Policy Rate,0.3000
2017-10-01,JPY_Policy Rate,0.3000
2017-11-01,JPY_Policy Rate,0.3000
2017-12-01,JPY_Policy Rate,0.3000
2018-01-01,JPY_Policy Rate,0.3000
2018-02-01,JPY_Policy Rate,0.3000
2018-03-01,JPY_Policy Rate,0.3000
2018-04-01,JPY_Policy Rate,0.3000
2018-05-01,JPY_Policy Rate,0.3000
2018-06-01,JPY_Policy Rate,0.3000
2018-07-01,JPY_Policy Rate,0.3000
2018-08-01,JPY_Policy Rate,0.3000
2018-09-01,JPY_Policy Rate,0.3000
2018-10-01,JPY_Policy Rate,0.3000
2018-11-01,JPY_Policy Rate,0.3000
2018-12-01,JPY_Policy Rate,0.3000
2019-01-01,JPY_Policy Rate,0.3000
2019-02-01,JPY_Policy Rate,0.3000
2019-03-01,JPY_Policy Rate,0.3000
2019-04-01,JPY_Policy Rate,0.3000
2019-05-01,JPY_Policy Rate,0.3000
2019-06-01,JPY_Policy Rate,0.3000
2019-07-01,JPY_Policy Rate,0.3000
2019-08-01,JPY_Policy Rate,0.3000
2019-09-01,JPY_Policy Rate,0.3000
2019-10-01,JPY_Policy Rate,0.3000
2019-11-01,JPY_Policy Rate,0.3000
2019-12-01,JPY_Policy Rate,0.3000
2020-01-01,JPY_Policy Rate,0.3000
2020-02-01,JPY_Policy Rate,0.3000
2020-03-01,JPY_Policy Rate,0.3000
2020-04-01,JPY_Policy Rate,0.3000
2020-05-01,JPY_Policy Rate,0.3000
2020-06-01,JPY_Policy Rate,0.3000
2020-07-01,JPY_Policy Rate,0.3000
2020-08-01,JPY_Policy Rate,0.3000
2020-09-01,JPY_Policy Rate,0.3000
2020-10-01,JPY_Policy Rate,0.3000
2020-11-01,JPY_Policy Rate,0.3000
2020-12-01,JPY_Policy Rate,0.3000
2021-01-01,JPY_Policy Rate,0.3000
2021-02-01,JPY_Policy Rate,0.3000
2021-03-01,JPY_Policy Rate,0.3000
2021-04-01,JPY_Policy Rate,0.3000
2021-05-01,JPY_Policy Rate,0.3000
2021-06-01,JPY_Policy Rate,0.3000
2021-07-01,JPY_Policy Rate,0.3000
2021-08-01,JPY_Policy Rate,0.3000
2021-09-01,JPY_Policy Rate,0.3000
2021-10-01,JPY_Policy Rate,0.3000
2021-11-01,JPY_Policy Rate,0.3000
2021-12-01,JPY_Policy Rate,0.3000
2022-01-01,JPY_Policy Rate,0.3000
2022-02-01,JPY_Policy Rate,0.3000
2022-03-01,JPY_Policy Rate,0.3000
2022-04-01,JPY_Policy Rate,0.3000
2022-05-01,JPY_Policy Rate,0.3000
2022-06-01,JPY_Policy Rate,0.3000
2022-07-01,JPY_Policy Rate,0.3000
2022-08-01,JPY_Policy Rate,0.3000
2022-09-01,JPY_Policy Rate,0.3000
2022-10-01,JPY_Policy Rate,0.3000
2022-11-01,JPY_Policy Rate,0.3000
2022-12-01,JPY_Policy Rate,0.3000
2023-01-01,JPY_Policy Rate,0.3000
2023-02-01,JPY_Policy Rate,0.3000
2023-03-01,JPY_Policy Rate,0.3000
2023-04-01,JPY_Policy Rate,0.3000
2023-05-01,JPY_Policy Rate,0.3000
2023-06-01,JPY_Policy Rate,0.3000
2023-07-01,JPY_Policy Rate,0.3000
2023-08-01,JPY_Policy Rate,0.3000
2023-09-01,JPY_Policy Rate,0.3000
2023-10-01,JPY_Policy Rate,0.3000
2023-11-01,JPY_Policy Rate,0.3000
2023-12-01,JPY_Policy Rate,0.3000
2003-01-02,USD_10Y Treasury,4.0700
2003-01-03,USD_10Y Treasury,4.0500
2003-01-06,USD_10Y Treasury,4.0900
2003-01-07,USD_10Y Treasury,4.0400
2003-01-08,USD_10Y Treasury,4.0000
2003-01-09,USD_10Y Treasury,4.1900
2003-01-10,USD_10Y Treasury,4.1600
2003-01-13,USD_10Y Treasury,4.1500
2003-01-14,USD_10Y Treasury,4.1000
2003-01-15,USD_10Y Treasury,4.1000
2003-01-16,USD_10Y Treasury,4.1000
2003-01-17,USD_10Y Treasury,4.0500
2003-01-21,USD_10Y Treasury,4.0100
2003-01-22,USD_10Y Treasury,3.9500
2003-01-23,USD_10Y Treasury,3.9800
2003-01-24,USD_10Y Treasury,3.9400
2003-01-27,USD_10Y Treasury,3.9800
2003-01-28,USD_10Y Treasury,4.0000
2003-01-29,USD_10Y Treasury,4.0600
2003-01-30,USD_10Y Treasury,4.0000
2003-01-31,USD_10Y Treasury,4.0000
2003-02-03,USD_10Y Treasury,4.0100
2003-02-04,USD_10Y Treasury,3.9600
2003-02-05,USD_10Y Treasury,4.0200
2003-02-06,USD_10Y Treasury,3.9700
2003-02-07,USD_10Y Treasury,3.9600
2003-02-10,USD_10Y Treasury,3.9900
2003-02-11,USD_10Y Treasury,3.9800
2003-02-12,USD_10Y Treasury,3.9300
2003-02-13,USD_10Y Treasury,3.8900
2003-02-14,USD_10Y Treasury,3.9500
2003-02-18,USD_10Y Treasury,3.9400
2003-02-19,USD_10Y Treasury,3.8800
2003-02-20,USD_10Y Treasury,3.8500
2003-02-21,USD_10Y Treasury,3.9000
2003-02-24,USD_10Y Treasury,3.8600
2003-02-25,USD_10Y Treasury,3.8100
2003-02-26,USD_10Y Treasury,3.7800
2003-02-27,USD_10Y Treasury,3.7600
2003-02-28,USD_10Y Treasury,3.7100
2003-03-03,USD_10Y Treasury,3.6800
2003-03-04,USD_10Y Treasury,3.6500
2003-03-05,USD_10Y Treasury,3.6300
2003-03-06,USD_10Y Treasury,3.6700
2003-03-07,USD_10Y Treasury,3.6300
2003-03-10,USD_10Y Treasury,3.5900
2003-03-11,USD_10Y Treasury,3.6000
2003-03-12,USD_10Y Treasury,3.6000
2003-03-13,USD_10Y Treasury,3.7400
2003-03-14,USD_10Y Treasury,3.7200
2003-03-17,USD_10Y Treasury,3.8200
2003-03-18,USD_10Y Treasury,3.9100
2003-03-19,USD_10Y Treasury,3.9800
2003-03-20,USD_10Y Treasury,4.0100
2003-03-21,USD_10Y Treasury,4.1100
2003-03-24,USD_10Y Treasury,3.9800
2003-03-25,USD_10Y Treasury,3.9700
2003-03-26,USD_10Y Treasury,3.9600
2003-03-27,USD_10Y Treasury,3.9500
2003-03-28,USD_10Y Treasury,3.9200
2003-03-31,USD_10Y Treasury,3.8300
2003-04-01,USD_10Y Treasury,3.8400
2003-04-02,USD_10Y Treasury,3.9400
2003-04-03,USD_10Y Treasury,3.9300
2003-04-04,USD_10Y Treasury,3.9600
2003-04-07,USD_10Y Treasury,4.0300
2003-04-08,USD_10Y Treasury,3.9500
2003-04-09,USD_10Y Treasury,3.9300
2003-04-10,USD_10Y Treasury,3.9500
2003-04-11,USD_10Y Treasury,4.0000
2003-04-14,USD_10Y Treasury,4.0400
2003-04-15,USD_10Y Treasury,3.9800
2003-04-16,USD_10Y Treasury,3.9600
2003-04-17,USD_10Y Treasury,3.9800
2003-04-21,USD_10Y Treasury,4.0000
2003-04-22,USD_10Y Treasury,4.0100
2003-04-23,USD_10Y Treasury,4.0200
2003-04-24,USD_10Y Treasury,3.9300
2003-04-25,USD_10Y Treasury,3.9100
2003-04-28,USD_10Y Treasury,3.9200
2003-04-29,USD_10Y Treasury,3.9600
2003-04-30,USD_10Y Treasury,3.8900
2003-05-01,USD_10Y Treasury,3.8800
2003-05-02,USD_10Y Treasury,3.9400
2003-05-05,USD_10Y Treasury,3.9200
2003-05-06,USD_10Y Treasury,3.8400
2003-05-07,USD_10Y Treasury,3.7200
2003-05-08,USD_10Y Treasury,3.7000
2003-05-09,USD_10Y Treasury,3.6900
2003-05-12,USD_10Y Treasury,3.6400
2003-05-13,USD_10Y Treasury,3.6300
2003-05-14,USD_10Y Treasury,3.5300
2003-05-15,USD_10Y Treasury,3.5300
2003-05-16,USD_10Y Treasury,3.4600
2003-05-19,USD_10Y Treasury,3.4600
2003-05-20,USD_10Y Treasury,3.3800
2003-05-21,USD_10Y Treasury,3.3900
2003-05-22,USD_10Y Treasury,3.3400
2003-05-23,USD_10Y Treasury,3.3400
2003-05-27,USD_10Y Treasury,3.4100
2003-05-28,USD_10Y Treasury,3.4400
2003-05-29,USD_10Y Treasury,3.3400
2003-05-30,USD_10Y Treasury,3.3700
2003-06-02,USD_10Y Treasury,3.4300
2003-06-03,USD_10Y Treasury,3.3400
2003-06-04,USD_10Y Treasury,3.3000
2003-06-05,USD_10Y Treasury,3.3400
2003-06-06,USD_10Y Treasury,3.3700
2003-06-09,USD_10Y Treasury,3.2900
2003-06-10,USD_10Y Treasury,3.2000
2003-06-11,USD_10Y Treasury,3.2100
2003-06-12,USD_10Y Treasury,3.1800
2003-06-13,USD_10Y Treasury,3.1300
2003-06-16,USD_10Y Treasury,3.1800
2003-06-17,USD_10Y Treasury,3.2700
2003-06-18,USD_10Y Treasury,3.3700
2003-06-19,USD_10Y Treasury,3.3500
2003-06-20,USD_10Y Treasury,3.4000
2003-06-23,USD_10Y Treasury,3.3200
2003-06-24,USD_10Y Treasury,3.2900
2003-06-25,USD_10Y Treasury,3.3800
2003-06-26,USD_10Y Treasury,3.5500
2003-06-27,USD_10Y Treasury,3.5800
2003-06-30,USD_10Y Treasury,3.5400
2003-07-01,USD_10Y Treasury,3.5600
2003-07-02,USD_10Y Treasury,3.5600
2003-07-03,USD_10Y Treasury,3.6700
2003-07-07,USD_10Y Treasury,3.7400
2003-07-08,USD_10Y Treasury,3.7500
2003-07-09,USD_10Y Treasury,3.7300
2003-07-10,USD_10Y Treasury,3.7000
2003-07-11,USD_10Y Treasury,3.6600
2003-07-14,USD_10Y Treasury,3.7400
2003-07-15,USD_10Y Treasury,3.9400
2003-07-16,USD_10Y Treasury,3.9700
2003-07-17,USD_10Y Treasury,3.9800
2003-07-18,USD_10Y Treasury,4.0000
2003-07-21,USD_10Y Treasury,4.1900
2003-07-22,USD_10Y Treasury,4.1700
2003-07-23,USD_10Y Treasury,4.1200
2003-07-24,USD_10Y Treasury,4.2000
2003-07-25,USD_10Y Treasury,4.2200
2003-07-28,USD_10Y Treasury,4.3100
2003-07-29,USD_10Y Treasury,4.4200
2003-07-30,USD_10Y Treasury,4.3400
2003-07-31,USD_10Y Treasury,4.4900
2003-08-01,USD_10Y Treasury,4.4400
2003-08-04,USD_10Y Treasury,4.3500
2003-08-05,USD_10Y Treasury,4.4700
2003-08-06,USD_10Y Treasury,4.3200
2003-08-07,USD_10Y Treasury,4.3000
2003-08-08,USD_10Y Treasury,4.2700
2003-08-11,USD_10Y Treasury,4.3800
2003-08-12,USD_10Y Treasury,4.3700
2003-08-13,USD_10Y Treasury,4.5800
2003-08-14,USD_10Y Treasury,4.5500
2003-08-15,USD_10Y Treasury,4.5500
2003-08-18,USD_10Y Treasury,4.4900
2003-08-19,USD_10Y Treasury,4.3800
2003-08-20,USD_10Y Treasury,4.4500
2003-08-21,USD_10Y Treasury,4.5300
2003-08-22,USD_10Y Treasury,4.4800
2003-08-25,USD_10Y Treasury,4.5300
2003-08-26,USD_10Y Treasury,4.5000
2003-08-27,USD_10Y Treasury,4.5400
2003-08-28,USD_10Y Treasury,4.4200
2003-08-29,USD_10Y Treasury,4.4500
2003-09-02,USD_10Y Treasury,4.6100
2003-09-03,USD_10Y Treasury,4.6000
2003-09-04,USD_10Y Treasury,4.5200
2003-09-05,USD_10Y Treasury,4.3500
2003-09-08,USD_10Y Treasury,4.4100
2003-09-09,USD_10Y Treasury,4.3700
2003-09-10,USD_10Y Treasury,4.2800
2003-09-11,USD_10Y Treasury,4.3500
2003-09-12,USD_10Y Treasury,4.2700
2003-09-15,USD_10Y Treasury,4.2800
2003-09-16,USD_10Y Treasury,4.2900
2003-09-17,USD_10Y Treasury,4.2000
2003-09-18,USD_10Y Treasury,4.1900
2003-09-19,USD_10Y Treasury,4.1700
2003-09-22,USD_10Y Treasury,4.2600
2003-09-23,USD_10Y Treasury,4.2400
2003-09-24,USD_10Y Treasury,4.1600
2003-09-25,USD_10Y Treasury,4.1200
2003-09-26,USD_10Y Treasury,4.0400
2003-09-29,USD_10Y Treasury,4.0900
2003-09-30,USD_10Y Treasury,3.9600
2003-10-01,USD_10Y Treasury,3.9600
2003-10-02,USD_10Y Treasury,4.0300
2003-10-03,USD_10Y Treasury,4.2100
2003-10-06,USD_10Y Treasury,4.1700
2003-10-07,USD_10Y Treasury,4.2700
2003-10-08,USD_10Y Treasury,4.2700
2003-10-09,USD_10Y Treasury,4.3200
2003-10-10,USD_10Y Treasury,4.2900
2003-10-14,USD_10Y Treasury,4.3700
2003-10-15,USD_10Y Treasury,4.4300
2003-10-16,USD_10Y Treasury,4.4700
2003-10-17,USD_10Y Treasury,4.4100
2003-10-20,USD_10Y Treasury,4.4100
2003-10-21,USD_10Y Treasury,4.3800
2003-10-22,USD_10Y Treasury,4.2900
2003-10-23,USD_10Y Treasury,4.3400
2003-10-24,USD_10Y Treasury,4.2400
2003-10-27,USD_10Y Treasury,4.3000
2003-10-28,USD_10Y Treasury,4.2300
2003-10-29,USD_10Y Treasury,4.3100
2003-10-30,USD_10Y Treasury,4.3600
2003-10-31,USD_10Y Treasury,4.3300
2003-11-03,USD_10Y Treasury,4.4000
2003-11-04,USD_10Y Treasury,4.3300
2003-11-05,USD_10Y Treasury,4.3800
2003-11-06,USD_10Y Treasury,4.4500
2003-11-07,USD_10Y Treasury,4.4800
2003-11-10,USD_10Y Treasury,4.4900
2003-11-12,USD_10Y Treasury,4.4400
2003-11-13,USD_10Y Treasury,4.3000
2003-11-14,USD_10Y Treasury,4.2200
2003-11-17,USD_10Y Treasury,4.1800
2003-11-18,USD_10Y Treasury,4.1700
2003-11-19,USD_10Y Treasury,4.2400
2003-11-20,USD_10Y Treasury,4.1600
2003-11-21,USD_10Y Treasury,4.1500
2003-11-24,USD_10Y Treasury,4.2300
2003-11-25,USD_10Y Treasury,4.1900
2003-11-26,USD_10Y Treasury,4.2500
2003-11-28,USD_10Y Treasury,4.3400
2003-12-01,USD_10Y Treasury,4.4000
2003-12-02,USD_10Y Treasury,4.3800
2003-12-03,USD_10Y Treasury,4.4100
2003-12-04,USD_10Y Treasury,4.3800
2003-12-05,USD_10Y Treasury,4.2300
2003-12-08,USD_10Y Treasury,4.2900
2003-12-09,USD_10Y Treasury,4.3200
2003-12-10,USD_10Y Treasury,4.3000
2003-12-11,USD_10Y Treasury,4.2700
2003-12-12,USD_10Y Treasury,4.2600
2003-12-15,USD_10Y Treasury,4.2800
2003-12-16,USD_10Y Treasury,4.2400
2003-12-17,USD_10Y Treasury,4.1900
2003-12-18,USD_10Y Treasury,4.1600
2003-12-19,USD_10Y Treasury,4.1500
2003-12-22,USD_10Y Treasury,4.1800
2003-12-23,USD_10Y Treasury,4.2800
2003-12-24,USD_10Y Treasury,4.2000
2003-12-26,USD_10Y Treasury,4.1700
2003-12-29,USD_10Y Treasury,4.2400
2003-12-30,USD_10Y Treasury,4.2900
2003-12-31,USD_10Y Treasury,4.2700
2004-01-02,USD_10Y Treasury,4.3800
2004-01-05,USD_10Y Treasury,4.4100
2004-01-06,USD_10Y Treasury,4.2900
2004-01-07,USD_10Y Treasury,4.2700
2004-01-08,USD_10Y Treasury,4.2700
2004-01-09,USD_10Y Treasury,4.1100
2004-01-12,USD_10Y Treasury,4.1100
2004-01-13,USD_10Y Treasury,4.0500
2004-01-14,USD_10Y Treasury,4.0100
2004-01-15,USD_10Y Treasury,3.9900
2004-01-16,USD_10Y Treasury,4.0400
2004-01-20,USD_10Y Treasury,4.0800
2004-01-21,USD_10Y Treasury,4.0500
2004-01-22,USD_10Y Treasury,3.9900
2004-01-23,USD_10Y Treasury,4.0900
2004-01-26,USD_10Y Treasury,4.1600
2004-01-27,USD_10Y Treasury,4.1100
2004-01-28,USD_10Y Treasury,4.2200
2004-01-29,USD_10Y Treasury,4.2200
2004-01-30,USD_10Y Treasury,4.1600
2004-02-02,USD_10Y Treasury,4.1800
2004-02-03,USD_10Y Treasury,4.1300
2004-02-04,USD_10Y Treasury,4.1500
2004-02-05,USD_10Y Treasury,4.2000
2004-02-06,USD_10Y Treasury,4.1200
2004-02-09,USD_10Y Treasury,4.0900
2004-02-10,USD_10Y Treasury,4.1300
2004-02-11,USD_10Y Treasury,4.0500
2004-02-12,USD_10Y Treasury,4.1000
2004-02-13,USD_10Y Treasury,4.0500
2004-02-17,USD_10Y Treasury,4.0500
2004-02-18,USD_10Y Treasury,4.0500
2004-02-19,USD_10Y Treasury,4.0500
2004-02-20,USD_10Y Treasury,4.1000
2004-02-23,USD_10Y Treasury,4.0500
2004-02-24,USD_10Y Treasury,4.0400
2004-02-25,USD_10Y Treasury,4.0200
2004-02-26,USD_10Y Treasury,4.0500
2004-02-27,USD_10Y Treasury,3.9900
2004-03-01,USD_10Y Treasury,4.0000
2004-03-02,USD_10Y Treasury,4.0500
2004-03-03,USD_10Y Treasury,4.0700
2004-03-04,USD_10Y Treasury,4.0400
2004-03-05,USD_10Y Treasury,3.8500
2004-03-08,USD_10Y Treasury,3.7800
2004-03-09,USD_10Y Treasury,3.7300
2004-03-10,USD_10Y Treasury,3.7400
2004-03-11,USD_10Y Treasury,3.7400
2004-03-12,USD_10Y Treasury,3.7800
2004-03-15,USD_10Y Treasury,3.7800
2004-03-16,USD_10Y Treasury,3.7000
2004-03-17,USD_10Y Treasury,3.7100
2004-03-18,USD_10Y Treasury,3.7600
2004-03-19,USD_10Y Treasury,3.8000
2004-03-22,USD_10Y Treasury,3.7400
2004-03-23,USD_10Y Treasury,3.7300
2004-03-24,USD_10Y Treasury,3.7300
2004-03-25,USD_10Y Treasury,3.7500
2004-03-26,USD_10Y Treasury,3.8500
2004-03-29,USD_10Y Treasury,3.9100
2004-03-30,USD_10Y Treasury,3.9100
2004-03-31,USD_10Y Treasury,3.8600
2004-04-01,USD_10Y Treasury,3.9100
2004-04-02,USD_10Y Treasury,4.1500
2004-04-05,USD_10Y Treasury,4.2400
2004-04-06,USD_10Y Treasury,4.1900
2004-04-07,USD_10Y Treasury,4.1900
2004-04-08,USD_10Y Treasury,4.2100
2004-04-12,USD_10Y Treasury,4.2500
2004-04-13,USD_10Y Treasury,4.3500
2004-04-14,USD_10Y Treasury,4.4000
2004-04-15,USD_10Y Treasury,4.4200
2004-04-16,USD_10Y Treasury,4.3700
2004-04-19,USD_10Y Treasury,4.3900
2004-04-20,USD_10Y Treasury,4.4300
2004-04-21,USD_10Y Treasury,4.4500
2004-04-22,USD_10Y Treasury,4.4000
2004-04-23,USD_10Y Treasury,4.4800
2004-04-26,USD_10Y Treasury,4.4600
2004-04-27,USD_10Y Treasury,4.4300
2004-04-28,USD_10Y Treasury,4.5000
2004-04-29,USD_10Y Treasury,4.5500
2004-04-30,USD_10Y Treasury,4.5300
2004-05-03,USD_10Y Treasury,4.5300
2004-05-04,USD_10Y Treasury,4.5600
2004-05-05,USD_10Y Treasury,4.6100
2004-05-06,USD_10Y Treasury,4.6300
2004-05-07,USD_10Y Treasury,4.7900
2004-05-10,USD_10Y Treasury,4.8100
2004-05-11,USD_10Y Treasury,4.7900
2004-05-12,USD_10Y Treasury,4.8300
2004-05-13,USD_10Y Treasury,4.8500
2004-05-14,USD_10Y Treasury,4.7900
2004-05-17,USD_10Y Treasury,4.7000
2004-05-18,USD_10Y Treasury,4.7400
2004-05-19,USD_10Y Treasury,4.7900
2004-05-20,USD_10Y Treasury,4.7200
2004-05-21,USD_10Y Treasury,4.7600
2004-05-24,USD_10Y Treasury,4.7500
2004-05-25,USD_10Y Treasury,4.7300
2004-05-26,USD_10Y Treasury,4.6700
2004-05-27,USD_10Y Treasury,4.6000
2004-05-28,USD_10Y Treasury,4.6600
2004-06-01,USD_10Y Treasury,4.7100
2004-06-02,USD_10Y Treasury,4.7400
2004-06-03,USD_10Y Treasury,4.7100
2004-06-04,USD_10Y Treasury,4.7800
2004-06-07,USD_10Y Treasury,4.7800
2004-06-08,USD_10Y Treasury,4.7800
2004-06-09,USD_10Y Treasury,4.8200
2004-06-10,USD_10Y Treasury,4.8100
2004-06-14,USD_10Y Treasury,4.8900
2004-06-15,USD_10Y Treasury,4.6900
2004-06-16,USD_10Y Treasury,4.7400
2004-06-17,USD_10Y Treasury,4.7100
2004-06-18,USD_10Y Treasury,4.7200
2004-06-21,USD_10Y Treasury,4.7000
2004-06-22,USD_10Y Treasury,4.7200
2004-06-23,USD_10Y Treasury,4.7100
2004-06-24,USD_10Y Treasury,4.6600
2004-06-25,USD_10Y Treasury,4.6600
2004-06-28,USD_10Y Treasury,4.7600
2004-06-29,USD_10Y Treasury,4.7000
2004-06-30,USD_10Y Treasury,4.6200
2004-07-01,USD_10Y Treasury,4.5700
2004-07-02,USD_10Y Treasury,4.4800
2004-07-06,USD_10Y Treasury,4.4900
2004-07-07,USD_10Y Treasury,4.5000
2004-07-08,USD_10Y Treasury,4.4900
2004-07-09,USD_10Y Treasury,4.4900
2004-07-12,USD_10Y Treasury,4.4600
2004-07-13,USD_10Y Treasury,4.5000
2004-07-14,USD_10Y Treasury,4.5000
2004-07-15,USD_10Y Treasury,4.5000
2004-07-16,USD_10Y Treasury,4.3800
2004-07-19,USD_10Y Treasury,4.3800
2004-07-20,USD_10Y Treasury,4.4700
2004-07-21,USD_10Y Treasury,4.5000
2004-07-22,USD_10Y Treasury,4.4800
2004-07-23,USD_10Y Treasury,4.4500
2004-07-26,USD_10Y Treasury,4.4900
2004-07-27,USD_10Y Treasury,4.6200
2004-07-28,USD_10Y Treasury,4.6100
2004-07-29,USD_10Y Treasury,4.6000
2004-07-30,USD_10Y Treasury,4.5000
2004-08-02,USD_10Y Treasury,4.4800
2004-08-03,USD_10Y Treasury,4.4500
2004-08-04,USD_10Y Treasury,4.4500
2004-08-05,USD_10Y Treasury,4.4300
2004-08-06,USD_10Y Treasury,4.2400
2004-08-09,USD_10Y Treasury,4.2800
2004-08-10,USD_10Y Treasury,4.3200
2004-08-11,USD_10Y Treasury,4.3000
2004-08-12,USD_10Y Treasury,4.2700
2004-08-13,USD_10Y Treasury,4.2200
2004-08-16,USD_10Y Treasury,4.2600
2004-08-17,USD_10Y Treasury,4.2100
2004-08-18,USD_10Y Treasury,4.2300
2004-08-19,USD_10Y Treasury,4.2200
2004-08-20,USD_10Y Treasury,4.2400
2004-08-23,USD_10Y Treasury,4.2800
2004-08-24,USD_10Y Treasury,4.2800
2004-08-25,USD_10Y Treasury,4.2600
2004-08-26,USD_10Y Treasury,4.2200
2004-08-27,USD_10Y Treasury,4.2300
2004-08-30,USD_10Y Treasury,4.1900
2004-08-31,USD_10Y Treasury,4.1300
2004-09-01,USD_10Y Treasury,4.1300
2004-09-02,USD_10Y Treasury,4.2000
2004-09-03,USD_10Y Treasury,4.3000
2004-09-07,USD_10Y Treasury,4.2600
2004-09-08,USD_10Y Treasury,4.1800
2004-09-09,USD_10Y Treasury,4.2200
2004-09-10,USD_10Y Treasury,4.1900
2004-09-13,USD_10Y Treasury,4.1600
2004-09-14,USD_10Y Treasury,4.1500
2004-09-15,USD_10Y Treasury,4.1800
2004-09-16,USD_10Y Treasury,4.0800
2004-09-17,USD_10Y Treasury,4.1400
2004-09-20,USD_10Y Treasury,4.0700
2004-09-21,USD_10Y Treasury,4.0500
2004-09-22,USD_10Y Treasury,4.0000
2004-09-23,USD_10Y Treasury,4.0200
2004-09-24,USD_10Y Treasury,4.0400
2004-09-27,USD_10Y Treasury,4.0100
2004-09-28,USD_10Y Treasury,4.0200
2004-09-29,USD_10Y Treasury,4.1000
2004-09-30,USD_10Y Treasury,4.1400
2004-10-01,USD_10Y Treasury,4.2100
2004-10-04,USD_10Y Treasury,4.1900
2004-10-05,USD_10Y Treasury,4.1800
2004-10-06,USD_10Y Treasury,4.2300
2004-10-07,USD_10Y Treasury,4.2600
2004-10-08,USD_10Y Treasury,4.1500
2004-10-12,USD_10Y Treasury,4.1200
2004-10-13,USD_10Y Treasury,4.0900
2004-10-14,USD_10Y Treasury,4.0300
2004-10-15,USD_10Y Treasury,4.0700
2004-10-18,USD_10Y Treasury,4.0700
2004-10-19,USD_10Y Treasury,4.0700
2004-10-20,USD_10Y Treasury,4.0100
2004-10-21,USD_10Y Treasury,4.0100
2004-10-22,USD_10Y Treasury,4.0000
2004-10-25,USD_10Y Treasury,3.9900
2004-10-26,USD_10Y Treasury,4.0100
2004-10-27,USD_10Y Treasury,4.1100
2004-10-28,USD_10Y Treasury,4.0900
2004-10-29,USD_10Y Treasury,4.0500
2004-11-01,USD_10Y Treasury,4.1100
2004-11-02,USD_10Y Treasury,4.1000
2004-11-03,USD_10Y Treasury,4.0900
2004-11-04,USD_10Y Treasury,4.1000
2004-11-05,USD_10Y Treasury,4.2100
2004-11-08,USD_10Y Treasury,4.2200
2004-11-09,USD_10Y Treasury,4.2200
2004-11-10,USD_10Y Treasury,4.2500
2004-11-12,USD_10Y Treasury,4.2000
2004-11-15,USD_10Y Treasury,4.2000
2004-11-16,USD_10Y Treasury,4.2100
2004-11-17,USD_10Y Treasury,4.1400
2004-11-18,USD_10Y Treasury,4.1200
2004-11-19,USD_10Y Treasury,4.2000
2004-11-22,USD_10Y Treasury,4.1800
2004-11-23,USD_10Y Treasury,4.1900
2004-11-24,USD_10Y Treasury,4.2000
2004-11-26,USD_10Y Treasury,4.2400
2004-11-29,USD_10Y Treasury,4.3400
2004-11-30,USD_10Y Treasury,4.3600
2004-12-01,USD_10Y Treasury,4.3800
2004-12-02,USD_10Y Treasury,4.4000
2004-12-03,USD_10Y Treasury,4.2700
2004-12-06,USD_10Y Treasury,4.2400
2004-12-07,USD_10Y Treasury,4.2300
2004-12-08,USD_10Y Treasury,4.1400
2004-12-09,USD_10Y Treasury,4.1900
2004-12-10,USD_10Y Treasury,4.1600
2004-12-13,USD_10Y Treasury,4.1600
2004-12-14,USD_10Y Treasury,4.1400
2004-12-15,USD_10Y Treasury,4.0900
2004-12-16,USD_10Y Treasury,4.1900
2004-12-17,USD_10Y Treasury,4.2100
2004-12-20,USD_10Y Treasury,4.2100
2004-12-21,USD_10Y Treasury,4.1800
2004-12-22,USD_10Y Treasury,4.2100
2004-12-23,USD_10Y Treasury,4.2300
2004-12-27,USD_10Y Treasury,4.3000
2004-12-28,USD_10Y Treasury,4.3100
2004-12-29,USD_10Y Treasury,4.3300
2004-12-30,USD_10Y Treasury,4.2700
2004-12-31,USD_10Y Treasury,4.2400
2005-01-03,USD_10Y Treasury,4.2300
2005-01-04,USD_10Y Treasury,4.2900
2005-01-05,USD_10Y Treasury,4.2900
2005-01-06,USD_10Y Treasury,4.2900
2005-01-07,USD_10Y Treasury,4.2900
2005-01-10,USD_10Y Treasury,4.2900
2005-01-11,USD_10Y Treasury,4.2600
2005-01-12,USD_10Y Treasury,4.2500
2005-01-13,USD_10Y Treasury,4.2000
2005-01-14,USD_10Y Treasury,4.2300
2005-01-18,USD_10Y Treasury,4.2100
2005-01-19,USD_10Y Treasury,4.2000
2005-01-20,USD_10Y Treasury,4.1700
2005-01-21,USD_10Y Treasury,4.1600
2005-01-24,USD_10Y Treasury,4.1400
2005-01-25,USD_10Y Treasury,4.2000
2005-01-26,USD_10Y Treasury,4.2100
2005-01-27,USD_10Y Treasury,4.2200
2005-01-28,USD_10Y Treasury,4.1600
2005-01-31,USD_10Y Treasury,4.1400
2005-02-01,USD_10Y Treasury,4.1500
2005-02-02,USD_10Y Treasury,4.1500
2005-02-03,USD_10Y Treasury,4.1800
2005-02-04,USD_10Y Treasury,4.0900
2005-02-07,USD_10Y Treasury,4.0700
2005-02-08,USD_10Y Treasury,4.0500
2005-02-09,USD_10Y Treasury,4.0000
2005-02-10,USD_10Y Treasury,4.0700
2005-02-11,USD_10Y Treasury,4.1000
2005-02-14,USD_10Y Treasury,4.0800
2005-02-15,USD_10Y Treasury,4.1000
2005-02-16,USD_10Y Treasury,4.1600
2005-02-17,USD_10Y Treasury,4.1900
2005-02-18,USD_10Y Treasury,4.2700
2005-02-22,USD_10Y Treasury,4.2900
2005-02-23,USD_10Y Treasury,4.2700
2005-02-24,USD_10Y Treasury,4.2900
2005-02-25,USD_10Y Treasury,4.2700
2005-02-28,USD_10Y Treasury,4.3600
2005-03-01,USD_10Y Treasury,4.3800
2005-03-02,USD_10Y Treasury,4.3800
2005-03-03,USD_10Y Treasury,4.3900
2005-03-04,USD_10Y Treasury,4.3200
2005-03-07,USD_10Y Treasury,4.3100
2005-03-08,USD_10Y Treasury,4.3800
2005-03-09,USD_10Y Treasury,4.5200
2005-03-10,USD_10Y Treasury,4.4800
2005-03-11,USD_10Y Treasury,4.5600
2005-03-14,USD_10Y Treasury,4.5200
2005-03-15,USD_10Y Treasury,4.5400
2005-03-16,USD_10Y Treasury,4.5200
2005-03-17,USD_10Y Treasury,4.4700
2005-03-18,USD_10Y Treasury,4.5100
2005-03-21,USD_10Y Treasury,4.5300
2005-03-22,USD_10Y Treasury,4.6300
2005-03-23,USD_10Y Treasury,4.6100
2005-03-24,USD_10Y Treasury,4.6000
2005-03-28,USD_10Y Treasury,4.6400
2005-03-29,USD_10Y Treasury,4.6000
2005-03-30,USD_10Y Treasury,4.5600
2005-03-31,USD_10Y Treasury,4.5000
2005-04-01,USD_10Y Treasury,4.4600
2005-04-04,USD_10Y Treasury,4.4700
2005-04-05,USD_10Y Treasury,4.4800
2005-04-06,USD_10Y Treasury,4.4400
2005-04-07,USD_10Y Treasury,4.4900
2005-04-08,USD_10Y Treasury,4.5000
2005-04-11,USD_10Y Treasury,4.4500
2005-04-12,USD_10Y Treasury,4.3800
2005-04-13,USD_10Y Treasury,4.3800
2005-04-14,USD_10Y Treasury,4.3700
2005-04-15,USD_10Y Treasury,4.2700
2005-04-18,USD_10Y Treasury,4.2700
2005-04-19,USD_10Y Treasury,4.2100
2005-04-20,USD_10Y Treasury,4.2200
2005-04-21,USD_10Y Treasury,4.3200
2005-04-22,USD_10Y Treasury,4.2600
2005-04-25,USD_10Y Treasury,4.2600
2005-04-26,USD_10Y Treasury,4.2800
2005-04-27,USD_10Y Treasury,4.2500
2005-04-28,USD_10Y Treasury,4.1900
2005-04-29,USD_10Y Treasury,4.2100
2005-05-02,USD_10Y Treasury,4.2100
2005-05-03,USD_10Y Treasury,4.2100
2005-05-04,USD_10Y Treasury,4.2000
2005-05-05,USD_10Y Treasury,4.1900
2005-05-06,USD_10Y Treasury,4.2800
2005-05-09,USD_10Y Treasury,4.2900
2005-05-10,USD_10Y Treasury,4.2300
2005-05-11,USD_10Y Treasury,4.2100
2005-05-12,USD_10Y Treasury,4.1800
2005-05-13,USD_10Y Treasury,4.1200
2005-05-16,USD_10Y Treasury,4.1300
2005-05-17,USD_10Y Treasury,4.1200
2005-05-18,USD_10Y Treasury,4.0700
2005-05-19,USD_10Y Treasury,4.1100
2005-05-20,USD_10Y Treasury,4.1300
2005-05-23,USD_10Y Treasury,4.0700
2005-05-24,USD_10Y Treasury,4.0400
2005-05-25,USD_10Y Treasury,4.0800
2005-05-26,USD_10Y Treasury,4.0800
2005-05-27,USD_10Y Treasury,4.0800
2005-05-31,USD_10Y Treasury,4.0000
2005-06-01,USD_10Y Treasury,3.9100
2005-06-02,USD_10Y Treasury,3.8900
2005-06-03,USD_10Y Treasury,3.9800
2005-06-06,USD_10Y Treasury,3.9600
2005-06-07,USD_10Y Treasury,3.9200
2005-06-08,USD_10Y Treasury,3.9500
2005-06-09,USD_10Y Treasury,3.9800
2005-06-10,USD_10Y Treasury,4.0500
2005-06-13,USD_10Y Treasury,4.0900
2005-06-14,USD_10Y Treasury,4.1300
2005-06-15,USD_10Y Treasury,4.1200
2005-06-16,USD_10Y Treasury,4.0900
2005-06-17,USD_10Y Treasury,4.0900
2005-06-20,USD_10Y Treasury,4.1100
2005-06-21,USD_10Y Treasury,4.0600
2005-06-22,USD_10Y Treasury,3.9500
2005-06-23,USD_10Y Treasury,3.9600
2005-06-24,USD_10Y Treasury,3.9200
2005-06-27,USD_10Y Treasury,3.9000
2005-06-28,USD_10Y Treasury,3.9700
2005-06-29,USD_10Y Treasury,3.9900
2005-06-30,USD_10Y Treasury,3.9400
2005-07-01,USD_10Y Treasury,4.0600
2005-07-05,USD_10Y Treasury,4.1100
2005-07-06,USD_10Y Treasury,4.0800
2005-07-07,USD_10Y Treasury,4.0500
2005-07-08,USD_10Y Treasury,4.1100
2005-07-11,USD_10Y Treasury,4.1100
2005-07-12,USD_10Y Treasury,4.1500
2005-07-13,USD_10Y Treasury,4.1700
2005-07-14,USD_10Y Treasury,4.1900
2005-07-15,USD_10Y Treasury,4.1800
2005-07-18,USD_10Y Treasury,4.2200
2005-07-19,USD_10Y Treasury,4.2000
2005-07-20,USD_10Y Treasury,4.1700
2005-07-21,USD_10Y Treasury,4.2800
2005-07-22,USD_10Y Treasury,4.2300
2005-07-25,USD_10Y Treasury,4.2500
2005-07-26,USD_10Y Treasury,4.2400
2005-07-27,USD_10Y Treasury,4.2700
2005-07-28,USD_10Y Treasury,4.2000
2005-07-29,USD_10Y Treasury,4.2800
2005-08-01,USD_10Y Treasury,4.3200
2005-08-02,USD_10Y Treasury,4.3400
2005-08-03,USD_10Y Treasury,4.3000
2005-08-04,USD_10Y Treasury,4.3200
2005-08-05,USD_10Y Treasury,4.4000
2005-08-08,USD_10Y Treasury,4.4200
2005-08-09,USD_10Y Treasury,4.4100
2005-08-10,USD_10Y Treasury,4.4000
2005-08-11,USD_10Y Treasury,4.3200
2005-08-12,USD_10Y Treasury,4.2400
2005-08-15,USD_10Y Treasury,4.2700
2005-08-16,USD_10Y Treasury,4.2300
2005-08-17,USD_10Y Treasury,4.2800
2005-08-18,USD_10Y Treasury,4.2100
2005-08-19,USD_10Y Treasury,4.2100
2005-08-22,USD_10Y Treasury,4.2200
2005-08-23,USD_10Y Treasury,4.2000
2005-08-24,USD_10Y Treasury,4.1900
2005-08-25,USD_10Y Treasury,4.1800
2005-08-26,USD_10Y Treasury,4.2000
2005-08-29,USD_10Y Treasury,4.2000
2005-08-30,USD_10Y Treasury,4.1600
2005-08-31,USD_10Y Treasury,4.0200
2005-09-01,USD_10Y Treasury,4.0200
2005-09-02,USD_10Y Treasury,4.0300
2005-09-06,USD_10Y Treasury,4.0900
2005-09-07,USD_10Y Treasury,4.1500
2005-09-08,USD_10Y Treasury,4.1500
2005-09-09,USD_10Y Treasury,4.1400
2005-09-12,USD_10Y Treasury,4.1800
2005-09-13,USD_10Y Treasury,4.1400
2005-09-14,USD_10Y Treasury,4.1700
2005-09-15,USD_10Y Treasury,4.2200
2005-09-16,USD_10Y Treasury,4.2600
2005-09-19,USD_10Y Treasury,4.2500
2005-09-20,USD_10Y Treasury,4.2600
2005-09-21,USD_10Y Treasury,4.1900
2005-09-22,USD_10Y Treasury,4.1900
2005-09-23,USD_10Y Treasury,4.2500
2005-09-26,USD_10Y Treasury,4.3000
2005-09-27,USD_10Y Treasury,4.3000
2005-09-28,USD_10Y Treasury,4.2600
2005-09-29,USD_10Y Treasury,4.2900
2005-09-30,USD_10Y Treasury,4.3400
2005-10-03,USD_10Y Treasury,4.3900
2005-10-04,USD_10Y Treasury,4.3800
2005-10-05,USD_10Y Treasury,4.3600
2005-10-06,USD_10Y Treasury,4.3700
2005-10-07,USD_10Y Treasury,4.3500
2005-10-11,USD_10Y Treasury,4.3900
2005-10-12,USD_10Y Treasury,4.4500
2005-10-13,USD_10Y Treasury,4.4800
2005-10-14,USD_10Y Treasury,4.4800
2005-10-17,USD_10Y Treasury,4.5000
2005-10-18,USD_10Y Treasury,4.4900
2005-10-19,USD_10Y Treasury,4.4700
2005-10-20,USD_10Y Treasury,4.4600
2005-10-21,USD_10Y Treasury,4.3900
2005-10-24,USD_10Y Treasury,4.4500
2005-10-25,USD_10Y Treasury,4.5400
2005-10-26,USD_10Y Treasury,4.6000
2005-10-27,USD_10Y Treasury,4.5700
2005-10-28,USD_10Y Treasury,4.5800
2005-10-31,USD_10Y Treasury,4.5700
2005-11-01,USD_10Y Treasury,4.5800
2005-11-02,USD_10Y Treasury,4.6100
2005-11-03,USD_10Y Treasury,4.6500
2005-11-04,USD_10Y Treasury,4.6600
2005-11-07,USD_10Y Treasury,4.6500
2005-11-08,USD_10Y Treasury,4.5700
2005-11-09,USD_10Y Treasury,4.6400
2005-11-10,USD_10Y Treasury,4.5500
2005-11-14,USD_10Y Treasury,4.6100
2005-11-15,USD_10Y Treasury,4.5600
2005-11-16,USD_10Y Treasury,4.4900
2005-11-17,USD_10Y Treasury,4.4600
2005-11-18,USD_10Y Treasury,4.5000
2005-11-21,USD_10Y Treasury,4.4600
2005-11-22,USD_10Y Treasury,4.4300
2005-11-23,USD_10Y Treasury,4.4700
2005-11-25,USD_10Y Treasury,4.4300
2005-11-28,USD_10Y Treasury,4.4100
2005-11-29,USD_10Y Treasury,4.4800
2005-11-30,USD_10Y Treasury,4.4900
2005-12-01,USD_10Y Treasury,4.5200
2005-12-02,USD_10Y Treasury,4.5200
2005-12-05,USD_10Y Treasury,4.5700
2005-12-06,USD_10Y Treasury,4.4900
2005-12-07,USD_10Y Treasury,4.5200
2005-12-08,USD_10Y Treasury,4.4700
2005-12-09,USD_10Y Treasury,4.5400
2005-12-12,USD_10Y Treasury,4.5600
2005-12-13,USD_10Y Treasury,4.5400
2005-12-14,USD_10Y Treasury,4.4500
2005-12-15,USD_10Y Treasury,4.4700
2005-12-16,USD_10Y Treasury,4.4500
2005-12-19,USD_10Y Treasury,4.4500
2005-12-20,USD_10Y Treasury,4.4700
2005-12-21,USD_10Y Treasury,4.4900
2005-12-22,USD_10Y Treasury,4.4400
2005-12-23,USD_10Y Treasury,4.3800
2005-12-27,USD_10Y Treasury,4.3400
2005-12-28,USD_10Y Treasury,4.3800
2005-12-29,USD_10Y Treasury,4.3700
2005-12-30,USD_10Y Treasury,4.3900
2006-01-03,USD_10Y Treasury,4.3700
2006-01-04,USD_10Y Treasury,4.3600
2006-01-05,USD_10Y Treasury,4.3600
2006-01-06,USD_10Y Treasury,4.3800
2006-01-09,USD_10Y Treasury,4.3800
2006-01-10,USD_10Y Treasury,4.4300
2006-01-11,USD_10Y Treasury,4.4600
2006-01-12,USD_10Y Treasury,4.4200
2006-01-13,USD_10Y Treasury,4.3600
2006-01-17,USD_10Y Treasury,4.3400
2006-01-18,USD_10Y Treasury,4.3400
2006-01-19,USD_10Y Treasury,4.3800
2006-01-20,USD_10Y Treasury,4.3700
2006-01-23,USD_10Y Treasury,4.3600
2006-01-24,USD_10Y Treasury,4.4000
2006-01-25,USD_10Y Treasury,4.4900
2006-01-26,USD_10Y Treasury,4.5300
2006-01-27,USD_10Y Treasury,4.5200
2006-01-30,USD_10Y Treasury,4.5400
2006-01-31,USD_10Y Treasury,4.5300
2006-02-01,USD_10Y Treasury,4.5700
2006-02-02,USD_10Y Treasury,4.5700
2006-02-03,USD_10Y Treasury,4.5400
2006-02-06,USD_10Y Treasury,4.5500
2006-02-07,USD_10Y Treasury,4.5700
2006-02-08,USD_10Y Treasury,4.5600
2006-02-09,USD_10Y Treasury,4.5400
2006-02-10,USD_10Y Treasury,4.5900
2006-02-13,USD_10Y Treasury,4.5800
2006-02-14,USD_10Y Treasury,4.6200
2006-02-15,USD_10Y Treasury,4.6100
2006-02-16,USD_10Y Treasury,4.5900
2006-02-17,USD_10Y Treasury,4.5400
2006-02-21,USD_10Y Treasury,4.5700
2006-02-22,USD_10Y Treasury,4.5300
2006-02-23,USD_10Y Treasury,4.5600
2006-02-24,USD_10Y Treasury,4.5800
2006-02-27,USD_10Y Treasury,4.5900
2006-02-28,USD_10Y Treasury,4.5500
2006-03-01,USD_10Y Treasury,4.5900
2006-03-02,USD_10Y Treasury,4.6400
2006-03-03,USD_10Y Treasury,4.6800
2006-03-06,USD_10Y Treasury,4.7400
2006-03-07,USD_10Y Treasury,4.7400
2006-03-08,USD_10Y Treasury,4.7300
2006-03-09,USD_10Y Treasury,4.7400
2006-03-10,USD_10Y Treasury,4.7600
2006-03-13,USD_10Y Treasury,4.7700
2006-03-14,USD_10Y Treasury,4.7100
2006-03-15,USD_10Y Treasury,4.7300
2006-03-16,USD_10Y Treasury,4.6500
2006-03-17,USD_10Y Treasury,4.6800
2006-03-20,USD_10Y Treasury,4.6600
2006-03-21,USD_10Y Treasury,4.7100
2006-03-22,USD_10Y Treasury,4.7000
2006-03-23,USD_10Y Treasury,4.7300
2006-03-24,USD_10Y Treasury,4.6700
2006-03-27,USD_10Y Treasury,4.7000
2006-03-28,USD_10Y Treasury,4.7900
2006-03-29,USD_10Y Treasury,4.8100
2006-03-30,USD_10Y Treasury,4.8600
2006-03-31,USD_10Y Treasury,4.8600
2006-04-03,USD_10Y Treasury,4.8800
2006-04-04,USD_10Y Treasury,4.8700
2006-04-05,USD_10Y Treasury,4.8400
2006-04-06,USD_10Y Treasury,4.9000
2006-04-07,USD_10Y Treasury,4.9700
2006-04-10,USD_10Y Treasury,4.9700
2006-04-11,USD_10Y Treasury,4.9300
2006-04-12,USD_10Y Treasury,4.9800
2006-04-13,USD_10Y Treasury,5.0500
2006-04-17,USD_10Y Treasury,5.0100
2006-04-18,USD_10Y Treasury,4.9900
2006-04-19,USD_10Y Treasury,5.0400
2006-04-20,USD_10Y Treasury,5.0400
2006-04-21,USD_10Y Treasury,5.0100
2006-04-24,USD_10Y Treasury,4.9900
2006-04-25,USD_10Y Treasury,5.0700
2006-04-26,USD_10Y Treasury,5.1200
2006-04-27,USD_10Y Treasury,5.0900
2006-04-28,USD_10Y Treasury,5.0700
2006-05-01,USD_10Y Treasury,5.1400
2006-05-02,USD_10Y Treasury,5.1200
2006-05-03,USD_10Y Treasury,5.1500
2006-05-04,USD_10Y Treasury,5.1600
2006-05-05,USD_10Y Treasury,5.1200
2006-05-08,USD_10Y Treasury,5.1200
2006-05-09,USD_10Y Treasury,5.1300
2006-05-10,USD_10Y Treasury,5.1300
2006-05-11,USD_10Y Treasury,5.1400
2006-05-12,USD_10Y Treasury,5.1900
2006-05-15,USD_10Y Treasury,5.1500
2006-05-16,USD_10Y Treasury,5.1000
2006-05-17,USD_10Y Treasury,5.1600
2006-05-18,USD_10Y Treasury,5.0800
2006-05-19,USD_10Y Treasury,5.0500
2006-05-22,USD_10Y Treasury,5.0400
2006-05-23,USD_10Y Treasury,5.0700
2006-05-24,USD_10Y Treasury,5.0300
2006-05-25,USD_10Y Treasury,5.0700
2006-05-26,USD_10Y Treasury,5.0600
2006-05-30,USD_10Y Treasury,5.0900
2006-05-31,USD_10Y Treasury,5.1200
2006-06-01,USD_10Y Treasury,5.1100
2006-06-02,USD_10Y Treasury,5.0000
2006-06-05,USD_10Y Treasury,5.0200
2006-06-06,USD_10Y Treasury,5.0100
2006-06-07,USD_10Y Treasury,5.0200
2006-06-08,USD_10Y Treasury,5.0000
2006-06-09,USD_10Y Treasury,4.9800
2006-06-12,USD_10Y Treasury,4.9900
2006-06-13,USD_10Y Treasury,4.9700
2006-06-14,USD_10Y Treasury,5.0500
2006-06-15,USD_10Y Treasury,5.1000
2006-06-16,USD_10Y Treasury,5.1300
2006-06-19,USD_10Y Treasury,5.1400
2006-06-20,USD_10Y Treasury,5.1500
2006-06-21,USD_10Y Treasury,5.1600
2006-06-22,USD_10Y Treasury,5.2000
2006-06-23,USD_10Y Treasury,5.2300
2006-06-26,USD_10Y Treasury,5.2500
2006-06-27,USD_10Y Treasury,5.2100
2006-06-28,USD_10Y Treasury,5.2500
2006-06-29,USD_10Y Treasury,5.2200
2006-06-30,USD_10Y Treasury,5.1500
2006-07-03,USD_10Y Treasury,5.1500
2006-07-05,USD_10Y Treasury,5.2300
2006-07-06,USD_10Y Treasury,5.1900
2006-07-07,USD_10Y Treasury,5.1400
2006-07-10,USD_10Y Treasury,5.1300
2006-07-11,USD_10Y Treasury,5.1000
2006-07-12,USD_10Y Treasury,5.1000
2006-07-13,USD_10Y Treasury,5.0800
2006-07-14,USD_10Y Treasury,5.0700
2006-07-17,USD_10Y Treasury,5.0700
2006-07-18,USD_10Y Treasury,5.1300
2006-07-19,USD_10Y Treasury,5.0600
2006-07-20,USD_10Y Treasury,5.0300
2006-07-21,USD_10Y Treasury,5.0500
2006-07-24,USD_10Y Treasury,5.0500
2006-07-25,USD_10Y Treasury,5.0700
2006-07-26,USD_10Y Treasury,5.0400
2006-07-27,USD_10Y Treasury,5.0700
2006-07-28,USD_10Y Treasury,5.0000
2006-07-31,USD_10Y Treasury,4.9900
2006-08-01,USD_10Y Treasury,4.9900
2006-08-02,USD_10Y Treasury,4.9600
2006-08-03,USD_10Y Treasury,4.9600
2006-08-04,USD_10Y Treasury,4.9100
2006-08-07,USD_10Y Treasury,4.9300
2006-08-08,USD_10Y Treasury,4.9300
2006-08-09,USD_10Y Treasury,4.9200
2006-08-10,USD_10Y Treasury,4.9300
2006-08-11,USD_10Y Treasury,4.9700
2006-08-14,USD_10Y Treasury,5.0000
2006-08-15,USD_10Y Treasury,4.9300
2006-08-16,USD_10Y Treasury,4.8700
2006-08-17,USD_10Y Treasury,4.8700
2006-08-18,USD_10Y Treasury,4.8400
2006-08-21,USD_10Y Treasury,4.8200
2006-08-22,USD_10Y Treasury,4.8200
2006-08-23,USD_10Y Treasury,4.8200
2006-08-24,USD_10Y Treasury,4.8100
2006-08-25,USD_10Y Treasury,4.7900
2006-08-28,USD_10Y Treasury,4.8000
2006-08-29,USD_10Y Treasury,4.7900
2006-08-30,USD_10Y Treasury,4.7600
2006-08-31,USD_10Y Treasury,4.7400
2006-09-01,USD_10Y Treasury,4.7300
2006-09-05,USD_10Y Treasury,4.7800
2006-09-06,USD_10Y Treasury,4.8000
2006-09-07,USD_10Y Treasury,4.8000
2006-09-08,USD_10Y Treasury,4.7800
2006-09-11,USD_10Y Treasury,4.8000
2006-09-12,USD_10Y Treasury,4.7800
2006-09-13,USD_10Y Treasury,4.7700
2006-09-14,USD_10Y Treasury,4.7900
2006-09-15,USD_10Y Treasury,4.8000
2006-09-18,USD_10Y Treasury,4.8100
2006-09-19,USD_10Y Treasury,4.7400
2006-09-20,USD_10Y Treasury,4.7300
2006-09-21,USD_10Y Treasury,4.6500
2006-09-22,USD_10Y Treasury,4.6000
2006-09-25,USD_10Y Treasury,4.5600
2006-09-26,USD_10Y Treasury,4.5900
2006-09-27,USD_10Y Treasury,4.6000
2006-09-28,USD_10Y Treasury,4.6300
2006-09-29,USD_10Y Treasury,4.6400
2006-10-02,USD_10Y Treasury,4.6200
2006-10-03,USD_10Y Treasury,4.6200
2006-10-04,USD_10Y Treasury,4.5700
2006-10-05,USD_10Y Treasury,4.6100
2006-10-06,USD_10Y Treasury,4.7000
2006-10-10,USD_10Y Treasury,4.7500
2006-10-11,USD_10Y Treasury,4.7800
2006-10-12,USD_10Y Treasury,4.7900
2006-10-13,USD_10Y Treasury,4.8100
2006-10-16,USD_10Y Treasury,4.7900
2006-10-17,USD_10Y Treasury,4.7800
2006-10-18,USD_10Y Treasury,4.7700
2006-10-19,USD_10Y Treasury,4.7900
2006-10-20,USD_10Y Treasury,4.7900
2006-10-23,USD_10Y Treasury,4.8300
2006-10-24,USD_10Y Treasury,4.8300
2006-10-25,USD_10Y Treasury,4.7800
2006-10-26,USD_10Y Treasury,4.7300
2006-10-27,USD_10Y Treasury,4.6800
2006-10-30,USD_10Y Treasury,4.6800
2006-10-31,USD_10Y Treasury,4.6100
2006-11-01,USD_10Y Treasury,4.5700
2006-11-02,USD_10Y Treasury,4.6000
2006-11-03,USD_10Y Treasury,4.7200
2006-11-06,USD_10Y Treasury,4.7100
2006-11-07,USD_10Y Treasury,4.6600
2006-11-08,USD_10Y Treasury,4.6400
2006-11-09,USD_10Y Treasury,4.6200
2006-11-10,USD_10Y Treasury,4.5900
2006-11-13,USD_10Y Treasury,4.6100
2006-11-14,USD_10Y Treasury,4.5700
2006-11-15,USD_10Y Treasury,4.6100
2006-11-16,USD_10Y Treasury,4.6600
2006-11-17,USD_10Y Treasury,4.6100
2006-11-20,USD_10Y Treasury,4.6000
2006-11-21,USD_10Y Treasury,4.5800
2006-11-22,USD_10Y Treasury,4.5700
2006-11-24,USD_10Y Treasury,4.5500
2006-11-27,USD_10Y Treasury,4.5400
2006-11-28,USD_10Y Treasury,4.5100
2006-11-29,USD_10Y Treasury,4.5200
2006-11-30,USD_10Y Treasury,4.4600
2006-12-01,USD_10Y Treasury,4.4300
2006-12-04,USD_10Y Treasury,4.4300
2006-12-05,USD_10Y Treasury,4.4500
2006-12-06,USD_10Y Treasury,4.4800
2006-12-07,USD_10Y Treasury,4.4900
2006-12-08,USD_10Y Treasury,4.5600
2006-12-11,USD_10Y Treasury,4.5200
2006-12-12,USD_10Y Treasury,4.4900
2006-12-13,USD_10Y Treasury,4.5800
2006-12-14,USD_10Y Treasury,4.6000
2006-12-15,USD_10Y Treasury,4.6000
2006-12-18,USD_10Y Treasury,4.6000
2006-12-19,USD_10Y Treasury,4.6000
2006-12-20,USD_10Y Treasury,4.6000
2006-12-21,USD_10Y Treasury,4.5500
2006-12-22,USD_10Y Treasury,4.6300
2006-12-26,USD_10Y Treasury,4.6100
2006-12-27,USD_10Y Treasury,4.6600
2006-12-28,USD_10Y Treasury,4.7000
2006-12-29,USD_10Y Treasury,4.7100
2007-01-02,USD_10Y Treasury,4.6800
2007-01-03,USD_10Y Treasury,4.6700
2007-01-04,USD_10Y Treasury,4.6200
2007-01-05,USD_10Y Treasury,4.6500
2007-01-08,USD_10Y Treasury,4.6600
2007-01-09,USD_10Y Treasury,4.6600
2007-01-10,USD_10Y Treasury,4.6900
2007-01-11,USD_10Y Treasury,4.7400
2007-01-12,USD_10Y Treasury,4.7700
2007-01-16,USD_10Y Treasury,4.7500
2007-01-17,USD_10Y Treasury,4.7900
2007-01-18,USD_10Y Treasury,4.7500
2007-01-19,USD_10Y Treasury,4.7800
2007-01-22,USD_10Y Treasury,4.7600
2007-01-23,USD_10Y Treasury,4.8100
2007-01-24,USD_10Y Treasury,4.8100
2007-01-25,USD_10Y Treasury,4.8700
2007-01-26,USD_10Y Treasury,4.8800
2007-01-29,USD_10Y Treasury,4.9000
2007-01-30,USD_10Y Treasury,4.8800
2007-01-31,USD_10Y Treasury,4.8300
2007-02-01,USD_10Y Treasury,4.8400
2007-02-02,USD_10Y Treasury,4.8300
2007-02-05,USD_10Y Treasury,4.8100
2007-02-06,USD_10Y Treasury,4.7700
2007-02-07,USD_10Y Treasury,4.7400
2007-02-08,USD_10Y Treasury,4.7300
2007-02-09,USD_10Y Treasury,4.7900
2007-02-12,USD_10Y Treasury,4.8000
2007-02-13,USD_10Y Treasury,4.8200
2007-02-14,USD_10Y Treasury,4.7400
2007-02-15,USD_10Y Treasury,4.7000
2007-02-16,USD_10Y Treasury,4.6900
2007-02-20,USD_10Y Treasury,4.6800
2007-02-21,USD_10Y Treasury,4.6900
2007-02-22,USD_10Y Treasury,4.7300
2007-02-23,USD_10Y Treasury,4.6800
2007-02-26,USD_10Y Treasury,4.6300
2007-02-27,USD_10Y Treasury,4.5000
2007-02-28,USD_10Y Treasury,4.5600
2007-03-01,USD_10Y Treasury,4.5600
2007-03-02,USD_10Y Treasury,4.5200
2007-03-05,USD_10Y Treasury,4.5100
2007-03-06,USD_10Y Treasury,4.5300
2007-03-07,USD_10Y Treasury,4.5000
2007-03-08,USD_10Y Treasury,4.5100
2007-03-09,USD_10Y Treasury,4.5900
2007-03-12,USD_10Y Treasury,4.5600
2007-03-13,USD_10Y Treasury,4.5000
2007-03-14,USD_10Y Treasury,4.5300
2007-03-15,USD_10Y Treasury,4.5400
2007-03-16,USD_10Y Treasury,4.5500
2007-03-19,USD_10Y Treasury,4.5800
2007-03-20,USD_10Y Treasury,4.5600
2007-03-21,USD_10Y Treasury,4.5300
2007-03-22,USD_10Y Treasury,4.6000
2007-03-23,USD_10Y Treasury,4.6200
2007-03-26,USD_10Y Treasury,4.6000
2007-03-27,USD_10Y Treasury,4.6200
2007-03-28,USD_10Y Treasury,4.6200
2007-03-29,USD_10Y Treasury,4.6400
2007-03-30,USD_10Y Treasury,4.6500
2007-04-02,USD_10Y Treasury,4.6500
2007-04-03,USD_10Y Treasury,4.6700
2007-04-04,USD_10Y Treasury,4.6600
2007-04-05,USD_10Y Treasury,4.6800
2007-04-06,USD_10Y Treasury,4.7600
2007-04-09,USD_10Y Treasury,4.7500
2007-04-10,USD_10Y Treasury,4.7300
2007-04-11,USD_10Y Treasury,4.7400
2007-04-12,USD_10Y Treasury,4.7400
2007-04-13,USD_10Y Treasury,4.7600
2007-04-16,USD_10Y Treasury,4.7400
2007-04-17,USD_10Y Treasury,4.6900
2007-04-18,USD_10Y Treasury,4.6600
2007-04-19,USD_10Y Treasury,4.6800
2007-04-20,USD_10Y Treasury,4.6800
2007-04-23,USD_10Y Treasury,4.6600
2007-04-24,USD_10Y Treasury,4.6300
2007-04-25,USD_10Y Treasury,4.6600
2007-04-26,USD_10Y Treasury,4.6900
2007-04-27,USD_10Y Treasury,4.7100
2007-04-30,USD_10Y Treasury,4.6300
2007-05-01,USD_10Y Treasury,4.6400
2007-05-02,USD_10Y Treasury,4.6500
2007-05-03,USD_10Y Treasury,4.6800
2007-05-04,USD_10Y Treasury,4.6500
2007-05-07,USD_10Y Treasury,4.6400
2007-05-08,USD_10Y Treasury,4.6300
2007-05-09,USD_10Y Treasury,4.6700
2007-05-10,USD_10Y Treasury,4.6500
2007-05-11,USD_10Y Treasury,4.6700
2007-05-14,USD_10Y Treasury,4.6900
2007-05-15,USD_10Y Treasury,4.7100
2007-05-16,USD_10Y Treasury,4.7100
2007-05-17,USD_10Y Treasury,4.7600
2007-05-18,USD_10Y Treasury,4.8100
2007-05-21,USD_10Y Treasury,4.7900
2007-05-22,USD_10Y Treasury,4.8300
2007-05-23,USD_10Y Treasury,4.8600
2007-05-24,USD_10Y Treasury,4.8600
2007-05-25,USD_10Y Treasury,4.8600
2007-05-29,USD_10Y Treasury,4.8800
2007-05-30,USD_10Y Treasury,4.8800
2007-05-31,USD_10Y Treasury,4.9000
2007-06-01,USD_10Y Treasury,4.9500
2007-06-04,USD_10Y Treasury,4.9300
2007-06-05,USD_10Y Treasury,4.9800
2007-06-06,USD_10Y Treasury,4.9700
2007-06-07,USD_10Y Treasury,5.1100
2007-06-08,USD_10Y Treasury,5.1200
2007-06-11,USD_10Y Treasury,5.1400
2007-06-12,USD_10Y Treasury,5.2600
2007-06-13,USD_10Y Treasury,5.2000
2007-06-14,USD_10Y Treasury,5.2300
2007-06-15,USD_10Y Treasury,5.1600
2007-06-18,USD_10Y Treasury,5.1500
2007-06-19,USD_10Y Treasury,5.0900
2007-06-20,USD_10Y Treasury,5.1400
2007-06-21,USD_10Y Treasury,5.1600
2007-06-22,USD_10Y Treasury,5.1400
2007-06-25,USD_10Y Treasury,5.0900
2007-06-26,USD_10Y Treasury,5.1000
2007-06-27,USD_10Y Treasury,5.0900
2007-06-28,USD_10Y Treasury,5.1200
2007-06-29,USD_10Y Treasury,5.0300
2007-07-02,USD_10Y Treasury,5.0000
2007-07-03,USD_10Y Treasury,5.0500
2007-07-05,USD_10Y Treasury,5.1600
2007-07-06,USD_10Y Treasury,5.1900
2007-07-09,USD_10Y Treasury,5.1600
2007-07-10,USD_10Y Treasury,5.0300
2007-07-11,USD_10Y Treasury,5.0900
2007-07-12,USD_10Y Treasury,5.1300
2007-07-13,USD_10Y Treasury,5.1100
2007-07-16,USD_10Y Treasury,5.0500
2007-07-17,USD_10Y Treasury,5.0800
2007-07-18,USD_10Y Treasury,5.0200
2007-07-19,USD_10Y Treasury,5.0400
2007-07-20,USD_10Y Treasury,4.9600
2007-07-23,USD_10Y Treasury,4.9700
2007-07-24,USD_10Y Treasury,4.9400
2007-07-25,USD_10Y Treasury,4.9200
2007-07-26,USD_10Y Treasury,4.7900
2007-07-27,USD_10Y Treasury,4.8000
2007-07-30,USD_10Y Treasury,4.8200
2007-07-31,USD_10Y Treasury,4.7800
2007-08-01,USD_10Y Treasury,4.7600
2007-08-02,USD_10Y Treasury,4.7700
2007-08-03,USD_10Y Treasury,4.7100
2007-08-06,USD_10Y Treasury,4.7200
2007-08-07,USD_10Y Treasury,4.7700
2007-08-08,USD_10Y Treasury,4.8400
2007-08-09,USD_10Y Treasury,4.7900
2007-08-10,USD_10Y Treasury,4.8100
2007-08-13,USD_10Y Treasury,4.7800
2007-08-14,USD_10Y Treasury,4.7300
2007-08-15,USD_10Y Treasury,4.6900
2007-08-16,USD_10Y Treasury,4.6000
2007-08-17,USD_10Y Treasury,4.6800
2007-08-20,USD_10Y Treasury,4.6400
2007-08-21,USD_10Y Treasury,4.6000
2007-08-22,USD_10Y Treasury,4.6300
2007-08-23,USD_10Y Treasury,4.6200
2007-08-24,USD_10Y Treasury,4.6300
2007-08-27,USD_10Y Treasury,4.6000
2007-08-28,USD_10Y Treasury,4.5300
2007-08-29,USD_10Y Treasury,4.5700
2007-08-30,USD_10Y Treasury,4.5100
2007-08-31,USD_10Y Treasury,4.5400
2007-09-04,USD_10Y Treasury,4.5600
2007-09-05,USD_10Y Treasury,4.4800
2007-09-06,USD_10Y Treasury,4.5100
2007-09-07,USD_10Y Treasury,4.3800
2007-09-10,USD_10Y Treasury,4.3400
2007-09-11,USD_10Y Treasury,4.3700
2007-09-12,USD_10Y Treasury,4.4100
2007-09-13,USD_10Y Treasury,4.4900
2007-09-14,USD_10Y Treasury,4.4700
2007-09-17,USD_10Y Treasury,4.4800
2007-09-18,USD_10Y Treasury,4.5000
2007-09-19,USD_10Y Treasury,4.5300
2007-09-20,USD_10Y Treasury,4.6900
2007-09-21,USD_10Y Treasury,4.6400
2007-09-24,USD_10Y Treasury,4.6300
2007-09-25,USD_10Y Treasury,4.6300
2007-09-26,USD_10Y Treasury,4.6300
2007-09-27,USD_10Y Treasury,4.5800
2007-09-28,USD_10Y Treasury,4.5900
2007-10-01,USD_10Y Treasury,4.5600
2007-10-02,USD_10Y Treasury,4.5400
2007-10-03,USD_10Y Treasury,4.5500
2007-10-04,USD_10Y Treasury,4.5400
2007-10-05,USD_10Y Treasury,4.6500
2007-10-09,USD_10Y Treasury,4.6700
2007-10-10,USD_10Y Treasury,4.6500
2007-10-11,USD_10Y Treasury,4.6600
2007-10-12,USD_10Y Treasury,4.7000
2007-10-15,USD_10Y Treasury,4.6900
2007-10-16,USD_10Y Treasury,4.6600
2007-10-17,USD_10Y Treasury,4.5700
2007-10-18,USD_10Y Treasury,4.5200
2007-10-19,USD_10Y Treasury,4.4100
2007-10-22,USD_10Y Treasury,4.4200
2007-10-23,USD_10Y Treasury,4.4100
2007-10-24,USD_10Y Treasury,4.3600
2007-10-25,USD_10Y Treasury,4.3700
2007-10-26,USD_10Y Treasury,4.4100
2007-10-29,USD_10Y Treasury,4.3900
2007-10-30,USD_10Y Treasury,4.4000
2007-10-31,USD_10Y Treasury,4.4800
2007-11-01,USD_10Y Treasury,4.3600
2007-11-02,USD_10Y Treasury,4.3100
2007-11-05,USD_10Y Treasury,4.3500
2007-11-06,USD_10Y Treasury,4.3800
2007-11-07,USD_10Y Treasury,4.3400
2007-11-08,USD_10Y Treasury,4.2800
2007-11-09,USD_10Y Treasury,4.2300
2007-11-13,USD_10Y Treasury,4.2600
2007-11-14,USD_10Y Treasury,4.2800
2007-11-15,USD_10Y Treasury,4.1700
2007-11-16,USD_10Y Treasury,4.1500
2007-11-19,USD_10Y Treasury,4.0700
2007-11-20,USD_10Y Treasury,4.0600
2007-11-21,USD_10Y Treasury,4.0000
2007-11-23,USD_10Y Treasury,4.0100
2007-11-26,USD_10Y Treasury,3.8300
2007-11-27,USD_10Y Treasury,3.9500
2007-11-28,USD_10Y Treasury,4.0300
2007-11-29,USD_10Y Treasury,3.9400
2007-11-30,USD_10Y Treasury,3.9700
2007-12-03,USD_10Y Treasury,3.8900
2007-12-04,USD_10Y Treasury,3.8900
2007-12-05,USD_10Y Treasury,3.9200
2007-12-06,USD_10Y Treasury,4.0200
2007-12-07,USD_10Y Treasury,4.1200
2007-12-10,USD_10Y Treasury,4.1500
2007-12-11,USD_10Y Treasury,3.9800
2007-12-12,USD_10Y Treasury,4.0500
2007-12-13,USD_10Y Treasury,4.1800
2007-12-14,USD_10Y Treasury,4.2400
2007-12-17,USD_10Y Treasury,4.2000
2007-12-18,USD_10Y Treasury,4.1400
2007-12-19,USD_10Y Treasury,4.0600
2007-12-20,USD_10Y Treasury,4.0400
2007-12-21,USD_10Y Treasury,4.1800
2007-12-24,USD_10Y Treasury,4.2300
2007-12-26,USD_10Y Treasury,4.3000
2007-12-27,USD_10Y Treasury,4.2100
2007-12-28,USD_10Y Treasury,4.1100
2007-12-31,USD_10Y Treasury,4.0400
2008-01-02,USD_10Y Treasury,3.9100
2008-01-03,USD_10Y Treasury,3.9100
2008-01-04,USD_10Y Treasury,3.8800
2008-01-07,USD_10Y Treasury,3.8600
2008-01-08,USD_10Y Treasury,3.8600
2008-01-09,USD_10Y Treasury,3.8200
2008-01-10,USD_10Y Treasury,3.9100
2008-01-11,USD_10Y Treasury,3.8200
2008-01-14,USD_10Y Treasury,3.8100
2008-01-15,USD_10Y Treasury,3.7200
2008-01-16,USD_10Y Treasury,3.7400
2008-01-17,USD_10Y Treasury,3.6600
2008-01-18,USD_10Y Treasury,3.6600
2008-01-22,USD_10Y Treasury,3.5200
2008-01-23,USD_10Y Treasury,3.5100
2008-01-24,USD_10Y Treasury,3.6800
2008-01-25,USD_10Y Treasury,3.6100
2008-01-28,USD_10Y Treasury,3.6100
2008-01-29,USD_10Y Treasury,3.6900
2008-01-30,USD_10Y Treasury,3.7800
2008-01-31,USD_10Y Treasury,3.6700
2008-02-01,USD_10Y Treasury,3.6200
2008-02-04,USD_10Y Treasury,3.6800
2008-02-05,USD_10Y Treasury,3.6100
2008-02-06,USD_10Y Treasury,3.6100
2008-02-07,USD_10Y Treasury,3.7400
2008-02-08,USD_10Y Treasury,3.6400
2008-02-11,USD_10Y Treasury,3.6200
2008-02-12,USD_10Y Treasury,3.6600
2008-02-13,USD_10Y Treasury,3.7000
2008-02-14,USD_10Y Treasury,3.8500
2008-02-15,USD_10Y Treasury,3.7600
2008-02-19,USD_10Y Treasury,3.8900
2008-02-20,USD_10Y Treasury,3.9300
2008-02-21,USD_10Y Treasury,3.7700
2008-02-22,USD_10Y Treasury,3.7900
2008-02-25,USD_10Y Treasury,3.9100
2008-02-26,USD_10Y Treasury,3.8800
2008-02-27,USD_10Y Treasury,3.8500
2008-02-28,USD_10Y Treasury,3.7100
2008-02-29,USD_10Y Treasury,3.5300
2008-03-03,USD_10Y Treasury,3.5400
2008-03-04,USD_10Y Treasury,3.6300
2008-03-05,USD_10Y Treasury,3.7000
2008-03-06,USD_10Y Treasury,3.6200
2008-03-07,USD_10Y Treasury,3.5600
2008-03-10,USD_10Y Treasury,3.4600
2008-03-11,USD_10Y Treasury,3.6000
2008-03-12,USD_10Y Treasury,3.4900
2008-03-13,USD_10Y Treasury,3.5600
2008-03-14,USD_10Y Treasury,3.4400
2008-03-17,USD_10Y Treasury,3.3400
2008-03-18,USD_10Y Treasury,3.4800
2008-03-19,USD_10Y Treasury,3.3800
2008-03-20,USD_10Y Treasury,3.3400
2008-03-24,USD_10Y Treasury,3.5600
2008-03-25,USD_10Y Treasury,3.5100
2008-03-26,USD_10Y Treasury,3.5100
2008-03-27,USD_10Y Treasury,3.5600
2008-03-28,USD_10Y Treasury,3.4700
2008-03-31,USD_10Y Treasury,3.4500
2008-04-01,USD_10Y Treasury,3.5700
2008-04-02,USD_10Y Treasury,3.6000
2008-04-03,USD_10Y Treasury,3.6100
2008-04-04,USD_10Y Treasury,3.5000
2008-04-07,USD_10Y Treasury,3.5700
2008-04-08,USD_10Y Treasury,3.5800
2008-04-09,USD_10Y Treasury,3.4900
2008-04-10,USD_10Y Treasury,3.5500
2008-04-11,USD_10Y Treasury,3.4900
2008-04-14,USD_10Y Treasury,3.5300
2008-04-15,USD_10Y Treasury,3.6000
2008-04-16,USD_10Y Treasury,3.7200
2008-04-17,USD_10Y Treasury,3.7500
2008-04-18,USD_10Y Treasury,3.7700
2008-04-21,USD_10Y Treasury,3.7500
2008-04-22,USD_10Y Treasury,3.7400
2008-04-23,USD_10Y Treasury,3.7700
2008-04-24,USD_10Y Treasury,3.8700
2008-04-25,USD_10Y Treasury,3.9100
2008-04-28,USD_10Y Treasury,3.8600
2008-04-29,USD_10Y Treasury,3.8500
2008-04-30,USD_10Y Treasury,3.7700
2008-05-01,USD_10Y Treasury,3.7800
2008-05-02,USD_10Y Treasury,3.8900
2008-05-05,USD_10Y Treasury,3.8800
2008-05-06,USD_10Y Treasury,3.9300
2008-05-07,USD_10Y Treasury,3.8700
2008-05-08,USD_10Y Treasury,3.7900
2008-05-09,USD_10Y Treasury,3.7700
2008-05-12,USD_10Y Treasury,3.7800
2008-05-13,USD_10Y Treasury,3.9000
2008-05-14,USD_10Y Treasury,3.9200
2008-05-15,USD_10Y Treasury,3.8300
2008-05-16,USD_10Y Treasury,3.8500
2008-05-19,USD_10Y Treasury,3.8300
2008-05-20,USD_10Y Treasury,3.7800
2008-05-21,USD_10Y Treasury,3.8100
2008-05-22,USD_10Y Treasury,3.9200
2008-05-23,USD_10Y Treasury,3.8500
2008-05-27,USD_10Y Treasury,3.9300
2008-05-28,USD_10Y Treasury,4.0300
2008-05-29,USD_10Y Treasury,4.0800
2008-05-30,USD_10Y Treasury,4.0600
2008-06-02,USD_10Y Treasury,3.9800
2008-06-03,USD_10Y Treasury,3.9200
2008-06-04,USD_10Y Treasury,3.9800
2008-06-05,USD_10Y Treasury,4.0600
2008-06-06,USD_10Y Treasury,3.9400
2008-06-09,USD_10Y Treasury,4.0200
2008-06-10,USD_10Y Treasury,4.1100
2008-06-11,USD_10Y Treasury,4.1000
2008-06-12,USD_10Y Treasury,4.2300
2008-06-13,USD_10Y Treasury,4.2700
2008-06-16,USD_10Y Treasury,4.2500
2008-06-17,USD_10Y Treasury,4.2300
2008-06-18,USD_10Y Treasury,4.1600
2008-06-19,USD_10Y Treasury,4.2200
2008-06-20,USD_10Y Treasury,4.1600
2008-06-23,USD_10Y Treasury,4.1900
2008-06-24,USD_10Y Treasury,4.1000
2008-06-25,USD_10Y Treasury,4.1200
2008-06-26,USD_10Y Treasury,4.0700
2008-06-27,USD_10Y Treasury,3.9900
2008-06-30,USD_10Y Treasury,3.9900
2008-07-01,USD_10Y Treasury,4.0100
2008-07-02,USD_10Y Treasury,3.9900
2008-07-03,USD_10Y Treasury,3.9900
2008-07-07,USD_10Y Treasury,3.9500
2008-07-08,USD_10Y Treasury,3.9100
2008-07-09,USD_10Y Treasury,3.8500
2008-07-10,USD_10Y Treasury,3.8300
2008-07-11,USD_10Y Treasury,3.9600
2008-07-14,USD_10Y Treasury,3.9000
2008-07-15,USD_10Y Treasury,3.8700
2008-07-16,USD_10Y Treasury,3.9700
2008-07-17,USD_10Y Treasury,4.0700
2008-07-18,USD_10Y Treasury,4.1100
2008-07-21,USD_10Y Treasury,4.0900
2008-07-22,USD_10Y Treasury,4.1400
2008-07-23,USD_10Y Treasury,4.1600
2008-07-24,USD_10Y Treasury,4.0300
2008-07-25,USD_10Y Treasury,4.1300
2008-07-28,USD_10Y Treasury,4.0600
2008-07-29,USD_10Y Treasury,4.0900
2008-07-30,USD_10Y Treasury,4.0700
2008-07-31,USD_10Y Treasury,3.9900
2008-08-01,USD_10Y Treasury,3.9700
2008-08-04,USD_10Y Treasury,3.9800
2008-08-05,USD_10Y Treasury,4.0400
2008-08-06,USD_10Y Treasury,4.0600
2008-08-07,USD_10Y Treasury,3.9200
2008-08-08,USD_10Y Treasury,3.9400
2008-08-11,USD_10Y Treasury,3.9900
2008-08-12,USD_10Y Treasury,3.9100
2008-08-13,USD_10Y Treasury,3.9400
2008-08-14,USD_10Y Treasury,3.8900
2008-08-15,USD_10Y Treasury,3.8400
2008-08-18,USD_10Y Treasury,3.8200
2008-08-19,USD_10Y Treasury,3.8300
2008-08-20,USD_10Y Treasury,3.7900
2008-08-21,USD_10Y Treasury,3.8400
2008-08-22,USD_10Y Treasury,3.8700
2008-08-25,USD_10Y Treasury,3.7900
2008-08-26,USD_10Y Treasury,3.7900
2008-08-27,USD_10Y Treasury,3.7700
2008-08-28,USD_10Y Treasury,3.7900
2008-08-29,USD_10Y Treasury,3.8300
2008-09-02,USD_10Y Treasury,3.7400
2008-09-03,USD_10Y Treasury,3.7100
2008-09-04,USD_10Y Treasury,3.6400
2008-09-05,USD_10Y Treasury,3.6600
2008-09-08,USD_10Y Treasury,3.6600
2008-09-09,USD_10Y Treasury,3.6200
2008-09-10,USD_10Y Treasury,3.6500
2008-09-11,USD_10Y Treasury,3.6400
2008-09-12,USD_10Y Treasury,3.7400
2008-09-15,USD_10Y Treasury,3.4700
2008-09-16,USD_10Y Treasury,3.4800
2008-09-17,USD_10Y Treasury,3.4100
2008-09-18,USD_10Y Treasury,3.5400
2008-09-19,USD_10Y Treasury,3.7800
2008-09-22,USD_10Y Treasury,3.8300
2008-09-23,USD_10Y Treasury,3.8500
2008-09-24,USD_10Y Treasury,3.8000
2008-09-25,USD_10Y Treasury,3.8800
2008-09-26,USD_10Y Treasury,3.8500
2008-09-29,USD_10Y Treasury,3.6100
2008-09-30,USD_10Y Treasury,3.8500
2008-10-01,USD_10Y Treasury,3.7700
2008-10-02,USD_10Y Treasury,3.6600
2008-10-03,USD_10Y Treasury,3.6300
2008-10-06,USD_10Y Treasury,3.4800
2008-10-07,USD_10Y Treasury,3.5000
2008-10-08,USD_10Y Treasury,3.7200
2008-10-09,USD_10Y Treasury,3.8400
2008-10-10,USD_10Y Treasury,3.8900
2008-10-14,USD_10Y Treasury,4.0800
2008-10-15,USD_10Y Treasury,4.0400
2008-10-16,USD_10Y Treasury,3.9900
2008-10-17,USD_10Y Treasury,3.9800
2008-10-20,USD_10Y Treasury,3.9100
2008-10-21,USD_10Y Treasury,3.7600
2008-10-22,USD_10Y Treasury,3.6500
2008-10-23,USD_10Y Treasury,3.6300
2008-10-24,USD_10Y Treasury,3.7600
2008-10-27,USD_10Y Treasury,3.7900
2008-10-28,USD_10Y Treasury,3.8900
2008-10-29,USD_10Y Treasury,3.9300
2008-10-30,USD_10Y Treasury,4.0000
2008-10-31,USD_10Y Treasury,4.0100
2008-11-03,USD_10Y Treasury,3.9600
2008-11-04,USD_10Y Treasury,3.8100
2008-11-05,USD_10Y Treasury,3.7300
2008-11-06,USD_10Y Treasury,3.7500
2008-11-07,USD_10Y Treasury,3.8300
2008-11-10,USD_10Y Treasury,3.8200
2008-11-12,USD_10Y Treasury,3.7500
2008-11-13,USD_10Y Treasury,3.8400
2008-11-14,USD_10Y Treasury,3.7200
2008-11-17,USD_10Y Treasury,3.6800
2008-11-18,USD_10Y Treasury,3.5300
2008-11-19,USD_10Y Treasury,3.3800
2008-11-20,USD_10Y Treasury,3.1000
2008-11-21,USD_10Y Treasury,3.2000
2008-11-24,USD_10Y Treasury,3.3500
2008-11-25,USD_10Y Treasury,3.1100
2008-11-26,USD_10Y Treasury,2.9900
2008-11-28,USD_10Y Treasury,2.9300
2008-12-01,USD_10Y Treasury,2.7200
2008-12-02,USD_10Y Treasury,2.6800
2008-12-03,USD_10Y Treasury,2.6700
2008-12-04,USD_10Y Treasury,2.5500
2008-12-05,USD_10Y Treasury,2.6700
2008-12-08,USD_10Y Treasury,2.7700
2008-12-09,USD_10Y Treasury,2.6700
2008-12-10,USD_10Y Treasury,2.6900
2008-12-11,USD_10Y Treasury,2.6400
2008-12-12,USD_10Y Treasury,2.6000
2008-12-15,USD_10Y Treasury,2.5300
2008-12-16,USD_10Y Treasury,2.3700
2008-12-17,USD_10Y Treasury,2.2000
2008-12-18,USD_10Y Treasury,2.0800
2008-12-19,USD_10Y Treasury,2.1300
2008-12-22,USD_10Y Treasury,2.1600
2008-12-23,USD_10Y Treasury,2.1800
2008-12-24,USD_10Y Treasury,2.2000
2008-12-26,USD_10Y Treasury,2.1600
2008-12-29,USD_10Y Treasury,2.1300
2008-12-30,USD_10Y Treasury,2.1100
2008-12-31,USD_10Y Treasury,2.2500
2009-01-02,USD_10Y Treasury,2.4600
2009-01-05,USD_10Y Treasury,2.4900
2009-01-06,USD_10Y Treasury,2.5100
2009-01-07,USD_10Y Treasury,2.5200
2009-01-08,USD_10Y Treasury,2.4700
2009-01-09,USD_10Y Treasury,2.4300
2009-01-12,USD_10Y Treasury,2.3400
2009-01-13,USD_10Y Treasury,2.3300
2009-01-14,USD_10Y Treasury,2.2400
2009-01-15,USD_10Y Treasury,2.2300
2009-01-16,USD_10Y Treasury,2.3600
2009-01-20,USD_10Y Treasury,2.4000
2009-01-21,USD_10Y Treasury,2.5600
2009-01-22,USD_10Y Treasury,2.6200
2009-01-23,USD_10Y Treasury,2.6500
2009-01-26,USD_10Y Treasury,2.7000
2009-01-27,USD_10Y Treasury,2.5900
2009-01-28,USD_10Y Treasury,2.7100
2009-01-29,USD_10Y Treasury,2.8700
2009-01-30,USD_10Y Treasury,2.8700
2009-02-02,USD_10Y Treasury,2.7600
2009-02-03,USD_10Y Treasury,2.8900
2009-02-04,USD_10Y Treasury,2.9500
2009-02-05,USD_10Y Treasury,2.9500
2009-02-06,USD_10Y Treasury,3.0500
2009-02-09,USD_10Y Treasury,3.0700
2009-02-10,USD_10Y Treasury,2.9000
2009-02-11,USD_10Y Treasury,2.7800
2009-02-12,USD_10Y Treasury,2.7500
2009-02-13,USD_10Y Treasury,2.8900
2009-02-17,USD_10Y Treasury,2.6400
2009-02-18,USD_10Y Treasury,2.7400
2009-02-19,USD_10Y Treasury,2.8500
2009-02-20,USD_10Y Treasury,2.7800
2009-02-23,USD_10Y Treasury,2.7800
2009-02-24,USD_10Y Treasury,2.8000
2009-02-25,USD_10Y Treasury,2.9500
2009-02-26,USD_10Y Treasury,2.9800
2009-02-27,USD_10Y Treasury,3.0200
2009-03-02,USD_10Y Treasury,2.9100
2009-03-03,USD_10Y Treasury,2.9300
2009-03-04,USD_10Y Treasury,3.0100
2009-03-05,USD_10Y Treasury,2.8300
2009-03-06,USD_10Y Treasury,2.8300
2009-03-09,USD_10Y Treasury,2.8900
2009-03-10,USD_10Y Treasury,2.9900
2009-03-11,USD_10Y Treasury,2.9500
2009-03-12,USD_10Y Treasury,2.8900
2009-03-13,USD_10Y Treasury,2.8900
2009-03-16,USD_10Y Treasury,2.9700
2009-03-17,USD_10Y Treasury,3.0200
2009-03-18,USD_10Y Treasury,2.5100
2009-03-19,USD_10Y Treasury,2.6100
2009-03-20,USD_10Y Treasury,2.6500
2009-03-23,USD_10Y Treasury,2.6800
2009-03-24,USD_10Y Treasury,2.6800
2009-03-25,USD_10Y Treasury,2.8100
2009-03-26,USD_10Y Treasury,2.7600
2009-03-27,USD_10Y Treasury,2.7800
2009-03-30,USD_10Y Treasury,2.7300
2009-03-31,USD_10Y Treasury,2.7100
2009-04-01,USD_10Y Treasury,2.6800
2009-04-02,USD_10Y Treasury,2.7700
2009-04-03,USD_10Y Treasury,2.9100
2009-04-06,USD_10Y Treasury,2.9500
2009-04-07,USD_10Y Treasury,2.9300
2009-04-08,USD_10Y Treasury,2.8600
2009-04-09,USD_10Y Treasury,2.9600
2009-04-13,USD_10Y Treasury,2.8800
2009-04-14,USD_10Y Treasury,2.8000
2009-04-15,USD_10Y Treasury,2.8200
2009-04-16,USD_10Y Treasury,2.8600
2009-04-17,USD_10Y Treasury,2.9800
2009-04-20,USD_10Y Treasury,2.8800
2009-04-21,USD_10Y Treasury,2.9400
2009-04-22,USD_10Y Treasury,2.9800
2009-04-23,USD_10Y Treasury,2.9600
2009-04-24,USD_10Y Treasury,3.0300
2009-04-27,USD_10Y Treasury,2.9500
2009-04-28,USD_10Y Treasury,3.0500
2009-04-29,USD_10Y Treasury,3.1200
2009-04-30,USD_10Y Treasury,3.1600
2009-05-01,USD_10Y Treasury,3.2100
2009-05-04,USD_10Y Treasury,3.1900
2009-05-05,USD_10Y Treasury,3.2000
2009-05-06,USD_10Y Treasury,3.1800
2009-05-07,USD_10Y Treasury,3.2900
2009-05-08,USD_10Y Treasury,3.2900
2009-05-11,USD_10Y Treasury,3.1700
2009-05-12,USD_10Y Treasury,3.1700
2009-05-13,USD_10Y Treasury,3.1100
2009-05-14,USD_10Y Treasury,3.1000
2009-05-15,USD_10Y Treasury,3.1400
2009-05-18,USD_10Y Treasury,3.2200
2009-05-19,USD_10Y Treasury,3.2500
2009-05-20,USD_10Y Treasury,3.1900
2009-05-21,USD_10Y Treasury,3.3500
2009-05-22,USD_10Y Treasury,3.4500
2009-05-26,USD_10Y Treasury,3.5000
2009-05-27,USD_10Y Treasury,3.7100
2009-05-28,USD_10Y Treasury,3.6700
2009-05-29,USD_10Y Treasury,3.4700
2009-06-01,USD_10Y Treasury,3.7100
2009-06-02,USD_10Y Treasury,3.6500
2009-06-03,USD_10Y Treasury,3.5600
2009-06-04,USD_10Y Treasury,3.7200
2009-06-05,USD_10Y Treasury,3.8400
2009-06-08,USD_10Y Treasury,3.9100
2009-06-09,USD_10Y Treasury,3.8600
2009-06-10,USD_10Y Treasury,3.9800
2009-06-11,USD_10Y Treasury,3.8800
2009-06-12,USD_10Y Treasury,3.8100
2009-06-15,USD_10Y Treasury,3.7600
2009-06-16,USD_10Y Treasury,3.6700
2009-06-17,USD_10Y Treasury,3.6800
2009-06-18,USD_10Y Treasury,3.8600
2009-06-19,USD_10Y Treasury,3.7900
2009-06-22,USD_10Y Treasury,3.7200
2009-06-23,USD_10Y Treasury,3.6500
2009-06-24,USD_10Y Treasury,3.7200
2009-06-25,USD_10Y Treasury,3.5500
2009-06-26,USD_10Y Treasury,3.5200
2009-06-29,USD_10Y Treasury,3.5100
2009-06-30,USD_10Y Treasury,3.5300
2009-07-01,USD_10Y Treasury,3.5500
2009-07-02,USD_10Y Treasury,3.5100
2009-07-06,USD_10Y Treasury,3.5200
2009-07-07,USD_10Y Treasury,3.4700
2009-07-08,USD_10Y Treasury,3.3300
2009-07-09,USD_10Y Treasury,3.4400
2009-07-10,USD_10Y Treasury,3.3200
2009-07-13,USD_10Y Treasury,3.3800
2009-07-14,USD_10Y Treasury,3.5000
2009-07-15,USD_10Y Treasury,3.6300
2009-07-16,USD_10Y Treasury,3.5900
2009-07-17,USD_10Y Treasury,3.6700
2009-07-20,USD_10Y Treasury,3.6100
2009-07-21,USD_10Y Treasury,3.5000
2009-07-22,USD_10Y Treasury,3.5800
2009-07-23,USD_10Y Treasury,3.7200
2009-07-24,USD_10Y Treasury,3.7000
2009-07-27,USD_10Y Treasury,3.7500
2009-07-28,USD_10Y Treasury,3.7200
2009-07-29,USD_10Y Treasury,3.6900
2009-07-30,USD_10Y Treasury,3.6700
2009-07-31,USD_10Y Treasury,3.5200
2009-08-03,USD_10Y Treasury,3.6600
2009-08-04,USD_10Y Treasury,3.7000
2009-08-05,USD_10Y Treasury,3.8000
2009-08-06,USD_10Y Treasury,3.7900
2009-08-07,USD_10Y Treasury,3.8900
2009-08-10,USD_10Y Treasury,3.8000
2009-08-11,USD_10Y Treasury,3.7100
2009-08-12,USD_10Y Treasury,3.7200
2009-08-13,USD_10Y Treasury,3.5900
2009-08-14,USD_10Y Treasury,3.5500
2009-08-17,USD_10Y Treasury,3.4800
2009-08-18,USD_10Y Treasury,3.5100
2009-08-19,USD_10Y Treasury,3.4500
2009-08-20,USD_10Y Treasury,3.4200
2009-08-21,USD_10Y Treasury,3.5600
2009-08-24,USD_10Y Treasury,3.4800
2009-08-25,USD_10Y Treasury,3.4500
2009-08-26,USD_10Y Treasury,3.4400
2009-08-27,USD_10Y Treasury,3.4700
2009-08-28,USD_10Y Treasury,3.4600
2009-08-31,USD_10Y Treasury,3.4000
2009-09-01,USD_10Y Treasury,3.3800
2009-09-02,USD_10Y Treasury,3.2900
2009-09-03,USD_10Y Treasury,3.3300
2009-09-04,USD_10Y Treasury,3.4500
2009-09-08,USD_10Y Treasury,3.4700
2009-09-09,USD_10Y Treasury,3.4800
2009-09-10,USD_10Y Treasury,3.3600
2009-09-11,USD_10Y Treasury,3.3400
2009-09-14,USD_10Y Treasury,3.4200
2009-09-15,USD_10Y Treasury,3.4700
2009-09-16,USD_10Y Treasury,3.4800
2009-09-17,USD_10Y Treasury,3.4200
2009-09-18,USD_10Y Treasury,3.4900
2009-09-21,USD_10Y Treasury,3.4900
2009-09-22,USD_10Y Treasury,3.4600
2009-09-23,USD_10Y Treasury,3.4400
2009-09-24,USD_10Y Treasury,3.4000
2009-09-25,USD_10Y Treasury,3.3400
2009-09-28,USD_10Y Treasury,3.3100
2009-09-29,USD_10Y Treasury,3.3100
2009-09-30,USD_10Y Treasury,3.3100
2009-10-01,USD_10Y Treasury,3.2100
2009-10-02,USD_10Y Treasury,3.2400
2009-10-05,USD_10Y Treasury,3.2400
2009-10-06,USD_10Y Treasury,3.2700
2009-10-07,USD_10Y Treasury,3.2100
2009-10-08,USD_10Y Treasury,3.2700
2009-10-09,USD_10Y Treasury,3.4000
2009-10-13,USD_10Y Treasury,3.3400
2009-10-14,USD_10Y Treasury,3.4500
2009-10-15,USD_10Y Treasury,3.4900
2009-10-16,USD_10Y Treasury,3.4300
2009-10-19,USD_10Y Treasury,3.4100
2009-10-20,USD_10Y Treasury,3.3500
2009-10-21,USD_10Y Treasury,3.4200
2009-10-22,USD_10Y Treasury,3.4400
2009-10-23,USD_10Y Treasury,3.5100
2009-10-26,USD_10Y Treasury,3.5900
2009-10-27,USD_10Y Treasury,3.4900
2009-10-28,USD_10Y Treasury,3.4400
2009-10-29,USD_10Y Treasury,3.5300
2009-10-30,USD_10Y Treasury,3.4100
2009-11-02,USD_10Y Treasury,3.4500
2009-11-03,USD_10Y Treasury,3.5000
2009-11-04,USD_10Y Treasury,3.5700
2009-11-05,USD_10Y Treasury,3.5700
2009-11-06,USD_10Y Treasury,3.5400
2009-11-09,USD_10Y Treasury,3.5200
2009-11-10,USD_10Y Treasury,3.5000
2009-11-12,USD_10Y Treasury,3.4500
2009-11-13,USD_10Y Treasury,3.4300
2009-11-16,USD_10Y Treasury,3.3300
2009-11-17,USD_10Y Treasury,3.3300
2009-11-18,USD_10Y Treasury,3.3600
2009-11-19,USD_10Y Treasury,3.3500
2009-11-20,USD_10Y Treasury,3.3600
2009-11-23,USD_10Y Treasury,3.3700
2009-11-24,USD_10Y Treasury,3.3200
2009-11-25,USD_10Y Treasury,3.2800
2009-11-27,USD_10Y Treasury,3.2100
2009-11-30,USD_10Y Treasury,3.2100
2009-12-01,USD_10Y Treasury,3.2800
2009-12-02,USD_10Y Treasury,3.3200
2009-12-03,USD_10Y Treasury,3.3900
2009-12-04,USD_10Y Treasury,3.4800
2009-12-07,USD_10Y Treasury,3.4400
2009-12-08,USD_10Y Treasury,3.4000
2009-12-09,USD_10Y Treasury,3.4500
2009-12-10,USD_10Y Treasury,3.4900
2009-12-11,USD_10Y Treasury,3.5500
2009-12-14,USD_10Y Treasury,3.5600
2009-12-15,USD_10Y Treasury,3.6000
2009-12-16,USD_10Y Treasury,3.6100
2009-12-17,USD_10Y Treasury,3.5000
2009-12-18,USD_10Y Treasury,3.5500
2009-12-21,USD_10Y Treasury,3.6900
2009-12-22,USD_10Y Treasury,3.7600
2009-12-23,USD_10Y Treasury,3.7700
2009-12-24,USD_10Y Treasury,3.8200
2009-12-28,USD_10Y Treasury,3.8500
2009-12-29,USD_10Y Treasury,3.8200
2009-12-30,USD_10Y Treasury,3.8000
2009-12-31,USD_10Y Treasury,3.8500
2010-01-04,USD_10Y Treasury,3.8500
2010-01-05,USD_10Y Treasury,3.7700
2010-01-06,USD_10Y Treasury,3.8500
2010-01-07,USD_10Y Treasury,3.8500
2010-01-08,USD_10Y Treasury,3.8300
2010-01-11,USD_10Y Treasury,3.8500
2010-01-12,USD_10Y Treasury,3.7400
2010-01-13,USD_10Y Treasury,3.8000
2010-01-14,USD_10Y Treasury,3.7600
2010-01-15,USD_10Y Treasury,3.7000
2010-01-19,USD_10Y Treasury,3.7300
2010-01-20,USD_10Y Treasury,3.6800
2010-01-21,USD_10Y Treasury,3.6200
2010-01-22,USD_10Y Treasury,3.6200
2010-01-25,USD_10Y Treasury,3.6600
2010-01-26,USD_10Y Treasury,3.6500
2010-01-27,USD_10Y Treasury,3.6600
2010-01-28,USD_10Y Treasury,3.6800
2010-01-29,USD_10Y Treasury,3.6300
2010-02-01,USD_10Y Treasury,3.6800
2010-02-02,USD_10Y Treasury,3.6700
2010-02-03,USD_10Y Treasury,3.7300
2010-02-04,USD_10Y Treasury,3.6200
2010-02-05,USD_10Y Treasury,3.5900
2010-02-08,USD_10Y Treasury,3.6200
2010-02-09,USD_10Y Treasury,3.6700
2010-02-10,USD_10Y Treasury,3.7200
2010-02-11,USD_10Y Treasury,3.7300
2010-02-12,USD_10Y Treasury,3.6900
2010-02-16,USD_10Y Treasury,3.6600
2010-02-17,USD_10Y Treasury,3.7400
2010-02-18,USD_10Y Treasury,3.7900
2010-02-19,USD_10Y Treasury,3.7800
2010-02-22,USD_10Y Treasury,3.8000
2010-02-23,USD_10Y Treasury,3.6900
2010-02-24,USD_10Y Treasury,3.7000
2010-02-25,USD_10Y Treasury,3.6400
2010-02-26,USD_10Y Treasury,3.6100
2010-03-01,USD_10Y Treasury,3.6100
2010-03-02,USD_10Y Treasury,3.6200
2010-03-03,USD_10Y Treasury,3.6300
2010-03-04,USD_10Y Treasury,3.6100
2010-03-05,USD_10Y Treasury,3.6900
2010-03-08,USD_10Y Treasury,3.7200
2010-03-09,USD_10Y Treasury,3.7100
2010-03-10,USD_10Y Treasury,3.7300
2010-03-11,USD_10Y Treasury,3.7300
2010-03-12,USD_10Y Treasury,3.7100
2010-03-15,USD_10Y Treasury,3.7100
2010-03-16,USD_10Y Treasury,3.6600
2010-03-17,USD_10Y Treasury,3.6500
2010-03-18,USD_10Y Treasury,3.6800
2010-03-19,USD_10Y Treasury,3.7000
2010-03-22,USD_10Y Treasury,3.6700
2010-03-23,USD_10Y Treasury,3.6900
2010-03-24,USD_10Y Treasury,3.8400
2010-03-25,USD_10Y Treasury,3.9100
2010-03-26,USD_10Y Treasury,3.8600
2010-03-29,USD_10Y Treasury,3.8800
2010-03-30,USD_10Y Treasury,3.8800
2010-03-31,USD_10Y Treasury,3.8400
2010-04-01,USD_10Y Treasury,3.8900
2010-04-02,USD_10Y Treasury,3.9600
2010-04-05,USD_10Y Treasury,4.0100
2010-04-06,USD_10Y Treasury,3.9800
2010-04-07,USD_10Y Treasury,3.8900
2010-04-08,USD_10Y Treasury,3.9100
2010-04-09,USD_10Y Treasury,3.9000
2010-04-12,USD_10Y Treasury,3.8700
2010-04-13,USD_10Y Treasury,3.8400
2010-04-14,USD_10Y Treasury,3.8800
2010-04-15,USD_10Y Treasury,3.8600
2010-04-16,USD_10Y Treasury,3.7900
2010-04-19,USD_10Y Treasury,3.8300
2010-04-20,USD_10Y Treasury,3.8200
2010-04-21,USD_10Y Treasury,3.7700
2010-04-22,USD_10Y Treasury,3.8000
2010-04-23,USD_10Y Treasury,3.8400
2010-04-26,USD_10Y Treasury,3.8300
2010-04-27,USD_10Y Treasury,3.7100
2010-04-28,USD_10Y Treasury,3.8000
2010-04-29,USD_10Y Treasury,3.7600
2010-04-30,USD_10Y Treasury,3.6900
2010-05-03,USD_10Y Treasury,3.7200
2010-05-04,USD_10Y Treasury,3.6300
2010-05-05,USD_10Y Treasury,3.5800
2010-05-06,USD_10Y Treasury,3.4100
2010-05-07,USD_10Y Treasury,3.4500
2010-05-10,USD_10Y Treasury,3.5700
2010-05-11,USD_10Y Treasury,3.5600
2010-05-12,USD_10Y Treasury,3.5600
2010-05-13,USD_10Y Treasury,3.5500
2010-05-14,USD_10Y Treasury,3.4400
2010-05-17,USD_10Y Treasury,3.4700
2010-05-18,USD_10Y Treasury,3.3800
2010-05-19,USD_10Y Treasury,3.3600
2010-05-20,USD_10Y Treasury,3.2500
2010-05-21,USD_10Y Treasury,3.2000
2010-05-24,USD_10Y Treasury,3.2300
2010-05-25,USD_10Y Treasury,3.1800
2010-05-26,USD_10Y Treasury,3.2100
2010-05-27,USD_10Y Treasury,3.3400
2010-05-28,USD_10Y Treasury,3.3100
2010-06-01,USD_10Y Treasury,3.2900
2010-06-02,USD_10Y Treasury,3.3500
2010-06-03,USD_10Y Treasury,3.3900
2010-06-04,USD_10Y Treasury,3.2000
2010-06-07,USD_10Y Treasury,3.1700
2010-06-08,USD_10Y Treasury,3.1800
2010-06-09,USD_10Y Treasury,3.2000
2010-06-10,USD_10Y Treasury,3.3300
2010-06-11,USD_10Y Treasury,3.2400
2010-06-14,USD_10Y Treasury,3.2800
2010-06-15,USD_10Y Treasury,3.3200
2010-06-16,USD_10Y Treasury,3.2700
2010-06-17,USD_10Y Treasury,3.2100
2010-06-18,USD_10Y Treasury,3.2400
2010-06-21,USD_10Y Treasury,3.2600
2010-06-22,USD_10Y Treasury,3.1800
2010-06-23,USD_10Y Treasury,3.1300
2010-06-24,USD_10Y Treasury,3.1400
2010-06-25,USD_10Y Treasury,3.1200
2010-06-28,USD_10Y Treasury,3.0500
2010-06-29,USD_10Y Treasury,2.9700
2010-06-30,USD_10Y Treasury,2.9700
2010-07-01,USD_10Y Treasury,2.9600
2010-07-02,USD_10Y Treasury,3.0000
2010-07-06,USD_10Y Treasury,2.9500
2010-07-07,USD_10Y Treasury,3.0000
2010-07-08,USD_10Y Treasury,3.0400
2010-07-09,USD_10Y Treasury,3.0700
2010-07-12,USD_10Y Treasury,3.0800
2010-07-13,USD_10Y Treasury,3.1500
2010-07-14,USD_10Y Treasury,3.0700
2010-07-15,USD_10Y Treasury,3.0000
2010-07-16,USD_10Y Treasury,2.9600
2010-07-19,USD_10Y Treasury,2.9900
2010-07-20,USD_10Y Treasury,2.9800
2010-07-21,USD_10Y Treasury,2.9000
2010-07-22,USD_10Y Treasury,2.9600
2010-07-23,USD_10Y Treasury,3.0200
2010-07-26,USD_10Y Treasury,3.0300
2010-07-27,USD_10Y Treasury,3.0800
2010-07-28,USD_10Y Treasury,3.0300
2010-07-29,USD_10Y Treasury,3.0300
2010-07-30,USD_10Y Treasury,2.9400
2010-08-02,USD_10Y Treasury,2.9900
2010-08-03,USD_10Y Treasury,2.9400
2010-08-04,USD_10Y Treasury,2.9800
2010-08-05,USD_10Y Treasury,2.9400
2010-08-06,USD_10Y Treasury,2.8600
2010-08-09,USD_10Y Treasury,2.8600
2010-08-10,USD_10Y Treasury,2.7900
2010-08-11,USD_10Y Treasury,2.7200
2010-08-12,USD_10Y Treasury,2.7400
2010-08-13,USD_10Y Treasury,2.6800
2010-08-16,USD_10Y Treasury,2.5800
2010-08-17,USD_10Y Treasury,2.6400
2010-08-18,USD_10Y Treasury,2.6400
2010-08-19,USD_10Y Treasury,2.5800
2010-08-20,USD_10Y Treasury,2.6200
2010-08-23,USD_10Y Treasury,2.6000
2010-08-24,USD_10Y Treasury,2.5000
2010-08-25,USD_10Y Treasury,2.5400
2010-08-26,USD_10Y Treasury,2.5000
2010-08-27,USD_10Y Treasury,2.6600
2010-08-30,USD_10Y Treasury,2.5400
2010-08-31,USD_10Y Treasury,2.4700
2010-09-01,USD_10Y Treasury,2.5800
2010-09-02,USD_10Y Treasury,2.6300
2010-09-03,USD_10Y Treasury,2.7200
2010-09-07,USD_10Y Treasury,2.6100
2010-09-08,USD_10Y Treasury,2.6600
2010-09-09,USD_10Y Treasury,2.7700
2010-09-10,USD_10Y Treasury,2.8100
2010-09-13,USD_10Y Treasury,2.7400
2010-09-14,USD_10Y Treasury,2.6800
2010-09-15,USD_10Y Treasury,2.7400
2010-09-16,USD_10Y Treasury,2.7700
2010-09-17,USD_10Y Treasury,2.7500
2010-09-20,USD_10Y Treasury,2.7200
2010-09-21,USD_10Y Treasury,2.6100
2010-09-22,USD_10Y Treasury,2.5600
2010-09-23,USD_10Y Treasury,2.5600
2010-09-24,USD_10Y Treasury,2.6200
2010-09-27,USD_10Y Treasury,2.5400
2010-09-28,USD_10Y Treasury,2.4800
2010-09-29,USD_10Y Treasury,2.5200
2010-09-30,USD_10Y Treasury,2.5300
2010-10-01,USD_10Y Treasury,2.5400
2010-10-04,USD_10Y Treasury,2.5000
2010-10-05,USD_10Y Treasury,2.5000
2010-10-06,USD_10Y Treasury,2.4100
2010-10-07,USD_10Y Treasury,2.4100
2010-10-08,USD_10Y Treasury,2.4100
2010-10-12,USD_10Y Treasury,2.4400
2010-10-13,USD_10Y Treasury,2.4600
2010-10-14,USD_10Y Treasury,2.5200
2010-10-15,USD_10Y Treasury,2.5900
2010-10-18,USD_10Y Treasury,2.5200
2010-10-19,USD_10Y Treasury,2.5000
2010-10-20,USD_10Y Treasury,2.5100
2010-10-21,USD_10Y Treasury,2.5700
2010-10-22,USD_10Y Treasury,2.5900
2010-10-25,USD_10Y Treasury,2.5900
2010-10-26,USD_10Y Treasury,2.6700
2010-10-27,USD_10Y Treasury,2.7500
2010-10-28,USD_10Y Treasury,2.6900
2010-10-29,USD_10Y Treasury,2.6300
2010-11-01,USD_10Y Treasury,2.6600
2010-11-02,USD_10Y Treasury,2.6300
2010-11-03,USD_10Y Treasury,2.6700
2010-11-04,USD_10Y Treasury,2.5300
2010-11-05,USD_10Y Treasury,2.5800
2010-11-08,USD_10Y Treasury,2.6000
2010-11-09,USD_10Y Treasury,2.7200
2010-11-10,USD_10Y Treasury,2.6500
2010-11-12,USD_10Y Treasury,2.7600
2010-11-15,USD_10Y Treasury,2.9200
2010-11-16,USD_10Y Treasury,2.8500
2010-11-17,USD_10Y Treasury,2.8900
2010-11-18,USD_10Y Treasury,2.9000
2010-11-19,USD_10Y Treasury,2.8800
2010-11-22,USD_10Y Treasury,2.8000
2010-11-23,USD_10Y Treasury,2.7700
2010-11-24,USD_10Y Treasury,2.9300
2010-11-26,USD_10Y Treasury,2.8700
2010-11-29,USD_10Y Treasury,2.8400
2010-11-30,USD_10Y Treasury,2.8100
2010-12-01,USD_10Y Treasury,2.9700
2010-12-02,USD_10Y Treasury,3.0100
2010-12-03,USD_10Y Treasury,3.0300
2010-12-06,USD_10Y Treasury,2.9500
2010-12-07,USD_10Y Treasury,3.1500
2010-12-08,USD_10Y Treasury,3.2600
2010-12-09,USD_10Y Treasury,3.2300
2010-12-10,USD_10Y Treasury,3.3200
2010-12-13,USD_10Y Treasury,3.2900
2010-12-14,USD_10Y Treasury,3.4900
2010-12-15,USD_10Y Treasury,3.5300
2010-12-16,USD_10Y Treasury,3.4700
2010-12-17,USD_10Y Treasury,3.3300
2010-12-20,USD_10Y Treasury,3.3600
2010-12-21,USD_10Y Treasury,3.3500
2010-12-22,USD_10Y Treasury,3.3600
2010-12-23,USD_10Y Treasury,3.4100
2010-12-27,USD_10Y Treasury,3.3600
2010-12-28,USD_10Y Treasury,3.5000
2010-12-29,USD_10Y Treasury,3.3500
2010-12-30,USD_10Y Treasury,3.3800
2010-12-31,USD_10Y Treasury,3.3000
2011-01-03,USD_10Y Treasury,3.3600
2011-01-04,USD_10Y Treasury,3.3600
2011-01-05,USD_10Y Treasury,3.5000
2011-01-06,USD_10Y Treasury,3.4400
2011-01-07,USD_10Y Treasury,3.3400
2011-01-10,USD_10Y Treasury,3.3200
2011-01-11,USD_10Y Treasury,3.3700
2011-01-12,USD_10Y Treasury,3.4000
2011-01-13,USD_10Y Treasury,3.3400
2011-01-14,USD_10Y Treasury,3.3500
2011-01-18,USD_10Y Treasury,3.3900
2011-01-19,USD_10Y Treasury,3.3700
2011-01-20,USD_10Y Treasury,3.4700
2011-01-21,USD_10Y Treasury,3.4400
2011-01-24,USD_10Y Treasury,3.4300
2011-01-25,USD_10Y Treasury,3.3500
2011-01-26,USD_10Y Treasury,3.4500
2011-01-27,USD_10Y Treasury,3.4200
2011-01-28,USD_10Y Treasury,3.3600
2011-01-31,USD_10Y Treasury,3.4200
2011-02-01,USD_10Y Treasury,3.4800
2011-02-02,USD_10Y Treasury,3.5200
2011-02-03,USD_10Y Treasury,3.5800
2011-02-04,USD_10Y Treasury,3.6800
2011-02-07,USD_10Y Treasury,3.6800
2011-02-08,USD_10Y Treasury,3.7500
2011-02-09,USD_10Y Treasury,3.6500
2011-02-10,USD_10Y Treasury,3.7000
2011-02-11,USD_10Y Treasury,3.6400
2011-02-14,USD_10Y Treasury,3.6200
2011-02-15,USD_10Y Treasury,3.6100
2011-02-16,USD_10Y Treasury,3.6200
2011-02-17,USD_10Y Treasury,3.5800
2011-02-18,USD_10Y Treasury,3.5900
2011-02-22,USD_10Y Treasury,3.4600
2011-02-23,USD_10Y Treasury,3.4900
2011-02-24,USD_10Y Treasury,3.4600
2011-02-25,USD_10Y Treasury,3.4200
2011-02-28,USD_10Y Treasury,3.4200
2011-03-01,USD_10Y Treasury,3.4100
2011-03-02,USD_10Y Treasury,3.4600
2011-03-03,USD_10Y Treasury,3.5800
2011-03-04,USD_10Y Treasury,3.4900
2011-03-07,USD_10Y Treasury,3.5100
2011-03-08,USD_10Y Treasury,3.5600
2011-03-09,USD_10Y Treasury,3.4800
2011-03-10,USD_10Y Treasury,3.3700
2011-03-11,USD_10Y Treasury,3.4000
2011-03-14,USD_10Y Treasury,3.3600
2011-03-15,USD_10Y Treasury,3.3300
2011-03-16,USD_10Y Treasury,3.2200
2011-03-17,USD_10Y Treasury,3.2500
2011-03-18,USD_10Y Treasury,3.2800
2011-03-21,USD_10Y Treasury,3.3400
2011-03-22,USD_10Y Treasury,3.3400
2011-03-23,USD_10Y Treasury,3.3600
2011-03-24,USD_10Y Treasury,3.4200
2011-03-25,USD_10Y Treasury,3.4600
2011-03-28,USD_10Y Treasury,3.4700
2011-03-29,USD_10Y Treasury,3.5000
2011-03-30,USD_10Y Treasury,3.4700
2011-03-31,USD_10Y Treasury,3.4700
2011-04-01,USD_10Y Treasury,3.4600
2011-04-04,USD_10Y Treasury,3.4500
2011-04-05,USD_10Y Treasury,3.5000
2011-04-06,USD_10Y Treasury,3.5600
2011-04-07,USD_10Y Treasury,3.5800
2011-04-08,USD_10Y Treasury,3.5900
2011-04-11,USD_10Y Treasury,3.5900
2011-04-12,USD_10Y Treasury,3.5200
2011-04-13,USD_10Y Treasury,3.4900
2011-04-14,USD_10Y Treasury,3.5100
2011-04-15,USD_10Y Treasury,3.4300
2011-04-18,USD_10Y Treasury,3.4000
2011-04-19,USD_10Y Treasury,3.3900
2011-04-20,USD_10Y Treasury,3.4300
2011-04-21,USD_10Y Treasury,3.4200
2011-04-25,USD_10Y Treasury,3.3900
2011-04-26,USD_10Y Treasury,3.3400
2011-04-27,USD_10Y Treasury,3.3900
2011-04-28,USD_10Y Treasury,3.3400
2011-04-29,USD_10Y Treasury,3.3200
2011-05-02,USD_10Y Treasury,3.3100
2011-05-03,USD_10Y Treasury,3.2800
2011-05-04,USD_10Y Treasury,3.2500
2011-05-05,USD_10Y Treasury,3.1800
2011-05-06,USD_10Y Treasury,3.1900
2011-05-09,USD_10Y Treasury,3.1700
2011-05-10,USD_10Y Treasury,3.2300
2011-05-11,USD_10Y Treasury,3.1900
2011-05-12,USD_10Y Treasury,3.2200
2011-05-13,USD_10Y Treasury,3.1800
2011-05-16,USD_10Y Treasury,3.1500
2011-05-17,USD_10Y Treasury,3.1200
2011-05-18,USD_10Y Treasury,3.1800
2011-05-19,USD_10Y Treasury,3.1700
2011-05-20,USD_10Y Treasury,3.1500
2011-05-23,USD_10Y Treasury,3.1300
2011-05-24,USD_10Y Treasury,3.1200
2011-05-25,USD_10Y Treasury,3.1300
2011-05-26,USD_10Y Treasury,3.0700
2011-05-27,USD_10Y Treasury,3.0700
2011-05-31,USD_10Y Treasury,3.0500
2011-06-01,USD_10Y Treasury,2.9600
2011-06-02,USD_10Y Treasury,3.0400
2011-06-03,USD_10Y Treasury,2.9900
2011-06-06,USD_10Y Treasury,3.0100
2011-06-07,USD_10Y Treasury,3.0100
2011-06-08,USD_10Y Treasury,2.9800
2011-06-09,USD_10Y Treasury,3.0100
2011-06-10,USD_10Y Treasury,2.9900
2011-06-13,USD_10Y Treasury,3.0000
2011-06-14,USD_10Y Treasury,3.1100
2011-06-15,USD_10Y Treasury,2.9800
2011-06-16,USD_10Y Treasury,2.9300
2011-06-17,USD_10Y Treasury,2.9400
2011-06-20,USD_10Y Treasury,2.9700
2011-06-21,USD_10Y Treasury,2.9900
2011-06-22,USD_10Y Treasury,3.0100
2011-06-23,USD_10Y Treasury,2.9300
2011-06-24,USD_10Y Treasury,2.8800
2011-06-27,USD_10Y Treasury,2.9500
2011-06-28,USD_10Y Treasury,3.0500
2011-06-29,USD_10Y Treasury,3.1400
2011-06-30,USD_10Y Treasury,3.1800
2011-07-01,USD_10Y Treasury,3.2200
2011-07-05,USD_10Y Treasury,3.1600
2011-07-06,USD_10Y Treasury,3.1200
2011-07-07,USD_10Y Treasury,3.1700
2011-07-08,USD_10Y Treasury,3.0300
2011-07-11,USD_10Y Treasury,2.9400
2011-07-12,USD_10Y Treasury,2.9200
2011-07-13,USD_10Y Treasury,2.9200
2011-07-14,USD_10Y Treasury,2.9800
2011-07-15,USD_10Y Treasury,2.9400
2011-07-18,USD_10Y Treasury,2.9400
2011-07-19,USD_10Y Treasury,2.9100
2011-07-20,USD_10Y Treasury,2.9600
2011-07-21,USD_10Y Treasury,3.0300
2011-07-22,USD_10Y Treasury,2.9900
2011-07-25,USD_10Y Treasury,3.0300
2011-07-26,USD_10Y Treasury,2.9900
2011-07-27,USD_10Y Treasury,3.0100
2011-07-28,USD_10Y Treasury,2.9800
2011-07-29,USD_10Y Treasury,2.8200
2011-08-01,USD_10Y Treasury,2.7700
2011-08-02,USD_10Y Treasury,2.6600
2011-08-03,USD_10Y Treasury,2.6400
2011-08-04,USD_10Y Treasury,2.4700
2011-08-05,USD_10Y Treasury,2.5800
2011-08-08,USD_10Y Treasury,2.4000
2011-08-09,USD_10Y Treasury,2.2000
2011-08-10,USD_10Y Treasury,2.1700
2011-08-11,USD_10Y Treasury,2.3400
2011-08-12,USD_10Y Treasury,2.2400
2011-08-15,USD_10Y Treasury,2.2900
2011-08-16,USD_10Y Treasury,2.2300
2011-08-17,USD_10Y Treasury,2.1700
2011-08-18,USD_10Y Treasury,2.0800
2011-08-19,USD_10Y Treasury,2.0700
2011-08-22,USD_10Y Treasury,2.1000
2011-08-23,USD_10Y Treasury,2.1500
2011-08-24,USD_10Y Treasury,2.2900
2011-08-25,USD_10Y Treasury,2.2300
2011-08-26,USD_10Y Treasury,2.1900
2011-08-29,USD_10Y Treasury,2.2800
2011-08-30,USD_10Y Treasury,2.1900
2011-08-31,USD_10Y Treasury,2.2300
2011-09-01,USD_10Y Treasury,2.1500
2011-09-02,USD_10Y Treasury,2.0200
2011-09-06,USD_10Y Treasury,1.9800
2011-09-07,USD_10Y Treasury,2.0500
2011-09-08,USD_10Y Treasury,2.0000
2011-09-09,USD_10Y Treasury,1.9300
2011-09-12,USD_10Y Treasury,1.9400
2011-09-13,USD_10Y Treasury,2.0000
2011-09-14,USD_10Y Treasury,2.0300
2011-09-15,USD_10Y Treasury,2.0900
2011-09-16,USD_10Y Treasury,2.0800
2011-09-19,USD_10Y Treasury,1.9700
2011-09-20,USD_10Y Treasury,1.9500
2011-09-21,USD_10Y Treasury,1.8800
2011-09-22,USD_10Y Treasury,1.7200
2011-09-23,USD_10Y Treasury,1.8400
2011-09-26,USD_10Y Treasury,1.9100
2011-09-27,USD_10Y Treasury,2.0000
2011-09-28,USD_10Y Treasury,2.0300
2011-09-29,USD_10Y Treasury,1.9900
2011-09-30,USD_10Y Treasury,1.9200
2011-10-03,USD_10Y Treasury,1.8000
2011-10-04,USD_10Y Treasury,1.8100
2011-10-05,USD_10Y Treasury,1.9200
2011-10-06,USD_10Y Treasury,2.0100
2011-10-07,USD_10Y Treasury,2.1000
2011-10-11,USD_10Y Treasury,2.1800
2011-10-12,USD_10Y Treasury,2.2400
2011-10-13,USD_10Y Treasury,2.1900
2011-10-14,USD_10Y Treasury,2.2600
2011-10-17,USD_10Y Treasury,2.1800
2011-10-18,USD_10Y Treasury,2.1900
2011-10-19,USD_10Y Treasury,2.1800
2011-10-20,USD_10Y Treasury,2.2000
2011-10-21,USD_10Y Treasury,2.2300
2011-10-24,USD_10Y Treasury,2.2500
2011-10-25,USD_10Y Treasury,2.1400
2011-10-26,USD_10Y Treasury,2.2300
2011-10-27,USD_10Y Treasury,2.4200
2011-10-28,USD_10Y Treasury,2.3400
2011-10-31,USD_10Y Treasury,2.1700
2011-11-01,USD_10Y Treasury,2.0100
2011-11-02,USD_10Y Treasury,2.0300
2011-11-03,USD_10Y Treasury,2.0900
2011-11-04,USD_10Y Treasury,2.0600
2011-11-07,USD_10Y Treasury,2.0400
2011-11-08,USD_10Y Treasury,2.1000
2011-11-09,USD_10Y Treasury,2.0000
2011-11-10,USD_10Y Treasury,2.0400
2011-11-14,USD_10Y Treasury,2.0400
2011-11-15,USD_10Y Treasury,2.0600
2011-11-16,USD_10Y Treasury,2.0100
2011-11-17,USD_10Y Treasury,1.9600
2011-11-18,USD_10Y Treasury,2.0100
2011-11-21,USD_10Y Treasury,1.9700
2011-11-22,USD_10Y Treasury,1.9400
2011-11-23,USD_10Y Treasury,1.8900
2011-11-25,USD_10Y Treasury,1.9700
2011-11-28,USD_10Y Treasury,1.9700
2011-11-29,USD_10Y Treasury,2.0000
2011-11-30,USD_10Y Treasury,2.0800
2011-12-01,USD_10Y Treasury,2.1100
2011-12-02,USD_10Y Treasury,2.0500
2011-12-05,USD_10Y Treasury,2.0400
2011-12-06,USD_10Y Treasury,2.0800
2011-12-07,USD_10Y Treasury,2.0200
2011-12-08,USD_10Y Treasury,1.9900
2011-12-09,USD_10Y Treasury,2.0700
2011-12-12,USD_10Y Treasury,2.0300
2011-12-13,USD_10Y Treasury,1.9600
2011-12-14,USD_10Y Treasury,1.9200
2011-12-15,USD_10Y Treasury,1.9200
2011-12-16,USD_10Y Treasury,1.8600
2011-12-19,USD_10Y Treasury,1.8200
2011-12-20,USD_10Y Treasury,1.9400
2011-12-21,USD_10Y Treasury,1.9800
2011-12-22,USD_10Y Treasury,1.9700
2011-12-23,USD_10Y Treasury,2.0300
2011-12-27,USD_10Y Treasury,2.0200
2011-12-28,USD_10Y Treasury,1.9300
2011-12-29,USD_10Y Treasury,1.9100
2011-12-30,USD_10Y Treasury,1.8900
2012-01-03,USD_10Y Treasury,1.9700
2012-01-04,USD_10Y Treasury,2.0000
2012-01-05,USD_10Y Treasury,2.0200
2012-01-06,USD_10Y Treasury,1.9800
2012-01-09,USD_10Y Treasury,1.9800
2012-01-10,USD_10Y Treasury,2.0000
2012-01-11,USD_10Y Treasury,1.9300
2012-01-12,USD_10Y Treasury,1.9400
2012-01-13,USD_10Y Treasury,1.8900
2012-01-17,USD_10Y Treasury,1.8700
2012-01-18,USD_10Y Treasury,1.9200
2012-01-19,USD_10Y Treasury,2.0100
2012-01-20,USD_10Y Treasury,2.0500
2012-01-23,USD_10Y Treasury,2.0900
2012-01-24,USD_10Y Treasury,2.0800
2012-01-25,USD_10Y Treasury,2.0100
2012-01-26,USD_10Y Treasury,1.9600
2012-01-27,USD_10Y Treasury,1.9300
2012-01-30,USD_10Y Treasury,1.8700
2012-01-31,USD_10Y Treasury,1.8300
2012-02-01,USD_10Y Treasury,1.8700
2012-02-02,USD_10Y Treasury,1.8600
2012-02-03,USD_10Y Treasury,1.9700
2012-02-06,USD_10Y Treasury,1.9300
2012-02-07,USD_10Y Treasury,2.0000
2012-02-08,USD_10Y Treasury,2.0100
2012-02-09,USD_10Y Treasury,2.0400
2012-02-10,USD_10Y Treasury,1.9600
2012-02-13,USD_10Y Treasury,1.9900
2012-02-14,USD_10Y Treasury,1.9200
2012-02-15,USD_10Y Treasury,1.9300
2012-02-16,USD_10Y Treasury,1.9900
2012-02-17,USD_10Y Treasury,2.0100
2012-02-21,USD_10Y Treasury,2.0500
2012-02-22,USD_10Y Treasury,2.0100
2012-02-23,USD_10Y Treasury,1.9900
2012-02-24,USD_10Y Treasury,1.9800
2012-02-27,USD_10Y Treasury,1.9200
2012-02-28,USD_10Y Treasury,1.9400
2012-02-29,USD_10Y Treasury,1.9800
2012-03-01,USD_10Y Treasury,2.0300
2012-03-02,USD_10Y Treasury,1.9900
2012-03-05,USD_10Y Treasury,2.0000
2012-03-06,USD_10Y Treasury,1.9600
2012-03-07,USD_10Y Treasury,1.9800
2012-03-08,USD_10Y Treasury,2.0300
2012-03-09,USD_10Y Treasury,2.0400
2012-03-12,USD_10Y Treasury,2.0400
2012-03-13,USD_10Y Treasury,2.1400
2012-03-14,USD_10Y Treasury,2.2900
2012-03-15,USD_10Y Treasury,2.2900
2012-03-16,USD_10Y Treasury,2.3100
2012-03-19,USD_10Y Treasury,2.3900
2012-03-20,USD_10Y Treasury,2.3800
2012-03-21,USD_10Y Treasury,2.3100
2012-03-22,USD_10Y Treasury,2.2900
2012-03-23,USD_10Y Treasury,2.2500
2012-03-26,USD_10Y Treasury,2.2600
2012-03-27,USD_10Y Treasury,2.2000
2012-03-28,USD_10Y Treasury,2.2100
2012-03-29,USD_10Y Treasury,2.1800
2012-03-30,USD_10Y Treasury,2.2300
2012-04-02,USD_10Y Treasury,2.2200
2012-04-03,USD_10Y Treasury,2.3000
2012-04-04,USD_10Y Treasury,2.2500
2012-04-05,USD_10Y Treasury,2.1900
2012-04-06,USD_10Y Treasury,2.0700
2012-04-09,USD_10Y Treasury,2.0600
2012-04-10,USD_10Y Treasury,2.0100
2012-04-11,USD_10Y Treasury,2.0500
2012-04-12,USD_10Y Treasury,2.0800
2012-04-13,USD_10Y Treasury,2.0200
2012-04-16,USD_10Y Treasury,2.0000
2012-04-17,USD_10Y Treasury,2.0300
2012-04-18,USD_10Y Treasury,2.0000
2012-04-19,USD_10Y Treasury,1.9800
2012-04-20,USD_10Y Treasury,1.9900
2012-04-23,USD_10Y Treasury,1.9600
2012-04-24,USD_10Y Treasury,2.0000
2012-04-25,USD_10Y Treasury,2.0100
2012-04-26,USD_10Y Treasury,1.9800
2012-04-27,USD_10Y Treasury,1.9600
2012-04-30,USD_10Y Treasury,1.9500
2012-05-01,USD_10Y Treasury,1.9800
2012-05-02,USD_10Y Treasury,1.9600
2012-05-03,USD_10Y Treasury,1.9600
2012-05-04,USD_10Y Treasury,1.9100
2012-05-07,USD_10Y Treasury,1.9200
2012-05-08,USD_10Y Treasury,1.8800
2012-05-09,USD_10Y Treasury,1.8700
2012-05-10,USD_10Y Treasury,1.8900
2012-05-11,USD_10Y Treasury,1.8400
2012-05-14,USD_10Y Treasury,1.7800
2012-05-15,USD_10Y Treasury,1.7600
2012-05-16,USD_10Y Treasury,1.7600
2012-05-17,USD_10Y Treasury,1.7000
2012-05-18,USD_10Y Treasury,1.7100
2012-05-21,USD_10Y Treasury,1.7500
2012-05-22,USD_10Y Treasury,1.7900
2012-05-23,USD_10Y Treasury,1.7300
2012-05-24,USD_10Y Treasury,1.7700
2012-05-25,USD_10Y Treasury,1.7500
2012-05-29,USD_10Y Treasury,1.7400
2012-05-30,USD_10Y Treasury,1.6300
2012-05-31,USD_10Y Treasury,1.5900
2012-06-01,USD_10Y Treasury,1.4700
2012-06-04,USD_10Y Treasury,1.5300
2012-06-05,USD_10Y Treasury,1.5700
2012-06-06,USD_10Y Treasury,1.6600
2012-06-07,USD_10Y Treasury,1.6600
2012-06-08,USD_10Y Treasury,1.6500
2012-06-11,USD_10Y Treasury,1.6000
2012-06-12,USD_10Y Treasury,1.6700
2012-06-13,USD_10Y Treasury,1.6100
2012-06-14,USD_10Y Treasury,1.6400
2012-06-15,USD_10Y Treasury,1.6000
2012-06-18,USD_10Y Treasury,1.5900
2012-06-19,USD_10Y Treasury,1.6400
2012-06-20,USD_10Y Treasury,1.6500
2012-06-21,USD_10Y Treasury,1.6300
2012-06-22,USD_10Y Treasury,1.6900
2012-06-25,USD_10Y Treasury,1.6300
2012-06-26,USD_10Y Treasury,1.6600
2012-06-27,USD_10Y Treasury,1.6500
2012-06-28,USD_10Y Treasury,1.6000
2012-06-29,USD_10Y Treasury,1.6700
2012-07-02,USD_10Y Treasury,1.6100
2012-07-03,USD_10Y Treasury,1.6500
2012-07-05,USD_10Y Treasury,1.6200
2012-07-06,USD_10Y Treasury,1.5700
2012-07-09,USD_10Y Treasury,1.5300
2012-07-10,USD_10Y Treasury,1.5300
2012-07-11,USD_10Y Treasury,1.5400
2012-07-12,USD_10Y Treasury,1.5000
2012-07-13,USD_10Y Treasury,1.5200
2012-07-16,USD_10Y Treasury,1.5000
2012-07-17,USD_10Y Treasury,1.5300
2012-07-18,USD_10Y Treasury,1.5200
2012-07-19,USD_10Y Treasury,1.5400
2012-07-20,USD_10Y Treasury,1.4900
2012-07-23,USD_10Y Treasury,1.4700
2012-07-24,USD_10Y Treasury,1.4400
2012-07-25,USD_10Y Treasury,1.4300
2012-07-26,USD_10Y Treasury,1.4500
2012-07-27,USD_10Y Treasury,1.5800
2012-07-30,USD_10Y Treasury,1.5300
2012-07-31,USD_10Y Treasury,1.5100
2012-08-01,USD_10Y Treasury,1.5600
2012-08-02,USD_10Y Treasury,1.5100
2012-08-03,USD_10Y Treasury,1.6000
2012-08-06,USD_10Y Treasury,1.5900
2012-08-07,USD_10Y Treasury,1.6600
2012-08-08,USD_10Y Treasury,1.6800
2012-08-09,USD_10Y Treasury,1.6900
2012-08-10,USD_10Y Treasury,1.6500
2012-08-13,USD_10Y Treasury,1.6500
2012-08-14,USD_10Y Treasury,1.7300
2012-08-15,USD_10Y Treasury,1.8000
2012-08-16,USD_10Y Treasury,1.8300
2012-08-17,USD_10Y Treasury,1.8100
2012-08-20,USD_10Y Treasury,1.8200
2012-08-21,USD_10Y Treasury,1.8000
2012-08-22,USD_10Y Treasury,1.7100
2012-08-23,USD_10Y Treasury,1.6800
2012-08-24,USD_10Y Treasury,1.6800
2012-08-27,USD_10Y Treasury,1.6500
2012-08-28,USD_10Y Treasury,1.6400
2012-08-29,USD_10Y Treasury,1.6600
2012-08-30,USD_10Y Treasury,1.6300
2012-08-31,USD_10Y Treasury,1.5700
2012-09-04,USD_10Y Treasury,1.5900
2012-09-05,USD_10Y Treasury,1.6000
2012-09-06,USD_10Y Treasury,1.6800
2012-09-07,USD_10Y Treasury,1.6700
2012-09-10,USD_10Y Treasury,1.6800
2012-09-11,USD_10Y Treasury,1.7000
2012-09-12,USD_10Y Treasury,1.7700
2012-09-13,USD_10Y Treasury,1.7500
2012-09-14,USD_10Y Treasury,1.8800
2012-09-17,USD_10Y Treasury,1.8500
2012-09-18,USD_10Y Treasury,1.8200
2012-09-19,USD_10Y Treasury,1.7900
2012-09-20,USD_10Y Treasury,1.8000
2012-09-21,USD_10Y Treasury,1.7700
2012-09-24,USD_10Y Treasury,1.7400
2012-09-25,USD_10Y Treasury,1.7000
2012-09-26,USD_10Y Treasury,1.6400
2012-09-27,USD_10Y Treasury,1.6600
2012-09-28,USD_10Y Treasury,1.6500
2012-10-01,USD_10Y Treasury,1.6400
2012-10-02,USD_10Y Treasury,1.6400
2012-10-03,USD_10Y Treasury,1.6400
2012-10-04,USD_10Y Treasury,1.7000
2012-10-05,USD_10Y Treasury,1.7500
2012-10-09,USD_10Y Treasury,1.7400
2012-10-10,USD_10Y Treasury,1.7200
2012-10-11,USD_10Y Treasury,1.7000
2012-10-12,USD_10Y Treasury,1.6900
2012-10-15,USD_10Y Treasury,1.7000
2012-10-16,USD_10Y Treasury,1.7500
2012-10-17,USD_10Y Treasury,1.8300
2012-10-18,USD_10Y Treasury,1.8600
2012-10-19,USD_10Y Treasury,1.7900
2012-10-22,USD_10Y Treasury,1.8300
2012-10-23,USD_10Y Treasury,1.7900
2012-10-24,USD_10Y Treasury,1.8000
2012-10-25,USD_10Y Treasury,1.8600
2012-10-26,USD_10Y Treasury,1.7800
2012-10-29,USD_10Y Treasury,1.7400
2012-10-31,USD_10Y Treasury,1.7200
2012-11-01,USD_10Y Treasury,1.7500
2012-11-02,USD_10Y Treasury,1.7500
2012-11-05,USD_10Y Treasury,1.7200
2012-11-06,USD_10Y Treasury,1.7800
2012-11-07,USD_10Y Treasury,1.6800
2012-11-08,USD_10Y Treasury,1.6200
2012-11-09,USD_10Y Treasury,1.6100
2012-11-13,USD_10Y Treasury,1.5900
2012-11-14,USD_10Y Treasury,1.5900
2012-11-15,USD_10Y Treasury,1.5800
2012-11-16,USD_10Y Treasury,1.5800
2012-11-19,USD_10Y Treasury,1.6100
2012-11-20,USD_10Y Treasury,1.6600
2012-11-21,USD_10Y Treasury,1.6900
2012-11-23,USD_10Y Treasury,1.7000
2012-11-26,USD_10Y Treasury,1.6600
2012-11-27,USD_10Y Treasury,1.6400
2012-11-28,USD_10Y Treasury,1.6300
2012-11-29,USD_10Y Treasury,1.6200
2012-11-30,USD_10Y Treasury,1.6200
2012-12-03,USD_10Y Treasury,1.6300
2012-12-04,USD_10Y Treasury,1.6200
2012-12-05,USD_10Y Treasury,1.6000
2012-12-06,USD_10Y Treasury,1.5900
2012-12-07,USD_10Y Treasury,1.6400
2012-12-10,USD_10Y Treasury,1.6300
2012-12-11,USD_10Y Treasury,1.6600
2012-12-12,USD_10Y Treasury,1.7200
2012-12-13,USD_10Y Treasury,1.7400
2012-12-14,USD_10Y Treasury,1.7200
2012-12-17,USD_10Y Treasury,1.7800
2012-12-18,USD_10Y Treasury,1.8400
2012-12-19,USD_10Y Treasury,1.8200
2012-12-20,USD_10Y Treasury,1.8100
2012-12-21,USD_10Y Treasury,1.7700
2012-12-24,USD_10Y Treasury,1.7900
2012-12-26,USD_10Y Treasury,1.7700
2012-12-27,USD_10Y Treasury,1.7400
2012-12-28,USD_10Y Treasury,1.7300
2012-12-31,USD_10Y Treasury,1.7800
2013-01-02,USD_10Y Treasury,1.8600
2013-01-03,USD_10Y Treasury,1.9200
2013-01-04,USD_10Y Treasury,1.9300
2013-01-07,USD_10Y Treasury,1.9200
2013-01-08,USD_10Y Treasury,1.8900
2013-01-09,USD_10Y Treasury,1.8800
2013-01-10,USD_10Y Treasury,1.9100
2013-01-11,USD_10Y Treasury,1.8900
2013-01-14,USD_10Y Treasury,1.8900
2013-01-15,USD_10Y Treasury,1.8600
2013-01-16,USD_10Y Treasury,1.8400
2013-01-17,USD_10Y Treasury,1.8900
2013-01-18,USD_10Y Treasury,1.8700
2013-01-22,USD_10Y Treasury,1.8600
2013-01-23,USD_10Y Treasury,1.8600
2013-01-24,USD_10Y Treasury,1.8800
2013-01-25,USD_10Y Treasury,1.9800
2013-01-28,USD_10Y Treasury,2.0000
2013-01-29,USD_10Y Treasury,2.0300
2013-01-30,USD_10Y Treasury,2.0300
2013-01-31,USD_10Y Treasury,2.0200
2013-02-01,USD_10Y Treasury,2.0400
2013-02-04,USD_10Y Treasury,2.0000
2013-02-05,USD_10Y Treasury,2.0400
2013-02-06,USD_10Y Treasury,2.0000
2013-02-07,USD_10Y Treasury,1.9900
2013-02-08,USD_10Y Treasury,1.9900
2013-02-11,USD_10Y Treasury,1.9900
2013-02-12,USD_10Y Treasury,2.0200
2013-02-13,USD_10Y Treasury,2.0500
2013-02-14,USD_10Y Treasury,2.0000
2013-02-15,USD_10Y Treasury,2.0100
2013-02-19,USD_10Y Treasury,2.0300
2013-02-20,USD_10Y Treasury,2.0200
2013-02-21,USD_10Y Treasury,1.9900
2013-02-22,USD_10Y Treasury,1.9700
2013-02-25,USD_10Y Treasury,1.8800
2013-02-26,USD_10Y Treasury,1.8800
2013-02-27,USD_10Y Treasury,1.9100
2013-02-28,USD_10Y Treasury,1.8900
2013-03-01,USD_10Y Treasury,1.8600
2013-03-04,USD_10Y Treasury,1.8800
2013-03-05,USD_10Y Treasury,1.9000
2013-03-06,USD_10Y Treasury,1.9500
2013-03-07,USD_10Y Treasury,2.0000
2013-03-08,USD_10Y Treasury,2.0600
2013-03-11,USD_10Y Treasury,2.0700
2013-03-12,USD_10Y Treasury,2.0300
2013-03-13,USD_10Y Treasury,2.0400
2013-03-14,USD_10Y Treasury,2.0400
2013-03-15,USD_10Y Treasury,2.0100
2013-03-18,USD_10Y Treasury,1.9600
2013-03-19,USD_10Y Treasury,1.9200
2013-03-20,USD_10Y Treasury,1.9600
2013-03-21,USD_10Y Treasury,1.9500
2013-03-22,USD_10Y Treasury,1.9300
2013-03-25,USD_10Y Treasury,1.9300
2013-03-26,USD_10Y Treasury,1.9200
2013-03-27,USD_10Y Treasury,1.8700
2013-03-28,USD_10Y Treasury,1.8700
2013-04-01,USD_10Y Treasury,1.8600
2013-04-02,USD_10Y Treasury,1.8800
2013-04-03,USD_10Y Treasury,1.8300
2013-04-04,USD_10Y Treasury,1.7800
2013-04-05,USD_10Y Treasury,1.7200
2013-04-08,USD_10Y Treasury,1.7600
2013-04-09,USD_10Y Treasury,1.7800
2013-04-10,USD_10Y Treasury,1.8400
2013-04-11,USD_10Y Treasury,1.8200
2013-04-12,USD_10Y Treasury,1.7500
2013-04-15,USD_10Y Treasury,1.7200
2013-04-16,USD_10Y Treasury,1.7500
2013-04-17,USD_10Y Treasury,1.7300
2013-04-18,USD_10Y Treasury,1.7200
2013-04-19,USD_10Y Treasury,1.7300
2013-04-22,USD_10Y Treasury,1.7200
2013-04-23,USD_10Y Treasury,1.7400
2013-04-24,USD_10Y Treasury,1.7300
2013-04-25,USD_10Y Treasury,1.7400
2013-04-26,USD_10Y Treasury,1.7000
2013-04-29,USD_10Y Treasury,1.7000
2013-04-30,USD_10Y Treasury,1.7000
2013-05-01,USD_10Y Treasury,1.6600
2013-05-02,USD_10Y Treasury,1.6600
2013-05-03,USD_10Y Treasury,1.7800
2013-05-06,USD_10Y Treasury,1.8000
2013-05-07,USD_10Y Treasury,1.8200
2013-05-08,USD_10Y Treasury,1.8100
2013-05-09,USD_10Y Treasury,1.8100
2013-05-10,USD_10Y Treasury,1.9000
2013-05-13,USD_10Y Treasury,1.9200
2013-05-14,USD_10Y Treasury,1.9600
2013-05-15,USD_10Y Treasury,1.9400
2013-05-16,USD_10Y Treasury,1.8700
2013-05-17,USD_10Y Treasury,1.9500
2013-05-20,USD_10Y Treasury,1.9700
2013-05-21,USD_10Y Treasury,1.9400
2013-05-22,USD_10Y Treasury,2.0300
2013-05-23,USD_10Y Treasury,2.0200
2013-05-24,USD_10Y Treasury,2.0100
2013-05-28,USD_10Y Treasury,2.1500
2013-05-29,USD_10Y Treasury,2.1300
2013-05-30,USD_10Y Treasury,2.1300
2013-05-31,USD_10Y Treasury,2.1600
2013-06-03,USD_10Y Treasury,2.1300
2013-06-04,USD_10Y Treasury,2.1400
2013-06-05,USD_10Y Treasury,2.1000
2013-06-06,USD_10Y Treasury,2.0800
2013-06-07,USD_10Y Treasury,2.1700
2013-06-10,USD_10Y Treasury,2.2200
2013-06-11,USD_10Y Treasury,2.2000
2013-06-12,USD_10Y Treasury,2.2500
2013-06-13,USD_10Y Treasury,2.1900
2013-06-14,USD_10Y Treasury,2.1400
2013-06-17,USD_10Y Treasury,2.1900
2013-06-18,USD_10Y Treasury,2.2000
2013-06-19,USD_10Y Treasury,2.3300
2013-06-20,USD_10Y Treasury,2.4100
2013-06-21,USD_10Y Treasury,2.5200
2013-06-24,USD_10Y Treasury,2.5700
2013-06-25,USD_10Y Treasury,2.6000
2013-06-26,USD_10Y Treasury,2.5500
2013-06-27,USD_10Y Treasury,2.4900
2013-06-28,USD_10Y Treasury,2.5200
2013-07-01,USD_10Y Treasury,2.5000
2013-07-02,USD_10Y Treasury,2.4800
2013-07-03,USD_10Y Treasury,2.5200
2013-07-05,USD_10Y Treasury,2.7300
2013-07-08,USD_10Y Treasury,2.6500
2013-07-09,USD_10Y Treasury,2.6500
2013-07-10,USD_10Y Treasury,2.7000
2013-07-11,USD_10Y Treasury,2.6000
2013-07-12,USD_10Y Treasury,2.6100
2013-07-15,USD_10Y Treasury,2.5700
2013-07-16,USD_10Y Treasury,2.5500
2013-07-17,USD_10Y Treasury,2.5200
2013-07-18,USD_10Y Treasury,2.5600
2013-07-19,USD_10Y Treasury,2.5000
2013-07-22,USD_10Y Treasury,2.5000
2013-07-23,USD_10Y Treasury,2.5300
2013-07-24,USD_10Y Treasury,2.6100
2013-07-25,USD_10Y Treasury,2.6100
2013-07-26,USD_10Y Treasury,2.5800
2013-07-29,USD_10Y Treasury,2.6100
2013-07-30,USD_10Y Treasury,2.6300
2013-07-31,USD_10Y Treasury,2.6000
2013-08-01,USD_10Y Treasury,2.7400
2013-08-02,USD_10Y Treasury,2.6300
2013-08-05,USD_10Y Treasury,2.6700
2013-08-06,USD_10Y Treasury,2.6700
2013-08-07,USD_10Y Treasury,2.6100
2013-08-08,USD_10Y Treasury,2.5800
2013-08-09,USD_10Y Treasury,2.5700
2013-08-12,USD_10Y Treasury,2.6100
2013-08-13,USD_10Y Treasury,2.7100
2013-08-14,USD_10Y Treasury,2.7100
2013-08-15,USD_10Y Treasury,2.7700
2013-08-16,USD_10Y Treasury,2.8400
2013-08-19,USD_10Y Treasury,2.8800
2013-08-20,USD_10Y Treasury,2.8200
2013-08-21,USD_10Y Treasury,2.8700
2013-08-22,USD_10Y Treasury,2.9000
2013-08-23,USD_10Y Treasury,2.8200
2013-08-26,USD_10Y Treasury,2.7900
2013-08-27,USD_10Y Treasury,2.7200
2013-08-28,USD_10Y Treasury,2.7800
2013-08-29,USD_10Y Treasury,2.7500
2013-08-30,USD_10Y Treasury,2.7800
2013-09-03,USD_10Y Treasury,2.8600
2013-09-04,USD_10Y Treasury,2.9000
2013-09-05,USD_10Y Treasury,2.9800
2013-09-06,USD_10Y Treasury,2.9400
2013-09-09,USD_10Y Treasury,2.9000
2013-09-10,USD_10Y Treasury,2.9600
2013-09-11,USD_10Y Treasury,2.9300
2013-09-12,USD_10Y Treasury,2.9200
2013-09-13,USD_10Y Treasury,2.9000
2013-09-16,USD_10Y Treasury,2.8800
2013-09-17,USD_10Y Treasury,2.8600
2013-09-18,USD_10Y Treasury,2.6900
2013-09-19,USD_10Y Treasury,2.7600
2013-09-20,USD_10Y Treasury,2.7500
2013-09-23,USD_10Y Treasury,2.7200
2013-09-24,USD_10Y Treasury,2.6700
2013-09-25,USD_10Y Treasury,2.6300
2013-09-26,USD_10Y Treasury,2.6600
2013-09-27,USD_10Y Treasury,2.6400
2013-09-30,USD_10Y Treasury,2.6400
2013-10-01,USD_10Y Treasury,2.6600
2013-10-02,USD_10Y Treasury,2.6300
2013-10-03,USD_10Y Treasury,2.6200
2013-10-04,USD_10Y Treasury,2.6600
2013-10-07,USD_10Y Treasury,2.6500
2013-10-08,USD_10Y Treasury,2.6600
2013-10-09,USD_10Y Treasury,2.6800
2013-10-10,USD_10Y Treasury,2.7100
2013-10-11,USD_10Y Treasury,2.7000
2013-10-15,USD_10Y Treasury,2.7500
2013-10-16,USD_10Y Treasury,2.6900
2013-10-17,USD_10Y Treasury,2.6100
2013-10-18,USD_10Y Treasury,2.6000
2013-10-21,USD_10Y Treasury,2.6300
2013-10-22,USD_10Y Treasury,2.5400
2013-10-23,USD_10Y Treasury,2.5100
2013-10-24,USD_10Y Treasury,2.5300
2013-10-25,USD_10Y Treasury,2.5300
2013-10-28,USD_10Y Treasury,2.5400
2013-10-29,USD_10Y Treasury,2.5300
2013-10-30,USD_10Y Treasury,2.5500
2013-10-31,USD_10Y Treasury,2.5700
2013-11-01,USD_10Y Treasury,2.6500
2013-11-04,USD_10Y Treasury,2.6300
2013-11-05,USD_10Y Treasury,2.6900
2013-11-06,USD_10Y Treasury,2.6700
2013-11-07,USD_10Y Treasury,2.6300
2013-11-08,USD_10Y Treasury,2.7700
2013-11-12,USD_10Y Treasury,2.8000
2013-11-13,USD_10Y Treasury,2.7500
2013-11-14,USD_10Y Treasury,2.6900
2013-11-15,USD_10Y Treasury,2.7100
2013-11-18,USD_10Y Treasury,2.6700
2013-11-19,USD_10Y Treasury,2.7100
2013-11-20,USD_10Y Treasury,2.8000
2013-11-21,USD_10Y Treasury,2.7900
2013-11-22,USD_10Y Treasury,2.7500
2013-11-25,USD_10Y Treasury,2.7400
2013-11-26,USD_10Y Treasury,2.7100
2013-11-27,USD_10Y Treasury,2.7400
2013-11-29,USD_10Y Treasury,2.7500
2013-12-02,USD_10Y Treasury,2.8100
2013-12-03,USD_10Y Treasury,2.7900
2013-12-04,USD_10Y Treasury,2.8400
2013-12-05,USD_10Y Treasury,2.8800
2013-12-06,USD_10Y Treasury,2.8800
2013-12-09,USD_10Y Treasury,2.8600
2013-12-10,USD_10Y Treasury,2.8100
2013-12-11,USD_10Y Treasury,2.8600
2013-12-12,USD_10Y Treasury,2.8900
2013-12-13,USD_10Y Treasury,2.8800
2013-12-16,USD_10Y Treasury,2.8900
2013-12-17,USD_10Y Treasury,2.8500
2013-12-18,USD_10Y Treasury,2.8900
2013-12-19,USD_10Y Treasury,2.9400
2013-12-20,USD_10Y Treasury,2.8900
2013-12-23,USD_10Y Treasury,2.9400
2013-12-24,USD_10Y Treasury,2.9900
2013-12-26,USD_10Y Treasury,3.0000
2013-12-27,USD_10Y Treasury,3.0200
2013-12-30,USD_10Y Treasury,2.9900
2013-12-31,USD_10Y Treasury,3.0400
2014-01-02,USD_10Y Treasury,3.0000
2014-01-03,USD_10Y Treasury,3.0100
2014-01-06,USD_10Y Treasury,2.9800
2014-01-07,USD_10Y Treasury,2.9600
2014-01-08,USD_10Y Treasury,3.0100
2014-01-09,USD_10Y Treasury,2.9700
2014-01-10,USD_10Y Treasury,2.8800
2014-01-13,USD_10Y Treasury,2.8400
2014-01-14,USD_10Y Treasury,2.8800
2014-01-15,USD_10Y Treasury,2.9000
2014-01-16,USD_10Y Treasury,2.8600
2014-01-17,USD_10Y Treasury,2.8400
2014-01-21,USD_10Y Treasury,2.8500
2014-01-22,USD_10Y Treasury,2.8700
2014-01-23,USD_10Y Treasury,2.7900
2014-01-24,USD_10Y Treasury,2.7500
2014-01-27,USD_10Y Treasury,2.7800
2014-01-28,USD_10Y Treasury,2.7700
2014-01-29,USD_10Y Treasury,2.6900
2014-01-30,USD_10Y Treasury,2.7200
2014-01-31,USD_10Y Treasury,2.6700
2014-02-03,USD_10Y Treasury,2.6100
2014-02-04,USD_10Y Treasury,2.6400
2014-02-05,USD_10Y Treasury,2.7000
2014-02-06,USD_10Y Treasury,2.7300
2014-02-07,USD_10Y Treasury,2.7100
2014-02-10,USD_10Y Treasury,2.7000
2014-02-11,USD_10Y Treasury,2.7500
2014-02-12,USD_10Y Treasury,2.8000
2014-02-13,USD_10Y Treasury,2.7300
2014-02-14,USD_10Y Treasury,2.7500
2014-02-18,USD_10Y Treasury,2.7100
2014-02-19,USD_10Y Treasury,2.7300
2014-02-20,USD_10Y Treasury,2.7600
2014-02-21,USD_10Y Treasury,2.7300
2014-02-24,USD_10Y Treasury,2.7500
2014-02-25,USD_10Y Treasury,2.7000
2014-02-26,USD_10Y Treasury,2.6700
2014-02-27,USD_10Y Treasury,2.6500
2014-02-28,USD_10Y Treasury,2.6600
2014-03-03,USD_10Y Treasury,2.6000
2014-03-04,USD_10Y Treasury,2.7000
2014-03-05,USD_10Y Treasury,2.7000
2014-03-06,USD_10Y Treasury,2.7400
2014-03-07,USD_10Y Treasury,2.8000
2014-03-10,USD_10Y Treasury,2.7900
2014-03-11,USD_10Y Treasury,2.7700
2014-03-12,USD_10Y Treasury,2.7300
2014-03-13,USD_10Y Treasury,2.6600
2014-03-14,USD_10Y Treasury,2.6500
2014-03-17,USD_10Y Treasury,2.7000
2014-03-18,USD_10Y Treasury,2.6800
2014-03-19,USD_10Y Treasury,2.7800
2014-03-20,USD_10Y Treasury,2.7900
2014-03-21,USD_10Y Treasury,2.7500
2014-03-24,USD_10Y Treasury,2.7400
2014-03-25,USD_10Y Treasury,2.7500
2014-03-26,USD_10Y Treasury,2.7100
2014-03-27,USD_10Y Treasury,2.6900
2014-03-28,USD_10Y Treasury,2.7300
2014-03-31,USD_10Y Treasury,2.7300
2014-04-01,USD_10Y Treasury,2.7700
2014-04-02,USD_10Y Treasury,2.8200
2014-04-03,USD_10Y Treasury,2.8000
2014-04-04,USD_10Y Treasury,2.7400
2014-04-07,USD_10Y Treasury,2.7100
2014-04-08,USD_10Y Treasury,2.6900
2014-04-09,USD_10Y Treasury,2.7100
2014-04-10,USD_10Y Treasury,2.6500
2014-04-11,USD_10Y Treasury,2.6300
2014-04-14,USD_10Y Treasury,2.6500
2014-04-15,USD_10Y Treasury,2.6400
2014-04-16,USD_10Y Treasury,2.6500
2014-04-17,USD_10Y Treasury,2.7300
2014-04-21,USD_10Y Treasury,2.7300
2014-04-22,USD_10Y Treasury,2.7300
2014-04-23,USD_10Y Treasury,2.7000
2014-04-24,USD_10Y Treasury,2.7000
2014-04-25,USD_10Y Treasury,2.6800
2014-04-28,USD_10Y Treasury,2.7000
2014-04-29,USD_10Y Treasury,2.7100
2014-04-30,USD_10Y Treasury,2.6700
2014-05-01,USD_10Y Treasury,2.6300
2014-05-02,USD_10Y Treasury,2.6000
2014-05-05,USD_10Y Treasury,2.6300
2014-05-06,USD_10Y Treasury,2.6100
2014-05-07,USD_10Y Treasury,2.6200
2014-05-08,USD_10Y Treasury,2.6100
2014-05-09,USD_10Y Treasury,2.6200
2014-05-12,USD_10Y Treasury,2.6600
2014-05-13,USD_10Y Treasury,2.6100
2014-05-14,USD_10Y Treasury,2.5400
2014-05-15,USD_10Y Treasury,2.5000
2014-05-16,USD_10Y Treasury,2.5200
2014-05-19,USD_10Y Treasury,2.5400
2014-05-20,USD_10Y Treasury,2.5200
2014-05-21,USD_10Y Treasury,2.5400
2014-05-22,USD_10Y Treasury,2.5600
2014-05-23,USD_10Y Treasury,2.5400
2014-05-27,USD_10Y Treasury,2.5200
2014-05-28,USD_10Y Treasury,2.4400
2014-05-29,USD_10Y Treasury,2.4500
2014-05-30,USD_10Y Treasury,2.4800
2014-06-02,USD_10Y Treasury,2.5400
2014-06-03,USD_10Y Treasury,2.6000
2014-06-04,USD_10Y Treasury,2.6100
2014-06-05,USD_10Y Treasury,2.5900
2014-06-06,USD_10Y Treasury,2.6000
2014-06-09,USD_10Y Treasury,2.6200
2014-06-10,USD_10Y Treasury,2.6400
2014-06-11,USD_10Y Treasury,2.6500
2014-06-12,USD_10Y Treasury,2.5800
2014-06-13,USD_10Y Treasury,2.6000
2014-06-16,USD_10Y Treasury,2.6100
2014-06-17,USD_10Y Treasury,2.6600
2014-06-18,USD_10Y Treasury,2.6100
2014-06-19,USD_10Y Treasury,2.6400
2014-06-20,USD_10Y Treasury,2.6300
2014-06-23,USD_10Y Treasury,2.6300
2014-06-24,USD_10Y Treasury,2.5900
2014-06-25,USD_10Y Treasury,2.5700
2014-06-26,USD_10Y Treasury,2.5300
2014-06-27,USD_10Y Treasury,2.5400
2014-06-30,USD_10Y Treasury,2.5300
2014-07-01,USD_10Y Treasury,2.5800
2014-07-02,USD_10Y Treasury,2.6400
2014-07-03,USD_10Y Treasury,2.6500
2014-07-07,USD_10Y Treasury,2.6300
2014-07-08,USD_10Y Treasury,2.5800
2014-07-09,USD_10Y Treasury,2.5700
2014-07-10,USD_10Y Treasury,2.5500
2014-07-11,USD_10Y Treasury,2.5300
2014-07-14,USD_10Y Treasury,2.5500
2014-07-15,USD_10Y Treasury,2.5600
2014-07-16,USD_10Y Treasury,2.5500
2014-07-17,USD_10Y Treasury,2.4700
2014-07-18,USD_10Y Treasury,2.5000
2014-07-21,USD_10Y Treasury,2.4900
2014-07-22,USD_10Y Treasury,2.4800
2014-07-23,USD_10Y Treasury,2.4800
2014-07-24,USD_10Y Treasury,2.5200
2014-07-25,USD_10Y Treasury,2.4800
2014-07-28,USD_10Y Treasury,2.5000
2014-07-29,USD_10Y Treasury,2.4700
2014-07-30,USD_10Y Treasury,2.5700
2014-07-31,USD_10Y Treasury,2.5800
2014-08-01,USD_10Y Treasury,2.5200
2014-08-04,USD_10Y Treasury,2.5100
2014-08-05,USD_10Y Treasury,2.4900
2014-08-06,USD_10Y Treasury,2.4900
2014-08-07,USD_10Y Treasury,2.4300
2014-08-08,USD_10Y Treasury,2.4400
2014-08-11,USD_10Y Treasury,2.4400
2014-08-12,USD_10Y Treasury,2.4600
2014-08-13,USD_10Y Treasury,2.4300
2014-08-14,USD_10Y Treasury,2.4000
2014-08-15,USD_10Y Treasury,2.3400
2014-08-18,USD_10Y Treasury,2.3900
2014-08-19,USD_10Y Treasury,2.4000
2014-08-20,USD_10Y Treasury,2.4300
2014-08-21,USD_10Y Treasury,2.4100
2014-08-22,USD_10Y Treasury,2.4000
2014-08-25,USD_10Y Treasury,2.3900
2014-08-26,USD_10Y Treasury,2.3900
2014-08-27,USD_10Y Treasury,2.3700
2014-08-28,USD_10Y Treasury,2.3400
2014-08-29,USD_10Y Treasury,2.3500
2014-09-02,USD_10Y Treasury,2.4200
2014-09-03,USD_10Y Treasury,2.4100
2014-09-04,USD_10Y Treasury,2.4500
2014-09-05,USD_10Y Treasury,2.4600
2014-09-08,USD_10Y Treasury,2.4800
2014-09-09,USD_10Y Treasury,2.5000
2014-09-10,USD_10Y Treasury,2.5400
2014-09-11,USD_10Y Treasury,2.5400
2014-09-12,USD_10Y Treasury,2.6200
2014-09-15,USD_10Y Treasury,2.6000
2014-09-16,USD_10Y Treasury,2.6000
2014-09-17,USD_10Y Treasury,2.6200
2014-09-18,USD_10Y Treasury,2.6300
2014-09-19,USD_10Y Treasury,2.5900
2014-09-22,USD_10Y Treasury,2.5700
2014-09-23,USD_10Y Treasury,2.5400
2014-09-24,USD_10Y Treasury,2.5700
2014-09-25,USD_10Y Treasury,2.5200
2014-09-26,USD_10Y Treasury,2.5400
2014-09-29,USD_10Y Treasury,2.5000
2014-09-30,USD_10Y Treasury,2.5200
2014-10-01,USD_10Y Treasury,2.4200
2014-10-02,USD_10Y Treasury,2.4400
2014-10-03,USD_10Y Treasury,2.4500
2014-10-06,USD_10Y Treasury,2.4300
2014-10-07,USD_10Y Treasury,2.3600
2014-10-08,USD_10Y Treasury,2.3500
2014-10-09,USD_10Y Treasury,2.3400
2014-10-10,USD_10Y Treasury,2.3100
2014-10-14,USD_10Y Treasury,2.2100
2014-10-15,USD_10Y Treasury,2.1500
2014-10-16,USD_10Y Treasury,2.1700
2014-10-17,USD_10Y Treasury,2.2200
2014-10-20,USD_10Y Treasury,2.2000
2014-10-21,USD_10Y Treasury,2.2300
2014-10-22,USD_10Y Treasury,2.2500
2014-10-23,USD_10Y Treasury,2.2900
2014-10-24,USD_10Y Treasury,2.2900
2014-10-27,USD_10Y Treasury,2.2700
2014-10-28,USD_10Y Treasury,2.3000
2014-10-29,USD_10Y Treasury,2.3400
2014-10-30,USD_10Y Treasury,2.3200
2014-10-31,USD_10Y Treasury,2.3500
2014-11-03,USD_10Y Treasury,2.3600
2014-11-04,USD_10Y Treasury,2.3500
2014-11-05,USD_10Y Treasury,2.3600
2014-11-06,USD_10Y Treasury,2.3900
2014-11-07,USD_10Y Treasury,2.3200
2014-11-10,USD_10Y Treasury,2.3800
2014-11-12,USD_10Y Treasury,2.3700
2014-11-13,USD_10Y Treasury,2.3500
2014-11-14,USD_10Y Treasury,2.3200
2014-11-17,USD_10Y Treasury,2.3400
2014-11-18,USD_10Y Treasury,2.3200
2014-11-19,USD_10Y Treasury,2.3600
2014-11-20,USD_10Y Treasury,2.3400
2014-11-21,USD_10Y Treasury,2.3100
2014-11-24,USD_10Y Treasury,2.3000
2014-11-25,USD_10Y Treasury,2.2700
2014-11-26,USD_10Y Treasury,2.2400
2014-11-28,USD_10Y Treasury,2.1800
2014-12-01,USD_10Y Treasury,2.2200
2014-12-02,USD_10Y Treasury,2.2800
2014-12-03,USD_10Y Treasury,2.2900
2014-12-04,USD_10Y Treasury,2.2500
2014-12-05,USD_10Y Treasury,2.3100
2014-12-08,USD_10Y Treasury,2.2600
2014-12-09,USD_10Y Treasury,2.2200
2014-12-10,USD_10Y Treasury,2.1800
2014-12-11,USD_10Y Treasury,2.1900
2014-12-12,USD_10Y Treasury,2.1000
2014-12-15,USD_10Y Treasury,2.1200
2014-12-16,USD_10Y Treasury,2.0700
2014-12-17,USD_10Y Treasury,2.1400
2014-12-18,USD_10Y Treasury,2.2200
2014-12-19,USD_10Y Treasury,2.1700
2014-12-22,USD_10Y Treasury,2.1700
2014-12-23,USD_10Y Treasury,2.2600
2014-12-24,USD_10Y Treasury,2.2700
2014-12-26,USD_10Y Treasury,2.2500
2014-12-29,USD_10Y Treasury,2.2200
2014-12-30,USD_10Y Treasury,2.2000
2014-12-31,USD_10Y Treasury,2.1700
2015-01-02,USD_10Y Treasury,2.1200
2015-01-05,USD_10Y Treasury,2.0400
2015-01-06,USD_10Y Treasury,1.9700
2015-01-07,USD_10Y Treasury,1.9600
2015-01-08,USD_10Y Treasury,2.0300
2015-01-09,USD_10Y Treasury,1.9800
2015-01-12,USD_10Y Treasury,1.9200
2015-01-13,USD_10Y Treasury,1.9100
2015-01-14,USD_10Y Treasury,1.8600
2015-01-15,USD_10Y Treasury,1.7700
2015-01-16,USD_10Y Treasury,1.8300
2015-01-20,USD_10Y Treasury,1.8200
2015-01-21,USD_10Y Treasury,1.8700
2015-01-22,USD_10Y Treasury,1.9000
2015-01-23,USD_10Y Treasury,1.8100
2015-01-26,USD_10Y Treasury,1.8300
2015-01-27,USD_10Y Treasury,1.8300
2015-01-28,USD_10Y Treasury,1.7300
2015-01-29,USD_10Y Treasury,1.7700
2015-01-30,USD_10Y Treasury,1.6800
2015-02-02,USD_10Y Treasury,1.6800
2015-02-03,USD_10Y Treasury,1.7900
2015-02-04,USD_10Y Treasury,1.8100
2015-02-05,USD_10Y Treasury,1.8300
2015-02-06,USD_10Y Treasury,1.9500
2015-02-09,USD_10Y Treasury,1.9600
2015-02-10,USD_10Y Treasury,2.0100
2015-02-11,USD_10Y Treasury,2.0000
2015-02-12,USD_10Y Treasury,1.9900
2015-02-13,USD_10Y Treasury,2.0200
2015-02-17,USD_10Y Treasury,2.1400
2015-02-18,USD_10Y Treasury,2.0700
2015-02-19,USD_10Y Treasury,2.1100
2015-02-20,USD_10Y Treasury,2.1300
2015-02-23,USD_10Y Treasury,2.0600
2015-02-24,USD_10Y Treasury,1.9900
2015-02-25,USD_10Y Treasury,1.9600
2015-02-26,USD_10Y Treasury,2.0300
2015-02-27,USD_10Y Treasury,2.0000
2015-03-02,USD_10Y Treasury,2.0800
2015-03-03,USD_10Y Treasury,2.1200
2015-03-04,USD_10Y Treasury,2.1200
2015-03-05,USD_10Y Treasury,2.1100
2015-03-06,USD_10Y Treasury,2.2400
2015-03-09,USD_10Y Treasury,2.2000
2015-03-10,USD_10Y Treasury,2.1400
2015-03-11,USD_10Y Treasury,2.1100
2015-03-12,USD_10Y Treasury,2.1000
2015-03-13,USD_10Y Treasury,2.1300
2015-03-16,USD_10Y Treasury,2.1000
2015-03-17,USD_10Y Treasury,2.0600
2015-03-18,USD_10Y Treasury,1.9300
2015-03-19,USD_10Y Treasury,1.9800
2015-03-20,USD_10Y Treasury,1.9300
2015-03-23,USD_10Y Treasury,1.9200
2015-03-24,USD_10Y Treasury,1.8800
2015-03-25,USD_10Y Treasury,1.9300
2015-03-26,USD_10Y Treasury,2.0100
2015-03-27,USD_10Y Treasury,1.9500
2015-03-30,USD_10Y Treasury,1.9600
2015-03-31,USD_10Y Treasury,1.9400
2015-04-01,USD_10Y Treasury,1.8700
2015-04-02,USD_10Y Treasury,1.9200
2015-04-03,USD_10Y Treasury,1.8500
2015-04-06,USD_10Y Treasury,1.9200
2015-04-07,USD_10Y Treasury,1.8900
2015-04-08,USD_10Y Treasury,1.9200
2015-04-09,USD_10Y Treasury,1.9700
2015-04-10,USD_10Y Treasury,1.9600
2015-04-13,USD_10Y Treasury,1.9400
2015-04-14,USD_10Y Treasury,1.9000
2015-04-15,USD_10Y Treasury,1.9100
2015-04-16,USD_10Y Treasury,1.9000
2015-04-17,USD_10Y Treasury,1.8700
2015-04-20,USD_10Y Treasury,1.9000
2015-04-21,USD_10Y Treasury,1.9200
2015-04-22,USD_10Y Treasury,1.9900
2015-04-23,USD_10Y Treasury,1.9600
2015-04-24,USD_10Y Treasury,1.9300
2015-04-27,USD_10Y Treasury,1.9400
2015-04-28,USD_10Y Treasury,2.0000
2015-04-29,USD_10Y Treasury,2.0600
2015-04-30,USD_10Y Treasury,2.0500
2015-05-01,USD_10Y Treasury,2.1200
2015-05-04,USD_10Y Treasury,2.1600
2015-05-05,USD_10Y Treasury,2.1900
2015-05-06,USD_10Y Treasury,2.2500
2015-05-07,USD_10Y Treasury,2.1800
2015-05-08,USD_10Y Treasury,2.1600
2015-05-11,USD_10Y Treasury,2.2800
2015-05-12,USD_10Y Treasury,2.2800
2015-05-13,USD_10Y Treasury,2.2700
2015-05-14,USD_10Y Treasury,2.2300
2015-05-15,USD_10Y Treasury,2.1400
2015-05-18,USD_10Y Treasury,2.2300
2015-05-19,USD_10Y Treasury,2.2700
2015-05-20,USD_10Y Treasury,2.2600
2015-05-21,USD_10Y Treasury,2.1900
2015-05-22,USD_10Y Treasury,2.2100
2015-05-26,USD_10Y Treasury,2.1400
2015-05-27,USD_10Y Treasury,2.1400
2015-05-28,USD_10Y Treasury,2.1300
2015-05-29,USD_10Y Treasury,2.1200
2015-06-01,USD_10Y Treasury,2.1900
2015-06-02,USD_10Y Treasury,2.2700
2015-06-03,USD_10Y Treasury,2.3800
2015-06-04,USD_10Y Treasury,2.3100
2015-06-05,USD_10Y Treasury,2.4100
2015-06-08,USD_10Y Treasury,2.3900
2015-06-09,USD_10Y Treasury,2.4200
2015-06-10,USD_10Y Treasury,2.5000
2015-06-11,USD_10Y Treasury,2.3900
2015-06-12,USD_10Y Treasury,2.3900
2015-06-15,USD_10Y Treasury,2.3600
2015-06-16,USD_10Y Treasury,2.3200
2015-06-17,USD_10Y Treasury,2.3200
2015-06-18,USD_10Y Treasury,2.3500
2015-06-19,USD_10Y Treasury,2.2600
2015-06-22,USD_10Y Treasury,2.3700
2015-06-23,USD_10Y Treasury,2.4200
2015-06-24,USD_10Y Treasury,2.3800
2015-06-25,USD_10Y Treasury,2.4000
2015-06-26,USD_10Y Treasury,2.4900
2015-06-29,USD_10Y Treasury,2.3300
2015-06-30,USD_10Y Treasury,2.3500
2015-07-01,USD_10Y Treasury,2.4300
2015-07-02,USD_10Y Treasury,2.4000
2015-07-06,USD_10Y Treasury,2.3000
2015-07-07,USD_10Y Treasury,2.2700
2015-07-08,USD_10Y Treasury,2.2200
2015-07-09,USD_10Y Treasury,2.3200
2015-07-10,USD_10Y Treasury,2.4200
2015-07-13,USD_10Y Treasury,2.4400
2015-07-14,USD_10Y Treasury,2.4100
2015-07-15,USD_10Y Treasury,2.3600
2015-07-16,USD_10Y Treasury,2.3600
2015-07-17,USD_10Y Treasury,2.3400
2015-07-20,USD_10Y Treasury,2.3800
2015-07-21,USD_10Y Treasury,2.3500
2015-07-22,USD_10Y Treasury,2.3300
2015-07-23,USD_10Y Treasury,2.2800
2015-07-24,USD_10Y Treasury,2.2700
2015-07-27,USD_10Y Treasury,2.2300
2015-07-28,USD_10Y Treasury,2.2600
2015-07-29,USD_10Y Treasury,2.2900
2015-07-30,USD_10Y Treasury,2.2800
2015-07-31,USD_10Y Treasury,2.2000
2015-08-03,USD_10Y Treasury,2.1600
2015-08-04,USD_10Y Treasury,2.2300
2015-08-05,USD_10Y Treasury,2.2800
2015-08-06,USD_10Y Treasury,2.2300
2015-08-07,USD_10Y Treasury,2.1800
2015-08-10,USD_10Y Treasury,2.2400
2015-08-11,USD_10Y Treasury,2.1500
2015-08-12,USD_10Y Treasury,2.1400
2015-08-13,USD_10Y Treasury,2.1900
2015-08-14,USD_10Y Treasury,2.2000
2015-08-17,USD_10Y Treasury,2.1600
2015-08-18,USD_10Y Treasury,2.2000
2015-08-19,USD_10Y Treasury,2.1200
2015-08-20,USD_10Y Treasury,2.0900
2015-08-21,USD_10Y Treasury,2.0500
2015-08-24,USD_10Y Treasury,2.0100
2015-08-25,USD_10Y Treasury,2.1200
2015-08-26,USD_10Y Treasury,2.1800
2015-08-27,USD_10Y Treasury,2.1800
2015-08-28,USD_10Y Treasury,2.1900
2015-08-31,USD_10Y Treasury,2.2100
2015-09-01,USD_10Y Treasury,2.1700
2015-09-02,USD_10Y Treasury,2.2000
2015-09-03,USD_10Y Treasury,2.1800
2015-09-04,USD_10Y Treasury,2.1300
2015-09-08,USD_10Y Treasury,2.2000
2015-09-09,USD_10Y Treasury,2.2100
2015-09-10,USD_10Y Treasury,2.2300
2015-09-11,USD_10Y Treasury,2.2000
2015-09-14,USD_10Y Treasury,2.1800
2015-09-15,USD_10Y Treasury,2.2800
2015-09-16,USD_10Y Treasury,2.3000
2015-09-17,USD_10Y Treasury,2.2100
2015-09-18,USD_10Y Treasury,2.1300
2015-09-21,USD_10Y Treasury,2.2000
2015-09-22,USD_10Y Treasury,2.1400
2015-09-23,USD_10Y Treasury,2.1600
2015-09-24,USD_10Y Treasury,2.1300
2015-09-25,USD_10Y Treasury,2.1700
2015-09-28,USD_10Y Treasury,2.1000
2015-09-29,USD_10Y Treasury,2.0500
2015-09-30,USD_10Y Treasury,2.0600
2015-10-01,USD_10Y Treasury,2.0500
2015-10-02,USD_10Y Treasury,1.9900
2015-10-05,USD_10Y Treasury,2.0700
2015-10-06,USD_10Y Treasury,2.0500
2015-10-07,USD_10Y Treasury,2.0800
2015-10-08,USD_10Y Treasury,2.1200
2015-10-09,USD_10Y Treasury,2.1200
2015-10-13,USD_10Y Treasury,2.0600
2015-10-14,USD_10Y Treasury,1.9900
2015-10-15,USD_10Y Treasury,2.0400
2015-10-16,USD_10Y Treasury,2.0400
2015-10-19,USD_10Y Treasury,2.0400
2015-10-20,USD_10Y Treasury,2.0800
2015-10-21,USD_10Y Treasury,2.0400
2015-10-22,USD_10Y Treasury,2.0400
2015-10-23,USD_10Y Treasury,2.0900
2015-10-26,USD_10Y Treasury,2.0700
2015-10-27,USD_10Y Treasury,2.0500
2015-10-28,USD_10Y Treasury,2.1000
2015-10-29,USD_10Y Treasury,2.1900
2015-10-30,USD_10Y Treasury,2.1600
2015-11-02,USD_10Y Treasury,2.2000
2015-11-03,USD_10Y Treasury,2.2300
2015-11-04,USD_10Y Treasury,2.2500
2015-11-05,USD_10Y Treasury,2.2600
2015-11-06,USD_10Y Treasury,2.3400
2015-11-09,USD_10Y Treasury,2.3600
2015-11-10,USD_10Y Treasury,2.3200
2015-11-12,USD_10Y Treasury,2.3200
2015-11-13,USD_10Y Treasury,2.2800
2015-11-16,USD_10Y Treasury,2.2700
2015-11-17,USD_10Y Treasury,2.2500
2015-11-18,USD_10Y Treasury,2.2700
2015-11-19,USD_10Y Treasury,2.2400
2015-11-20,USD_10Y Treasury,2.2600
2015-11-23,USD_10Y Treasury,2.2500
2015-11-24,USD_10Y Treasury,2.2400
2015-11-25,USD_10Y Treasury,2.2300
2015-11-27,USD_10Y Treasury,2.2200
2015-11-30,USD_10Y Treasury,2.2100
2015-12-01,USD_10Y Treasury,2.1500
2015-12-02,USD_10Y Treasury,2.1800
2015-12-03,USD_10Y Treasury,2.3300
2015-12-04,USD_10Y Treasury,2.2800
2015-12-07,USD_10Y Treasury,2.2300
2015-12-08,USD_10Y Treasury,2.2400
2015-12-09,USD_10Y Treasury,2.2200
2015-12-10,USD_10Y Treasury,2.2400
2015-12-11,USD_10Y Treasury,2.1300
2015-12-14,USD_10Y Treasury,2.2300
2015-12-15,USD_10Y Treasury,2.2800
2015-12-16,USD_10Y Treasury,2.3000
2015-12-17,USD_10Y Treasury,2.2400
2015-12-18,USD_10Y Treasury,2.1900
2015-12-21,USD_10Y Treasury,2.2000
2015-12-22,USD_10Y Treasury,2.2400
2015-12-23,USD_10Y Treasury,2.2700
2015-12-24,USD_10Y Treasury,2.2500
2015-12-28,USD_10Y Treasury,2.2400
2015-12-29,USD_10Y Treasury,2.3200
2015-12-30,USD_10Y Treasury,2.3100
2015-12-31,USD_10Y Treasury,2.2700
2016-01-04,USD_10Y Treasury,2.2400
2016-01-05,USD_10Y Treasury,2.2500
2016-01-06,USD_10Y Treasury,2.1800
2016-01-07,USD_10Y Treasury,2.1600
2016-01-08,USD_10Y Treasury,2.1300
2016-01-11,USD_10Y Treasury,2.1700
2016-01-12,USD_10Y Treasury,2.1200
2016-01-13,USD_10Y Treasury,2.0800
2016-01-14,USD_10Y Treasury,2.1000
2016-01-15,USD_10Y Treasury,2.0300
2016-01-19,USD_10Y Treasury,2.0600
2016-01-20,USD_10Y Treasury,2.0100
2016-01-21,USD_10Y Treasury,2.0200
2016-01-22,USD_10Y Treasury,2.0700
2016-01-25,USD_10Y Treasury,2.0300
2016-01-26,USD_10Y Treasury,2.0100
2016-01-27,USD_10Y Treasury,2.0200
2016-01-28,USD_10Y Treasury,2.0000
2016-01-29,USD_10Y Treasury,1.9400
2016-02-01,USD_10Y Treasury,1.9700
2016-02-02,USD_10Y Treasury,1.8700
2016-02-03,USD_10Y Treasury,1.8800
2016-02-04,USD_10Y Treasury,1.8700
2016-02-05,USD_10Y Treasury,1.8600
2016-02-08,USD_10Y Treasury,1.7500
2016-02-09,USD_10Y Treasury,1.7400
2016-02-10,USD_10Y Treasury,1.7100
2016-02-11,USD_10Y Treasury,1.6300
2016-02-12,USD_10Y Treasury,1.7400
2016-02-16,USD_10Y Treasury,1.7800
2016-02-17,USD_10Y Treasury,1.8100
2016-02-18,USD_10Y Treasury,1.7500
2016-02-19,USD_10Y Treasury,1.7600
2016-02-22,USD_10Y Treasury,1.7700
2016-02-23,USD_10Y Treasury,1.7400
2016-02-24,USD_10Y Treasury,1.7500
2016-02-25,USD_10Y Treasury,1.7100
2016-02-26,USD_10Y Treasury,1.7600
2016-02-29,USD_10Y Treasury,1.7400
2016-03-01,USD_10Y Treasury,1.8300
2016-03-02,USD_10Y Treasury,1.8400
2016-03-03,USD_10Y Treasury,1.8300
2016-03-04,USD_10Y Treasury,1.8800
2016-03-07,USD_10Y Treasury,1.9100
2016-03-08,USD_10Y Treasury,1.8300
2016-03-09,USD_10Y Treasury,1.9000
2016-03-10,USD_10Y Treasury,1.9300
2016-03-11,USD_10Y Treasury,1.9800
2016-03-14,USD_10Y Treasury,1.9700
2016-03-15,USD_10Y Treasury,1.9700
2016-03-16,USD_10Y Treasury,1.9400
2016-03-17,USD_10Y Treasury,1.9100
2016-03-18,USD_10Y Treasury,1.8800
2016-03-21,USD_10Y Treasury,1.9200
2016-03-22,USD_10Y Treasury,1.9400
2016-03-23,USD_10Y Treasury,1.8800
2016-03-24,USD_10Y Treasury,1.9100
2016-03-28,USD_10Y Treasury,1.8900
2016-03-29,USD_10Y Treasury,1.8100
2016-03-30,USD_10Y Treasury,1.8300
2016-03-31,USD_10Y Treasury,1.7800
2016-04-01,USD_10Y Treasury,1.7900
2016-04-04,USD_10Y Treasury,1.7800
2016-04-05,USD_10Y Treasury,1.7300
2016-04-06,USD_10Y Treasury,1.7600
2016-04-07,USD_10Y Treasury,1.7000
2016-04-08,USD_10Y Treasury,1.7200
2016-04-11,USD_10Y Treasury,1.7300
2016-04-12,USD_10Y Treasury,1.7900
2016-04-13,USD_10Y Treasury,1.7700
2016-04-14,USD_10Y Treasury,1.8000
2016-04-15,USD_10Y Treasury,1.7600
2016-04-18,USD_10Y Treasury,1.7800
2016-04-19,USD_10Y Treasury,1.7900
2016-04-20,USD_10Y Treasury,1.8500
2016-04-21,USD_10Y Treasury,1.8800
2016-04-22,USD_10Y Treasury,1.8900
2016-04-25,USD_10Y Treasury,1.9100
2016-04-26,USD_10Y Treasury,1.9400
2016-04-27,USD_10Y Treasury,1.8700
2016-04-28,USD_10Y Treasury,1.8400
2016-04-29,USD_10Y Treasury,1.8300
2016-05-02,USD_10Y Treasury,1.8800
2016-05-03,USD_10Y Treasury,1.8100
2016-05-04,USD_10Y Treasury,1.7900
2016-05-05,USD_10Y Treasury,1.7600
2016-05-06,USD_10Y Treasury,1.7900
2016-05-09,USD_10Y Treasury,1.7700
2016-05-10,USD_10Y Treasury,1.7700
2016-05-11,USD_10Y Treasury,1.7300
2016-05-12,USD_10Y Treasury,1.7500
2016-05-13,USD_10Y Treasury,1.7100
2016-05-16,USD_10Y Treasury,1.7500
2016-05-17,USD_10Y Treasury,1.7600
2016-05-18,USD_10Y Treasury,1.8700
2016-05-19,USD_10Y Treasury,1.8500
2016-05-20,USD_10Y Treasury,1.8500
2016-05-23,USD_10Y Treasury,1.8400
2016-05-24,USD_10Y Treasury,1.8600
2016-05-25,USD_10Y Treasury,1.8700
2016-05-26,USD_10Y Treasury,1.8300
2016-05-27,USD_10Y Treasury,1.8500
2016-05-31,USD_10Y Treasury,1.8400
2016-06-01,USD_10Y Treasury,1.8500
2016-06-02,USD_10Y Treasury,1.8100
2016-06-03,USD_10Y Treasury,1.7100
2016-06-06,USD_10Y Treasury,1.7300
2016-06-07,USD_10Y Treasury,1.7200
2016-06-08,USD_10Y Treasury,1.7100
2016-06-09,USD_10Y Treasury,1.6800
2016-06-10,USD_10Y Treasury,1.6400
2016-06-13,USD_10Y Treasury,1.6200
2016-06-14,USD_10Y Treasury,1.6200
2016-06-15,USD_10Y Treasury,1.6000
2016-06-16,USD_10Y Treasury,1.5700
2016-06-17,USD_10Y Treasury,1.6200
2016-06-20,USD_10Y Treasury,1.6700
2016-06-21,USD_10Y Treasury,1.7100
2016-06-22,USD_10Y Treasury,1.6900
2016-06-23,USD_10Y Treasury,1.7400
2016-06-24,USD_10Y Treasury,1.5700
2016-06-27,USD_10Y Treasury,1.4600
2016-06-28,USD_10Y Treasury,1.4600
2016-06-29,USD_10Y Treasury,1.5000
2016-06-30,USD_10Y Treasury,1.4900
2016-07-01,USD_10Y Treasury,1.4600
2016-07-05,USD_10Y Treasury,1.3700
2016-07-06,USD_10Y Treasury,1.3800
2016-07-07,USD_10Y Treasury,1.4000
2016-07-08,USD_10Y Treasury,1.3700
2016-07-11,USD_10Y Treasury,1.4300
2016-07-12,USD_10Y Treasury,1.5300
2016-07-13,USD_10Y Treasury,1.4800
2016-07-14,USD_10Y Treasury,1.5300
2016-07-15,USD_10Y Treasury,1.6000
2016-07-18,USD_10Y Treasury,1.5900
2016-07-19,USD_10Y Treasury,1.5600
2016-07-20,USD_10Y Treasury,1.5900
2016-07-21,USD_10Y Treasury,1.5700
2016-07-22,USD_10Y Treasury,1.5700
2016-07-25,USD_10Y Treasury,1.5800
2016-07-26,USD_10Y Treasury,1.5700
2016-07-27,USD_10Y Treasury,1.5200
2016-07-28,USD_10Y Treasury,1.5200
2016-07-29,USD_10Y Treasury,1.4600
2016-08-01,USD_10Y Treasury,1.5100
2016-08-02,USD_10Y Treasury,1.5500
2016-08-03,USD_10Y Treasury,1.5500
2016-08-04,USD_10Y Treasury,1.5100
2016-08-05,USD_10Y Treasury,1.5900
2016-08-08,USD_10Y Treasury,1.5900
2016-08-09,USD_10Y Treasury,1.5500
2016-08-10,USD_10Y Treasury,1.5000
2016-08-11,USD_10Y Treasury,1.5700
2016-08-12,USD_10Y Treasury,1.5100
2016-08-15,USD_10Y Treasury,1.5500
2016-08-16,USD_10Y Treasury,1.5700
2016-08-17,USD_10Y Treasury,1.5600
2016-08-18,USD_10Y Treasury,1.5300
2016-08-19,USD_10Y Treasury,1.5800
2016-08-22,USD_10Y Treasury,1.5500
2016-08-23,USD_10Y Treasury,1.5500
2016-08-24,USD_10Y Treasury,1.5600
2016-08-25,USD_10Y Treasury,1.5800
2016-08-26,USD_10Y Treasury,1.6200
2016-08-29,USD_10Y Treasury,1.5700
2016-08-30,USD_10Y Treasury,1.5700
2016-08-31,USD_10Y Treasury,1.5800
2016-09-01,USD_10Y Treasury,1.5700
2016-09-02,USD_10Y Treasury,1.6000
2016-09-06,USD_10Y Treasury,1.5500
2016-09-07,USD_10Y Treasury,1.5400
2016-09-08,USD_10Y Treasury,1.6100
2016-09-09,USD_10Y Treasury,1.6700
2016-09-12,USD_10Y Treasury,1.6800
2016-09-13,USD_10Y Treasury,1.7300
2016-09-14,USD_10Y Treasury,1.7000
2016-09-15,USD_10Y Treasury,1.7100
2016-09-16,USD_10Y Treasury,1.7000
2016-09-19,USD_10Y Treasury,1.7000
2016-09-20,USD_10Y Treasury,1.6900
2016-09-21,USD_10Y Treasury,1.6600
2016-09-22,USD_10Y Treasury,1.6300
2016-09-23,USD_10Y Treasury,1.6200
2016-09-26,USD_10Y Treasury,1.5900
2016-09-27,USD_10Y Treasury,1.5600
2016-09-28,USD_10Y Treasury,1.5700
2016-09-29,USD_10Y Treasury,1.5600
2016-09-30,USD_10Y Treasury,1.6000
2016-10-03,USD_10Y Treasury,1.6300
2016-10-04,USD_10Y Treasury,1.6900
2016-10-05,USD_10Y Treasury,1.7200
2016-10-06,USD_10Y Treasury,1.7500
2016-10-07,USD_10Y Treasury,1.7300
2016-10-11,USD_10Y Treasury,1.7700
2016-10-12,USD_10Y Treasury,1.7900
2016-10-13,USD_10Y Treasury,1.7500
2016-10-14,USD_10Y Treasury,1.8000
2016-10-17,USD_10Y Treasury,1.7700
2016-10-18,USD_10Y Treasury,1.7500
2016-10-19,USD_10Y Treasury,1.7600
2016-10-20,USD_10Y Treasury,1.7600
2016-10-21,USD_10Y Treasury,1.7400
2016-10-24,USD_10Y Treasury,1.7700
2016-10-25,USD_10Y Treasury,1.7700
2016-10-26,USD_10Y Treasury,1.7900
2016-10-27,USD_10Y Treasury,1.8500
2016-10-28,USD_10Y Treasury,1.8600
2016-10-31,USD_10Y Treasury,1.8400
2016-11-01,USD_10Y Treasury,1.8300
2016-11-02,USD_10Y Treasury,1.8100
2016-11-03,USD_10Y Treasury,1.8200
2016-11-04,USD_10Y Treasury,1.7900
2016-11-07,USD_10Y Treasury,1.8300
2016-11-08,USD_10Y Treasury,1.8800
2016-11-09,USD_10Y Treasury,2.0700
2016-11-10,USD_10Y Treasury,2.1500
2016-11-14,USD_10Y Treasury,2.2300
2016-11-15,USD_10Y Treasury,2.2300
2016-11-16,USD_10Y Treasury,2.2200
2016-11-17,USD_10Y Treasury,2.2900
2016-11-18,USD_10Y Treasury,2.3400
2016-11-21,USD_10Y Treasury,2.3300
2016-11-22,USD_10Y Treasury,2.3100
2016-11-23,USD_10Y Treasury,2.3600
2016-11-25,USD_10Y Treasury,2.3600
2016-11-28,USD_10Y Treasury,2.3200
2016-11-29,USD_10Y Treasury,2.3000
2016-11-30,USD_10Y Treasury,2.3700
2016-12-01,USD_10Y Treasury,2.4500
2016-12-02,USD_10Y Treasury,2.4000
2016-12-05,USD_10Y Treasury,2.3900
2016-12-06,USD_10Y Treasury,2.3900
2016-12-07,USD_10Y Treasury,2.3400
2016-12-08,USD_10Y Treasury,2.4000
2016-12-09,USD_10Y Treasury,2.4700
2016-12-12,USD_10Y Treasury,2.4900
2016-12-13,USD_10Y Treasury,2.4800
2016-12-14,USD_10Y Treasury,2.5400
2016-12-15,USD_10Y Treasury,2.6000
2016-12-16,USD_10Y Treasury,2.6000
2016-12-19,USD_10Y Treasury,2.5400
2016-12-20,USD_10Y Treasury,2.5700
2016-12-21,USD_10Y Treasury,2.5500
2016-12-22,USD_10Y Treasury,2.5500
2016-12-23,USD_10Y Treasury,2.5500
2016-12-27,USD_10Y Treasury,2.5700
2016-12-28,USD_10Y Treasury,2.5100
2016-12-29,USD_10Y Treasury,2.4900
2016-12-30,USD_10Y Treasury,2.4500
2017-01-03,USD_10Y Treasury,2.4500
2017-01-04,USD_10Y Treasury,2.4600
2017-01-05,USD_10Y Treasury,2.3700
2017-01-06,USD_10Y Treasury,2.4200
2017-01-09,USD_10Y Treasury,2.3800
2017-01-10,USD_10Y Treasury,2.3800
2017-01-11,USD_10Y Treasury,2.3800
2017-01-12,USD_10Y Treasury,2.3600
2017-01-13,USD_10Y Treasury,2.4000
2017-01-17,USD_10Y Treasury,2.3300
2017-01-18,USD_10Y Treasury,2.4200
2017-01-19,USD_10Y Treasury,2.4700
2017-01-20,USD_10Y Treasury,2.4800
2017-01-23,USD_10Y Treasury,2.4100
2017-01-24,USD_10Y Treasury,2.4700
2017-01-25,USD_10Y Treasury,2.5300
2017-01-26,USD_10Y Treasury,2.5100
2017-01-27,USD_10Y Treasury,2.4900
2017-01-30,USD_10Y Treasury,2.4900
2017-01-31,USD_10Y Treasury,2.4500
2017-02-01,USD_10Y Treasury,2.4800
2017-02-02,USD_10Y Treasury,2.4800
2017-02-03,USD_10Y Treasury,2.4900
2017-02-06,USD_10Y Treasury,2.4200
2017-02-07,USD_10Y Treasury,2.4000
2017-02-08,USD_10Y Treasury,2.3400
2017-02-09,USD_10Y Treasury,2.4000
2017-02-10,USD_10Y Treasury,2.4100
2017-02-13,USD_10Y Treasury,2.4300
2017-02-14,USD_10Y Treasury,2.4700
2017-02-15,USD_10Y Treasury,2.5100
2017-02-16,USD_10Y Treasury,2.4500
2017-02-17,USD_10Y Treasury,2.4200
2017-02-21,USD_10Y Treasury,2.4300
2017-02-22,USD_10Y Treasury,2.4200
2017-02-23,USD_10Y Treasury,2.3800
2017-02-24,USD_10Y Treasury,2.3100
2017-02-27,USD_10Y Treasury,2.3600
2017-02-28,USD_10Y Treasury,2.3600
2017-03-01,USD_10Y Treasury,2.4600
2017-03-02,USD_10Y Treasury,2.4900
2017-03-03,USD_10Y Treasury,2.4900
2017-03-06,USD_10Y Treasury,2.4900
2017-03-07,USD_10Y Treasury,2.5200
2017-03-08,USD_10Y Treasury,2.5700
2017-03-09,USD_10Y Treasury,2.6000
2017-03-10,USD_10Y Treasury,2.5800
2017-03-13,USD_10Y Treasury,2.6200
2017-03-14,USD_10Y Treasury,2.6000
2017-03-15,USD_10Y Treasury,2.5100
2017-03-16,USD_10Y Treasury,2.5300
2017-03-17,USD_10Y Treasury,2.5000
2017-03-20,USD_10Y Treasury,2.4700
2017-03-21,USD_10Y Treasury,2.4300
2017-03-22,USD_10Y Treasury,2.4000
2017-03-23,USD_10Y Treasury,2.4100
2017-03-24,USD_10Y Treasury,2.4000
2017-03-27,USD_10Y Treasury,2.3800
2017-03-28,USD_10Y Treasury,2.4200
2017-03-29,USD_10Y Treasury,2.3900
2017-03-30,USD_10Y Treasury,2.4200
2017-03-31,USD_10Y Treasury,2.4000
2017-04-03,USD_10Y Treasury,2.3500
2017-04-04,USD_10Y Treasury,2.3600
2017-04-05,USD_10Y Treasury,2.3400
2017-04-06,USD_10Y Treasury,2.3400
2017-04-07,USD_10Y Treasury,2.3800
2017-04-10,USD_10Y Treasury,2.3700
2017-04-11,USD_10Y Treasury,2.3200
2017-04-12,USD_10Y Treasury,2.2800
2017-04-13,USD_10Y Treasury,2.2400
2017-04-17,USD_10Y Treasury,2.2600
2017-04-18,USD_10Y Treasury,2.1800
2017-04-19,USD_10Y Treasury,2.2100
2017-04-20,USD_10Y Treasury,2.2400
2017-04-21,USD_10Y Treasury,2.2400
2017-04-24,USD_10Y Treasury,2.2800
2017-04-25,USD_10Y Treasury,2.3500
2017-04-26,USD_10Y Treasury,2.3200
2017-04-27,USD_10Y Treasury,2.3000
2017-04-28,USD_10Y Treasury,2.2900
2017-05-01,USD_10Y Treasury,2.3300
2017-05-02,USD_10Y Treasury,2.2900
2017-05-03,USD_10Y Treasury,2.3300
2017-05-04,USD_10Y Treasury,2.3600
2017-05-05,USD_10Y Treasury,2.3600
2017-05-08,USD_10Y Treasury,2.3900
2017-05-09,USD_10Y Treasury,2.4200
2017-05-10,USD_10Y Treasury,2.4100
2017-05-11,USD_10Y Treasury,2.3900
2017-05-12,USD_10Y Treasury,2.3300
2017-05-15,USD_10Y Treasury,2.3400
2017-05-16,USD_10Y Treasury,2.3300
2017-05-17,USD_10Y Treasury,2.2200
2017-05-18,USD_10Y Treasury,2.2300
2017-05-19,USD_10Y Treasury,2.2300
2017-05-22,USD_10Y Treasury,2.2500
2017-05-23,USD_10Y Treasury,2.2900
2017-05-24,USD_10Y Treasury,2.2600
2017-05-25,USD_10Y Treasury,2.2500
2017-05-26,USD_10Y Treasury,2.2500
2017-05-30,USD_10Y Treasury,2.2100
2017-05-31,USD_10Y Treasury,2.2100
2017-06-01,USD_10Y Treasury,2.2100
2017-06-02,USD_10Y Treasury,2.1500
2017-06-05,USD_10Y Treasury,2.1800
2017-06-06,USD_10Y Treasury,2.1400
2017-06-07,USD_10Y Treasury,2.1800
2017-06-08,USD_10Y Treasury,2.1900
2017-06-09,USD_10Y Treasury,2.2100
2017-06-12,USD_10Y Treasury,2.2100
2017-06-13,USD_10Y Treasury,2.2100
2017-06-14,USD_10Y Treasury,2.1500
2017-06-15,USD_10Y Treasury,2.1600
2017-06-16,USD_10Y Treasury,2.1600
2017-06-19,USD_10Y Treasury,2.1900
2017-06-20,USD_10Y Treasury,2.1600
2017-06-21,USD_10Y Treasury,2.1600
2017-06-22,USD_10Y Treasury,2.1500
2017-06-23,USD_10Y Treasury,2.1500
2017-06-26,USD_10Y Treasury,2.1400
2017-06-27,USD_10Y Treasury,2.2100
2017-06-28,USD_10Y Treasury,2.2200
2017-06-29,USD_10Y Treasury,2.2700
2017-06-30,USD_10Y Treasury,2.3100
2017-07-03,USD_10Y Treasury,2.3500
2017-07-05,USD_10Y Treasury,2.3300
2017-07-06,USD_10Y Treasury,2.3700
2017-07-07,USD_10Y Treasury,2.3900
2017-07-10,USD_10Y Treasury,2.3800
2017-07-11,USD_10Y Treasury,2.3700
2017-07-12,USD_10Y Treasury,2.3300
2017-07-13,USD_10Y Treasury,2.3500
2017-07-14,USD_10Y Treasury,2.3300
2017-07-17,USD_10Y Treasury,2.3100
2017-07-18,USD_10Y Treasury,2.2700
2017-07-19,USD_10Y Treasury,2.2700
2017-07-20,USD_10Y Treasury,2.2700
2017-07-21,USD_10Y Treasury,2.2400
2017-07-24,USD_10Y Treasury,2.2600
2017-07-25,USD_10Y Treasury,2.3300
2017-07-26,USD_10Y Treasury,2.2900
2017-07-27,USD_10Y Treasury,2.3200
2017-07-28,USD_10Y Treasury,2.3000
2017-07-31,USD_10Y Treasury,2.3000
2017-08-01,USD_10Y Treasury,2.2600
2017-08-02,USD_10Y Treasury,2.2700
2017-08-03,USD_10Y Treasury,2.2400
2017-08-04,USD_10Y Treasury,2.2700
2017-08-07,USD_10Y Treasury,2.2600
2017-08-08,USD_10Y Treasury,2.2900
2017-08-09,USD_10Y Treasury,2.2400
2017-08-10,USD_10Y Treasury,2.2000
2017-08-11,USD_10Y Treasury,2.1900
2017-08-14,USD_10Y Treasury,2.2200
2017-08-15,USD_10Y Treasury,2.2700
2017-08-16,USD_10Y Treasury,2.2300
2017-08-17,USD_10Y Treasury,2.1900
2017-08-18,USD_10Y Treasury,2.1900
2017-08-21,USD_10Y Treasury,2.1800
2017-08-22,USD_10Y Treasury,2.2200
2017-08-23,USD_10Y Treasury,2.1700
2017-08-24,USD_10Y Treasury,2.1900
2017-08-25,USD_10Y Treasury,2.1700
2017-08-28,USD_10Y Treasury,2.1600
2017-08-29,USD_10Y Treasury,2.1300
2017-08-30,USD_10Y Treasury,2.1500
2017-08-31,USD_10Y Treasury,2.1200
2017-09-01,USD_10Y Treasury,2.1600
2017-09-05,USD_10Y Treasury,2.0700
2017-09-06,USD_10Y Treasury,2.1000
2017-09-07,USD_10Y Treasury,2.0500
2017-09-08,USD_10Y Treasury,2.0600
2017-09-11,USD_10Y Treasury,2.1400
2017-09-12,USD_10Y Treasury,2.1700
2017-09-13,USD_10Y Treasury,2.2000
2017-09-14,USD_10Y Treasury,2.2000
2017-09-15,USD_10Y Treasury,2.2000
2017-09-18,USD_10Y Treasury,2.2300
2017-09-19,USD_10Y Treasury,2.2400
2017-09-20,USD_10Y Treasury,2.2800
2017-09-21,USD_10Y Treasury,2.2700
2017-09-22,USD_10Y Treasury,2.2600
2017-09-25,USD_10Y Treasury,2.2200
2017-09-26,USD_10Y Treasury,2.2400
2017-09-27,USD_10Y Treasury,2.3100
2017-09-28,USD_10Y Treasury,2.3100
2017-09-29,USD_10Y Treasury,2.3300
2017-10-02,USD_10Y Treasury,2.3400
2017-10-03,USD_10Y Treasury,2.3300
2017-10-04,USD_10Y Treasury,2.3300
2017-10-05,USD_10Y Treasury,2.3500
2017-10-06,USD_10Y Treasury,2.3700
2017-10-10,USD_10Y Treasury,2.3500
2017-10-11,USD_10Y Treasury,2.3500
2017-10-12,USD_10Y Treasury,2.3300
2017-10-13,USD_10Y Treasury,2.2800
2017-10-16,USD_10Y Treasury,2.3000
2017-10-17,USD_10Y Treasury,2.3000
2017-10-18,USD_10Y Treasury,2.3400
2017-10-19,USD_10Y Treasury,2.3300
2017-10-20,USD_10Y Treasury,2.3900
2017-10-23,USD_10Y Treasury,2.3800
2017-10-24,USD_10Y Treasury,2.4200
2017-10-25,USD_10Y Treasury,2.4400
2017-10-26,USD_10Y Treasury,2.4600
2017-10-27,USD_10Y Treasury,2.4200
2017-10-30,USD_10Y Treasury,2.3700
2017-10-31,USD_10Y Treasury,2.3800
2017-11-01,USD_10Y Treasury,2.3700
2017-11-02,USD_10Y Treasury,2.3500
2017-11-03,USD_10Y Treasury,2.3400
2017-11-06,USD_10Y Treasury,2.3200
2017-11-07,USD_10Y Treasury,2.3200
2017-11-08,USD_10Y Treasury,2.3200
2017-11-09,USD_10Y Treasury,2.3300
2017-11-10,USD_10Y Treasury,2.4000
2017-11-13,USD_10Y Treasury,2.4000
2017-11-14,USD_10Y Treasury,2.3800
2017-11-15,USD_10Y Treasury,2.3300
2017-11-16,USD_10Y Treasury,2.3700
2017-11-17,USD_10Y Treasury,2.3500
2017-11-20,USD_10Y Treasury,2.3700
2017-11-21,USD_10Y Treasury,2.3600
2017-11-22,USD_10Y Treasury,2.3200
2017-11-24,USD_10Y Treasury,2.3400
2017-11-27,USD_10Y Treasury,2.3200
2017-11-28,USD_10Y Treasury,2.3400
2017-11-29,USD_10Y Treasury,2.3700
2017-11-30,USD_10Y Treasury,2.4200
2017-12-01,USD_10Y Treasury,2.3700
2017-12-04,USD_10Y Treasury,2.3700
2017-12-05,USD_10Y Treasury,2.3600
2017-12-06,USD_10Y Treasury,2.3300
2017-12-07,USD_10Y Treasury,2.3700
2017-12-08,USD_10Y Treasury,2.3800
2017-12-11,USD_10Y Treasury,2.3900
2017-12-12,USD_10Y Treasury,2.4000
2017-12-13,USD_10Y Treasury,2.3600
2017-12-14,USD_10Y Treasury,2.3500
2017-12-15,USD_10Y Treasury,2.3500
2017-12-18,USD_10Y Treasury,2.3900
2017-12-19,USD_10Y Treasury,2.4600
2017-12-20,USD_10Y Treasury,2.4900
2017-12-21,USD_10Y Treasury,2.4800
2017-12-22,USD_10Y Treasury,2.4800
2017-12-26,USD_10Y Treasury,2.4700
2017-12-27,USD_10Y Treasury,2.4200
2017-12-28,USD_10Y Treasury,2.4300
2017-12-29,USD_10Y Treasury,2.4000
2018-01-02,USD_10Y Treasury,2.4600
2018-01-03,USD_10Y Treasury,2.4400
2018-01-04,USD_10Y Treasury,2.4600
2018-01-05,USD_10Y Treasury,2.4700
2018-01-08,USD_10Y Treasury,2.4900
2018-01-09,USD_10Y Treasury,2.5500
2018-01-10,USD_10Y Treasury,2.5500
2018-01-11,USD_10Y Treasury,2.5400
2018-01-12,USD_10Y Treasury,2.5500
2018-01-16,USD_10Y Treasury,2.5400
2018-01-17,USD_10Y Treasury,2.5700
2018-01-18,USD_10Y Treasury,2.6200
2018-01-19,USD_10Y Treasury,2.6400
2018-01-22,USD_10Y Treasury,2.6600
2018-01-23,USD_10Y Treasury,2.6300
2018-01-24,USD_10Y Treasury,2.6500
2018-01-25,USD_10Y Treasury,2.6300
2018-01-26,USD_10Y Treasury,2.6600
2018-01-29,USD_10Y Treasury,2.7000
2018-01-30,USD_10Y Treasury,2.7300
2018-01-31,USD_10Y Treasury,2.7200
2018-02-01,USD_10Y Treasury,2.7800
2018-02-02,USD_10Y Treasury,2.8400
2018-02-05,USD_10Y Treasury,2.7700
2018-02-06,USD_10Y Treasury,2.7900
2018-02-07,USD_10Y Treasury,2.8400
2018-02-08,USD_10Y Treasury,2.8500
2018-02-09,USD_10Y Treasury,2.8300
2018-02-12,USD_10Y Treasury,2.8600
2018-02-13,USD_10Y Treasury,2.8300
2018-02-14,USD_10Y Treasury,2.9100
2018-02-15,USD_10Y Treasury,2.9000
2018-02-16,USD_10Y Treasury,2.8700
2018-02-20,USD_10Y Treasury,2.8800
2018-02-21,USD_10Y Treasury,2.9400
2018-02-22,USD_10Y Treasury,2.9200
2018-02-23,USD_10Y Treasury,2.8800
2018-02-26,USD_10Y Treasury,2.8600
2018-02-27,USD_10Y Treasury,2.9000
2018-02-28,USD_10Y Treasury,2.8700
2018-03-01,USD_10Y Treasury,2.8100
2018-03-02,USD_10Y Treasury,2.8600
2018-03-05,USD_10Y Treasury,2.8800
2018-03-06,USD_10Y Treasury,2.8800
2018-03-07,USD_10Y Treasury,2.8900
2018-03-08,USD_10Y Treasury,2.8600
2018-03-09,USD_10Y Treasury,2.9000
2018-03-12,USD_10Y Treasury,2.8700
2018-03-13,USD_10Y Treasury,2.8400
2018-03-14,USD_10Y Treasury,2.8100
2018-03-15,USD_10Y Treasury,2.8200
2018-03-16,USD_10Y Treasury,2.8500
2018-03-19,USD_10Y Treasury,2.8500
2018-03-20,USD_10Y Treasury,2.8900
2018-03-21,USD_10Y Treasury,2.8900
2018-03-22,USD_10Y Treasury,2.8300
2018-03-23,USD_10Y Treasury,2.8200
2018-03-26,USD_10Y Treasury,2.8500
2018-03-27,USD_10Y Treasury,2.7800
2018-03-28,USD_10Y Treasury,2.7700
2018-03-29,USD_10Y Treasury,2.7400
2018-04-02,USD_10Y Treasury,2.7300
2018-04-03,USD_10Y Treasury,2.7900
2018-04-04,USD_10Y Treasury,2.7900
2018-04-05,USD_10Y Treasury,2.8300
2018-04-06,USD_10Y Treasury,2.7700
2018-04-09,USD_10Y Treasury,2.7800
2018-04-10,USD_10Y Treasury,2.8000
2018-04-11,USD_10Y Treasury,2.7900
2018-04-12,USD_10Y Treasury,2.8300
2018-04-13,USD_10Y Treasury,2.8200
2018-04-16,USD_10Y Treasury,2.8300
2018-04-17,USD_10Y Treasury,2.8200
2018-04-18,USD_10Y Treasury,2.8700
2018-04-19,USD_10Y Treasury,2.9200
2018-04-20,USD_10Y Treasury,2.9600
2018-04-23,USD_10Y Treasury,2.9800
2018-04-24,USD_10Y Treasury,3.0000
2018-04-25,USD_10Y Treasury,3.0300
2018-04-26,USD_10Y Treasury,3.0000
2018-04-27,USD_10Y Treasury,2.9600
2018-04-30,USD_10Y Treasury,2.9500
2018-05-01,USD_10Y Treasury,2.9700
2018-05-02,USD_10Y Treasury,2.9700
2018-05-03,USD_10Y Treasury,2.9400
2018-05-04,USD_10Y Treasury,2.9500
2018-05-07,USD_10Y Treasury,2.9500
2018-05-08,USD_10Y Treasury,2.9700
2018-05-09,USD_10Y Treasury,3.0000
2018-05-10,USD_10Y Treasury,2.9700
2018-05-11,USD_10Y Treasury,2.9700
2018-05-14,USD_10Y Treasury,3.0000
2018-05-15,USD_10Y Treasury,3.0800
2018-05-16,USD_10Y Treasury,3.0900
2018-05-17,USD_10Y Treasury,3.1100
2018-05-18,USD_10Y Treasury,3.0600
2018-05-21,USD_10Y Treasury,3.0600
2018-05-22,USD_10Y Treasury,3.0600
2018-05-23,USD_10Y Treasury,3.0100
2018-05-24,USD_10Y Treasury,2.9800
2018-05-25,USD_10Y Treasury,2.9300
2018-05-29,USD_10Y Treasury,2.7700
2018-05-30,USD_10Y Treasury,2.8400
2018-05-31,USD_10Y Treasury,2.8300
2018-06-01,USD_10Y Treasury,2.8900
2018-06-04,USD_10Y Treasury,2.9400
2018-06-05,USD_10Y Treasury,2.9200
2018-06-06,USD_10Y Treasury,2.9700
2018-06-07,USD_10Y Treasury,2.9300
2018-06-08,USD_10Y Treasury,2.9300
2018-06-11,USD_10Y Treasury,2.9600
2018-06-12,USD_10Y Treasury,2.9600
2018-06-13,USD_10Y Treasury,2.9800
2018-06-14,USD_10Y Treasury,2.9400
2018-06-15,USD_10Y Treasury,2.9300
2018-06-18,USD_10Y Treasury,2.9200
2018-06-19,USD_10Y Treasury,2.8900
2018-06-20,USD_10Y Treasury,2.9300
2018-06-21,USD_10Y Treasury,2.9000
2018-06-22,USD_10Y Treasury,2.9000
2018-06-25,USD_10Y Treasury,2.8700
2018-06-26,USD_10Y Treasury,2.8800
2018-06-27,USD_10Y Treasury,2.8300
2018-06-28,USD_10Y Treasury,2.8400
2018-06-29,USD_10Y Treasury,2.8500
2018-07-02,USD_10Y Treasury,2.8700
2018-07-03,USD_10Y Treasury,2.8300
2018-07-05,USD_10Y Treasury,2.8400
2018-07-06,USD_10Y Treasury,2.8200
2018-07-09,USD_10Y Treasury,2.8600
2018-07-10,USD_10Y Treasury,2.8700
2018-07-11,USD_10Y Treasury,2.8500
2018-07-12,USD_10Y Treasury,2.8500
2018-07-13,USD_10Y Treasury,2.8300
2018-07-16,USD_10Y Treasury,2.8500
2018-07-17,USD_10Y Treasury,2.8600
2018-07-18,USD_10Y Treasury,2.8800
2018-07-19,USD_10Y Treasury,2.8400
2018-07-20,USD_10Y Treasury,2.8900
2018-07-23,USD_10Y Treasury,2.9600
2018-07-24,USD_10Y Treasury,2.9500
2018-07-25,USD_10Y Treasury,2.9400
2018-07-26,USD_10Y Treasury,2.9800
2018-07-27,USD_10Y Treasury,2.9600
2018-07-30,USD_10Y Treasury,2.9800
2018-07-31,USD_10Y Treasury,2.9600
2018-08-01,USD_10Y Treasury,3.0000
2018-08-02,USD_10Y Treasury,2.9800
2018-08-03,USD_10Y Treasury,2.9500
2018-08-06,USD_10Y Treasury,2.9400
2018-08-07,USD_10Y Treasury,2.9800
2018-08-08,USD_10Y Treasury,2.9600
2018-08-09,USD_10Y Treasury,2.9300
2018-08-10,USD_10Y Treasury,2.8700
2018-08-13,USD_10Y Treasury,2.8800
2018-08-14,USD_10Y Treasury,2.8900
2018-08-15,USD_10Y Treasury,2.8600
2018-08-16,USD_10Y Treasury,2.8700
2018-08-17,USD_10Y Treasury,2.8700
2018-08-20,USD_10Y Treasury,2.8200
2018-08-21,USD_10Y Treasury,2.8500
2018-08-22,USD_10Y Treasury,2.8200
2018-08-23,USD_10Y Treasury,2.8200
2018-08-24,USD_10Y Treasury,2.8200
2018-08-27,USD_10Y Treasury,2.8500
2018-08-28,USD_10Y Treasury,2.8800
2018-08-29,USD_10Y Treasury,2.8900
2018-08-30,USD_10Y Treasury,2.8600
2018-08-31,USD_10Y Treasury,2.8600
2018-09-04,USD_10Y Treasury,2.9000
2018-09-05,USD_10Y Treasury,2.9000
2018-09-06,USD_10Y Treasury,2.8800
2018-09-07,USD_10Y Treasury,2.9400
2018-09-10,USD_10Y Treasury,2.9400
2018-09-11,USD_10Y Treasury,2.9800
2018-09-12,USD_10Y Treasury,2.9700
2018-09-13,USD_10Y Treasury,2.9700
2018-09-14,USD_10Y Treasury,2.9900
2018-09-17,USD_10Y Treasury,2.9900
2018-09-18,USD_10Y Treasury,3.0500
2018-09-19,USD_10Y Treasury,3.0800
2018-09-20,USD_10Y Treasury,3.0700
2018-09-21,USD_10Y Treasury,3.0700
2018-09-24,USD_10Y Treasury,3.0800
2018-09-25,USD_10Y Treasury,3.1000
2018-09-26,USD_10Y Treasury,3.0600
2018-09-27,USD_10Y Treasury,3.0600
2018-09-28,USD_10Y Treasury,3.0500
2018-10-01,USD_10Y Treasury,3.0900
2018-10-02,USD_10Y Treasury,3.0500
2018-10-03,USD_10Y Treasury,3.1500
2018-10-04,USD_10Y Treasury,3.1900
2018-10-05,USD_10Y Treasury,3.2300
2018-10-09,USD_10Y Treasury,3.2100
2018-10-10,USD_10Y Treasury,3.2200
2018-10-11,USD_10Y Treasury,3.1400
2018-10-12,USD_10Y Treasury,3.1500
2018-10-15,USD_10Y Treasury,3.1600
2018-10-16,USD_10Y Treasury,3.1600
2018-10-17,USD_10Y Treasury,3.1900
2018-10-18,USD_10Y Treasury,3.1700
2018-10-19,USD_10Y Treasury,3.2000
2018-10-22,USD_10Y Treasury,3.2000
2018-10-23,USD_10Y Treasury,3.1700
2018-10-24,USD_10Y Treasury,3.1000
2018-10-25,USD_10Y Treasury,3.1400
2018-10-26,USD_10Y Treasury,3.0800
2018-10-29,USD_10Y Treasury,3.0800
2018-10-30,USD_10Y Treasury,3.1200
2018-10-31,USD_10Y Treasury,3.1500
2018-11-01,USD_10Y Treasury,3.1400
2018-11-02,USD_10Y Treasury,3.2200
2018-11-05,USD_10Y Treasury,3.2000
2018-11-06,USD_10Y Treasury,3.2200
2018-11-07,USD_10Y Treasury,3.2200
2018-11-08,USD_10Y Treasury,3.2400
2018-11-09,USD_10Y Treasury,3.1900
2018-11-13,USD_10Y Treasury,3.1400
2018-11-14,USD_10Y Treasury,3.1200
2018-11-15,USD_10Y Treasury,3.1100
2018-11-16,USD_10Y Treasury,3.0800
2018-11-19,USD_10Y Treasury,3.0600
2018-11-20,USD_10Y Treasury,3.0600
2018-11-21,USD_10Y Treasury,3.0600
2018-11-23,USD_10Y Treasury,3.0500
2018-11-26,USD_10Y Treasury,3.0700
2018-11-27,USD_10Y Treasury,3.0600
2018-11-28,USD_10Y Treasury,3.0600
2018-11-29,USD_10Y Treasury,3.0300
2018-11-30,USD_10Y Treasury,3.0100
2018-12-03,USD_10Y Treasury,2.9800
2018-12-04,USD_10Y Treasury,2.9100
2018-12-06,USD_10Y Treasury,2.8700
2018-12-07,USD_10Y Treasury,2.8500
2018-12-10,USD_10Y Treasury,2.8500
2018-12-11,USD_10Y Treasury,2.8900
2018-12-12,USD_10Y Treasury,2.9100
2018-12-13,USD_10Y Treasury,2.9100
2018-12-14,USD_10Y Treasury,2.8900
2018-12-17,USD_10Y Treasury,2.8600
2018-12-18,USD_10Y Treasury,2.8200
2018-12-19,USD_10Y Treasury,2.7700
2018-12-20,USD_10Y Treasury,2.7900
2018-12-21,USD_10Y Treasury,2.7900
2018-12-24,USD_10Y Treasury,2.7400
2018-12-26,USD_10Y Treasury,2.8100
2018-12-27,USD_10Y Treasury,2.7700
2018-12-28,USD_10Y Treasury,2.7200
2018-12-31,USD_10Y Treasury,2.6900
2019-01-02,USD_10Y Treasury,2.6600
2019-01-03,USD_10Y Treasury,2.5600
2019-01-04,USD_10Y Treasury,2.6700
2019-01-07,USD_10Y Treasury,2.7000
2019-01-08,USD_10Y Treasury,2.7300
2019-01-09,USD_10Y Treasury,2.7400
2019-01-10,USD_10Y Treasury,2.7400
2019-01-11,USD_10Y Treasury,2.7100
2019-01-14,USD_10Y Treasury,2.7100
2019-01-15,USD_10Y Treasury,2.7200
2019-01-16,USD_10Y Treasury,2.7300
2019-01-17,USD_10Y Treasury,2.7500
2019-01-18,USD_10Y Treasury,2.7900
2019-01-22,USD_10Y Treasury,2.7400
2019-01-23,USD_10Y Treasury,2.7600
2019-01-24,USD_10Y Treasury,2.7200
2019-01-25,USD_10Y Treasury,2.7600
2019-01-28,USD_10Y Treasury,2.7500
2019-01-29,USD_10Y Treasury,2.7200
2019-01-30,USD_10Y Treasury,2.7000
2019-01-31,USD_10Y Treasury,2.6300
2019-02-01,USD_10Y Treasury,2.7000
2019-02-04,USD_10Y Treasury,2.7300
2019-02-05,USD_10Y Treasury,2.7100
2019-02-06,USD_10Y Treasury,2.7000
2019-02-07,USD_10Y Treasury,2.6500
2019-02-08,USD_10Y Treasury,2.6300
2019-02-11,USD_10Y Treasury,2.6500
2019-02-12,USD_10Y Treasury,2.6800
2019-02-13,USD_10Y Treasury,2.7100
2019-02-14,USD_10Y Treasury,2.6600
2019-02-15,USD_10Y Treasury,2.6600
2019-02-19,USD_10Y Treasury,2.6500
2019-02-20,USD_10Y Treasury,2.6500
2019-02-21,USD_10Y Treasury,2.6900
2019-02-22,USD_10Y Treasury,2.6500
2019-02-25,USD_10Y Treasury,2.6700
2019-02-26,USD_10Y Treasury,2.6400
2019-02-27,USD_10Y Treasury,2.6900
2019-02-28,USD_10Y Treasury,2.7300
2019-03-01,USD_10Y Treasury,2.7600
2019-03-04,USD_10Y Treasury,2.7200
2019-03-05,USD_10Y Treasury,2.7200
2019-03-06,USD_10Y Treasury,2.6900
2019-03-07,USD_10Y Treasury,2.6400
2019-03-08,USD_10Y Treasury,2.6200
2019-03-11,USD_10Y Treasury,2.6400
2019-03-12,USD_10Y Treasury,2.6100
2019-03-13,USD_10Y Treasury,2.6100
2019-03-14,USD_10Y Treasury,2.6300
2019-03-15,USD_10Y Treasury,2.5900
2019-03-18,USD_10Y Treasury,2.6000
2019-03-19,USD_10Y Treasury,2.6100
2019-03-20,USD_10Y Treasury,2.5400
2019-03-21,USD_10Y Treasury,2.5400
2019-03-22,USD_10Y Treasury,2.4400
2019-03-25,USD_10Y Treasury,2.4300
2019-03-26,USD_10Y Treasury,2.4100
2019-03-27,USD_10Y Treasury,2.3900
2019-03-28,USD_10Y Treasury,2.3900
2019-03-29,USD_10Y Treasury,2.4100
2019-04-01,USD_10Y Treasury,2.4900
2019-04-02,USD_10Y Treasury,2.4800
2019-04-03,USD_10Y Treasury,2.5200
2019-04-04,USD_10Y Treasury,2.5100
2019-04-05,USD_10Y Treasury,2.5000
2019-04-08,USD_10Y Treasury,2.5200
2019-04-09,USD_10Y Treasury,2.5100
2019-04-10,USD_10Y Treasury,2.4800
2019-04-11,USD_10Y Treasury,2.5100
2019-04-12,USD_10Y Treasury,2.5600
2019-04-15,USD_10Y Treasury,2.5500
2019-04-16,USD_10Y Treasury,2.6000
2019-04-17,USD_10Y Treasury,2.5900
2019-04-18,USD_10Y Treasury,2.5700
2019-04-22,USD_10Y Treasury,2.5900
2019-04-23,USD_10Y Treasury,2.5700
2019-04-24,USD_10Y Treasury,2.5300
2019-04-25,USD_10Y Treasury,2.5400
2019-04-26,USD_10Y Treasury,2.5100
2019-04-29,USD_10Y Treasury,2.5400
2019-04-30,USD_10Y Treasury,2.5100
2019-05-01,USD_10Y Treasury,2.5200
2019-05-02,USD_10Y Treasury,2.5500
2019-05-03,USD_10Y Treasury,2.5400
2019-05-06,USD_10Y Treasury,2.5100
2019-05-07,USD_10Y Treasury,2.4500
2019-05-08,USD_10Y Treasury,2.4900
2019-05-09,USD_10Y Treasury,2.4500
2019-05-10,USD_10Y Treasury,2.4700
2019-05-13,USD_10Y Treasury,2.4000
2019-05-14,USD_10Y Treasury,2.4200
2019-05-15,USD_10Y Treasury,2.3700
2019-05-16,USD_10Y Treasury,2.4000
2019-05-17,USD_10Y Treasury,2.3900
2019-05-20,USD_10Y Treasury,2.4100
2019-05-21,USD_10Y Treasury,2.4300
2019-05-22,USD_10Y Treasury,2.3900
2019-05-23,USD_10Y Treasury,2.3100
2019-05-24,USD_10Y Treasury,2.3200
2019-05-28,USD_10Y Treasury,2.2600
2019-05-29,USD_10Y Treasury,2.2500
2019-05-30,USD_10Y Treasury,2.2200
2019-05-31,USD_10Y Treasury,2.1400
2019-06-03,USD_10Y Treasury,2.0700
2019-06-04,USD_10Y Treasury,2.1200
2019-06-05,USD_10Y Treasury,2.1200
2019-06-06,USD_10Y Treasury,2.1200
2019-06-07,USD_10Y Treasury,2.0900
2019-06-10,USD_10Y Treasury,2.1500
2019-06-11,USD_10Y Treasury,2.1500
2019-06-12,USD_10Y Treasury,2.1300
2019-06-13,USD_10Y Treasury,2.1000
2019-06-14,USD_10Y Treasury,2.0900
2019-06-17,USD_10Y Treasury,2.0900
2019-06-18,USD_10Y Treasury,2.0600
2019-06-19,USD_10Y Treasury,2.0300
2019-06-20,USD_10Y Treasury,2.0100
2019-06-21,USD_10Y Treasury,2.0700
2019-06-24,USD_10Y Treasury,2.0200
2019-06-25,USD_10Y Treasury,2.0000
2019-06-26,USD_10Y Treasury,2.0500
2019-06-27,USD_10Y Treasury,2.0100
2019-06-28,USD_10Y Treasury,2.0000
2019-07-01,USD_10Y Treasury,2.0300
2019-07-02,USD_10Y Treasury,1.9800
2019-07-03,USD_10Y Treasury,1.9600
2019-07-05,USD_10Y Treasury,2.0400
2019-07-08,USD_10Y Treasury,2.0500
2019-07-09,USD_10Y Treasury,2.0700
2019-07-10,USD_10Y Treasury,2.0700
2019-07-11,USD_10Y Treasury,2.1300
2019-07-12,USD_10Y Treasury,2.1200
2019-07-15,USD_10Y Treasury,2.0900
2019-07-16,USD_10Y Treasury,2.1300
2019-07-17,USD_10Y Treasury,2.0600
2019-07-18,USD_10Y Treasury,2.0400
2019-07-19,USD_10Y Treasury,2.0500
2019-07-22,USD_10Y Treasury,2.0500
2019-07-23,USD_10Y Treasury,2.0800
2019-07-24,USD_10Y Treasury,2.0500
2019-07-25,USD_10Y Treasury,2.0800
2019-07-26,USD_10Y Treasury,2.0800
2019-07-29,USD_10Y Treasury,2.0600
2019-07-30,USD_10Y Treasury,2.0600
2019-07-31,USD_10Y Treasury,2.0200
2019-08-01,USD_10Y Treasury,1.9000
2019-08-02,USD_10Y Treasury,1.8600
2019-08-05,USD_10Y Treasury,1.7500
2019-08-06,USD_10Y Treasury,1.7300
2019-08-07,USD_10Y Treasury,1.7100
2019-08-08,USD_10Y Treasury,1.7200
2019-08-09,USD_10Y Treasury,1.7400
2019-08-12,USD_10Y Treasury,1.6500
2019-08-13,USD_10Y Treasury,1.6800
2019-08-14,USD_10Y Treasury,1.5900
2019-08-15,USD_10Y Treasury,1.5200
2019-08-16,USD_10Y Treasury,1.5500
2019-08-19,USD_10Y Treasury,1.6000
2019-08-20,USD_10Y Treasury,1.5500
2019-08-21,USD_10Y Treasury,1.5900
2019-08-22,USD_10Y Treasury,1.6200
2019-08-23,USD_10Y Treasury,1.5200
2019-08-26,USD_10Y Treasury,1.5400
2019-08-27,USD_10Y Treasury,1.4900
2019-08-28,USD_10Y Treasury,1.4700
2019-08-29,USD_10Y Treasury,1.5000
2019-08-30,USD_10Y Treasury,1.5000
2019-09-03,USD_10Y Treasury,1.4700
2019-09-04,USD_10Y Treasury,1.4700
2019-09-05,USD_10Y Treasury,1.5700
2019-09-06,USD_10Y Treasury,1.5500
2019-09-09,USD_10Y Treasury,1.6300
2019-09-10,USD_10Y Treasury,1.7200
2019-09-11,USD_10Y Treasury,1.7500
2019-09-12,USD_10Y Treasury,1.7900
2019-09-13,USD_10Y Treasury,1.9000
2019-09-16,USD_10Y Treasury,1.8400
2019-09-17,USD_10Y Treasury,1.8100
2019-09-18,USD_10Y Treasury,1.8000
2019-09-19,USD_10Y Treasury,1.7900
2019-09-20,USD_10Y Treasury,1.7400
2019-09-23,USD_10Y Treasury,1.7200
2019-09-24,USD_10Y Treasury,1.6400
2019-09-25,USD_10Y Treasury,1.7300
2019-09-26,USD_10Y Treasury,1.7000
2019-09-27,USD_10Y Treasury,1.6900
2019-09-30,USD_10Y Treasury,1.6800
2019-10-01,USD_10Y Treasury,1.6500
2019-10-02,USD_10Y Treasury,1.6000
2019-10-03,USD_10Y Treasury,1.5400
2019-10-04,USD_10Y Treasury,1.5200
2019-10-07,USD_10Y Treasury,1.5600
2019-10-08,USD_10Y Treasury,1.5400
2019-10-09,USD_10Y Treasury,1.5900
2019-10-10,USD_10Y Treasury,1.6700
2019-10-11,USD_10Y Treasury,1.7600
2019-10-15,USD_10Y Treasury,1.7700
2019-10-16,USD_10Y Treasury,1.7500
2019-10-17,USD_10Y Treasury,1.7600
2019-10-18,USD_10Y Treasury,1.7600
2019-10-21,USD_10Y Treasury,1.8000
2019-10-22,USD_10Y Treasury,1.7800
2019-10-23,USD_10Y Treasury,1.7700
2019-10-24,USD_10Y Treasury,1.7700
2019-10-25,USD_10Y Treasury,1.8000
2019-10-28,USD_10Y Treasury,1.8500
2019-10-29,USD_10Y Treasury,1.8400
2019-10-30,USD_10Y Treasury,1.7800
2019-10-31,USD_10Y Treasury,1.6900
2019-11-01,USD_10Y Treasury,1.7300
2019-11-04,USD_10Y Treasury,1.7900
2019-11-05,USD_10Y Treasury,1.8600
2019-11-06,USD_10Y Treasury,1.8100
2019-11-07,USD_10Y Treasury,1.9200
2019-11-08,USD_10Y Treasury,1.9400
2019-11-12,USD_10Y Treasury,1.9200
2019-11-13,USD_10Y Treasury,1.8800
2019-11-14,USD_10Y Treasury,1.8200
2019-11-15,USD_10Y Treasury,1.8400
2019-11-18,USD_10Y Treasury,1.8100
2019-11-19,USD_10Y Treasury,1.7900
2019-11-20,USD_10Y Treasury,1.7300
2019-11-21,USD_10Y Treasury,1.7700
2019-11-22,USD_10Y Treasury,1.7700
2019-11-25,USD_10Y Treasury,1.7600
2019-11-26,USD_10Y Treasury,1.7400
2019-11-27,USD_10Y Treasury,1.7700
2019-11-29,USD_10Y Treasury,1.7800
2019-12-02,USD_10Y Treasury,1.8300
2019-12-03,USD_10Y Treasury,1.7200
2019-12-04,USD_10Y Treasury,1.7700
2019-12-05,USD_10Y Treasury,1.8000
2019-12-06,USD_10Y Treasury,1.8400
2019-12-09,USD_10Y Treasury,1.8300
2019-12-10,USD_10Y Treasury,1.8500
2019-12-11,USD_10Y Treasury,1.7900
2019-12-12,USD_10Y Treasury,1.9000
2019-12-13,USD_10Y Treasury,1.8200
2019-12-16,USD_10Y Treasury,1.8900
2019-12-17,USD_10Y Treasury,1.8900
2019-12-18,USD_10Y Treasury,1.9200
2019-12-19,USD_10Y Treasury,1.9200
2019-12-20,USD_10Y Treasury,1.9200
2019-12-23,USD_10Y Treasury,1.9300
2019-12-24,USD_10Y Treasury,1.9000
2019-12-26,USD_10Y Treasury,1.9000
2019-12-27,USD_10Y Treasury,1.8800
2019-12-30,USD_10Y Treasury,1.9000
2019-12-31,USD_10Y Treasury,1.9200
2020-01-02,USD_10Y Treasury,1.8800
2020-01-03,USD_10Y Treasury,1.8000
2020-01-06,USD_10Y Treasury,1.8100
2020-01-07,USD_10Y Treasury,1.8300
2020-01-08,USD_10Y Treasury,1.8700
2020-01-09,USD_10Y Treasury,1.8500
2020-01-10,USD_10Y Treasury,1.8300
2020-01-13,USD_10Y Treasury,1.8500
2020-01-14,USD_10Y Treasury,1.8200
2020-01-15,USD_10Y Treasury,1.7900
2020-01-16,USD_10Y Treasury,1.8100
2020-01-17,USD_10Y Treasury,1.8400
2020-01-21,USD_10Y Treasury,1.7800
2020-01-22,USD_10Y Treasury,1.7700
2020-01-23,USD_10Y Treasury,1.7400
2020-01-24,USD_10Y Treasury,1.7000
2020-01-27,USD_10Y Treasury,1.6100
2020-01-28,USD_10Y Treasury,1.6500
2020-01-29,USD_10Y Treasury,1.6000
2020-01-30,USD_10Y Treasury,1.5700
2020-01-31,USD_10Y Treasury,1.5100
2020-02-03,USD_10Y Treasury,1.5400
2020-02-04,USD_10Y Treasury,1.6100
2020-02-05,USD_10Y Treasury,1.6600
2020-02-06,USD_10Y Treasury,1.6500
2020-02-07,USD_10Y Treasury,1.5900
2020-02-10,USD_10Y Treasury,1.5600
2020-02-11,USD_10Y Treasury,1.5900
2020-02-12,USD_10Y Treasury,1.6200
2020-02-13,USD_10Y Treasury,1.6100
2020-02-14,USD_10Y Treasury,1.5900
2020-02-18,USD_10Y Treasury,1.5500
2020-02-19,USD_10Y Treasury,1.5600
2020-02-20,USD_10Y Treasury,1.5200
2020-02-21,USD_10Y Treasury,1.4600
2020-02-24,USD_10Y Treasury,1.3800
2020-02-25,USD_10Y Treasury,1.3300
2020-02-26,USD_10Y Treasury,1.3300
2020-02-27,USD_10Y Treasury,1.3000
2020-02-28,USD_10Y Treasury,1.1300
2020-03-02,USD_10Y Treasury,1.1000
2020-03-03,USD_10Y Treasury,1.0200
2020-03-04,USD_10Y Treasury,1.0200
2020-03-05,USD_10Y Treasury,0.9200
2020-03-06,USD_10Y Treasury,0.7400
2020-03-09,USD_10Y Treasury,0.5400
2020-03-10,USD_10Y Treasury,0.7600
2020-03-11,USD_10Y Treasury,0.8200
2020-03-12,USD_10Y Treasury,0.8800
2020-03-13,USD_10Y Treasury,0.9400
2020-03-16,USD_10Y Treasury,0.7300
2020-03-17,USD_10Y Treasury,1.0200
2020-03-18,USD_10Y Treasury,1.1800
2020-03-19,USD_10Y Treasury,1.1200
2020-03-20,USD_10Y Treasury,0.9200
2020-03-23,USD_10Y Treasury,0.7600
2020-03-24,USD_10Y Treasury,0.8400
2020-03-25,USD_10Y Treasury,0.8800
2020-03-26,USD_10Y Treasury,0.8300
2020-03-27,USD_10Y Treasury,0.7200
2020-03-30,USD_10Y Treasury,0.7000
2020-03-31,USD_10Y Treasury,0.7000
2020-04-01,USD_10Y Treasury,0.6200
2020-04-02,USD_10Y Treasury,0.6300
2020-04-03,USD_10Y Treasury,0.6200
2020-04-06,USD_10Y Treasury,0.6700
2020-04-07,USD_10Y Treasury,0.7500
2020-04-08,USD_10Y Treasury,0.7700
2020-04-09,USD_10Y Treasury,0.7300
2020-04-13,USD_10Y Treasury,0.7600
2020-04-14,USD_10Y Treasury,0.7600
2020-04-15,USD_10Y Treasury,0.6300
2020-04-16,USD_10Y Treasury,0.6100
2020-04-17,USD_10Y Treasury,0.6500
2020-04-20,USD_10Y Treasury,0.6300
2020-04-21,USD_10Y Treasury,0.5800
2020-04-22,USD_10Y Treasury,0.6300
2020-04-23,USD_10Y Treasury,0.6100
2020-04-24,USD_10Y Treasury,0.6000
2020-04-27,USD_10Y Treasury,0.6700
2020-04-28,USD_10Y Treasury,0.6200
2020-04-29,USD_10Y Treasury,0.6300
2020-04-30,USD_10Y Treasury,0.6400
2020-05-01,USD_10Y Treasury,0.6400
2020-05-04,USD_10Y Treasury,0.6400
2020-05-05,USD_10Y Treasury,0.6600
2020-05-06,USD_10Y Treasury,0.7200
2020-05-07,USD_10Y Treasury,0.6300
2020-05-08,USD_10Y Treasury,0.6900
2020-05-11,USD_10Y Treasury,0.7300
2020-05-12,USD_10Y Treasury,0.6900
2020-05-13,USD_10Y Treasury,0.6400
2020-05-14,USD_10Y Treasury,0.6300
2020-05-15,USD_10Y Treasury,0.6400
2020-05-18,USD_10Y Treasury,0.7300
2020-05-19,USD_10Y Treasury,0.7000
2020-05-20,USD_10Y Treasury,0.6800
2020-05-21,USD_10Y Treasury,0.6800
2020-05-22,USD_10Y Treasury,0.6600
2020-05-26,USD_10Y Treasury,0.6900
2020-05-27,USD_10Y Treasury,0.6800
2020-05-28,USD_10Y Treasury,0.7000
2020-05-29,USD_10Y Treasury,0.6500
2020-06-01,USD_10Y Treasury,0.6600
2020-06-02,USD_10Y Treasury,0.6800
2020-06-03,USD_10Y Treasury,0.7700
2020-06-04,USD_10Y Treasury,0.8200
2020-06-05,USD_10Y Treasury,0.9100
2020-06-08,USD_10Y Treasury,0.8800
2020-06-09,USD_10Y Treasury,0.8400
2020-06-10,USD_10Y Treasury,0.7500
2020-06-11,USD_10Y Treasury,0.6600
2020-06-12,USD_10Y Treasury,0.7100
2020-06-15,USD_10Y Treasury,0.7100
2020-06-16,USD_10Y Treasury,0.7500
2020-06-17,USD_10Y Treasury,0.7400
2020-06-18,USD_10Y Treasury,0.7100
2020-06-19,USD_10Y Treasury,0.7000
2020-06-22,USD_10Y Treasury,0.7100
2020-06-23,USD_10Y Treasury,0.7200
2020-06-24,USD_10Y Treasury,0.6900
2020-06-25,USD_10Y Treasury,0.6800
2020-06-26,USD_10Y Treasury,0.6400
2020-06-29,USD_10Y Treasury,0.6400
2020-06-30,USD_10Y Treasury,0.6600
2020-07-01,USD_10Y Treasury,0.6900
2020-07-02,USD_10Y Treasury,0.6800
2020-07-06,USD_10Y Treasury,0.6900
2020-07-07,USD_10Y Treasury,0.6500
2020-07-08,USD_10Y Treasury,0.6700
2020-07-09,USD_10Y Treasury,0.6200
2020-07-10,USD_10Y Treasury,0.6500
2020-07-13,USD_10Y Treasury,0.6400
2020-07-14,USD_10Y Treasury,0.6300
2020-07-15,USD_10Y Treasury,0.6400
2020-07-16,USD_10Y Treasury,0.6200
2020-07-17,USD_10Y Treasury,0.6400
2020-07-20,USD_10Y Treasury,0.6200
2020-07-21,USD_10Y Treasury,0.6100
2020-07-22,USD_10Y Treasury,0.6000
2020-07-23,USD_10Y Treasury,0.5900
2020-07-24,USD_10Y Treasury,0.5900
2020-07-27,USD_10Y Treasury,0.6200
2020-07-28,USD_10Y Treasury,0.5900
2020-07-29,USD_10Y Treasury,0.5800
2020-07-30,USD_10Y Treasury,0.5500
2020-07-31,USD_10Y Treasury,0.5500
2020-08-03,USD_10Y Treasury,0.5600
2020-08-04,USD_10Y Treasury,0.5200
2020-08-05,USD_10Y Treasury,0.5500
2020-08-06,USD_10Y Treasury,0.5500
2020-08-07,USD_10Y Treasury,0.5700
2020-08-10,USD_10Y Treasury,0.5900
2020-08-11,USD_10Y Treasury,0.6400
2020-08-12,USD_10Y Treasury,0.6900
2020-08-13,USD_10Y Treasury,0.7100
2020-08-14,USD_10Y Treasury,0.7100
2020-08-17,USD_10Y Treasury,0.6900
2020-08-18,USD_10Y Treasury,0.6700
2020-08-19,USD_10Y Treasury,0.6800
2020-08-20,USD_10Y Treasury,0.6500
2020-08-21,USD_10Y Treasury,0.6400
2020-08-24,USD_10Y Treasury,0.6500
2020-08-25,USD_10Y Treasury,0.6900
2020-08-26,USD_10Y Treasury,0.6900
2020-08-27,USD_10Y Treasury,0.7400
2020-08-28,USD_10Y Treasury,0.7400
2020-08-31,USD_10Y Treasury,0.7200
2020-09-01,USD_10Y Treasury,0.6800
2020-09-02,USD_10Y Treasury,0.6600
2020-09-03,USD_10Y Treasury,0.6300
2020-09-04,USD_10Y Treasury,0.7200
2020-09-08,USD_10Y Treasury,0.6900
2020-09-09,USD_10Y Treasury,0.7100
2020-09-10,USD_10Y Treasury,0.6800
2020-09-11,USD_10Y Treasury,0.6700
2020-09-14,USD_10Y Treasury,0.6800
2020-09-15,USD_10Y Treasury,0.6800
2020-09-16,USD_10Y Treasury,0.6900
2020-09-17,USD_10Y Treasury,0.6900
2020-09-18,USD_10Y Treasury,0.7000
2020-09-21,USD_10Y Treasury,0.6800
2020-09-22,USD_10Y Treasury,0.6800
2020-09-23,USD_10Y Treasury,0.6800
2020-09-24,USD_10Y Treasury,0.6700
2020-09-25,USD_10Y Treasury,0.6600
2020-09-28,USD_10Y Treasury,0.6700
2020-09-29,USD_10Y Treasury,0.6600
2020-09-30,USD_10Y Treasury,0.6900
2020-10-01,USD_10Y Treasury,0.6800
2020-10-02,USD_10Y Treasury,0.7000
2020-10-05,USD_10Y Treasury,0.7800
2020-10-06,USD_10Y Treasury,0.7600
2020-10-07,USD_10Y Treasury,0.8100
2020-10-08,USD_10Y Treasury,0.7800
2020-10-09,USD_10Y Treasury,0.7900
2020-10-13,USD_10Y Treasury,0.7400
2020-10-14,USD_10Y Treasury,0.7300
2020-10-15,USD_10Y Treasury,0.7400
2020-10-16,USD_10Y Treasury,0.7600
2020-10-19,USD_10Y Treasury,0.7800
2020-10-20,USD_10Y Treasury,0.8100
2020-10-21,USD_10Y Treasury,0.8300
2020-10-22,USD_10Y Treasury,0.8700
2020-10-23,USD_10Y Treasury,0.8500
2020-10-26,USD_10Y Treasury,0.8100
2020-10-27,USD_10Y Treasury,0.7900
2020-10-28,USD_10Y Treasury,0.7900
2020-10-29,USD_10Y Treasury,0.8500
2020-10-30,USD_10Y Treasury,0.8800
2020-11-02,USD_10Y Treasury,0.8700
2020-11-03,USD_10Y Treasury,0.9000
2020-11-04,USD_10Y Treasury,0.7800
2020-11-05,USD_10Y Treasury,0.7900
2020-11-06,USD_10Y Treasury,0.8300
2020-11-09,USD_10Y Treasury,0.9600
2020-11-10,USD_10Y Treasury,0.9800
2020-11-12,USD_10Y Treasury,0.8800
2020-11-13,USD_10Y Treasury,0.8900
2020-11-16,USD_10Y Treasury,0.9100
2020-11-17,USD_10Y Treasury,0.8700
2020-11-18,USD_10Y Treasury,0.8800
2020-11-19,USD_10Y Treasury,0.8600
2020-11-20,USD_10Y Treasury,0.8300
2020-11-23,USD_10Y Treasury,0.8600
2020-11-24,USD_10Y Treasury,0.8800
2020-11-25,USD_10Y Treasury,0.8800
2020-11-27,USD_10Y Treasury,0.8400
2020-11-30,USD_10Y Treasury,0.8400
2020-12-01,USD_10Y Treasury,0.9200
2020-12-02,USD_10Y Treasury,0.9500
2020-12-03,USD_10Y Treasury,0.9200
2020-12-04,USD_10Y Treasury,0.9700
2020-12-07,USD_10Y Treasury,0.9400
2020-12-08,USD_10Y Treasury,0.9200
2020-12-09,USD_10Y Treasury,0.9500
2020-12-10,USD_10Y Treasury,0.9200
2020-12-11,USD_10Y Treasury,0.9000
2020-12-14,USD_10Y Treasury,0.9000
2020-12-15,USD_10Y Treasury,0.9200
2020-12-16,USD_10Y Treasury,0.9200
2020-12-17,USD_10Y Treasury,0.9400
2020-12-18,USD_10Y Treasury,0.9500
2020-12-21,USD_10Y Treasury,0.9500
2020-12-22,USD_10Y Treasury,0.9300
2020-12-23,USD_10Y Treasury,0.9600
2020-12-24,USD_10Y Treasury,0.9400
2020-12-28,USD_10Y Treasury,0.9400
2020-12-29,USD_10Y Treasury,0.9400
2020-12-30,USD_10Y Treasury,0.9300
2020-12-31,USD_10Y Treasury,0.9300
2021-01-04,USD_10Y Treasury,0.9300
2021-01-05,USD_10Y Treasury,0.9600
2021-01-06,USD_10Y Treasury,1.0400
2021-01-07,USD_10Y Treasury,1.0800
2021-01-08,USD_10Y Treasury,1.1300
2021-01-11,USD_10Y Treasury,1.1500
2021-01-12,USD_10Y Treasury,1.1500
2021-01-13,USD_10Y Treasury,1.1000
2021-01-14,USD_10Y Treasury,1.1500
2021-01-15,USD_10Y Treasury,1.1100
2021-01-19,USD_10Y Treasury,1.1000
2021-01-20,USD_10Y Treasury,1.1000
2021-01-21,USD_10Y Treasury,1.1200
2021-01-22,USD_10Y Treasury,1.1000
2021-01-25,USD_10Y Treasury,1.0500
2021-01-26,USD_10Y Treasury,1.0500
2021-01-27,USD_10Y Treasury,1.0400
2021-01-28,USD_10Y Treasury,1.0700
2021-01-29,USD_10Y Treasury,1.1100
2021-02-01,USD_10Y Treasury,1.0900
2021-02-02,USD_10Y Treasury,1.1200
2021-02-03,USD_10Y Treasury,1.1500
2021-02-04,USD_10Y Treasury,1.1500
2021-02-05,USD_10Y Treasury,1.1900
2021-02-08,USD_10Y Treasury,1.1900
2021-02-09,USD_10Y Treasury,1.1800
2021-02-10,USD_10Y Treasury,1.1500
2021-02-11,USD_10Y Treasury,1.1600
2021-02-12,USD_10Y Treasury,1.2000
2021-02-16,USD_10Y Treasury,1.3000
2021-02-17,USD_10Y Treasury,1.2900
2021-02-18,USD_10Y Treasury,1.2900
2021-02-19,USD_10Y Treasury,1.3400
2021-02-22,USD_10Y Treasury,1.3700
2021-02-23,USD_10Y Treasury,1.3700
2021-02-24,USD_10Y Treasury,1.3800
2021-02-25,USD_10Y Treasury,1.5400
2021-02-26,USD_10Y Treasury,1.4400
2021-03-01,USD_10Y Treasury,1.4500
2021-03-02,USD_10Y Treasury,1.4200
2021-03-03,USD_10Y Treasury,1.4700
2021-03-04,USD_10Y Treasury,1.5400
2021-03-05,USD_10Y Treasury,1.5600
2021-03-08,USD_10Y Treasury,1.5900
2021-03-09,USD_10Y Treasury,1.5500
2021-03-10,USD_10Y Treasury,1.5300
2021-03-11,USD_10Y Treasury,1.5400
2021-03-12,USD_10Y Treasury,1.6400
2021-03-15,USD_10Y Treasury,1.6200
2021-03-16,USD_10Y Treasury,1.6200
2021-03-17,USD_10Y Treasury,1.6300
2021-03-18,USD_10Y Treasury,1.7100
2021-03-19,USD_10Y Treasury,1.7400
2021-03-22,USD_10Y Treasury,1.6900
2021-03-23,USD_10Y Treasury,1.6300
2021-03-24,USD_10Y Treasury,1.6200
2021-03-25,USD_10Y Treasury,1.6300
2021-03-26,USD_10Y Treasury,1.6700
2021-03-29,USD_10Y Treasury,1.7300
2021-03-30,USD_10Y Treasury,1.7300
2021-03-31,USD_10Y Treasury,1.7400
2021-04-01,USD_10Y Treasury,1.6900
2021-04-02,USD_10Y Treasury,1.7200
2021-04-05,USD_10Y Treasury,1.7300
2021-04-06,USD_10Y Treasury,1.6700
2021-04-07,USD_10Y Treasury,1.6800
2021-04-08,USD_10Y Treasury,1.6400
2021-04-09,USD_10Y Treasury,1.6700
2021-04-12,USD_10Y Treasury,1.6900
2021-04-13,USD_10Y Treasury,1.6400
2021-04-14,USD_10Y Treasury,1.6400
2021-04-15,USD_10Y Treasury,1.5600
2021-04-16,USD_10Y Treasury,1.5900
2021-04-19,USD_10Y Treasury,1.6100
2021-04-20,USD_10Y Treasury,1.5800
2021-04-21,USD_10Y Treasury,1.5700
2021-04-22,USD_10Y Treasury,1.5700
2021-04-23,USD_10Y Treasury,1.5800
2021-04-26,USD_10Y Treasury,1.5800
2021-04-27,USD_10Y Treasury,1.6300
2021-04-28,USD_10Y Treasury,1.6300
2021-04-29,USD_10Y Treasury,1.6500
2021-04-30,USD_10Y Treasury,1.6500
2021-05-03,USD_10Y Treasury,1.6300
2021-05-04,USD_10Y Treasury,1.6100
2021-05-05,USD_10Y Treasury,1.5900
2021-05-06,USD_10Y Treasury,1.5800
2021-05-07,USD_10Y Treasury,1.6000
2021-05-10,USD_10Y Treasury,1.6300
2021-05-11,USD_10Y Treasury,1.6400
2021-05-12,USD_10Y Treasury,1.6900
2021-05-13,USD_10Y Treasury,1.6600
2021-05-14,USD_10Y Treasury,1.6300
2021-05-17,USD_10Y Treasury,1.6400
2021-05-18,USD_10Y Treasury,1.6400
2021-05-19,USD_10Y Treasury,1.6800
2021-05-20,USD_10Y Treasury,1.6300
2021-05-21,USD_10Y Treasury,1.6300
2021-05-24,USD_10Y Treasury,1.6100
2021-05-25,USD_10Y Treasury,1.5600
2021-05-26,USD_10Y Treasury,1.5800
2021-05-27,USD_10Y Treasury,1.6100
2021-05-28,USD_10Y Treasury,1.5800
2021-06-01,USD_10Y Treasury,1.6200
2021-06-02,USD_10Y Treasury,1.5900
2021-06-03,USD_10Y Treasury,1.6300
2021-06-04,USD_10Y Treasury,1.5600
2021-06-07,USD_10Y Treasury,1.5700
2021-06-08,USD_10Y Treasury,1.5300
2021-06-09,USD_10Y Treasury,1.5000
2021-06-10,USD_10Y Treasury,1.4500
2021-06-11,USD_10Y Treasury,1.4700
2021-06-14,USD_10Y Treasury,1.5100
2021-06-15,USD_10Y Treasury,1.5100
2021-06-16,USD_10Y Treasury,1.5700
2021-06-17,USD_10Y Treasury,1.5200
2021-06-18,USD_10Y Treasury,1.4500
2021-06-21,USD_10Y Treasury,1.5000
2021-06-22,USD_10Y Treasury,1.4800
2021-06-23,USD_10Y Treasury,1.5000
2021-06-24,USD_10Y Treasury,1.4900
2021-06-25,USD_10Y Treasury,1.5400
2021-06-28,USD_10Y Treasury,1.4900
2021-06-29,USD_10Y Treasury,1.4900
2021-06-30,USD_10Y Treasury,1.4500
2021-07-01,USD_10Y Treasury,1.4800
2021-07-02,USD_10Y Treasury,1.4400
2021-07-06,USD_10Y Treasury,1.3700
2021-07-07,USD_10Y Treasury,1.3300
2021-07-08,USD_10Y Treasury,1.3000
2021-07-09,USD_10Y Treasury,1.3700
2021-07-12,USD_10Y Treasury,1.3800
2021-07-13,USD_10Y Treasury,1.4200
2021-07-14,USD_10Y Treasury,1.3700
2021-07-15,USD_10Y Treasury,1.3100
2021-07-16,USD_10Y Treasury,1.3100
2021-07-19,USD_10Y Treasury,1.1900
2021-07-20,USD_10Y Treasury,1.2300
2021-07-21,USD_10Y Treasury,1.3000
2021-07-22,USD_10Y Treasury,1.2700
2021-07-23,USD_10Y Treasury,1.3000
2021-07-26,USD_10Y Treasury,1.2900
2021-07-27,USD_10Y Treasury,1.2500
2021-07-28,USD_10Y Treasury,1.2600
2021-07-29,USD_10Y Treasury,1.2800
2021-07-30,USD_10Y Treasury,1.2400
2021-08-02,USD_10Y Treasury,1.2000
2021-08-03,USD_10Y Treasury,1.1900
2021-08-04,USD_10Y Treasury,1.1900
2021-08-05,USD_10Y Treasury,1.2300
2021-08-06,USD_10Y Treasury,1.3100
2021-08-09,USD_10Y Treasury,1.3300
2021-08-10,USD_10Y Treasury,1.3600
2021-08-11,USD_10Y Treasury,1.3500
2021-08-12,USD_10Y Treasury,1.3600
2021-08-13,USD_10Y Treasury,1.2900
2021-08-16,USD_10Y Treasury,1.2600
2021-08-17,USD_10Y Treasury,1.2600
2021-08-18,USD_10Y Treasury,1.2700
2021-08-19,USD_10Y Treasury,1.2400
2021-08-20,USD_10Y Treasury,1.2600
2021-08-23,USD_10Y Treasury,1.2500
2021-08-24,USD_10Y Treasury,1.2900
2021-08-25,USD_10Y Treasury,1.3500
2021-08-26,USD_10Y Treasury,1.3400
2021-08-27,USD_10Y Treasury,1.3100
2021-08-30,USD_10Y Treasury,1.2900
2021-08-31,USD_10Y Treasury,1.3000
2021-09-01,USD_10Y Treasury,1.3100
2021-09-02,USD_10Y Treasury,1.2900
2021-09-03,USD_10Y Treasury,1.3300
2021-09-07,USD_10Y Treasury,1.3800
2021-09-08,USD_10Y Treasury,1.3500
2021-09-09,USD_10Y Treasury,1.3000
2021-09-10,USD_10Y Treasury,1.3500
2021-09-13,USD_10Y Treasury,1.3300
2021-09-14,USD_10Y Treasury,1.2800
2021-09-15,USD_10Y Treasury,1.3100
2021-09-16,USD_10Y Treasury,1.3400
2021-09-17,USD_10Y Treasury,1.3700
2021-09-20,USD_10Y Treasury,1.3100
2021-09-21,USD_10Y Treasury,1.3300
2021-09-22,USD_10Y Treasury,1.3200
2021-09-23,USD_10Y Treasury,1.4100
2021-09-24,USD_10Y Treasury,1.4700
2021-09-27,USD_10Y Treasury,1.4800
2021-09-28,USD_10Y Treasury,1.5400
2021-09-29,USD_10Y Treasury,1.5500
2021-09-30,USD_10Y Treasury,1.5200
2021-10-01,USD_10Y Treasury,1.4800
2021-10-04,USD_10Y Treasury,1.4900
2021-10-05,USD_10Y Treasury,1.5400
2021-10-06,USD_10Y Treasury,1.5300
2021-10-07,USD_10Y Treasury,1.5800
2021-10-08,USD_10Y Treasury,1.6100
2021-10-12,USD_10Y Treasury,1.5900
2021-10-13,USD_10Y Treasury,1.5600
2021-10-14,USD_10Y Treasury,1.5200
2021-10-15,USD_10Y Treasury,1.5900
2021-10-18,USD_10Y Treasury,1.5900
2021-10-19,USD_10Y Treasury,1.6500
2021-10-20,USD_10Y Treasury,1.6500
2021-10-21,USD_10Y Treasury,1.6800
2021-10-22,USD_10Y Treasury,1.6600
2021-10-25,USD_10Y Treasury,1.6400
2021-10-26,USD_10Y Treasury,1.6300
2021-10-27,USD_10Y Treasury,1.5400
2021-10-28,USD_10Y Treasury,1.5700
2021-10-29,USD_10Y Treasury,1.5500
2021-11-01,USD_10Y Treasury,1.5800
2021-11-02,USD_10Y Treasury,1.5600
2021-11-03,USD_10Y Treasury,1.6000
2021-11-04,USD_10Y Treasury,1.5300
2021-11-05,USD_10Y Treasury,1.4500
2021-11-08,USD_10Y Treasury,1.5100
2021-11-09,USD_10Y Treasury,1.4600
2021-11-10,USD_10Y Treasury,1.5600
2021-11-12,USD_10Y Treasury,1.5800
2021-11-15,USD_10Y Treasury,1.6300
2021-11-16,USD_10Y Treasury,1.6300
2021-11-17,USD_10Y Treasury,1.6000
2021-11-18,USD_10Y Treasury,1.5900
2021-11-19,USD_10Y Treasury,1.5400
2021-11-22,USD_10Y Treasury,1.6300
2021-11-23,USD_10Y Treasury,1.6700
2021-11-24,USD_10Y Treasury,1.6400
2021-11-26,USD_10Y Treasury,1.4800
2021-11-29,USD_10Y Treasury,1.5200
2021-11-30,USD_10Y Treasury,1.4300
2021-12-01,USD_10Y Treasury,1.4300
2021-12-02,USD_10Y Treasury,1.4400
2021-12-03,USD_10Y Treasury,1.3500
2021-12-06,USD_10Y Treasury,1.4300
2021-12-07,USD_10Y Treasury,1.4800
2021-12-08,USD_10Y Treasury,1.5200
2021-12-09,USD_10Y Treasury,1.4900
2021-12-10,USD_10Y Treasury,1.4800
2021-12-13,USD_10Y Treasury,1.4200
2021-12-14,USD_10Y Treasury,1.4400
2021-12-15,USD_10Y Treasury,1.4700
2021-12-16,USD_10Y Treasury,1.4400
2021-12-17,USD_10Y Treasury,1.4100
2021-12-20,USD_10Y Treasury,1.4300
2021-12-21,USD_10Y Treasury,1.4800
2021-12-22,USD_10Y Treasury,1.4600
2021-12-23,USD_10Y Treasury,1.5000
2021-12-27,USD_10Y Treasury,1.4800
2021-12-28,USD_10Y Treasury,1.4900
2021-12-29,USD_10Y Treasury,1.5500
2021-12-30,USD_10Y Treasury,1.5200
2021-12-31,USD_10Y Treasury,1.5200
2022-01-03,USD_10Y Treasury,1.6300
2022-01-04,USD_10Y Treasury,1.6600
2022-01-05,USD_10Y Treasury,1.7100
2022-01-06,USD_10Y Treasury,1.7300
2022-01-07,USD_10Y Treasury,1.7600
2022-01-10,USD_10Y Treasury,1.7800
2022-01-11,USD_10Y Treasury,1.7500
2022-01-12,USD_10Y Treasury,1.7400
2022-01-13,USD_10Y Treasury,1.7000
2022-01-14,USD_10Y Treasury,1.7800
2022-01-18,USD_10Y Treasury,1.8700
2022-01-19,USD_10Y Treasury,1.8300
2022-01-20,USD_10Y Treasury,1.8300
2022-01-21,USD_10Y Treasury,1.7500
2022-01-24,USD_10Y Treasury,1.7500
2022-01-25,USD_10Y Treasury,1.7800
2022-01-26,USD_10Y Treasury,1.8500
2022-01-27,USD_10Y Treasury,1.8100
2022-01-28,USD_10Y Treasury,1.7800
2022-01-31,USD_10Y Treasury,1.7900
2022-02-01,USD_10Y Treasury,1.8100
2022-02-02,USD_10Y Treasury,1.7800
2022-02-03,USD_10Y Treasury,1.8200
2022-02-04,USD_10Y Treasury,1.9300
2022-02-07,USD_10Y Treasury,1.9200
2022-02-08,USD_10Y Treasury,1.9600
2022-02-09,USD_10Y Treasury,1.9400
2022-02-10,USD_10Y Treasury,2.0300
2022-02-11,USD_10Y Treasury,1.9200
2022-02-14,USD_10Y Treasury,1.9800
2022-02-15,USD_10Y Treasury,2.0500
2022-02-16,USD_10Y Treasury,2.0300
2022-02-17,USD_10Y Treasury,1.9700
2022-02-18,USD_10Y Treasury,1.9200
2022-02-22,USD_10Y Treasury,1.9400
2022-02-23,USD_10Y Treasury,1.9900
2022-02-24,USD_10Y Treasury,1.9600
2022-02-25,USD_10Y Treasury,1.9700
2022-02-28,USD_10Y Treasury,1.8300
2022-03-01,USD_10Y Treasury,1.7200
2022-03-02,USD_10Y Treasury,1.8600
2022-03-03,USD_10Y Treasury,1.8600
2022-03-04,USD_10Y Treasury,1.7400
2022-03-07,USD_10Y Treasury,1.7800
2022-03-08,USD_10Y Treasury,1.8600
2022-03-09,USD_10Y Treasury,1.9400
2022-03-10,USD_10Y Treasury,1.9800
2022-03-11,USD_10Y Treasury,2.0000
2022-03-14,USD_10Y Treasury,2.1400
2022-03-15,USD_10Y Treasury,2.1500
2022-03-16,USD_10Y Treasury,2.1900
2022-03-17,USD_10Y Treasury,2.2000
2022-03-18,USD_10Y Treasury,2.1400
2022-03-21,USD_10Y Treasury,2.3200
2022-03-22,USD_10Y Treasury,2.3800
2022-03-23,USD_10Y Treasury,2.3200
2022-03-24,USD_10Y Treasury,2.3400
2022-03-25,USD_10Y Treasury,2.4800
2022-03-28,USD_10Y Treasury,2.4600
2022-03-29,USD_10Y Treasury,2.4100
2022-03-30,USD_10Y Treasury,2.3500
2022-03-31,USD_10Y Treasury,2.3200
2022-04-01,USD_10Y Treasury,2.3900
2022-04-04,USD_10Y Treasury,2.4200
2022-04-05,USD_10Y Treasury,2.5400
2022-04-06,USD_10Y Treasury,2.6100
2022-04-07,USD_10Y Treasury,2.6600
2022-04-08,USD_10Y Treasury,2.7200
2022-04-11,USD_10Y Treasury,2.7900
2022-04-12,USD_10Y Treasury,2.7200
2022-04-13,USD_10Y Treasury,2.7000
2022-04-14,USD_10Y Treasury,2.8300
2022-04-18,USD_10Y Treasury,2.8500
2022-04-19,USD_10Y Treasury,2.9300
2022-04-20,USD_10Y Treasury,2.8500
2022-04-21,USD_10Y Treasury,2.9000
2022-04-22,USD_10Y Treasury,2.9000
2022-04-25,USD_10Y Treasury,2.8100
2022-04-26,USD_10Y Treasury,2.7700
2022-04-27,USD_10Y Treasury,2.8200
2022-04-28,USD_10Y Treasury,2.8500
2022-04-29,USD_10Y Treasury,2.8900
2022-05-02,USD_10Y Treasury,2.9900
2022-05-03,USD_10Y Treasury,2.9700
2022-05-04,USD_10Y Treasury,2.9300
2022-05-05,USD_10Y Treasury,3.0500
2022-05-06,USD_10Y Treasury,3.1200
2022-05-09,USD_10Y Treasury,3.0500
2022-05-10,USD_10Y Treasury,2.9900
2022-05-11,USD_10Y Treasury,2.9100
2022-05-12,USD_10Y Treasury,2.8400
2022-05-13,USD_10Y Treasury,2.9300
2022-05-16,USD_10Y Treasury,2.8800
2022-05-17,USD_10Y Treasury,2.9800
2022-05-18,USD_10Y Treasury,2.8900
2022-05-19,USD_10Y Treasury,2.8400
2022-05-20,USD_10Y Treasury,2.7800
2022-05-23,USD_10Y Treasury,2.8600
2022-05-24,USD_10Y Treasury,2.7600
2022-05-25,USD_10Y Treasury,2.7500
2022-05-26,USD_10Y Treasury,2.7500
2022-05-27,USD_10Y Treasury,2.7400
2022-05-31,USD_10Y Treasury,2.8500
2022-06-01,USD_10Y Treasury,2.9400
2022-06-02,USD_10Y Treasury,2.9200
2022-06-03,USD_10Y Treasury,2.9600
2022-06-06,USD_10Y Treasury,3.0400
2022-06-07,USD_10Y Treasury,2.9800
2022-06-08,USD_10Y Treasury,3.0300
2022-06-09,USD_10Y Treasury,3.0400
2022-06-10,USD_10Y Treasury,3.1500
2022-06-13,USD_10Y Treasury,3.4300
2022-06-14,USD_10Y Treasury,3.4900
2022-06-15,USD_10Y Treasury,3.3300
2022-06-16,USD_10Y Treasury,3.2800
2022-06-17,USD_10Y Treasury,3.2500
2022-06-21,USD_10Y Treasury,3.3100
2022-06-22,USD_10Y Treasury,3.1600
2022-06-23,USD_10Y Treasury,3.0900
2022-06-24,USD_10Y Treasury,3.1300
2022-06-27,USD_10Y Treasury,3.2000
2022-06-28,USD_10Y Treasury,3.2000
2022-06-29,USD_10Y Treasury,3.1000
2022-06-30,USD_10Y Treasury,2.9800
2022-07-01,USD_10Y Treasury,2.8800
2022-07-05,USD_10Y Treasury,2.8200
2022-07-06,USD_10Y Treasury,2.9300
2022-07-07,USD_10Y Treasury,3.0100
2022-07-08,USD_10Y Treasury,3.0900
2022-07-11,USD_10Y Treasury,2.9900
2022-07-12,USD_10Y Treasury,2.9600
2022-07-13,USD_10Y Treasury,2.9100
2022-07-14,USD_10Y Treasury,2.9600
2022-07-15,USD_10Y Treasury,2.9300
2022-07-18,USD_10Y Treasury,2.9600
2022-07-19,USD_10Y Treasury,3.0100
2022-07-20,USD_10Y Treasury,3.0400
2022-07-21,USD_10Y Treasury,2.9100
2022-07-22,USD_10Y Treasury,2.7700
2022-07-25,USD_10Y Treasury,2.8100
2022-07-26,USD_10Y Treasury,2.8100
2022-07-27,USD_10Y Treasury,2.7800
2022-07-28,USD_10Y Treasury,2.6800
2022-07-29,USD_10Y Treasury,2.6700
2022-08-01,USD_10Y Treasury,2.6000
2022-08-02,USD_10Y Treasury,2.7500
2022-08-03,USD_10Y Treasury,2.7300
2022-08-04,USD_10Y Treasury,2.6800
2022-08-05,USD_10Y Treasury,2.8300
2022-08-08,USD_10Y Treasury,2.7700
2022-08-09,USD_10Y Treasury,2.8000
2022-08-10,USD_10Y Treasury,2.7800
2022-08-11,USD_10Y Treasury,2.8700
2022-08-12,USD_10Y Treasury,2.8400
2022-08-15,USD_10Y Treasury,2.7900
2022-08-16,USD_10Y Treasury,2.8200
2022-08-17,USD_10Y Treasury,2.8900
2022-08-18,USD_10Y Treasury,2.8800
2022-08-19,USD_10Y Treasury,2.9800
2022-08-22,USD_10Y Treasury,3.0300
2022-08-23,USD_10Y Treasury,3.0500
2022-08-24,USD_10Y Treasury,3.1100
2022-08-25,USD_10Y Treasury,3.0300
2022-08-26,USD_10Y Treasury,3.0400
2022-08-29,USD_10Y Treasury,3.1200
2022-08-30,USD_10Y Treasury,3.1100
2022-08-31,USD_10Y Treasury,3.1500
2022-09-01,USD_10Y Treasury,3.2600
2022-09-02,USD_10Y Treasury,3.2000
2022-09-06,USD_10Y Treasury,3.3300
2022-09-07,USD_10Y Treasury,3.2700
2022-09-08,USD_10Y Treasury,3.2900
2022-09-09,USD_10Y Treasury,3.3300
2022-09-12,USD_10Y Treasury,3.3700
2022-09-13,USD_10Y Treasury,3.4200
2022-09-14,USD_10Y Treasury,3.4100
2022-09-15,USD_10Y Treasury,3.4500
2022-09-16,USD_10Y Treasury,3.4500
2022-09-19,USD_10Y Treasury,3.4900
2022-09-20,USD_10Y Treasury,3.5700
2022-09-21,USD_10Y Treasury,3.5100
2022-09-22,USD_10Y Treasury,3.7000
2022-09-23,USD_10Y Treasury,3.6900
2022-09-26,USD_10Y Treasury,3.8800
2022-09-27,USD_10Y Treasury,3.9700
2022-09-28,USD_10Y Treasury,3.7200
2022-09-29,USD_10Y Treasury,3.7600
2022-09-30,USD_10Y Treasury,3.8300
2022-10-03,USD_10Y Treasury,3.6700
2022-10-04,USD_10Y Treasury,3.6200
2022-10-05,USD_10Y Treasury,3.7600
2022-10-06,USD_10Y Treasury,3.8300
2022-10-07,USD_10Y Treasury,3.8900
2022-10-11,USD_10Y Treasury,3.9300
2022-10-12,USD_10Y Treasury,3.9100
2022-10-13,USD_10Y Treasury,3.9700
2022-10-14,USD_10Y Treasury,4.0000
2022-10-17,USD_10Y Treasury,4.0200
2022-10-18,USD_10Y Treasury,4.0100
2022-10-19,USD_10Y Treasury,4.1400
2022-10-20,USD_10Y Treasury,4.2400
2022-10-21,USD_10Y Treasury,4.2100
2022-10-24,USD_10Y Treasury,4.2500
2022-10-25,USD_10Y Treasury,4.1000
2022-10-26,USD_10Y Treasury,4.0400
2022-10-27,USD_10Y Treasury,3.9600
2022-10-28,USD_10Y Treasury,4.0200
2022-10-31,USD_10Y Treasury,4.1000
2022-11-01,USD_10Y Treasury,4.0700
2022-11-02,USD_10Y Treasury,4.1000
2022-11-03,USD_10Y Treasury,4.1400
2022-11-04,USD_10Y Treasury,4.1700
2022-11-07,USD_10Y Treasury,4.2200
2022-11-08,USD_10Y Treasury,4.1400
2022-11-09,USD_10Y Treasury,4.1200
2022-11-10,USD_10Y Treasury,3.8200
2022-11-14,USD_10Y Treasury,3.8800
2022-11-15,USD_10Y Treasury,3.8000
2022-11-16,USD_10Y Treasury,3.6700
2022-11-17,USD_10Y Treasury,3.7700
2022-11-18,USD_10Y Treasury,3.8200
2022-11-21,USD_10Y Treasury,3.8300
2022-11-22,USD_10Y Treasury,3.7600
2022-11-23,USD_10Y Treasury,3.7100
2022-11-25,USD_10Y Treasury,3.6800
2022-11-28,USD_10Y Treasury,3.6900
2022-11-29,USD_10Y Treasury,3.7500
2022-11-30,USD_10Y Treasury,3.6800
2022-12-01,USD_10Y Treasury,3.5300
2022-12-02,USD_10Y Treasury,3.5100
2022-12-05,USD_10Y Treasury,3.6000
2022-12-06,USD_10Y Treasury,3.5100
2022-12-07,USD_10Y Treasury,3.4200
2022-12-08,USD_10Y Treasury,3.4800
2022-12-09,USD_10Y Treasury,3.5700
2022-12-12,USD_10Y Treasury,3.6100
2022-12-13,USD_10Y Treasury,3.5100
2022-12-14,USD_10Y Treasury,3.4900
2022-12-15,USD_10Y Treasury,3.4400
2022-12-16,USD_10Y Treasury,3.4800
2022-12-19,USD_10Y Treasury,3.5700
2022-12-20,USD_10Y Treasury,3.6900
2022-12-21,USD_10Y Treasury,3.6800
2022-12-22,USD_10Y Treasury,3.6700
2022-12-23,USD_10Y Treasury,3.7500
2022-12-27,USD_10Y Treasury,3.8400
2022-12-28,USD_10Y Treasury,3.8800
2022-12-29,USD_10Y Treasury,3.8300
2022-12-30,USD_10Y Treasury,3.8800
2023-01-03,USD_10Y Treasury,3.7900
2023-01-04,USD_10Y Treasury,3.6900
2023-01-05,USD_10Y Treasury,3.7100
2023-01-06,USD_10Y Treasury,3.5500
2023-01-09,USD_10Y Treasury,3.5300
2023-01-10,USD_10Y Treasury,3.6100
2023-01-11,USD_10Y Treasury,3.5400
2023-01-12,USD_10Y Treasury,3.4300
2023-01-13,USD_10Y Treasury,3.4900
2023-01-17,USD_10Y Treasury,3.5300
2023-01-18,USD_10Y Treasury,3.3700
2023-01-19,USD_10Y Treasury,3.3900
2023-01-20,USD_10Y Treasury,3.4800
2023-01-23,USD_10Y Treasury,3.5200
2023-01-24,USD_10Y Treasury,3.4600
2023-01-25,USD_10Y Treasury,3.4600
2023-01-26,USD_10Y Treasury,3.4900
2023-01-27,USD_10Y Treasury,3.5200
2023-01-30,USD_10Y Treasury,3.5500
2023-01-31,USD_10Y Treasury,3.5200
2023-02-01,USD_10Y Treasury,3.3900
2023-02-02,USD_10Y Treasury,3.4000
2023-02-03,USD_10Y Treasury,3.5300
2023-02-06,USD_10Y Treasury,3.6300
2023-02-07,USD_10Y Treasury,3.6700
2023-02-08,USD_10Y Treasury,3.6300
2023-02-09,USD_10Y Treasury,3.6700
2023-02-10,USD_10Y Treasury,3.7400
2023-02-13,USD_10Y Treasury,3.7200
2023-02-14,USD_10Y Treasury,3.7700
2023-02-15,USD_10Y Treasury,3.8100
2023-02-16,USD_10Y Treasury,3.8600
2023-02-17,USD_10Y Treasury,3.8200
2023-02-21,USD_10Y Treasury,3.9500
2023-02-22,USD_10Y Treasury,3.9300
2023-02-23,USD_10Y Treasury,3.8800
2023-02-24,USD_10Y Treasury,3.9500
2023-02-27,USD_10Y Treasury,3.9200
2023-02-28,USD_10Y Treasury,3.9200
2023-03-01,USD_10Y Treasury,4.0100
2023-03-02,USD_10Y Treasury,4.0800
2023-03-03,USD_10Y Treasury,3.9700
2023-03-06,USD_10Y Treasury,3.9800
2023-03-07,USD_10Y Treasury,3.9700
2023-03-08,USD_10Y Treasury,3.9800
2023-03-09,USD_10Y Treasury,3.9300
2023-03-10,USD_10Y Treasury,3.7000
2023-03-13,USD_10Y Treasury,3.5500
2023-03-14,USD_10Y Treasury,3.6400
2023-03-15,USD_10Y Treasury,3.5100
2023-03-16,USD_10Y Treasury,3.5600
2023-03-17,USD_10Y Treasury,3.3900
2023-03-20,USD_10Y Treasury,3.4700
2023-03-21,USD_10Y Treasury,3.5900
2023-03-22,USD_10Y Treasury,3.4800
2023-03-23,USD_10Y Treasury,3.3800
2023-03-24,USD_10Y Treasury,3.3800
2023-03-27,USD_10Y Treasury,3.5300
2023-03-28,USD_10Y Treasury,3.5500
2023-03-29,USD_10Y Treasury,3.5700
2023-03-30,USD_10Y Treasury,3.5500
2023-03-31,USD_10Y Treasury,3.4800
2023-04-03,USD_10Y Treasury,3.4300
2023-04-04,USD_10Y Treasury,3.3500
2023-04-05,USD_10Y Treasury,3.3000
2023-04-06,USD_10Y Treasury,3.3000
2023-04-07,USD_10Y Treasury,3.3900
2023-04-10,USD_10Y Treasury,3.4100
2023-04-11,USD_10Y Treasury,3.4300
2023-04-12,USD_10Y Treasury,3.4100
2023-04-13,USD_10Y Treasury,3.4500
2023-04-14,USD_10Y Treasury,3.5200
2023-04-17,USD_10Y Treasury,3.6000
2023-04-18,USD_10Y Treasury,3.5800
2023-04-19,USD_10Y Treasury,3.6000
2023-04-20,USD_10Y Treasury,3.5400
2023-04-21,USD_10Y Treasury,3.5700
2023-04-24,USD_10Y Treasury,3.5200
2023-04-25,USD_10Y Treasury,3.4000
2023-04-26,USD_10Y Treasury,3.4300
2023-04-27,USD_10Y Treasury,3.5300
2023-04-28,USD_10Y Treasury,3.4400
2023-05-01,USD_10Y Treasury,3.5900
2023-05-02,USD_10Y Treasury,3.4400
2023-05-03,USD_10Y Treasury,3.3800
2023-05-04,USD_10Y Treasury,3.3700
2023-05-05,USD_10Y Treasury,3.4400
2023-05-08,USD_10Y Treasury,3.5200
2023-05-09,USD_10Y Treasury,3.5300
2023-05-10,USD_10Y Treasury,3.4300
2023-05-11,USD_10Y Treasury,3.3900
2023-05-12,USD_10Y Treasury,3.4600
2023-05-15,USD_10Y Treasury,3.5000
2023-05-16,USD_10Y Treasury,3.5400
2023-05-17,USD_10Y Treasury,3.5700
2023-05-18,USD_10Y Treasury,3.6500
2023-05-19,USD_10Y Treasury,3.7000
2023-05-22,USD_10Y Treasury,3.7200
2023-05-23,USD_10Y Treasury,3.7000
2023-05-24,USD_10Y Treasury,3.7300
2023-05-25,USD_10Y Treasury,3.8300
2023-05-26,USD_10Y Treasury,3.8000
2023-05-30,USD_10Y Treasury,3.6900
2023-05-31,USD_10Y Treasury,3.6400
2023-06-01,USD_10Y Treasury,3.6100
2023-06-02,USD_10Y Treasury,3.6900
2023-06-05,USD_10Y Treasury,3.6900
2023-06-06,USD_10Y Treasury,3.7000
2023-06-07,USD_10Y Treasury,3.7900
2023-06-08,USD_10Y Treasury,3.7300
2023-06-09,USD_10Y Treasury,3.7500
2023-06-12,USD_10Y Treasury,3.7300
2023-06-13,USD_10Y Treasury,3.8400
2023-06-14,USD_10Y Treasury,3.8300
2023-06-15,USD_10Y Treasury,3.7200
2023-06-16,USD_10Y Treasury,3.7700
2023-06-20,USD_10Y Treasury,3.7400
2023-06-21,USD_10Y Treasury,3.7200
2023-06-22,USD_10Y Treasury,3.8000
2023-06-23,USD_10Y Treasury,3.7400
2023-06-26,USD_10Y Treasury,3.7200
2023-06-27,USD_10Y Treasury,3.7700
2023-06-28,USD_10Y Treasury,3.7100
2023-06-29,USD_10Y Treasury,3.8500
2023-06-30,USD_10Y Treasury,3.8100
2023-07-03,USD_10Y Treasury,3.8600
2023-07-05,USD_10Y Treasury,3.9500
2023-07-06,USD_10Y Treasury,4.0500
2023-07-07,USD_10Y Treasury,4.0600
2023-07-10,USD_10Y Treasury,4.0100
2023-07-11,USD_10Y Treasury,3.9900
2023-07-12,USD_10Y Treasury,3.8600
2023-07-13,USD_10Y Treasury,3.7600
2023-07-14,USD_10Y Treasury,3.8300
2023-07-17,USD_10Y Treasury,3.8100
2023-07-18,USD_10Y Treasury,3.8000
2023-07-19,USD_10Y Treasury,3.7500
2023-07-20,USD_10Y Treasury,3.8500
2023-07-21,USD_10Y Treasury,3.8400
2023-07-24,USD_10Y Treasury,3.8600
2023-07-25,USD_10Y Treasury,3.9100
2023-07-26,USD_10Y Treasury,3.8600
2023-07-27,USD_10Y Treasury,4.0100
2023-07-28,USD_10Y Treasury,3.9600
2023-07-31,USD_10Y Treasury,3.9700
2023-08-01,USD_10Y Treasury,4.0500
2023-08-02,USD_10Y Treasury,4.0800
2023-08-03,USD_10Y Treasury,4.2000
2023-08-04,USD_10Y Treasury,4.0500
2023-08-07,USD_10Y Treasury,4.0900
2023-08-08,USD_10Y Treasury,4.0200
2023-08-09,USD_10Y Treasury,4.0000
2023-08-10,USD_10Y Treasury,4.0900
2023-08-11,USD_10Y Treasury,4.1600
2023-08-14,USD_10Y Treasury,4.1900
2023-08-15,USD_10Y Treasury,4.2100
2023-08-16,USD_10Y Treasury,4.2800
2023-08-17,USD_10Y Treasury,4.3000
2023-08-18,USD_10Y Treasury,4.2600
2023-08-21,USD_10Y Treasury,4.3400
2023-08-22,USD_10Y Treasury,4.3400
2023-08-23,USD_10Y Treasury,4.1900
2023-08-24,USD_10Y Treasury,4.2300
2023-08-25,USD_10Y Treasury,4.2500
2023-08-28,USD_10Y Treasury,4.2000
2023-08-29,USD_10Y Treasury,4.1200
2023-08-30,USD_10Y Treasury,4.1200
2023-08-31,USD_10Y Treasury,4.0900
2023-09-01,USD_10Y Treasury,4.1800
2023-09-05,USD_10Y Treasury,4.2700
2023-09-06,USD_10Y Treasury,4.3000
2023-09-07,USD_10Y Treasury,4.2700
2023-09-08,USD_10Y Treasury,4.2600
2023-09-11,USD_10Y Treasury,4.2900
2023-09-12,USD_10Y Treasury,4.2700
2023-09-13,USD_10Y Treasury,4.2500
2023-09-14,USD_10Y Treasury,4.2900
2023-09-15,USD_10Y Treasury,4.3300
2023-09-18,USD_10Y Treasury,4.3200
2023-09-19,USD_10Y Treasury,4.3700
2023-09-20,USD_10Y Treasury,4.3500
2023-09-21,USD_10Y Treasury,4.4900
2023-09-22,USD_10Y Treasury,4.4400
2023-09-25,USD_10Y Treasury,4.5500
2023-09-26,USD_10Y Treasury,4.5600
2023-09-27,USD_10Y Treasury,4.6100
2023-09-28,USD_10Y Treasury,4.5900
2023-09-29,USD_10Y Treasury,4.5900
2023-10-02,USD_10Y Treasury,4.6900
2023-10-03,USD_10Y Treasury,4.8100
2023-10-04,USD_10Y Treasury,4.7300
2023-10-05,USD_10Y Treasury,4.7200
2023-10-06,USD_10Y Treasury,4.7800
2023-10-10,USD_10Y Treasury,4.6600
2023-10-11,USD_10Y Treasury,4.5800
2023-10-12,USD_10Y Treasury,4.7000
2023-10-13,USD_10Y Treasury,4.6300
2023-10-16,USD_10Y Treasury,4.7100
2023-10-17,USD_10Y Treasury,4.8300
2023-10-18,USD_10Y Treasury,4.9100
2023-10-19,USD_10Y Treasury,4.9800
2023-10-20,USD_10Y Treasury,4.9300
2023-10-23,USD_10Y Treasury,4.8600
2023-10-24,USD_10Y Treasury,4.8300
2023-10-25,USD_10Y Treasury,4.9500
2023-10-26,USD_10Y Treasury,4.8600
2023-10-27,USD_10Y Treasury,4.8400
2023-10-30,USD_10Y Treasury,4.8800
2023-10-31,USD_10Y Treasury,4.8800
2023-11-01,USD_10Y Treasury,4.7700
2023-11-02,USD_10Y Treasury,4.6700
2023-11-03,USD_10Y Treasury,4.5700
2023-11-06,USD_10Y Treasury,4.6700
2023-11-07,USD_10Y Treasury,4.5800
2023-11-08,USD_10Y Treasury,4.4900
2023-11-09,USD_10Y Treasury,4.6200
2023-11-10,USD_10Y Treasury,4.6100
2023-11-13,USD_10Y Treasury,4.6300
2023-11-14,USD_10Y Treasury,4.4400
2023-11-15,USD_10Y Treasury,4.5300
2023-11-16,USD_10Y Treasury,4.4500
2023-11-17,USD_10Y Treasury,4.4400
2023-11-20,USD_10Y Treasury,4.4200
2023-11-21,USD_10Y Treasury,4.4100
2023-11-22,USD_10Y Treasury,4.4200
2023-11-24,USD_10Y Treasury,4.4700
2023-11-27,USD_10Y Treasury,4.3900
2023-11-28,USD_10Y Treasury,4.3400
2023-11-29,USD_10Y Treasury,4.2700
2023-11-30,USD_10Y Treasury,4.3700
2023-12-01,USD_10Y Treasury,4.2200
2023-12-04,USD_10Y Treasury,4.2800
2023-12-05,USD_10Y Treasury,4.1800
2023-12-06,USD_10Y Treasury,4.1200
2023-12-07,USD_10Y Treasury,4.1400
2023-12-08,USD_10Y Treasury,4.2300
2023-12-11,USD_10Y Treasury,4.2300
2023-12-12,USD_10Y Treasury,4.2000
2023-12-13,USD_10Y Treasury,4.0400
2023-12-14,USD_10Y Treasury,3.9200
2023-12-15,USD_10Y Treasury,3.9100
2023-12-18,USD_10Y Treasury,3.9500
2023-12-19,USD_10Y Treasury,3.9300
2023-12-20,USD_10Y Treasury,3.8600
2023-12-21,USD_10Y Treasury,3.8900
2023-12-22,USD_10Y Treasury,3.9000
2023-12-26,USD_10Y Treasury,3.8900
2023-12-27,USD_10Y Treasury,3.7900
2023-12-28,USD_10Y Treasury,3.8400
2023-12-29,USD_10Y Treasury,3.8800
2024-01-02,USD_10Y Treasury,3.9500
2024-01-03,USD_10Y Treasury,3.9100
2024-01-04,USD_10Y Treasury,3.9900
2024-01-05,USD_10Y Treasury,4.0500
2024-01-08,USD_10Y Treasury,4.0100
2024-01-09,USD_10Y Treasury,4.0200
2024-01-10,USD_10Y Treasury,4.0400
2024-01-11,USD_10Y Treasury,3.9800
2024-01-12,USD_10Y Treasury,3.9600
2024-01-16,USD_10Y Treasury,4.0700
2024-01-17,USD_10Y Treasury,4.1000
2024-01-18,USD_10Y Treasury,4.1400
2024-01-19,USD_10Y Treasury,4.1500
2024-01-22,USD_10Y Treasury,4.1100
2024-01-23,USD_10Y Treasury,4.1400
2024-01-24,USD_10Y Treasury,4.1800
2024-01-25,USD_10Y Treasury,4.1400
2024-01-26,USD_10Y Treasury,4.1500
2024-01-29,USD_10Y Treasury,4.0800
2024-01-30,USD_10Y Treasury,4.0600
2024-01-31,USD_10Y Treasury,3.9900
2024-02-01,USD_10Y Treasury,3.8700
2024-02-02,USD_10Y Treasury,4.0300
2024-02-05,USD_10Y Treasury,4.1700
2024-02-06,USD_10Y Treasury,4.0900
2024-02-07,USD_10Y Treasury,4.0900
2024-02-08,USD_10Y Treasury,4.1500
2024-02-09,USD_10Y Treasury,4.1700
2024-02-12,USD_10Y Treasury,4.1700
2024-02-13,USD_10Y Treasury,4.3100
2024-02-14,USD_10Y Treasury,4.2700
2024-02-15,USD_10Y Treasury,4.2400
2024-02-16,USD_10Y Treasury,4.3000
2024-02-20,USD_10Y Treasury,4.2700
2024-02-21,USD_10Y Treasury,4.3200
2024-02-22,USD_10Y Treasury,4.3300
2024-02-23,USD_10Y Treasury,4.2600
2024-02-26,USD_10Y Treasury,4.2800
2024-02-27,USD_10Y Treasury,4.3100
2024-02-28,USD_10Y Treasury,4.2700
2024-02-29,USD_10Y Treasury,4.2500
2024-03-01,USD_10Y Treasury,4.1900
2024-03-04,USD_10Y Treasury,4.2200
2024-03-05,USD_10Y Treasury,4.1300
2024-03-06,USD_10Y Treasury,4.1100
2024-03-07,USD_10Y Treasury,4.0900
2024-03-08,USD_10Y Treasury,4.0900
2024-03-11,USD_10Y Treasury,4.1000
2024-03-12,USD_10Y Treasury,4.1600
2024-03-13,USD_10Y Treasury,4.1900
2024-03-14,USD_10Y Treasury,4.2900
2024-03-15,USD_10Y Treasury,4.3100
2024-03-18,USD_10Y Treasury,4.3400
2024-03-19,USD_10Y Treasury,4.3000
2024-03-20,USD_10Y Treasury,4.2700
2024-03-21,USD_10Y Treasury,4.2700
2024-03-22,USD_10Y Treasury,4.2200
2024-03-25,USD_10Y Treasury,4.2500
2024-03-26,USD_10Y Treasury,4.2400
2024-03-27,USD_10Y Treasury,4.2000
2024-03-28,USD_10Y Treasury,4.2000
2024-04-01,USD_10Y Treasury,4.3300
2024-04-02,USD_10Y Treasury,4.3600
2024-04-03,USD_10Y Treasury,4.3600
2024-04-04,USD_10Y Treasury,4.3100
2024-04-05,USD_10Y Treasury,4.3900
2024-04-08,USD_10Y Treasury,4.4200
2024-04-09,USD_10Y Treasury,4.3600
2024-04-10,USD_10Y Treasury,4.5500
2024-04-11,USD_10Y Treasury,4.5600
2024-04-12,USD_10Y Treasury,4.5000
2024-04-15,USD_10Y Treasury,4.6300
2024-04-16,USD_10Y Treasury,4.6700
2024-04-17,USD_10Y Treasury,4.5900
2024-04-18,USD_10Y Treasury,4.6400
2024-04-19,USD_10Y Treasury,4.6200
2024-04-22,USD_10Y Treasury,4.6200
2024-04-23,USD_10Y Treasury,4.6100
2024-04-24,USD_10Y Treasury,4.6500
2024-04-25,USD_10Y Treasury,4.7000
2024-04-26,USD_10Y Treasury,4.6700
2024-04-29,USD_10Y Treasury,4.6300
2024-04-30,USD_10Y Treasury,4.6900
2024-05-01,USD_10Y Treasury,4.6300
2024-05-02,USD_10Y Treasury,4.5800
2024-05-03,USD_10Y Treasury,4.5000
2024-05-06,USD_10Y Treasury,4.4900
2024-05-07,USD_10Y Treasury,4.4700
2024-05-08,USD_10Y Treasury,4.4800
2024-05-09,USD_10Y Treasury,4.4500
2024-05-10,USD_10Y Treasury,4.5000
2024-05-13,USD_10Y Treasury,4.4800
2024-05-14,USD_10Y Treasury,4.4500
2024-05-15,USD_10Y Treasury,4.3600
2024-05-16,USD_10Y Treasury,4.3800
2024-05-17,USD_10Y Treasury,4.4200
2024-05-20,USD_10Y Treasury,4.4400
2024-05-21,USD_10Y Treasury,4.4100
2024-05-22,USD_10Y Treasury,4.4300
2024-05-23,USD_10Y Treasury,4.4700
2024-05-24,USD_10Y Treasury,4.4600
2024-05-28,USD_10Y Treasury,4.5400
2024-05-29,USD_10Y Treasury,4.6100
2024-05-30,USD_10Y Treasury,4.5500
2024-05-31,USD_10Y Treasury,4.5100
2024-06-03,USD_10Y Treasury,4.4100
2024-06-04,USD_10Y Treasury,4.3300
2024-06-05,USD_10Y Treasury,4.2900
2024-06-06,USD_10Y Treasury,4.2800
2024-06-07,USD_10Y Treasury,4.4300
2024-06-10,USD_10Y Treasury,4.4700
2024-06-11,USD_10Y Treasury,4.3900
2024-06-12,USD_10Y Treasury,4.3100
2024-06-13,USD_10Y Treasury,4.2400
2024-06-14,USD_10Y Treasury,4.2000
2024-06-17,USD_10Y Treasury,4.2800
2024-06-18,USD_10Y Treasury,4.2200
2024-06-20,USD_10Y Treasury,4.2500
2024-06-21,USD_10Y Treasury,4.2500
2024-06-24,USD_10Y Treasury,4.2500
2024-06-25,USD_10Y Treasury,4.2300
2024-06-26,USD_10Y Treasury,4.3200
2024-06-27,USD_10Y Treasury,4.2900
2024-06-28,USD_10Y Treasury,4.3600
2024-07-01,USD_10Y Treasury,4.4800
2024-07-02,USD_10Y Treasury,4.4300
2024-07-03,USD_10Y Treasury,4.3600
2024-07-05,USD_10Y Treasury,4.2800
2024-07-08,USD_10Y Treasury,4.2800
2024-07-09,USD_10Y Treasury,4.3000
2024-07-10,USD_10Y Treasury,4.2800
2024-07-11,USD_10Y Treasury,4.2000
2024-07-12,USD_10Y Treasury,4.1800
2024-07-15,USD_10Y Treasury,4.2300
2024-07-16,USD_10Y Treasury,4.1700
2024-07-17,USD_10Y Treasury,4.1600
2024-07-18,USD_10Y Treasury,4.2000
2024-07-19,USD_10Y Treasury,4.2500
2024-07-22,USD_10Y Treasury,4.2600
2024-07-23,USD_10Y Treasury,4.2500
2024-07-24,USD_10Y Treasury,4.2800
2024-07-25,USD_10Y Treasury,4.2700
2024-07-26,USD_10Y Treasury,4.2000
2024-07-29,USD_10Y Treasury,4.1700
2024-07-30,USD_10Y Treasury,4.1500
2024-07-31,USD_10Y Treasury,4.0900
2024-08-01,USD_10Y Treasury,3.9900
2024-08-02,USD_10Y Treasury,3.8000
2024-08-05,USD_10Y Treasury,3.7800
2024-08-06,USD_10Y Treasury,3.9000
2024-08-07,USD_10Y Treasury,3.9600
2024-08-08,USD_10Y Treasury,3.9900
2024-08-09,USD_10Y Treasury,3.9400
2024-08-12,USD_10Y Treasury,3.9000
2024-08-13,USD_10Y Treasury,3.8500
2024-08-14,USD_10Y Treasury,3.8300
2024-08-15,USD_10Y Treasury,3.9200
2024-08-16,USD_10Y Treasury,3.8900
2024-08-19,USD_10Y Treasury,3.8600
2024-08-20,USD_10Y Treasury,3.8200
2024-08-21,USD_10Y Treasury,3.7900
2024-08-22,USD_10Y Treasury,3.8600
2024-08-23,USD_10Y Treasury,3.8100
2024-08-26,USD_10Y Treasury,3.8200
2024-08-27,USD_10Y Treasury,3.8300
2024-08-28,USD_10Y Treasury,3.8400
2024-08-29,USD_10Y Treasury,3.8700
2024-08-30,USD_10Y Treasury,3.9100
2024-09-03,USD_10Y Treasury,3.8400
2024-09-04,USD_10Y Treasury,3.7700
2024-09-05,USD_10Y Treasury,3.7300
2024-09-06,USD_10Y Treasury,3.7200
2024-09-09,USD_10Y Treasury,3.7000
2024-09-10,USD_10Y Treasury,3.6500
2024-09-11,USD_10Y Treasury,3.6500
2024-09-12,USD_10Y Treasury,3.6800
2024-09-13,USD_10Y Treasury,3.6600
2024-09-16,USD_10Y Treasury,3.6300
2024-09-17,USD_10Y Treasury,3.6500
2024-09-18,USD_10Y Treasury,3.7000
2024-09-19,USD_10Y Treasury,3.7300
2024-09-20,USD_10Y Treasury,3.7300
2024-09-23,USD_10Y Treasury,3.7500
2024-09-24,USD_10Y Treasury,3.7400
2024-09-25,USD_10Y Treasury,3.7900
2024-09-26,USD_10Y Treasury,3.7900
2024-09-27,USD_10Y Treasury,3.7500
2024-09-30,USD_10Y Treasury,3.8100
2024-10-01,USD_10Y Treasury,3.7400
2024-10-02,USD_10Y Treasury,3.7900
2024-10-03,USD_10Y Treasury,3.8500
2024-10-04,USD_10Y Treasury,3.9800
2024-10-07,USD_10Y Treasury,4.0300
2024-10-08,USD_10Y Treasury,4.0400
2024-10-09,USD_10Y Treasury,4.0600
2024-10-10,USD_10Y Treasury,4.0900
2024-10-11,USD_10Y Treasury,4.0800
2024-10-15,USD_10Y Treasury,4.0300
2024-10-16,USD_10Y Treasury,4.0200
2024-10-17,USD_10Y Treasury,4.0900
2024-10-18,USD_10Y Treasury,4.0800
2024-10-21,USD_10Y Treasury,4.1900
2024-10-22,USD_10Y Treasury,4.2000
2024-10-23,USD_10Y Treasury,4.2400
2024-10-24,USD_10Y Treasury,4.2100
2024-10-25,USD_10Y Treasury,4.2500
2024-10-28,USD_10Y Treasury,4.2800
2024-10-29,USD_10Y Treasury,4.2800
2024-10-30,USD_10Y Treasury,4.2900
2024-10-31,USD_10Y Treasury,4.2800
2024-11-01,USD_10Y Treasury,4.3700
2024-11-04,USD_10Y Treasury,4.3100
2024-11-05,USD_10Y Treasury,4.2600
2024-11-06,USD_10Y Treasury,4.4200
2024-11-07,USD_10Y Treasury,4.3100
2024-11-08,USD_10Y Treasury,4.3000
2024-11-12,USD_10Y Treasury,4.4300
2024-11-13,USD_10Y Treasury,4.4400
2024-11-14,USD_10Y Treasury,4.4300
2024-11-15,USD_10Y Treasury,4.4300
2024-11-18,USD_10Y Treasury,4.4200
2024-11-19,USD_10Y Treasury,4.3900
2024-11-20,USD_10Y Treasury,4.4100
2024-11-21,USD_10Y Treasury,4.4300
2024-11-22,USD_10Y Treasury,4.4100
2024-11-25,USD_10Y Treasury,4.2700
2024-11-26,USD_10Y Treasury,4.3000
2024-11-27,USD_10Y Treasury,4.2500
2024-11-29,USD_10Y Treasury,4.1800
2024-12-02,USD_10Y Treasury,4.1900
2024-12-03,USD_10Y Treasury,4.2300
2024-12-04,USD_10Y Treasury,4.1900
2024-12-05,USD_10Y Treasury,4.1700
2024-12-06,USD_10Y Treasury,4.1500
2024-12-09,USD_10Y Treasury,4.2000
2024-12-10,USD_10Y Treasury,4.2200
2024-12-11,USD_10Y Treasury,4.2600
2024-12-12,USD_10Y Treasury,4.3200
2024-12-13,USD_10Y Treasury,4.4000
2024-12-16,USD_10Y Treasury,4.3900
2024-12-17,USD_10Y Treasury,4.4000
2024-12-18,USD_10Y Treasury,4.5000
2024-12-19,USD_10Y Treasury,4.5700
2024-12-20,USD_10Y Treasury,4.5200
2024-12-23,USD_10Y Treasury,4.5900
2024-12-24,USD_10Y Treasury,4.5900
2024-12-26,USD_10Y Treasury,4.5800
2024-12-27,USD_10Y Treasury,4.6200
2024-12-30,USD_10Y Treasury,4.5500
2024-12-31,USD_10Y Treasury,4.5800
2025-01-02,USD_10Y Treasury,4.5700
2025-01-03,USD_10Y Treasury,4.6000
2025-01-06,USD_10Y Treasury,4.6200
2025-01-07,USD_10Y Treasury,4.6700
2025-01-08,USD_10Y Treasury,4.6700
2025-01-09,USD_10Y Treasury,4.6800
2025-01-10,USD_10Y Treasury,4.7700
2025-01-13,USD_10Y Treasury,4.7900
2025-01-14,USD_10Y Treasury,4.7800
2025-01-15,USD_10Y Treasury,4.6600
2025-01-16,USD_10Y Treasury,4.6100
2025-01-17,USD_10Y Treasury,4.6100
2025-01-21,USD_10Y Treasury,4.5700
2025-01-22,USD_10Y Treasury,4.6000
2025-01-23,USD_10Y Treasury,4.6500
2025-01-24,USD_10Y Treasury,4.6300
2025-01-27,USD_10Y Treasury,4.5300
2025-01-28,USD_10Y Treasury,4.5500
2025-01-29,USD_10Y Treasury,4.5500
2025-01-30,USD_10Y Treasury,4.5200
2025-01-31,USD_10Y Treasury,4.5800
2025-02-03,USD_10Y Treasury,4.5400
2025-02-04,USD_10Y Treasury,4.5200
2025-02-05,USD_10Y Treasury,4.4300
2025-02-06,USD_10Y Treasury,4.4500
2025-02-07,USD_10Y Treasury,4.4900
2025-02-10,USD_10Y Treasury,4.5100
2025-02-11,USD_10Y Treasury,4.5400
2025-02-12,USD_10Y Treasury,4.6200
2025-02-13,USD_10Y Treasury,4.5200
2025-02-14,USD_10Y Treasury,4.4700
2025-02-18,USD_10Y Treasury,4.5500
2025-02-19,USD_10Y Treasury,4.5300
2025-02-20,USD_10Y Treasury,4.5000
2025-02-21,USD_10Y Treasury,4.4200
2025-02-24,USD_10Y Treasury,4.4000
2025-02-25,USD_10Y Treasury,4.3000
2025-02-26,USD_10Y Treasury,4.2500
2025-02-27,USD_10Y Treasury,4.2900
2025-02-28,USD_10Y Treasury,4.2400
2025-03-03,USD_10Y Treasury,4.1600
2025-03-04,USD_10Y Treasury,4.2200
2025-03-05,USD_10Y Treasury,4.2800
2025-03-06,USD_10Y Treasury,4.2900
2025-03-07,USD_10Y Treasury,4.3200
2025-03-10,USD_10Y Treasury,4.2200
2025-03-11,USD_10Y Treasury,4.2800
2025-03-12,USD_10Y Treasury,4.3200
2025-03-13,USD_10Y Treasury,4.2700
2025-03-14,USD_10Y Treasury,4.3100
2025-03-17,USD_10Y Treasury,4.3100
2025-03-18,USD_10Y Treasury,4.2900
2025-03-19,USD_10Y Treasury,4.2500
2025-03-20,USD_10Y Treasury,4.2400
2025-03-21,USD_10Y Treasury,4.2500
2025-03-24,USD_10Y Treasury,4.3400
2025-03-25,USD_10Y Treasury,4.3100
2025-03-26,USD_10Y Treasury,4.3500
2025-03-27,USD_10Y Treasury,4.3800
2025-03-28,USD_10Y Treasury,4.2700
2025-03-31,USD_10Y Treasury,4.2300
2025-04-01,USD_10Y Treasury,4.1700
2025-04-02,USD_10Y Treasury,4.2000
2025-04-03,USD_10Y Treasury,4.0600
2025-04-04,USD_10Y Treasury,4.0100
2025-04-07,USD_10Y Treasury,4.1500
2025-04-08,USD_10Y Treasury,4.2600
2025-04-09,USD_10Y Treasury,4.3400
2025-04-10,USD_10Y Treasury,4.4000
2025-04-11,USD_10Y Treasury,4.4800
2025-04-14,USD_10Y Treasury,4.3800
2025-04-15,USD_10Y Treasury,4.3500
2025-04-16,USD_10Y Treasury,4.2900
2025-04-17,USD_10Y Treasury,4.3400
2025-04-21,USD_10Y Treasury,4.4200
2025-04-22,USD_10Y Treasury,4.4100
2025-04-23,USD_10Y Treasury,4.4000
2025-04-24,USD_10Y Treasury,4.3200
2025-04-25,USD_10Y Treasury,4.2900
2025-04-28,USD_10Y Treasury,4.2300
2025-04-29,USD_10Y Treasury,4.1900
2025-04-30,USD_10Y Treasury,4.1700
2025-05-01,USD_10Y Treasury,4.2500
2025-05-02,USD_10Y Treasury,4.3300
2025-05-05,USD_10Y Treasury,4.3600
2025-05-06,USD_10Y Treasury,4.3000
2025-05-07,USD_10Y Treasury,4.2600
2025-05-08,USD_10Y Treasury,4.3700
2025-05-09,USD_10Y Treasury,4.3700
2025-05-12,USD_10Y Treasury,4.4500
2025-05-13,USD_10Y Treasury,4.4900
2025-05-14,USD_10Y Treasury,4.5300
2025-05-15,USD_10Y Treasury,4.4500
2025-05-16,USD_10Y Treasury,4.4300
2025-05-19,USD_10Y Treasury,4.4600
2025-05-20,USD_10Y Treasury,4.4800
2025-05-21,USD_10Y Treasury,4.5800
2025-05-22,USD_10Y Treasury,4.5400
2025-05-23,USD_10Y Treasury,4.5100
2025-05-27,USD_10Y Treasury,4.4300
2025-05-28,USD_10Y Treasury,4.4700
2025-05-29,USD_10Y Treasury,4.4300
2025-05-30,USD_10Y Treasury,4.4100
2025-06-02,USD_10Y Treasury,4.4600
2025-06-03,USD_10Y Treasury,4.4600
2025-06-04,USD_10Y Treasury,4.3700
2025-06-05,USD_10Y Treasury,4.4000
2025-06-06,USD_10Y Treasury,4.5100
2025-06-09,USD_10Y Treasury,4.4900
2025-06-10,USD_10Y Treasury,4.4700
2025-06-11,USD_10Y Treasury,4.4100
2025-06-12,USD_10Y Treasury,4.3600
2025-06-13,USD_10Y Treasury,4.4100
2025-06-16,USD_10Y Treasury,4.4600
2025-06-17,USD_10Y Treasury,4.3900
2025-06-18,USD_10Y Treasury,4.3800
2025-06-20,USD_10Y Treasury,4.3800
2025-06-23,USD_10Y Treasury,4.3400
2025-06-24,USD_10Y Treasury,4.3000
2025-06-25,USD_10Y Treasury,4.2900
2025-06-26,USD_10Y Treasury,4.2600
2025-06-27,USD_10Y Treasury,4.2900
2025-06-30,USD_10Y Treasury,4.2400
2025-07-01,USD_10Y Treasury,4.2600
2025-07-02,USD_10Y Treasury,4.3000
2025-07-03,USD_10Y Treasury,4.3500
2025-07-07,USD_10Y Treasury,4.4000
2025-07-08,USD_10Y Treasury,4.4200
2025-07-09,USD_10Y Treasury,4.3400
2025-07-10,USD_10Y Treasury,4.3500
2025-07-11,USD_10Y Treasury,4.4300
2025-07-14,USD_10Y Treasury,4.4300
2025-07-15,USD_10Y Treasury,4.5000
2025-07-16,USD_10Y Treasury,4.4600
2025-07-17,USD_10Y Treasury,4.4700
2025-07-18,USD_10Y Treasury,4.4400
2025-07-21,USD_10Y Treasury,4.3800
2025-07-22,USD_10Y Treasury,4.3500
2025-07-23,USD_10Y Treasury,4.4000
2025-07-24,USD_10Y Treasury,4.4300
2025-07-25,USD_10Y Treasury,4.4000
2025-07-28,USD_10Y Treasury,4.4200
2025-07-29,USD_10Y Treasury,4.3400
2025-07-30,USD_10Y Treasury,4.3800
2025-07-31,USD_10Y Treasury,4.3700
2025-08-01,USD_10Y Treasury,4.2300
2025-08-04,USD_10Y Treasury,4.2200
2025-08-05,USD_10Y Treasury,4.2200
2025-08-06,USD_10Y Treasury,4.2200
2025-08-07,USD_10Y Treasury,4.2300
2025-08-08,USD_10Y Treasury,4.2700
2025-08-11,USD_10Y Treasury,4.2700
2025-08-12,USD_10Y Treasury,4.2900
2025-08-13,USD_10Y Treasury,4.2400
2025-08-14,USD_10Y Treasury,4.2900
2025-08-15,USD_10Y Treasury,4.3300
2025-08-18,USD_10Y Treasury,4.3400
2025-08-19,USD_10Y Treasury,4.3000
2025-08-20,USD_10Y Treasury,4.2900
2025-08-21,USD_10Y Treasury,4.3300
2025-08-22,USD_10Y Treasury,4.2600
2025-08-25,USD_10Y Treasury,4.2800
2025-08-26,USD_10Y Treasury,4.2600
2025-08-27,USD_10Y Treasury,4.2400
2025-08-28,USD_10Y Treasury,4.2200
2025-08-29,USD_10Y Treasury,4.2300
2025-09-02,USD_10Y Treasury,4.2800
2025-09-03,USD_10Y Treasury,4.2200
2025-09-04,USD_10Y Treasury,4.1700
2025-09-05,USD_10Y Treasury,4.1000
2025-09-08,USD_10Y Treasury,4.0500
2025-09-09,USD_10Y Treasury,4.0800
2025-09-10,USD_10Y Treasury,4.0400
2025-09-11,USD_10Y Treasury,4.0100
2025-09-12,USD_10Y Treasury,4.0600
2025-09-15,USD_10Y Treasury,4.0500
2025-09-16,USD_10Y Treasury,4.0400
2025-09-17,USD_10Y Treasury,4.0600
2025-09-18,USD_10Y Treasury,4.1100
2025-09-19,USD_10Y Treasury,4.1400
2025-09-22,USD_10Y Treasury,4.1500
2025-09-23,USD_10Y Treasury,4.1200
2025-09-24,USD_10Y Treasury,4.1600
2025-09-25,USD_10Y Treasury,4.1800
2025-09-26,USD_10Y Treasury,4.2000
2025-09-29,USD_10Y Treasury,4.1500
2025-09-30,USD_10Y Treasury,4.1600
2025-10-01,USD_10Y Treasury,4.1200
2025-10-02,USD_10Y Treasury,4.1000
2025-10-03,USD_10Y Treasury,4.1300
2025-10-06,USD_10Y Treasury,4.1800
2025-10-07,USD_10Y Treasury,4.1400
2025-10-08,USD_10Y Treasury,4.1300
2025-10-09,USD_10Y Treasury,4.1400
2025-10-10,USD_10Y Treasury,4.0500
2025-10-14,USD_10Y Treasury,4.0300
2025-10-15,USD_10Y Treasury,4.0500
2025-10-16,USD_10Y Treasury,3.9900
2025-10-17,USD_10Y Treasury,4.0200
2025-10-20,USD_10Y Treasury,4.0000
2025-10-21,USD_10Y Treasury,3.9800
2025-10-22,USD_10Y Treasury,3.9700
2025-10-23,USD_10Y Treasury,4.0100
2025-10-24,USD_10Y Treasury,4.0200
2025-10-27,USD_10Y Treasury,4.0100
2025-10-28,USD_10Y Treasury,3.9900
2025-10-29,USD_10Y Treasury,4.0800
2025-10-30,USD_10Y Treasury,4.1100
2025-10-31,USD_10Y Treasury,4.1100
2025-11-03,USD_10Y Treasury,4.1300
2025-11-04,USD_10Y Treasury,4.1000
2025-11-05,USD_10Y Treasury,4.1700
2025-11-06,USD_10Y Treasury,4.1100
2025-11-07,USD_10Y Treasury,4.1100
2025-11-10,USD_10Y Treasury,4.1300
2025-11-12,USD_10Y Treasury,4.0800
2025-11-13,USD_10Y Treasury,4.1100
2025-11-14,USD_10Y Treasury,4.1400
2025-11-17,USD_10Y Treasury,4.1300
2025-11-18,USD_10Y Treasury,4.1200
2025-11-19,USD_10Y Treasury,4.1300
2025-11-20,USD_10Y Treasury,4.1000
2025-11-21,USD_10Y Treasury,4.0600
2025-11-24,USD_10Y Treasury,4.0400
2025-11-25,USD_10Y Treasury,4.0100
2025-11-26,USD_10Y Treasury,4.0000
2025-11-28,USD_10Y Treasury,4.0200
2025-12-01,USD_10Y Treasury,4.0900
2025-12-02,USD_10Y Treasury,4.0900
2025-12-03,USD_10Y Treasury,4.0600
2025-12-04,USD_10Y Treasury,4.1100
2025-12-05,USD_10Y Treasury,4.1400
2025-12-08,USD_10Y Treasury,4.1700
2025-12-09,USD_10Y Treasury,4.1800
2025-12-10,USD_10Y Treasury,4.1300
2025-12-11,USD_10Y Treasury,4.1400
2025-12-12,USD_10Y Treasury,4.1900
2025-12-15,USD_10Y Treasury,4.1800
2025-12-16,USD_10Y Treasury,4.1500
2025-12-17,USD_10Y Treasury,4.1600
2025-12-18,USD_10Y Treasury,4.1200
2025-12-19,USD_10Y Treasury,4.1600
2025-12-22,USD_10Y Treasury,4.1700
2025-12-23,USD_10Y Treasury,4.1800
2025-12-24,USD_10Y Treasury,4.1500
2025-12-26,USD_10Y Treasury,4.1400
2025-12-29,USD_10Y Treasury,4.1200
2025-12-30,USD_10Y Treasury,4.1400
2025-12-31,USD_10Y Treasury,4.1800
2026-01-02,USD_10Y Treasury,4.1900
2026-01-05,USD_10Y Treasury,4.1700
2026-01-06,USD_10Y Treasury,4.1800
2026-01-07,USD_10Y Treasury,4.1500
2026-01-08,USD_10Y Treasury,4.1900
2026-01-09,USD_10Y Treasury,4.1800
2026-01-12,USD_10Y Treasury,4.1900
2026-01-13,USD_10Y Treasury,4.1800
2026-01-14,USD_10Y Treasury,4.1500
2026-01-15,USD_10Y Treasury,4.1700
2026-01-16,USD_10Y Treasury,4.2400
2026-01-20,USD_10Y Treasury,4.3000
2026-01-21,USD_10Y Treasury,4.2600
2026-01-22,USD_10Y Treasury,4.2600
2026-01-23,USD_10Y Treasury,4.2400
2026-01-26,USD_10Y Treasury,4.2200
2026-01-27,USD_10Y Treasury,4.2400
2026-01-28,USD_10Y Treasury,4.2600
2026-01-29,USD_10Y Treasury,4.2400
2026-01-30,USD_10Y Treasury,4.2600
2026-02-02,USD_10Y Treasury,4.2900
2026-02-03,USD_10Y Treasury,4.2800
2026-02-04,USD_10Y Treasury,4.2900
2026-02-05,USD_10Y Treasury,4.2100
2026-02-06,USD_10Y Treasury,4.2200
2026-02-09,USD_10Y Treasury,4.2200
2026-02-10,USD_10Y Treasury,4.1600
2026-02-11,USD_10Y Treasury,4.1800
2026-02-12,USD_10Y Treasury,4.0900
2026-02-13,USD_10Y Treasury,4.0400
2026-02-17,USD_10Y Treasury,4.0500
2026-02-18,USD_10Y Treasury,4.0900
2026-02-19,USD_10Y Treasury,4.0800
2026-02-20,USD_10Y Treasury,4.0800
2026-02-23,USD_10Y Treasury,4.0300
2026-02-24,USD_10Y Treasury,4.0400
2026-02-25,USD_10Y Treasury,4.0500
2026-02-26,USD_10Y Treasury,4.0200
2026-02-27,USD_10Y Treasury,3.9700
2026-03-02,USD_10Y Treasury,4.0500
2026-03-03,USD_10Y Treasury,4.0600
2026-03-04,USD_10Y Treasury,4.0900
2026-03-05,USD_10Y Treasury,4.1300
2026-03-06,USD_10Y Treasury,4.1500
2026-03-09,USD_10Y Treasury,4.1200
2026-03-10,USD_10Y Treasury,4.1500
2026-03-11,USD_10Y Treasury,4.2100
2026-03-12,USD_10Y Treasury,4.2700
2026-03-13,USD_10Y Treasury,4.2800
2026-03-16,USD_10Y Treasury,4.2300
2026-03-17,USD_10Y Treasury,4.2000
2026-03-18,USD_10Y Treasury,4.2600
2026-03-19,USD_10Y Treasury,4.2500
2026-03-20,USD_10Y Treasury,4.3900
2026-03-23,USD_10Y Treasury,4.3400
2026-03-24,USD_10Y Treasury,4.3900
2026-03-25,USD_10Y Treasury,4.3300
2026-03-26,USD_10Y Treasury,4.4200
2026-03-27,USD_10Y Treasury,4.4400
2026-03-30,USD_10Y Treasury,4.3500
2026-03-31,USD_10Y Treasury,4.3000
2026-04-01,USD_10Y Treasury,4.3300
2026-04-02,USD_10Y Treasury,4.3100
2026-04-03,USD_10Y Treasury,4.3500
2026-04-06,USD_10Y Treasury,4.3400
2026-04-07,USD_10Y Treasury,4.3300
2026-04-08,USD_10Y Treasury,4.2900
2026-04-09,USD_10Y Treasury,4.2900
2026-04-10,USD_10Y Treasury,4.3100
2026-04-13,USD_10Y Treasury,4.3000
2026-04-14,USD_10Y Treasury,4.2600
2026-04-15,USD_10Y Treasury,4.2900
2026-04-16,USD_10Y Treasury,4.3200
2026-04-17,USD_10Y Treasury,4.2600
2026-04-20,USD_10Y Treasury,4.2600
2026-04-21,USD_10Y Treasury,4.3000
2026-04-22,USD_10Y Treasury,4.3000
2026-04-23,USD_10Y Treasury,4.3400
2026-04-24,USD_10Y Treasury,4.3100
2026-04-27,USD_10Y Treasury,4.3500
2026-04-28,USD_10Y Treasury,4.3600
2026-04-29,USD_10Y Treasury,4.4200
2026-04-30,USD_10Y Treasury,4.4000
2026-05-01,USD_10Y Treasury,4.3900
2026-05-04,USD_10Y Treasury,4.4500
2026-05-05,USD_10Y Treasury,4.4300
2026-05-06,USD_10Y Treasury,4.3600
2026-05-07,USD_10Y Treasury,4.4100
2026-05-08,USD_10Y Treasury,4.3800
2026-05-11,USD_10Y Treasury,4.4200
2026-05-12,USD_10Y Treasury,4.4600
2026-05-13,USD_10Y Treasury,4.4600
2026-05-14,USD_10Y Treasury,4.4700
2026-05-15,USD_10Y Treasury,4.5900
2026-05-18,USD_10Y Treasury,4.6100
2026-05-19,USD_10Y Treasury,4.6700
2026-05-20,USD_10Y Treasury,4.5700
2026-05-21,USD_10Y Treasury,4.5700
2026-05-22,USD_10Y Treasury,4.5600
2026-05-26,USD_10Y Treasury,4.5000
2026-05-27,USD_10Y Treasury,4.4800
2026-05-28,USD_10Y Treasury,4.4500
2026-05-29,USD_10Y Treasury,4.4500
2026-06-01,USD_10Y Treasury,4.4700
2003-01-01,USD_CPI,182.6000
2003-02-01,USD_CPI,183.6000
2003-03-01,USD_CPI,183.9000
2003-04-01,USD_CPI,183.2000
2003-05-01,USD_CPI,182.9000
2003-06-01,USD_CPI,183.1000
2003-07-01,USD_CPI,183.7000
2003-08-01,USD_CPI,184.5000
2003-09-01,USD_CPI,185.1000
2003-10-01,USD_CPI,184.9000
2003-11-01,USD_CPI,185.0000
2003-12-01,USD_CPI,185.5000
2004-01-01,USD_CPI,186.3000
2004-02-01,USD_CPI,186.7000
2004-03-01,USD_CPI,187.1000
2004-04-01,USD_CPI,187.4000
2004-05-01,USD_CPI,188.2000
2004-06-01,USD_CPI,188.9000
2004-07-01,USD_CPI,189.1000
2004-08-01,USD_CPI,189.2000
2004-09-01,USD_CPI,189.8000
2004-10-01,USD_CPI,190.8000
2004-11-01,USD_CPI,191.7000
2004-12-01,USD_CPI,191.7000
2005-01-01,USD_CPI,191.6000
2005-02-01,USD_CPI,192.4000
2005-03-01,USD_CPI,193.1000
2005-04-01,USD_CPI,193.7000
2005-05-01,USD_CPI,193.6000
2005-06-01,USD_CPI,193.7000
2005-07-01,USD_CPI,194.9000
2005-08-01,USD_CPI,196.1000
2005-09-01,USD_CPI,198.8000
2005-10-01,USD_CPI,199.1000
2005-11-01,USD_CPI,198.1000
2005-12-01,USD_CPI,198.1000
2006-01-01,USD_CPI,199.3000
2006-02-01,USD_CPI,199.4000
2006-03-01,USD_CPI,199.7000
2006-04-01,USD_CPI,200.7000
2006-05-01,USD_CPI,201.3000
2006-06-01,USD_CPI,201.8000
2006-07-01,USD_CPI,202.9000
2006-08-01,USD_CPI,203.8000
2006-09-01,USD_CPI,202.8000
2006-10-01,USD_CPI,201.9000
2006-11-01,USD_CPI,202.0000
2006-12-01,USD_CPI,203.1000
2007-01-01,USD_CPI,203.4370
2007-02-01,USD_CPI,204.2260
2007-03-01,USD_CPI,205.2880
2007-04-01,USD_CPI,205.9040
2007-05-01,USD_CPI,206.7550
2007-06-01,USD_CPI,207.2340
2007-07-01,USD_CPI,207.6030
2007-08-01,USD_CPI,207.6670
2007-09-01,USD_CPI,208.5470
2007-10-01,USD_CPI,209.1900
2007-11-01,USD_CPI,210.8340
2007-12-01,USD_CPI,211.4450
2008-01-01,USD_CPI,212.1740
2008-02-01,USD_CPI,212.6870
2008-03-01,USD_CPI,213.4480
2008-04-01,USD_CPI,213.9420
2008-05-01,USD_CPI,215.2080
2008-06-01,USD_CPI,217.4630
2008-07-01,USD_CPI,219.0160
2008-08-01,USD_CPI,218.6900
2008-09-01,USD_CPI,218.8770
2008-10-01,USD_CPI,216.9950
2008-11-01,USD_CPI,213.1530
2008-12-01,USD_CPI,211.3980
2009-01-01,USD_CPI,211.9330
2009-02-01,USD_CPI,212.7050
2009-03-01,USD_CPI,212.4950
2009-04-01,USD_CPI,212.7090
2009-05-01,USD_CPI,213.0220
2009-06-01,USD_CPI,214.7900
2009-07-01,USD_CPI,214.7260
2009-08-01,USD_CPI,215.4450
2009-09-01,USD_CPI,215.8610
2009-10-01,USD_CPI,216.5090
2009-11-01,USD_CPI,217.2340
2009-12-01,USD_CPI,217.3470
2010-01-01,USD_CPI,217.4880
2010-02-01,USD_CPI,217.2810
2010-03-01,USD_CPI,217.3530
2010-04-01,USD_CPI,217.4030
2010-05-01,USD_CPI,217.2900
2010-06-01,USD_CPI,217.1990
2010-07-01,USD_CPI,217.6050
2010-08-01,USD_CPI,217.9230
2010-09-01,USD_CPI,218.2750
2010-10-01,USD_CPI,219.0350
2010-11-01,USD_CPI,219.5900
2010-12-01,USD_CPI,220.4720
2011-01-01,USD_CPI,221.1870
2011-02-01,USD_CPI,221.8980
2011-03-01,USD_CPI,223.0460
2011-04-01,USD_CPI,224.0930
2011-05-01,USD_CPI,224.8060
2011-06-01,USD_CPI,224.8060
2011-07-01,USD_CPI,225.3950
2011-08-01,USD_CPI,226.1060
2011-09-01,USD_CPI,226.5970
2011-10-01,USD_CPI,226.7500
2011-11-01,USD_CPI,227.1690
2011-12-01,USD_CPI,227.2230
2012-01-01,USD_CPI,227.8420
2012-02-01,USD_CPI,228.3290
2012-03-01,USD_CPI,228.8070
2012-04-01,USD_CPI,229.1870
2012-05-01,USD_CPI,228.7130
2012-06-01,USD_CPI,228.5240
2012-07-01,USD_CPI,228.5900
2012-08-01,USD_CPI,229.9180
2012-09-01,USD_CPI,231.0150
2012-10-01,USD_CPI,231.6380
2012-11-01,USD_CPI,231.2490
2012-12-01,USD_CPI,231.2210
2013-01-01,USD_CPI,231.6790
2013-02-01,USD_CPI,232.9370
2013-03-01,USD_CPI,232.2820
2013-04-01,USD_CPI,231.7970
2013-05-01,USD_CPI,231.8930
2013-06-01,USD_CPI,232.4450
2013-07-01,USD_CPI,232.9000
2013-08-01,USD_CPI,233.4560
2013-09-01,USD_CPI,233.5440
2013-10-01,USD_CPI,233.6690
2013-11-01,USD_CPI,234.1000
2013-12-01,USD_CPI,234.7190
2014-01-01,USD_CPI,235.2880
2014-02-01,USD_CPI,235.5470
2014-03-01,USD_CPI,236.0280
2014-04-01,USD_CPI,236.4680
2014-05-01,USD_CPI,236.9180
2014-06-01,USD_CPI,237.2310
2014-07-01,USD_CPI,237.4980
2014-08-01,USD_CPI,237.4600
2014-09-01,USD_CPI,237.4770
2014-10-01,USD_CPI,237.4300
2014-11-01,USD_CPI,236.9830
2014-12-01,USD_CPI,236.2520
2015-01-01,USD_CPI,234.7470
2015-02-01,USD_CPI,235.3420
2015-03-01,USD_CPI,235.9760
2015-04-01,USD_CPI,236.2220
2015-05-01,USD_CPI,237.0010
2015-06-01,USD_CPI,237.6570
2015-07-01,USD_CPI,238.0340
2015-08-01,USD_CPI,238.0330
2015-09-01,USD_CPI,237.4980
2015-10-01,USD_CPI,237.7330
2015-11-01,USD_CPI,238.0170
2015-12-01,USD_CPI,237.7610
2016-01-01,USD_CPI,237.6520
2016-02-01,USD_CPI,237.3360
2016-03-01,USD_CPI,238.0800
2016-04-01,USD_CPI,238.9920
2016-05-01,USD_CPI,239.5570
2016-06-01,USD_CPI,240.2220
2016-07-01,USD_CPI,240.1010
2016-08-01,USD_CPI,240.5450
2016-09-01,USD_CPI,241.1760
2016-10-01,USD_CPI,241.7410
2016-11-01,USD_CPI,242.0260
2016-12-01,USD_CPI,242.6370
2017-01-01,USD_CPI,243.6180
2017-02-01,USD_CPI,244.0060
2017-03-01,USD_CPI,243.8920
2017-04-01,USD_CPI,244.1930
2017-05-01,USD_CPI,244.0040
2017-06-01,USD_CPI,244.1630
2017-07-01,USD_CPI,244.2430
2017-08-01,USD_CPI,245.1830
2017-09-01,USD_CPI,246.4350
2017-10-01,USD_CPI,246.6260
2017-11-01,USD_CPI,247.2840
2017-12-01,USD_CPI,247.8050
2018-01-01,USD_CPI,248.8590
2018-02-01,USD_CPI,249.5290
2018-03-01,USD_CPI,249.5770
2018-04-01,USD_CPI,250.2270
2018-05-01,USD_CPI,250.7920
2018-06-01,USD_CPI,251.0180
2018-07-01,USD_CPI,251.2140
2018-08-01,USD_CPI,251.6630
2018-09-01,USD_CPI,252.1820
2018-10-01,USD_CPI,252.7720
2018-11-01,USD_CPI,252.5940
2018-12-01,USD_CPI,252.7670
2019-01-01,USD_CPI,252.5610
2019-02-01,USD_CPI,253.3190
2019-03-01,USD_CPI,254.2770
2019-04-01,USD_CPI,255.2330
2019-05-01,USD_CPI,255.2960
2019-06-01,USD_CPI,255.2130
2019-07-01,USD_CPI,255.8020
2019-08-01,USD_CPI,256.0360
2019-09-01,USD_CPI,256.4300
2019-10-01,USD_CPI,257.1550
2019-11-01,USD_CPI,257.8790
2019-12-01,USD_CPI,258.6300
2020-01-01,USD_CPI,259.1270
2020-02-01,USD_CPI,259.2500
2020-03-01,USD_CPI,258.0760
2020-04-01,USD_CPI,256.0320
2020-05-01,USD_CPI,255.8020
2020-06-01,USD_CPI,257.0420
2020-07-01,USD_CPI,258.3520
2020-08-01,USD_CPI,259.3160
2020-09-01,USD_CPI,259.9970
2020-10-01,USD_CPI,260.3190
2020-11-01,USD_CPI,260.9110
2020-12-01,USD_CPI,262.0450
2021-01-01,USD_CPI,262.6870
2021-02-01,USD_CPI,263.5790
2021-03-01,USD_CPI,264.9610
2021-04-01,USD_CPI,266.6140
2021-05-01,USD_CPI,268.3830
2021-06-01,USD_CPI,270.6540
2021-07-01,USD_CPI,271.9030
2021-08-01,USD_CPI,272.6760
2021-09-01,USD_CPI,273.9100
2021-10-01,USD_CPI,276.5500
2021-11-01,USD_CPI,278.9190
2021-12-01,USD_CPI,280.8450
2022-01-01,USD_CPI,282.5430
2022-02-01,USD_CPI,284.5000
2022-03-01,USD_CPI,287.6740
2022-04-01,USD_CPI,288.5610
2022-05-01,USD_CPI,291.2980
2022-06-01,USD_CPI,294.9570
2022-07-01,USD_CPI,294.9130
2022-08-01,USD_CPI,295.0970
2022-09-01,USD_CPI,296.3490
2022-10-01,USD_CPI,298.0070
2022-11-01,USD_CPI,298.7860
2022-12-01,USD_CPI,298.8320
2023-01-01,USD_CPI,300.4200
2023-02-01,USD_CPI,301.4500
2023-03-01,USD_CPI,301.8210
2023-04-01,USD_CPI,302.8450
2023-05-01,USD_CPI,303.3340
2023-06-01,USD_CPI,304.0140
2023-07-01,USD_CPI,304.6090
2023-08-01,USD_CPI,306.0820
2023-09-01,USD_CPI,307.2760
2023-10-01,USD_CPI,307.6960
2023-11-01,USD_CPI,308.1480
2023-12-01,USD_CPI,308.7410
2024-01-01,USD_CPI,309.6980
2024-02-01,USD_CPI,310.9670
2024-03-01,USD_CPI,312.3450
2024-04-01,USD_CPI,313.0230
2024-05-01,USD_CPI,313.1750
2024-06-01,USD_CPI,313.0440
2024-07-01,USD_CPI,313.5690
2024-08-01,USD_CPI,314.0620
2024-09-01,USD_CPI,314.7320
2024-10-01,USD_CPI,315.6310
2024-11-01,USD_CPI,316.5280
2024-12-01,USD_CPI,317.6040
2025-01-01,USD_CPI,318.9610
2025-02-01,USD_CPI,319.6790
2025-03-01,USD_CPI,319.7850
2025-04-01,USD_CPI,320.3020
2025-05-01,USD_CPI,320.6200
2025-06-01,USD_CPI,321.4350
2025-07-01,USD_CPI,322.1690
2025-08-01,USD_CPI,323.2910
2025-09-01,USD_CPI,324.2450
2025-11-01,USD_CPI,325.0630
2025-12-01,USD_CPI,326.0310
2026-01-01,USD_CPI,326.5880
2026-02-01,USD_CPI,327.4600
2026-03-01,USD_CPI,330.2930
2026-04-01,USD_CPI,332.4070
2003-01-01,USD_Core CPI,192.4000
2003-02-01,USD_Core CPI,192.5000
2003-03-01,USD_Core CPI,192.5000
2003-04-01,USD_Core CPI,192.5000
2003-05-01,USD_Core CPI,192.9000
2003-06-01,USD_Core CPI,193.0000
2003-07-01,USD_Core CPI,193.4000
2003-08-01,USD_Core CPI,193.6000
2003-09-01,USD_Core CPI,193.7000
2003-10-01,USD_Core CPI,194.0000
2003-11-01,USD_Core CPI,194.0000
2003-12-01,USD_Core CPI,194.2000
2004-01-01,USD_Core CPI,194.6000
2004-02-01,USD_Core CPI,194.9000
2004-03-01,USD_Core CPI,195.5000
2004-04-01,USD_Core CPI,195.9000
2004-05-01,USD_Core CPI,196.2000
2004-06-01,USD_Core CPI,196.6000
2004-07-01,USD_Core CPI,196.8000
2004-08-01,USD_Core CPI,196.9000
2004-09-01,USD_Core CPI,197.5000
2004-10-01,USD_Core CPI,197.9000
2004-11-01,USD_Core CPI,198.3000
2004-12-01,USD_Core CPI,198.6000
2005-01-01,USD_Core CPI,199.0000
2005-02-01,USD_Core CPI,199.4000
2005-03-01,USD_Core CPI,200.1000
2005-04-01,USD_Core CPI,200.2000
2005-05-01,USD_Core CPI,200.5000
2005-06-01,USD_Core CPI,200.6000
2005-07-01,USD_Core CPI,200.9000
2005-08-01,USD_Core CPI,201.1000
2005-09-01,USD_Core CPI,201.3000
2005-10-01,USD_Core CPI,202.0000
2005-11-01,USD_Core CPI,202.5000
2005-12-01,USD_Core CPI,202.8000
2006-01-01,USD_Core CPI,203.2000
2006-02-01,USD_Core CPI,203.6000
2006-03-01,USD_Core CPI,204.3000
2006-04-01,USD_Core CPI,204.8000
2006-05-01,USD_Core CPI,205.4000
2006-06-01,USD_Core CPI,205.9000
2006-07-01,USD_Core CPI,206.3000
2006-08-01,USD_Core CPI,206.8000
2006-09-01,USD_Core CPI,207.2000
2006-10-01,USD_Core CPI,207.6000
2006-11-01,USD_Core CPI,207.8000
2006-12-01,USD_Core CPI,208.1000
2007-01-01,USD_Core CPI,208.6000
2007-02-01,USD_Core CPI,209.1350
2007-03-01,USD_Core CPI,209.4180
2007-04-01,USD_Core CPI,209.7470
2007-05-01,USD_Core CPI,210.0580
2007-06-01,USD_Core CPI,210.3920
2007-07-01,USD_Core CPI,210.7730
2007-08-01,USD_Core CPI,211.1190
2007-09-01,USD_Core CPI,211.5540
2007-10-01,USD_Core CPI,212.0770
2007-11-01,USD_Core CPI,212.6600
2007-12-01,USD_Core CPI,213.1680
2008-01-01,USD_Core CPI,213.7710
2008-02-01,USD_Core CPI,213.9390
2008-03-01,USD_Core CPI,214.4200
2008-04-01,USD_Core CPI,214.5600
2008-05-01,USD_Core CPI,214.9360
2008-06-01,USD_Core CPI,215.4240
2008-07-01,USD_Core CPI,215.9650
2008-08-01,USD_Core CPI,216.3930
2008-09-01,USD_Core CPI,216.7130
2008-10-01,USD_Core CPI,216.7880
2008-11-01,USD_Core CPI,216.9470
2008-12-01,USD_Core CPI,216.9250
2009-01-01,USD_Core CPI,217.3460
2009-02-01,USD_Core CPI,217.7920
2009-03-01,USD_Core CPI,218.2530
2009-04-01,USD_Core CPI,218.7060
2009-05-01,USD_Core CPI,218.9040
2009-06-01,USD_Core CPI,219.1120
2009-07-01,USD_Core CPI,219.2630
2009-08-01,USD_Core CPI,219.4960
2009-09-01,USD_Core CPI,219.9200
2009-10-01,USD_Core CPI,220.5010
2009-11-01,USD_Core CPI,220.6660
2009-12-01,USD_Core CPI,220.8810
2010-01-01,USD_Core CPI,220.6330
2010-02-01,USD_Core CPI,220.7310
2010-03-01,USD_Core CPI,220.7830
2010-04-01,USD_Core CPI,220.8220
2010-05-01,USD_Core CPI,220.9620
2010-06-01,USD_Core CPI,221.1940
2010-07-01,USD_Core CPI,221.3630
2010-08-01,USD_Core CPI,221.5090
2010-09-01,USD_Core CPI,221.7110
2010-10-01,USD_Core CPI,221.8300
2010-11-01,USD_Core CPI,222.1490
2010-12-01,USD_Core CPI,222.3430
2011-01-01,USD_Core CPI,222.8030
2011-02-01,USD_Core CPI,223.2130
2011-03-01,USD_Core CPI,223.4540
2011-04-01,USD_Core CPI,223.7270
2011-05-01,USD_Core CPI,224.1750
2011-06-01,USD_Core CPI,224.6970
2011-07-01,USD_Core CPI,225.2180
2011-08-01,USD_Core CPI,225.8620
2011-09-01,USD_Core CPI,226.1180
2011-10-01,USD_Core CPI,226.5060
2011-11-01,USD_Core CPI,226.8990
2011-12-01,USD_Core CPI,227.4050
2012-01-01,USD_Core CPI,227.8770
2012-02-01,USD_Core CPI,228.0340
2012-03-01,USD_Core CPI,228.4780
2012-04-01,USD_Core CPI,228.9050
2012-05-01,USD_Core CPI,229.2240
2012-06-01,USD_Core CPI,229.6230
2012-07-01,USD_Core CPI,229.9700
2012-08-01,USD_Core CPI,230.2330
2012-09-01,USD_Core CPI,230.6590
2012-10-01,USD_Core CPI,231.0240
2012-11-01,USD_Core CPI,231.3300
2012-12-01,USD_Core CPI,231.7250
2013-01-01,USD_Core CPI,232.2290
2013-02-01,USD_Core CPI,232.5690
2013-03-01,USD_Core CPI,232.7940
2013-04-01,USD_Core CPI,232.8320
2013-05-01,USD_Core CPI,232.9960
2013-06-01,USD_Core CPI,233.3500
2013-07-01,USD_Core CPI,233.8800
2013-08-01,USD_Core CPI,234.3360
2013-09-01,USD_Core CPI,234.7000
2013-10-01,USD_Core CPI,234.9210
2013-11-01,USD_Core CPI,235.3590
2013-12-01,USD_Core CPI,235.7590
2014-01-01,USD_Core CPI,235.9610
2014-02-01,USD_Core CPI,236.1850
2014-03-01,USD_Core CPI,236.6250
2014-04-01,USD_Core CPI,237.0720
2014-05-01,USD_Core CPI,237.5290
2014-06-01,USD_Core CPI,237.8370
2014-07-01,USD_Core CPI,238.1950
2014-08-01,USD_Core CPI,238.4050
2014-09-01,USD_Core CPI,238.7860
2014-10-01,USD_Core CPI,239.1910
2014-11-01,USD_Core CPI,239.4580
2014-12-01,USD_Core CPI,239.5840
2015-01-01,USD_Core CPI,239.8110
2015-02-01,USD_Core CPI,240.1720
2015-03-01,USD_Core CPI,240.7550
2015-04-01,USD_Core CPI,241.3460
2015-05-01,USD_Core CPI,241.6880
2015-06-01,USD_Core CPI,242.0640
2015-07-01,USD_Core CPI,242.5650
2015-08-01,USD_Core CPI,242.8170
2015-09-01,USD_Core CPI,243.3160
2015-10-01,USD_Core CPI,243.7680
2015-11-01,USD_Core CPI,244.2410
2015-12-01,USD_Core CPI,244.5470
2016-01-01,USD_Core CPI,244.9550
2016-02-01,USD_Core CPI,245.5100
2016-03-01,USD_Core CPI,245.9130
2016-04-01,USD_Core CPI,246.5510
2016-05-01,USD_Core CPI,247.1370
2016-06-01,USD_Core CPI,247.5400
2016-07-01,USD_Core CPI,247.8290
2016-08-01,USD_Core CPI,248.4230
2016-09-01,USD_Core CPI,248.8420
2016-10-01,USD_Core CPI,249.1420
2016-11-01,USD_Core CPI,249.4810
2016-12-01,USD_Core CPI,249.9200
2017-01-01,USD_Core CPI,250.4670
2017-02-01,USD_Core CPI,250.9980
2017-03-01,USD_Core CPI,250.9440
2017-04-01,USD_Core CPI,251.2270
2017-05-01,USD_Core CPI,251.4300
2017-06-01,USD_Core CPI,251.7460
2017-07-01,USD_Core CPI,251.9850
2017-08-01,USD_Core CPI,252.5350
2017-09-01,USD_Core CPI,252.8120
2017-10-01,USD_Core CPI,253.5260
2017-11-01,USD_Core CPI,253.8160
2017-12-01,USD_Core CPI,254.3440
2018-01-01,USD_Core CPI,255.2040
2018-02-01,USD_Core CPI,255.7110
2018-03-01,USD_Core CPI,256.2710
2018-04-01,USD_Core CPI,256.6300
2018-05-01,USD_Core CPI,257.1450
2018-06-01,USD_Core CPI,257.3990
2018-07-01,USD_Core CPI,257.6990
2018-08-01,USD_Core CPI,257.8910
2018-09-01,USD_Core CPI,258.3680
2018-10-01,USD_Core CPI,258.9170
2018-11-01,USD_Core CPI,259.4390
2018-12-01,USD_Core CPI,260.0630
2019-01-01,USD_Core CPI,260.7660
2019-02-01,USD_Core CPI,261.1860
2019-03-01,USD_Core CPI,261.5670
2019-04-01,USD_Core CPI,261.9970
2019-05-01,USD_Core CPI,262.2170
2019-06-01,USD_Core CPI,262.7390
2019-07-01,USD_Core CPI,263.2800
2019-08-01,USD_Core CPI,263.8770
2019-09-01,USD_Core CPI,264.3880
2019-10-01,USD_Core CPI,264.9700
2019-11-01,USD_Core CPI,265.5480
2019-12-01,USD_Core CPI,266.0200
2020-01-01,USD_Core CPI,266.7160
2020-02-01,USD_Core CPI,267.3700
2020-03-01,USD_Core CPI,267.0540
2020-04-01,USD_Core CPI,265.7460
2020-05-01,USD_Core CPI,265.4120
2020-06-01,USD_Core CPI,265.8490
2020-07-01,USD_Core CPI,267.3890
2020-08-01,USD_Core CPI,268.4220
2020-09-01,USD_Core CPI,268.9330
2020-10-01,USD_Core CPI,269.3060
2020-11-01,USD_Core CPI,269.9810
2020-12-01,USD_Core CPI,270.3410
2021-01-01,USD_Core CPI,270.3870
2021-02-01,USD_Core CPI,270.7930
2021-03-01,USD_Core CPI,271.4590
2021-04-01,USD_Core CPI,273.6600
2021-05-01,USD_Core CPI,275.4650
2021-06-01,USD_Core CPI,277.6510
2021-07-01,USD_Core CPI,278.6480
2021-08-01,USD_Core CPI,278.9970
2021-09-01,USD_Core CPI,279.6980
2021-10-01,USD_Core CPI,281.6680
2021-11-01,USD_Core CPI,283.4060
2021-12-01,USD_Core CPI,285.1800
2022-01-01,USD_Core CPI,286.7570
2022-02-01,USD_Core CPI,288.2730
2022-03-01,USD_Core CPI,289.0560
2022-04-01,USD_Core CPI,290.5140
2022-05-01,USD_Core CPI,292.0630
2022-06-01,USD_Core CPI,294.0500
2022-07-01,USD_Core CPI,295.0880
2022-08-01,USD_Core CPI,296.5350
2022-09-01,USD_Core CPI,298.2260
2022-10-01,USD_Core CPI,299.3990
2022-11-01,USD_Core CPI,300.3250
2022-12-01,USD_Core CPI,301.3940
2023-01-01,USD_Core CPI,302.6420
2023-02-01,USD_Core CPI,304.1230
2023-03-01,USD_Core CPI,305.1470
2023-04-01,USD_Core CPI,306.5340
2023-05-01,USD_Core CPI,307.6520
2023-06-01,USD_Core CPI,308.3220
2023-07-01,USD_Core CPI,308.9600
2023-08-01,USD_Core CPI,309.5800
2023-09-01,USD_Core CPI,310.5390
2023-10-01,USD_Core CPI,311.4570
2023-11-01,USD_Core CPI,312.3920
2023-12-01,USD_Core CPI,313.1950
2024-01-01,USD_Core CPI,314.3190
2024-02-01,USD_Core CPI,315.5640
2024-03-01,USD_Core CPI,316.7920
2024-04-01,USD_Core CPI,317.6490
2024-05-01,USD_Core CPI,318.0950
2024-06-01,USD_Core CPI,318.3900
2024-07-01,USD_Core CPI,318.9400
2024-08-01,USD_Core CPI,319.7500
2024-09-01,USD_Core CPI,320.7320
2024-10-01,USD_Core CPI,321.7310
2024-11-01,USD_Core CPI,322.6570
2024-12-01,USD_Core CPI,323.2590
2025-01-01,USD_Core CPI,324.6380
2025-02-01,USD_Core CPI,325.4650
2025-03-01,USD_Core CPI,325.6900
2025-04-01,USD_Core CPI,326.4670
2025-05-01,USD_Core CPI,326.8930
2025-06-01,USD_Core CPI,327.6580
2025-07-01,USD_Core CPI,328.6820
2025-08-01,USD_Core CPI,329.7000
2025-09-01,USD_Core CPI,330.4180
2025-11-01,USD_Core CPI,331.0430
2025-12-01,USD_Core CPI,331.8140
2026-01-01,USD_Core CPI,332.7930
2026-02-01,USD_Core CPI,333.5120
2026-03-01,USD_Core CPI,334.1650
2026-04-01,USD_Core CPI,335.4230
2003-01-01,USD_Core PCE,78.2400
2003-02-01,USD_Core PCE,78.3480
2003-03-01,USD_Core PCE,78.4740
2003-04-01,USD_Core PCE,78.5610
2003-05-01,USD_Core PCE,78.6740
2003-06-01,USD_Core PCE,78.7180
2003-07-01,USD_Core PCE,78.9150
2003-08-01,USD_Core PCE,79.0040
2003-09-01,USD_Core PCE,79.1140
2003-10-01,USD_Core PCE,79.2600
2003-11-01,USD_Core PCE,79.3680
2003-12-01,USD_Core PCE,79.4670
2004-01-01,USD_Core PCE,79.6710
2004-02-01,USD_Core PCE,79.8000
2004-03-01,USD_Core PCE,79.9340
2004-04-01,USD_Core PCE,80.1420
2004-05-01,USD_Core PCE,80.2520
2004-06-01,USD_Core PCE,80.3790
2004-07-01,USD_Core PCE,80.4740
2004-08-01,USD_Core PCE,80.5050
2004-09-01,USD_Core PCE,80.6560
2004-10-01,USD_Core PCE,80.8310
2004-11-01,USD_Core PCE,81.0050
2004-12-01,USD_Core PCE,81.1090
2005-01-01,USD_Core PCE,81.4010
2005-02-01,USD_Core PCE,81.5360
2005-03-01,USD_Core PCE,81.7370
2005-04-01,USD_Core PCE,81.8310
2005-05-01,USD_Core PCE,81.9990
2005-06-01,USD_Core PCE,82.0560
2005-07-01,USD_Core PCE,82.1760
2005-08-01,USD_Core PCE,82.2430
2005-09-01,USD_Core PCE,82.4250
2005-10-01,USD_Core PCE,82.6620
2005-11-01,USD_Core PCE,82.8730
2005-12-01,USD_Core PCE,82.9590
2006-01-01,USD_Core PCE,83.1450
2006-02-01,USD_Core PCE,83.2790
2006-03-01,USD_Core PCE,83.5090
2006-04-01,USD_Core PCE,83.7640
2006-05-01,USD_Core PCE,83.9740
2006-06-01,USD_Core PCE,84.1860
2006-07-01,USD_Core PCE,84.2680
2006-08-01,USD_Core PCE,84.4400
2006-09-01,USD_Core PCE,84.5730
2006-10-01,USD_Core PCE,84.7260
2006-11-01,USD_Core PCE,84.7660
2006-12-01,USD_Core PCE,84.8800
2007-01-01,USD_Core PCE,85.2240
2007-02-01,USD_Core PCE,85.4080
2007-03-01,USD_Core PCE,85.4940
2007-04-01,USD_Core PCE,85.6160
2007-05-01,USD_Core PCE,85.7170
2007-06-01,USD_Core PCE,85.8590
2007-07-01,USD_Core PCE,85.9880
2007-08-01,USD_Core PCE,86.1160
2007-09-01,USD_Core PCE,86.3510
2007-10-01,USD_Core PCE,86.5760
2007-11-01,USD_Core PCE,86.7460
2007-12-01,USD_Core PCE,86.9200
2008-01-01,USD_Core PCE,87.0930
2008-02-01,USD_Core PCE,87.1780
2008-03-01,USD_Core PCE,87.3490
2008-04-01,USD_Core PCE,87.4000
2008-05-01,USD_Core PCE,87.5590
2008-06-01,USD_Core PCE,87.7600
2008-07-01,USD_Core PCE,87.9180
2008-08-01,USD_Core PCE,88.0260
2008-09-01,USD_Core PCE,88.1160
2008-10-01,USD_Core PCE,87.9910
2008-11-01,USD_Core PCE,87.9520
2008-12-01,USD_Core PCE,87.9090
2009-01-01,USD_Core PCE,87.8820
2009-02-01,USD_Core PCE,87.9520
2009-03-01,USD_Core PCE,88.0150
2009-04-01,USD_Core PCE,88.2110
2009-05-01,USD_Core PCE,88.2790
2009-06-01,USD_Core PCE,88.3920
2009-07-01,USD_Core PCE,88.4680
2009-08-01,USD_Core PCE,88.5990
2009-09-01,USD_Core PCE,88.7550
2009-10-01,USD_Core PCE,89.0820
2009-11-01,USD_Core PCE,89.1600
2009-12-01,USD_Core PCE,89.2360
2010-01-01,USD_Core PCE,89.3680
2010-02-01,USD_Core PCE,89.4460
2010-03-01,USD_Core PCE,89.5790
2010-04-01,USD_Core PCE,89.6250
2010-05-01,USD_Core PCE,89.7240
2010-06-01,USD_Core PCE,89.7670
2010-07-01,USD_Core PCE,89.7690
2010-08-01,USD_Core PCE,89.8550
2010-09-01,USD_Core PCE,89.9060
2010-10-01,USD_Core PCE,90.0430
2010-11-01,USD_Core PCE,90.1600
2010-12-01,USD_Core PCE,90.1790
2011-01-01,USD_Core PCE,90.3720
2011-02-01,USD_Core PCE,90.5300
2011-03-01,USD_Core PCE,90.6670
2011-04-01,USD_Core PCE,90.8750
2011-05-01,USD_Core PCE,91.0910
2011-06-01,USD_Core PCE,91.1910
2011-07-01,USD_Core PCE,91.3260
2011-08-01,USD_Core PCE,91.5080
2011-09-01,USD_Core PCE,91.5700
2011-10-01,USD_Core PCE,91.6140
2011-11-01,USD_Core PCE,91.8080
2011-12-01,USD_Core PCE,91.9600
2012-01-01,USD_Core PCE,92.2350
2012-02-01,USD_Core PCE,92.3640
2012-03-01,USD_Core PCE,92.5210
2012-04-01,USD_Core PCE,92.6610
2012-05-01,USD_Core PCE,92.7550
2012-06-01,USD_Core PCE,92.8500
2012-07-01,USD_Core PCE,92.9460
2012-08-01,USD_Core PCE,93.0050
2012-09-01,USD_Core PCE,93.1190
2012-10-01,USD_Core PCE,93.3450
2012-11-01,USD_Core PCE,93.4450
2012-12-01,USD_Core PCE,93.5140
2013-01-01,USD_Core PCE,93.7030
2013-02-01,USD_Core PCE,93.8050
2013-03-01,USD_Core PCE,93.8910
2013-04-01,USD_Core PCE,93.9370
2013-05-01,USD_Core PCE,94.0470
2013-06-01,USD_Core PCE,94.2090
2013-07-01,USD_Core PCE,94.3290
2013-08-01,USD_Core PCE,94.4310
2013-09-01,USD_Core PCE,94.5430
2013-10-01,USD_Core PCE,94.7030
2013-11-01,USD_Core PCE,94.8600
2013-12-01,USD_Core PCE,94.9610
2014-01-01,USD_Core PCE,95.0640
2014-02-01,USD_Core PCE,95.1090
2014-03-01,USD_Core PCE,95.2500
2014-04-01,USD_Core PCE,95.4130
2014-05-01,USD_Core PCE,95.5740
2014-06-01,USD_Core PCE,95.6820
2014-07-01,USD_Core PCE,95.8480
2014-08-01,USD_Core PCE,95.8850
2014-09-01,USD_Core PCE,96.0130
2014-10-01,USD_Core PCE,96.0960
2014-11-01,USD_Core PCE,96.1810
2014-12-01,USD_Core PCE,96.2490
2015-01-01,USD_Core PCE,96.2140
2015-02-01,USD_Core PCE,96.3240
2015-03-01,USD_Core PCE,96.4700
2015-04-01,USD_Core PCE,96.6480
2015-05-01,USD_Core PCE,96.7660
2015-06-01,USD_Core PCE,96.8820
2015-07-01,USD_Core PCE,96.9780
2015-08-01,USD_Core PCE,97.0560
2015-09-01,USD_Core PCE,97.1960
2015-10-01,USD_Core PCE,97.2280
2015-11-01,USD_Core PCE,97.3320
2015-12-01,USD_Core PCE,97.3960
2016-01-01,USD_Core PCE,97.5670
2016-02-01,USD_Core PCE,97.7360
2016-03-01,USD_Core PCE,97.8760
2016-04-01,USD_Core PCE,98.1170
2016-05-01,USD_Core PCE,98.2840
2016-06-01,USD_Core PCE,98.3860
2016-07-01,USD_Core PCE,98.5290
2016-08-01,USD_Core PCE,98.7030
2016-09-01,USD_Core PCE,98.8340
2016-10-01,USD_Core PCE,98.9610
2016-11-01,USD_Core PCE,99.0050
2016-12-01,USD_Core PCE,99.1200
2017-01-01,USD_Core PCE,99.3850
2017-02-01,USD_Core PCE,99.5610
2017-03-01,USD_Core PCE,99.5190
2017-04-01,USD_Core PCE,99.7230
2017-05-01,USD_Core PCE,99.8030
2017-06-01,USD_Core PCE,99.9370
2017-07-01,USD_Core PCE,100.0100
2017-08-01,USD_Core PCE,100.1180
2017-09-01,USD_Core PCE,100.2400
2017-10-01,USD_Core PCE,100.4860
2017-11-01,USD_Core PCE,100.5350
2017-12-01,USD_Core PCE,100.6830
2018-01-01,USD_Core PCE,101.0070
2018-02-01,USD_Core PCE,101.1980
2018-03-01,USD_Core PCE,101.4190
2018-04-01,USD_Core PCE,101.6020
2018-05-01,USD_Core PCE,101.7800
2018-06-01,USD_Core PCE,101.8720
2018-07-01,USD_Core PCE,102.0060
2018-08-01,USD_Core PCE,102.0160
2018-09-01,USD_Core PCE,102.2050
2018-10-01,USD_Core PCE,102.3660
2018-11-01,USD_Core PCE,102.5560
2018-12-01,USD_Core PCE,102.7350
2019-01-01,USD_Core PCE,102.8700
2019-02-01,USD_Core PCE,102.9630
2019-03-01,USD_Core PCE,103.0580
2019-04-01,USD_Core PCE,103.2650
2019-05-01,USD_Core PCE,103.3710
2019-06-01,USD_Core PCE,103.5600
2019-07-01,USD_Core PCE,103.6780
2019-08-01,USD_Core PCE,103.7970
2019-09-01,USD_Core PCE,103.8730
2019-10-01,USD_Core PCE,104.0280
2019-11-01,USD_Core PCE,104.0920
2019-12-01,USD_Core PCE,104.3220
2020-01-01,USD_Core PCE,104.5070
2020-02-01,USD_Core PCE,104.7110
2020-03-01,USD_Core PCE,104.6320
2020-04-01,USD_Core PCE,104.2930
2020-05-01,USD_Core PCE,104.4020
2020-06-01,USD_Core PCE,104.5650
2020-07-01,USD_Core PCE,104.9370
2020-08-01,USD_Core PCE,105.2430
2020-09-01,USD_Core PCE,105.4100
2020-10-01,USD_Core PCE,105.5070
2020-11-01,USD_Core PCE,105.6050
2020-12-01,USD_Core PCE,105.8960
2021-01-01,USD_Core PCE,106.2810
2021-02-01,USD_Core PCE,106.5010
2021-03-01,USD_Core PCE,106.9330
2021-04-01,USD_Core PCE,107.5580
2021-05-01,USD_Core PCE,108.0990
2021-06-01,USD_Core PCE,108.6030
2021-07-01,USD_Core PCE,109.0580
2021-08-01,USD_Core PCE,109.4090
2021-09-01,USD_Core PCE,109.6410
2021-10-01,USD_Core PCE,110.1880
2021-11-01,USD_Core PCE,110.7700
2021-12-01,USD_Core PCE,111.4180
2022-01-01,USD_Core PCE,111.9760
2022-02-01,USD_Core PCE,112.4680
2022-03-01,USD_Core PCE,112.9140
2022-04-01,USD_Core PCE,113.3070
2022-05-01,USD_Core PCE,113.7030
2022-06-01,USD_Core PCE,114.3760
2022-07-01,USD_Core PCE,114.6280
2022-08-01,USD_Core PCE,115.2760
2022-09-01,USD_Core PCE,115.7880
2022-10-01,USD_Core PCE,116.2040
2022-11-01,USD_Core PCE,116.5390
2022-12-01,USD_Core PCE,116.9520
2023-01-01,USD_Core PCE,117.5050
2023-02-01,USD_Core PCE,117.9290
2023-03-01,USD_Core PCE,118.3150
2023-04-01,USD_Core PCE,118.7340
2023-05-01,USD_Core PCE,119.0830
2023-06-01,USD_Core PCE,119.3900
2023-07-01,USD_Core PCE,119.5560
2023-08-01,USD_Core PCE,119.6890
2023-09-01,USD_Core PCE,120.0580
2023-10-01,USD_Core PCE,120.2410
2023-11-01,USD_Core PCE,120.3740
2023-12-01,USD_Core PCE,120.5920
2024-01-01,USD_Core PCE,121.2170
2024-02-01,USD_Core PCE,121.5370
2024-03-01,USD_Core PCE,122.0090
2024-04-01,USD_Core PCE,122.3040
2024-05-01,USD_Core PCE,122.3830
2024-06-01,USD_Core PCE,122.6770
2024-07-01,USD_Core PCE,122.9110
2024-08-01,USD_Core PCE,123.1280
2024-09-01,USD_Core PCE,123.4660
2024-10-01,USD_Core PCE,123.8320
2024-11-01,USD_Core PCE,123.9620
2024-12-01,USD_Core PCE,124.1960
2025-01-01,USD_Core PCE,124.5870
2025-02-01,USD_Core PCE,125.1450
2025-03-01,USD_Core PCE,125.2670
2025-04-01,USD_Core PCE,125.5020
2025-05-01,USD_Core PCE,125.7900
2025-06-01,USD_Core PCE,126.1210
2025-07-01,USD_Core PCE,126.4300
2025-08-01,USD_Core PCE,126.7140
2025-09-01,USD_Core PCE,126.9540
2025-10-01,USD_Core PCE,127.2430
2025-11-01,USD_Core PCE,127.4690
2025-12-01,USD_Core PCE,127.8860
2026-01-01,USD_Core PCE,128.4320
2026-02-01,USD_Core PCE,128.9400
2026-03-01,USD_Core PCE,129.3210
2026-04-01,USD_Core PCE,129.6300
2003-01-01,USD_Fed Funds,1.2400
2003-02-01,USD_Fed Funds,1.2600
2003-03-01,USD_Fed Funds,1.2500
2003-04-01,USD_Fed Funds,1.2600
2003-05-01,USD_Fed Funds,1.2600
2003-06-01,USD_Fed Funds,1.2200
2003-07-01,USD_Fed Funds,1.0100
2003-08-01,USD_Fed Funds,1.0300
2003-09-01,USD_Fed Funds,1.0100
2003-10-01,USD_Fed Funds,1.0100
2003-11-01,USD_Fed Funds,1.0000
2003-12-01,USD_Fed Funds,0.9800
2004-01-01,USD_Fed Funds,1.0000
2004-02-01,USD_Fed Funds,1.0100
2004-03-01,USD_Fed Funds,1.0000
2004-04-01,USD_Fed Funds,1.0000
2004-05-01,USD_Fed Funds,1.0000
2004-06-01,USD_Fed Funds,1.0300
2004-07-01,USD_Fed Funds,1.2600
2004-08-01,USD_Fed Funds,1.4300
2004-09-01,USD_Fed Funds,1.6100
2004-10-01,USD_Fed Funds,1.7600
2004-11-01,USD_Fed Funds,1.9300
2004-12-01,USD_Fed Funds,2.1600
2005-01-01,USD_Fed Funds,2.2800
2005-02-01,USD_Fed Funds,2.5000
2005-03-01,USD_Fed Funds,2.6300
2005-04-01,USD_Fed Funds,2.7900
2005-05-01,USD_Fed Funds,3.0000
2005-06-01,USD_Fed Funds,3.0400
2005-07-01,USD_Fed Funds,3.2600
2005-08-01,USD_Fed Funds,3.5000
2005-09-01,USD_Fed Funds,3.6200
2005-10-01,USD_Fed Funds,3.7800
2005-11-01,USD_Fed Funds,4.0000
2005-12-01,USD_Fed Funds,4.1600
2006-01-01,USD_Fed Funds,4.2900
2006-02-01,USD_Fed Funds,4.4900
2006-03-01,USD_Fed Funds,4.5900
2006-04-01,USD_Fed Funds,4.7900
2006-05-01,USD_Fed Funds,4.9400
2006-06-01,USD_Fed Funds,4.9900
2006-07-01,USD_Fed Funds,5.2400
2006-08-01,USD_Fed Funds,5.2500
2006-09-01,USD_Fed Funds,5.2500
2006-10-01,USD_Fed Funds,5.2500
2006-11-01,USD_Fed Funds,5.2500
2006-12-01,USD_Fed Funds,5.2400
2007-01-01,USD_Fed Funds,5.2500
2007-02-01,USD_Fed Funds,5.2600
2007-03-01,USD_Fed Funds,5.2600
2007-04-01,USD_Fed Funds,5.2500
2007-05-01,USD_Fed Funds,5.2500
2007-06-01,USD_Fed Funds,5.2500
2007-07-01,USD_Fed Funds,5.2600
2007-08-01,USD_Fed Funds,5.0200
2007-09-01,USD_Fed Funds,4.9400
2007-10-01,USD_Fed Funds,4.7600
2007-11-01,USD_Fed Funds,4.4900
2007-12-01,USD_Fed Funds,4.2400
2008-01-01,USD_Fed Funds,3.9400
2008-02-01,USD_Fed Funds,2.9800
2008-03-01,USD_Fed Funds,2.6100
2008-04-01,USD_Fed Funds,2.2800
2008-05-01,USD_Fed Funds,1.9800
2008-06-01,USD_Fed Funds,2.0000
2008-07-01,USD_Fed Funds,2.0100
2008-08-01,USD_Fed Funds,2.0000
2008-09-01,USD_Fed Funds,1.8100
2008-10-01,USD_Fed Funds,0.9700
2008-11-01,USD_Fed Funds,0.3900
2008-12-01,USD_Fed Funds,0.1600
2009-01-01,USD_Fed Funds,0.1500
2009-02-01,USD_Fed Funds,0.2200
2009-03-01,USD_Fed Funds,0.1800
2009-04-01,USD_Fed Funds,0.1500
2009-05-01,USD_Fed Funds,0.1800
2009-06-01,USD_Fed Funds,0.2100
2009-07-01,USD_Fed Funds,0.1600
2009-08-01,USD_Fed Funds,0.1600
2009-09-01,USD_Fed Funds,0.1500
2009-10-01,USD_Fed Funds,0.1200
2009-11-01,USD_Fed Funds,0.1200
2009-12-01,USD_Fed Funds,0.1200
2010-01-01,USD_Fed Funds,0.1100
2010-02-01,USD_Fed Funds,0.1300
2010-03-01,USD_Fed Funds,0.1600
2010-04-01,USD_Fed Funds,0.2000
2010-05-01,USD_Fed Funds,0.2000
2010-06-01,USD_Fed Funds,0.1800
2010-07-01,USD_Fed Funds,0.1800
2010-08-01,USD_Fed Funds,0.1900
2010-09-01,USD_Fed Funds,0.1900
2010-10-01,USD_Fed Funds,0.1900
2010-11-01,USD_Fed Funds,0.1900
2010-12-01,USD_Fed Funds,0.1800
2011-01-01,USD_Fed Funds,0.1700
2011-02-01,USD_Fed Funds,0.1600
2011-03-01,USD_Fed Funds,0.1400
2011-04-01,USD_Fed Funds,0.1000
2011-05-01,USD_Fed Funds,0.0900
2011-06-01,USD_Fed Funds,0.0900
2011-07-01,USD_Fed Funds,0.0700
2011-08-01,USD_Fed Funds,0.1000
2011-09-01,USD_Fed Funds,0.0800
2011-10-01,USD_Fed Funds,0.0700
2011-11-01,USD_Fed Funds,0.0800
2011-12-01,USD_Fed Funds,0.0700
2012-01-01,USD_Fed Funds,0.0800
2012-02-01,USD_Fed Funds,0.1000
2012-03-01,USD_Fed Funds,0.1300
2012-04-01,USD_Fed Funds,0.1400
2012-05-01,USD_Fed Funds,0.1600
2012-06-01,USD_Fed Funds,0.1600
2012-07-01,USD_Fed Funds,0.1600
2012-08-01,USD_Fed Funds,0.1300
2012-09-01,USD_Fed Funds,0.1400
2012-10-01,USD_Fed Funds,0.1600
2012-11-01,USD_Fed Funds,0.1600
2012-12-01,USD_Fed Funds,0.1600
2013-01-01,USD_Fed Funds,0.1400
2013-02-01,USD_Fed Funds,0.1500
2013-03-01,USD_Fed Funds,0.1400
2013-04-01,USD_Fed Funds,0.1500
2013-05-01,USD_Fed Funds,0.1100
2013-06-01,USD_Fed Funds,0.0900
2013-07-01,USD_Fed Funds,0.0900
2013-08-01,USD_Fed Funds,0.0800
2013-09-01,USD_Fed Funds,0.0800
2013-10-01,USD_Fed Funds,0.0900
2013-11-01,USD_Fed Funds,0.0800
2013-12-01,USD_Fed Funds,0.0900
2014-01-01,USD_Fed Funds,0.0700
2014-02-01,USD_Fed Funds,0.0700
2014-03-01,USD_Fed Funds,0.0800
2014-04-01,USD_Fed Funds,0.0900
2014-05-01,USD_Fed Funds,0.0900
2014-06-01,USD_Fed Funds,0.1000
2014-07-01,USD_Fed Funds,0.0900
2014-08-01,USD_Fed Funds,0.0900
2014-09-01,USD_Fed Funds,0.0900
2014-10-01,USD_Fed Funds,0.0900
2014-11-01,USD_Fed Funds,0.0900
2014-12-01,USD_Fed Funds,0.1200
2015-01-01,USD_Fed Funds,0.1100
2015-02-01,USD_Fed Funds,0.1100
2015-03-01,USD_Fed Funds,0.1100
2015-04-01,USD_Fed Funds,0.1200
2015-05-01,USD_Fed Funds,0.1200
2015-06-01,USD_Fed Funds,0.1300
2015-07-01,USD_Fed Funds,0.1300
2015-08-01,USD_Fed Funds,0.1400
2015-09-01,USD_Fed Funds,0.1400
2015-10-01,USD_Fed Funds,0.1200
2015-11-01,USD_Fed Funds,0.1200
2015-12-01,USD_Fed Funds,0.2400
2016-01-01,USD_Fed Funds,0.3400
2016-02-01,USD_Fed Funds,0.3800
2016-03-01,USD_Fed Funds,0.3600
2016-04-01,USD_Fed Funds,0.3700
2016-05-01,USD_Fed Funds,0.3700
2016-06-01,USD_Fed Funds,0.3800
2016-07-01,USD_Fed Funds,0.3900
2016-08-01,USD_Fed Funds,0.4000
2016-09-01,USD_Fed Funds,0.4000
2016-10-01,USD_Fed Funds,0.4000
2016-11-01,USD_Fed Funds,0.4100
2016-12-01,USD_Fed Funds,0.5400
2017-01-01,USD_Fed Funds,0.6500
2017-02-01,USD_Fed Funds,0.6600
2017-03-01,USD_Fed Funds,0.7900
2017-04-01,USD_Fed Funds,0.9000
2017-05-01,USD_Fed Funds,0.9100
2017-06-01,USD_Fed Funds,1.0400
2017-07-01,USD_Fed Funds,1.1500
2017-08-01,USD_Fed Funds,1.1600
2017-09-01,USD_Fed Funds,1.1500
2017-10-01,USD_Fed Funds,1.1500
2017-11-01,USD_Fed Funds,1.1600
2017-12-01,USD_Fed Funds,1.3000
2018-01-01,USD_Fed Funds,1.4100
2018-02-01,USD_Fed Funds,1.4200
2018-03-01,USD_Fed Funds,1.5100
2018-04-01,USD_Fed Funds,1.6900
2018-05-01,USD_Fed Funds,1.7000
2018-06-01,USD_Fed Funds,1.8200
2018-07-01,USD_Fed Funds,1.9100
2018-08-01,USD_Fed Funds,1.9100
2018-09-01,USD_Fed Funds,1.9500
2018-10-01,USD_Fed Funds,2.1900
2018-11-01,USD_Fed Funds,2.2000
2018-12-01,USD_Fed Funds,2.2700
2019-01-01,USD_Fed Funds,2.4000
2019-02-01,USD_Fed Funds,2.4000
2019-03-01,USD_Fed Funds,2.4100
2019-04-01,USD_Fed Funds,2.4200
2019-05-01,USD_Fed Funds,2.3900
2019-06-01,USD_Fed Funds,2.3800
2019-07-01,USD_Fed Funds,2.4000
2019-08-01,USD_Fed Funds,2.1300
2019-09-01,USD_Fed Funds,2.0400
2019-10-01,USD_Fed Funds,1.8300
2019-11-01,USD_Fed Funds,1.5500
2019-12-01,USD_Fed Funds,1.5500
2020-01-01,USD_Fed Funds,1.5500
2020-02-01,USD_Fed Funds,1.5800
2020-03-01,USD_Fed Funds,0.6500
2020-04-01,USD_Fed Funds,0.0500
2020-05-01,USD_Fed Funds,0.0500
2020-06-01,USD_Fed Funds,0.0800
2020-07-01,USD_Fed Funds,0.0900
2020-08-01,USD_Fed Funds,0.1000
2020-09-01,USD_Fed Funds,0.0900
2020-10-01,USD_Fed Funds,0.0900
2020-11-01,USD_Fed Funds,0.0900
2020-12-01,USD_Fed Funds,0.0900
2021-01-01,USD_Fed Funds,0.0900
2021-02-01,USD_Fed Funds,0.0800
2021-03-01,USD_Fed Funds,0.0700
2021-04-01,USD_Fed Funds,0.0700
2021-05-01,USD_Fed Funds,0.0600
2021-06-01,USD_Fed Funds,0.0800
2021-07-01,USD_Fed Funds,0.1000
2021-08-01,USD_Fed Funds,0.0900
2021-09-01,USD_Fed Funds,0.0800
2021-10-01,USD_Fed Funds,0.0800
2021-11-01,USD_Fed Funds,0.0800
2021-12-01,USD_Fed Funds,0.0800
2022-01-01,USD_Fed Funds,0.0800
2022-02-01,USD_Fed Funds,0.0800
2022-03-01,USD_Fed Funds,0.2000
2022-04-01,USD_Fed Funds,0.3300
2022-05-01,USD_Fed Funds,0.7700
2022-06-01,USD_Fed Funds,1.2100
2022-07-01,USD_Fed Funds,1.6800
2022-08-01,USD_Fed Funds,2.3300
2022-09-01,USD_Fed Funds,2.5600
2022-10-01,USD_Fed Funds,3.0800
2022-11-01,USD_Fed Funds,3.7800
2022-12-01,USD_Fed Funds,4.1000
2023-01-01,USD_Fed Funds,4.3300
2023-02-01,USD_Fed Funds,4.5700
2023-03-01,USD_Fed Funds,4.6500
2023-04-01,USD_Fed Funds,4.8300
2023-05-01,USD_Fed Funds,5.0600
2023-06-01,USD_Fed Funds,5.0800
2023-07-01,USD_Fed Funds,5.1200
2023-08-01,USD_Fed Funds,5.3300
2023-09-01,USD_Fed Funds,5.3300
2023-10-01,USD_Fed Funds,5.3300
2023-11-01,USD_Fed Funds,5.3300
2023-12-01,USD_Fed Funds,5.3300
2024-01-01,USD_Fed Funds,5.3300
2024-02-01,USD_Fed Funds,5.3300
2024-03-01,USD_Fed Funds,5.3300
2024-04-01,USD_Fed Funds,5.3300
2024-05-01,USD_Fed Funds,5.3300
2024-06-01,USD_Fed Funds,5.3300
2024-07-01,USD_Fed Funds,5.3300
2024-08-01,USD_Fed Funds,5.3300
2024-09-01,USD_Fed Funds,5.1300
2024-10-01,USD_Fed Funds,4.8300
2024-11-01,USD_Fed Funds,4.6400
2024-12-01,USD_Fed Funds,4.4800
2025-01-01,USD_Fed Funds,4.3300
2025-02-01,USD_Fed Funds,4.3300
2025-03-01,USD_Fed Funds,4.3300
2025-04-01,USD_Fed Funds,4.3300
2025-05-01,USD_Fed Funds,4.3300
2025-06-01,USD_Fed Funds,4.3300
2025-07-01,USD_Fed Funds,4.3300
2025-08-01,USD_Fed Funds,4.3300
2025-09-01,USD_Fed Funds,4.2200
2025-10-01,USD_Fed Funds,4.0900
2025-11-01,USD_Fed Funds,3.8800
2025-12-01,USD_Fed Funds,3.7200
2026-01-01,USD_Fed Funds,3.6400
2026-02-01,USD_Fed Funds,3.6400
2026-03-01,USD_Fed Funds,3.6400
2026-04-01,USD_Fed Funds,3.6400
2026-05-01,USD_Fed Funds,3.6300
2003-01-01,USD_GDP,14614.1410
2003-04-01,USD_GDP,14743.5670
2003-07-01,USD_GDP,14988.7820
2003-10-01,USD_GDP,15162.7600
2004-01-01,USD_GDP,15248.6800
2004-04-01,USD_GDP,15366.8500
2004-07-01,USD_GDP,15512.6190
2004-10-01,USD_GDP,15670.8800
2005-01-01,USD_GDP,15844.7270
2005-04-01,USD_GDP,15922.7820
2005-07-01,USD_GDP,16047.5870
2005-10-01,USD_GDP,16136.7340
2006-01-01,USD_GDP,16353.8350
2006-04-01,USD_GDP,16396.1510
2006-07-01,USD_GDP,16420.7380
2006-10-01,USD_GDP,16561.8660
2007-01-01,USD_GDP,16611.6900
2007-04-01,USD_GDP,16713.3140
2007-07-01,USD_GDP,16809.5870
2007-10-01,USD_GDP,16915.1910
2008-01-01,USD_GDP,16843.0030
2008-04-01,USD_GDP,16943.2910
2008-07-01,USD_GDP,16854.2950
2008-10-01,USD_GDP,16485.3500
2009-01-01,USD_GDP,16298.2620
2009-04-01,USD_GDP,16269.1450
2009-07-01,USD_GDP,16326.2810
2009-10-01,USD_GDP,16502.7540
2010-01-01,USD_GDP,16582.7100
2010-04-01,USD_GDP,16743.1620
2010-07-01,USD_GDP,16872.2660
2010-10-01,USD_GDP,16960.8640
2011-01-01,USD_GDP,16920.6320
2011-04-01,USD_GDP,17035.1140
2011-07-01,USD_GDP,17031.3130
2011-10-01,USD_GDP,17222.5830
2012-01-01,USD_GDP,17367.0100
2012-04-01,USD_GDP,17444.5250
2012-07-01,USD_GDP,17469.6500
2012-10-01,USD_GDP,17489.8520
2013-01-01,USD_GDP,17662.4000
2013-04-01,USD_GDP,17709.6710
2013-07-01,USD_GDP,17860.4500
2013-10-01,USD_GDP,18016.1470
2014-01-01,USD_GDP,17953.9740
2014-04-01,USD_GDP,18185.9110
2014-07-01,USD_GDP,18406.9410
2014-10-01,USD_GDP,18500.0310
2015-01-01,USD_GDP,18666.6210
2015-04-01,USD_GDP,18782.2430
2015-07-01,USD_GDP,18857.4180
2015-10-01,USD_GDP,18892.2060
2016-01-01,USD_GDP,19001.6900
2016-04-01,USD_GDP,19062.7090
2016-07-01,USD_GDP,19197.9380
2016-10-01,USD_GDP,19304.3520
2017-01-01,USD_GDP,19398.3430
2017-04-01,USD_GDP,19506.9490
2017-07-01,USD_GDP,19660.7660
2017-10-01,USD_GDP,19882.3520
2018-01-01,USD_GDP,20044.0770
2018-04-01,USD_GDP,20150.4760
2018-07-01,USD_GDP,20276.1540
2018-10-01,USD_GDP,20304.8740
2019-01-01,USD_GDP,20431.6410
2019-04-01,USD_GDP,20602.2750
2019-07-01,USD_GDP,20843.3220
2019-10-01,USD_GDP,20985.4480
2020-01-01,USD_GDP,20709.2120
2020-04-01,USD_GDP,19077.9920
2020-07-01,USD_GDP,20558.8790
2020-10-01,USD_GDP,20791.9170
2021-01-01,USD_GDP,21082.1340
2021-04-01,USD_GDP,21440.9290
2021-07-01,USD_GDP,21617.8280
2021-10-01,USD_GDP,21988.7370
2022-01-01,USD_GDP,21932.7100
2022-04-01,USD_GDP,21967.0450
2022-07-01,USD_GDP,22125.6250
2022-10-01,USD_GDP,22278.3450
2023-01-01,USD_GDP,22439.6070
2023-04-01,USD_GDP,22580.4990
2023-07-01,USD_GDP,22840.9890
2023-10-01,USD_GDP,23033.7800
2024-01-01,USD_GDP,23082.1190
2024-04-01,USD_GDP,23286.5080
2024-07-01,USD_GDP,23478.5700
2024-10-01,USD_GDP,23586.5420
2025-01-01,USD_GDP,23548.2100
2025-04-01,USD_GDP,23770.9760
2025-07-01,USD_GDP,24026.8340
2025-10-01,USD_GDP,24055.7490
2026-01-01,USD_GDP,24152.6560
2003-01-01,USD_Industrial Production,91.2361
2003-02-01,USD_Industrial Production,91.3445
2003-03-01,USD_Industrial Production,91.1044
2003-04-01,USD_Industrial Production,90.5617
2003-05-01,USD_Industrial Production,90.5370
2003-06-01,USD_Industrial Production,90.6527
2003-07-01,USD_Industrial Production,91.1185
2003-08-01,USD_Industrial Production,90.9197
2003-09-01,USD_Industrial Production,91.5059
2003-10-01,USD_Industrial Production,91.6186
2003-11-01,USD_Industrial Production,92.2329
2003-12-01,USD_Industrial Production,92.2602
2004-01-01,USD_Industrial Production,92.4006
2004-02-01,USD_Industrial Production,92.9580
2004-03-01,USD_Industrial Production,92.5861
2004-04-01,USD_Industrial Production,92.9300
2004-05-01,USD_Industrial Production,93.6013
2004-06-01,USD_Industrial Production,92.8710
2004-07-01,USD_Industrial Production,93.5649
2004-08-01,USD_Industrial Production,93.6277
2004-09-01,USD_Industrial Production,93.7467
2004-10-01,USD_Industrial Production,94.5465
2004-11-01,USD_Industrial Production,94.7813
2004-12-01,USD_Industrial Production,95.5365
2005-01-01,USD_Industrial Production,95.8801
2005-02-01,USD_Industrial Production,96.5761
2005-03-01,USD_Industrial Production,96.4456
2005-04-01,USD_Industrial Production,96.6532
2005-05-01,USD_Industrial Production,96.7402
2005-06-01,USD_Industrial Production,97.1753
2005-07-01,USD_Industrial Production,96.8676
2005-08-01,USD_Industrial Production,97.1833
2005-09-01,USD_Industrial Production,95.3005
2005-10-01,USD_Industrial Production,96.4572
2005-11-01,USD_Industrial Production,97.5414
2005-12-01,USD_Industrial Production,98.0452
2006-01-01,USD_Industrial Production,98.1999
2006-02-01,USD_Industrial Production,98.2413
2006-03-01,USD_Industrial Production,98.4628
2006-04-01,USD_Industrial Production,98.7618
2006-05-01,USD_Industrial Production,98.7869
2006-06-01,USD_Industrial Production,99.0997
2006-07-01,USD_Industrial Production,99.0489
2006-08-01,USD_Industrial Production,99.4836
2006-09-01,USD_Industrial Production,99.3183
2006-10-01,USD_Industrial Production,99.2044
2006-11-01,USD_Industrial Production,99.1627
2006-12-01,USD_Industrial Production,100.1735
2007-01-01,USD_Industrial Production,99.8346
2007-02-01,USD_Industrial Production,100.7753
2007-03-01,USD_Industrial Production,100.9547
2007-04-01,USD_Industrial Production,101.6334
2007-05-01,USD_Industrial Production,101.7306
2007-06-01,USD_Industrial Production,101.7893
2007-07-01,USD_Industrial Production,101.6672
2007-08-01,USD_Industrial Production,101.8630
2007-09-01,USD_Industrial Production,102.0894
2007-10-01,USD_Industrial Production,101.8015
2007-11-01,USD_Industrial Production,102.3446
2007-12-01,USD_Industrial Production,102.3803
2008-01-01,USD_Industrial Production,102.2448
2008-02-01,USD_Industrial Production,101.8438
2008-03-01,USD_Industrial Production,101.5336
2008-04-01,USD_Industrial Production,100.8785
2008-05-01,USD_Industrial Production,100.2674
2008-06-01,USD_Industrial Production,100.0335
2008-07-01,USD_Industrial Production,99.6760
2008-08-01,USD_Industrial Production,98.1111
2008-09-01,USD_Industrial Production,93.7895
2008-10-01,USD_Industrial Production,94.7219
2008-11-01,USD_Industrial Production,93.4715
2008-12-01,USD_Industrial Production,90.8357
2009-01-01,USD_Industrial Production,88.5700
2009-02-01,USD_Industrial Production,88.0310
2009-03-01,USD_Industrial Production,86.6528
2009-04-01,USD_Industrial Production,85.9344
2009-05-01,USD_Industrial Production,85.0665
2009-06-01,USD_Industrial Production,84.7459
2009-07-01,USD_Industrial Production,85.7027
2009-08-01,USD_Industrial Production,86.6426
2009-09-01,USD_Industrial Production,87.4063
2009-10-01,USD_Industrial Production,87.6419
2009-11-01,USD_Industrial Production,88.0221
2009-12-01,USD_Industrial Production,88.3793
2010-01-01,USD_Industrial Production,89.3426
2010-02-01,USD_Industrial Production,89.6779
2010-03-01,USD_Industrial Production,90.2928
2010-04-01,USD_Industrial Production,90.5991
2010-05-01,USD_Industrial Production,91.8230
2010-06-01,USD_Industrial Production,91.9928
2010-07-01,USD_Industrial Production,92.3421
2010-08-01,USD_Industrial Production,92.6805
2010-09-01,USD_Industrial Production,92.9537
2010-10-01,USD_Industrial Production,92.6903
2010-11-01,USD_Industrial Production,92.7709
2010-12-01,USD_Industrial Production,93.6787
2011-01-01,USD_Industrial Production,93.4814
2011-02-01,USD_Industrial Production,93.1102
2011-03-01,USD_Industrial Production,94.0788
2011-04-01,USD_Industrial Production,93.7749
2011-05-01,USD_Industrial Production,93.8880
2011-06-01,USD_Industrial Production,94.1720
2011-07-01,USD_Industrial Production,94.6360
2011-08-01,USD_Industrial Production,95.2749
2011-09-01,USD_Industrial Production,95.1961
2011-10-01,USD_Industrial Production,95.8568
2011-11-01,USD_Industrial Production,95.8485
2011-12-01,USD_Industrial Production,96.3571
2012-01-01,USD_Industrial Production,96.9318
2012-02-01,USD_Industrial Production,97.2435
2012-03-01,USD_Industrial Production,96.7400
2012-04-01,USD_Industrial Production,97.4359
2012-05-01,USD_Industrial Production,97.6609
2012-06-01,USD_Industrial Production,97.6663
2012-07-01,USD_Industrial Production,97.8713
2012-08-01,USD_Industrial Production,97.4525
2012-09-01,USD_Industrial Production,97.3810
2012-10-01,USD_Industrial Production,97.7193
2012-11-01,USD_Industrial Production,98.0777
2012-12-01,USD_Industrial Production,98.3101
2013-01-01,USD_Industrial Production,98.3342
2013-02-01,USD_Industrial Production,98.7941
2013-03-01,USD_Industrial Production,99.1921
2013-04-01,USD_Industrial Production,99.1065
2013-05-01,USD_Industrial Production,99.1839
2013-06-01,USD_Industrial Production,99.3897
2013-07-01,USD_Industrial Production,99.0814
2013-08-01,USD_Industrial Production,99.6543
2013-09-01,USD_Industrial Production,100.1610
2013-10-01,USD_Industrial Production,100.0820
2013-11-01,USD_Industrial Production,100.3158
2013-12-01,USD_Industrial Production,100.5175
2014-01-01,USD_Industrial Production,100.1599
2014-02-01,USD_Industrial Production,100.9168
2014-03-01,USD_Industrial Production,101.8942
2014-04-01,USD_Industrial Production,101.9928
2014-05-01,USD_Industrial Production,102.3836
2014-06-01,USD_Industrial Production,102.7350
2014-07-01,USD_Industrial Production,102.9632
2014-08-01,USD_Industrial Production,102.7688
2014-09-01,USD_Industrial Production,103.0641
2014-10-01,USD_Industrial Production,103.0764
2014-11-01,USD_Industrial Production,103.7126
2014-12-01,USD_Industrial Production,103.7044
2015-01-01,USD_Industrial Production,102.8905
2015-02-01,USD_Industrial Production,102.2335
2015-03-01,USD_Industrial Production,101.8914
2015-04-01,USD_Industrial Production,101.3355
2015-05-01,USD_Industrial Production,100.8883
2015-06-01,USD_Industrial Production,100.5710
2015-07-01,USD_Industrial Production,101.2228
2015-08-01,USD_Industrial Production,101.0367
2015-09-01,USD_Industrial Production,100.7547
2015-10-01,USD_Industrial Production,100.2675
2015-11-01,USD_Industrial Production,99.5298
2015-12-01,USD_Industrial Production,99.0417
2016-01-01,USD_Industrial Production,99.5607
2016-02-01,USD_Industrial Production,99.0445
2016-03-01,USD_Industrial Production,98.3096
2016-04-01,USD_Industrial Production,98.6421
2016-05-01,USD_Industrial Production,98.4184
2016-06-01,USD_Industrial Production,98.8833
2016-07-01,USD_Industrial Production,98.9992
2016-08-01,USD_Industrial Production,98.8500
2016-09-01,USD_Industrial Production,98.7457
2016-10-01,USD_Industrial Production,98.7611
2016-11-01,USD_Industrial Production,98.3491
2016-12-01,USD_Industrial Production,99.0214
2017-01-01,USD_Industrial Production,98.7611
2017-02-01,USD_Industrial Production,98.3646
2017-03-01,USD_Industrial Production,99.0137
2017-04-01,USD_Industrial Production,100.0224
2017-05-01,USD_Industrial Production,100.1408
2017-06-01,USD_Industrial Production,100.3471
2017-07-01,USD_Industrial Production,100.1068
2017-08-01,USD_Industrial Production,99.6925
2017-09-01,USD_Industrial Production,99.7954
2017-10-01,USD_Industrial Production,101.0247
2017-11-01,USD_Industrial Production,101.2664
2017-12-01,USD_Industrial Production,101.4644
2018-01-01,USD_Industrial Production,101.4625
2018-02-01,USD_Industrial Production,101.7085
2018-03-01,USD_Industrial Production,102.2067
2018-04-01,USD_Industrial Production,103.3329
2018-05-01,USD_Industrial Production,102.4024
2018-06-01,USD_Industrial Production,103.1980
2018-07-01,USD_Industrial Production,103.3646
2018-08-01,USD_Industrial Production,104.0327
2018-09-01,USD_Industrial Production,104.1004
2018-10-01,USD_Industrial Production,103.9856
2018-11-01,USD_Industrial Production,104.0681
2018-12-01,USD_Industrial Production,104.0936
2019-01-01,USD_Industrial Production,103.4021
2019-02-01,USD_Industrial Production,102.8371
2019-03-01,USD_Industrial Production,102.8757
2019-04-01,USD_Industrial Production,102.2740
2019-05-01,USD_Industrial Production,102.3920
2019-06-01,USD_Industrial Production,102.4375
2019-07-01,USD_Industrial Production,101.9408
2019-08-01,USD_Industrial Production,102.6390
2019-09-01,USD_Industrial Production,102.2917
2019-10-01,USD_Industrial Production,101.4281
2019-11-01,USD_Industrial Production,101.9372
2019-12-01,USD_Industrial Production,101.7003
2020-01-01,USD_Industrial Production,101.0338
2020-02-01,USD_Industrial Production,101.3735
2020-03-01,USD_Industrial Production,97.4078
2020-04-01,USD_Industrial Production,84.5619
2020-05-01,USD_Industrial Production,85.9604
2020-06-01,USD_Industrial Production,91.5934
2020-07-01,USD_Industrial Production,95.0256
2020-08-01,USD_Industrial Production,95.9549
2020-09-01,USD_Industrial Production,95.9669
2020-10-01,USD_Industrial Production,96.7394
2020-11-01,USD_Industrial Production,97.0816
2020-12-01,USD_Industrial Production,98.3630
2021-01-01,USD_Industrial Production,98.8822
2021-02-01,USD_Industrial Production,95.6149
2021-03-01,USD_Industrial Production,98.3856
2021-04-01,USD_Industrial Production,98.5587
2021-05-01,USD_Industrial Production,99.4333
2021-06-01,USD_Industrial Production,99.7987
2021-07-01,USD_Industrial Production,100.2519
2021-08-01,USD_Industrial Production,100.0437
2021-09-01,USD_Industrial Production,98.8579
2021-10-01,USD_Industrial Production,100.1861
2021-11-01,USD_Industrial Production,100.8654
2021-12-01,USD_Industrial Production,100.5726
2022-01-01,USD_Industrial Production,100.1856
2022-02-01,USD_Industrial Production,100.8064
2022-03-01,USD_Industrial Production,101.3907
2022-04-01,USD_Industrial Production,101.4400
2022-05-01,USD_Industrial Production,101.3335
2022-06-01,USD_Industrial Production,101.0180
2022-07-01,USD_Industrial Production,101.2230
2022-08-01,USD_Industrial Production,101.0963
2022-09-01,USD_Industrial Production,101.2918
2022-10-01,USD_Industrial Production,101.2529
2022-11-01,USD_Industrial Production,100.9552
2022-12-01,USD_Industrial Production,99.7664
2023-01-01,USD_Industrial Production,100.5050
2023-02-01,USD_Industrial Production,100.6416
2023-03-01,USD_Industrial Production,101.0205
2023-04-01,USD_Industrial Production,101.2530
2023-05-01,USD_Industrial Production,100.9286
2023-06-01,USD_Industrial Production,100.1196
2023-07-01,USD_Industrial Production,100.9067
2023-08-01,USD_Industrial Production,100.8393
2023-09-01,USD_Industrial Production,101.0211
2023-10-01,USD_Industrial Production,100.4689
2023-11-01,USD_Industrial Production,100.8639
2023-12-01,USD_Industrial Production,100.6031
2024-01-01,USD_Industrial Production,99.2223
2024-02-01,USD_Industrial Production,100.2850
2024-03-01,USD_Industrial Production,100.4575
2024-04-01,USD_Industrial Production,100.2434
2024-05-01,USD_Industrial Production,100.8630
2024-06-01,USD_Industrial Production,100.8940
2024-07-01,USD_Industrial Production,99.9757
2024-08-01,USD_Industrial Production,100.4309
2024-09-01,USD_Industrial Production,99.8084
2024-10-01,USD_Industrial Production,99.4695
2024-11-01,USD_Industrial Production,99.2925
2024-12-01,USD_Industrial Production,100.3273
2025-01-01,USD_Industrial Production,100.0647
2025-02-01,USD_Industrial Production,101.0993
2025-03-01,USD_Industrial Production,101.0404
2025-04-01,USD_Industrial Production,101.1279
2025-05-01,USD_Industrial Production,100.9655
2025-06-01,USD_Industrial Production,101.4785
2025-07-01,USD_Industrial Production,101.8940
2025-08-01,USD_Industrial Production,101.6247
2025-09-01,USD_Industrial Production,101.6680
2025-10-01,USD_Industrial Production,101.2195
2025-11-01,USD_Industrial Production,101.0344
2025-12-01,USD_Industrial Production,101.5203
2026-01-01,USD_Industrial Production,101.4737
2026-02-01,USD_Industrial Production,102.1009
2026-03-01,USD_Industrial Production,101.8060
2026-04-01,USD_Industrial Production,102.4963
2003-01-01,USD_NFP,130573.0000
2003-02-01,USD_NFP,130441.0000
2003-03-01,USD_NFP,130235.0000
2003-04-01,USD_NFP,130173.0000
2003-05-01,USD_NFP,130197.0000
2003-06-01,USD_NFP,130186.0000
2003-07-01,USD_NFP,130184.0000
2003-08-01,USD_NFP,130153.0000
2003-09-01,USD_NFP,130252.0000
2003-10-01,USD_NFP,130439.0000
2003-11-01,USD_NFP,130480.0000
2003-12-01,USD_NFP,130589.0000
2004-01-01,USD_NFP,130756.0000
2004-02-01,USD_NFP,130821.0000
2004-03-01,USD_NFP,131140.0000
2004-04-01,USD_NFP,131412.0000
2004-05-01,USD_NFP,131697.0000
2004-06-01,USD_NFP,131794.0000
2004-07-01,USD_NFP,131854.0000
2004-08-01,USD_NFP,131939.0000
2004-09-01,USD_NFP,132089.0000
2004-10-01,USD_NFP,132429.0000
2004-11-01,USD_NFP,132503.0000
2004-12-01,USD_NFP,132630.0000
2005-01-01,USD_NFP,132781.0000
2005-02-01,USD_NFP,133034.0000
2005-03-01,USD_NFP,133154.0000
2005-04-01,USD_NFP,133520.0000
2005-05-01,USD_NFP,133689.0000
2005-06-01,USD_NFP,133948.0000
2005-07-01,USD_NFP,134300.0000
2005-08-01,USD_NFP,134502.0000
2005-09-01,USD_NFP,134552.0000
2005-10-01,USD_NFP,134641.0000
2005-11-01,USD_NFP,134997.0000
2005-12-01,USD_NFP,135159.0000
2006-01-01,USD_NFP,135427.0000
2006-02-01,USD_NFP,135733.0000
2006-03-01,USD_NFP,136038.0000
2006-04-01,USD_NFP,136210.0000
2006-05-01,USD_NFP,136249.0000
2006-06-01,USD_NFP,136337.0000
2006-07-01,USD_NFP,136529.0000
2006-08-01,USD_NFP,136692.0000
2006-09-01,USD_NFP,136826.0000
2006-10-01,USD_NFP,136843.0000
2006-11-01,USD_NFP,137060.0000
2006-12-01,USD_NFP,137249.0000
2007-01-01,USD_NFP,137472.0000
2007-02-01,USD_NFP,137560.0000
2007-03-01,USD_NFP,137784.0000
2007-04-01,USD_NFP,137847.0000
2007-05-01,USD_NFP,137992.0000
2007-06-01,USD_NFP,138070.0000
2007-07-01,USD_NFP,138044.0000
2007-08-01,USD_NFP,138013.0000
2007-09-01,USD_NFP,138099.0000
2007-10-01,USD_NFP,138175.0000
2007-11-01,USD_NFP,138290.0000
2007-12-01,USD_NFP,138395.0000
2008-01-01,USD_NFP,138391.0000
2008-02-01,USD_NFP,138329.0000
2008-03-01,USD_NFP,138259.0000
2008-04-01,USD_NFP,138040.0000
2008-05-01,USD_NFP,137851.0000
2008-06-01,USD_NFP,137700.0000
2008-07-01,USD_NFP,137497.0000
2008-08-01,USD_NFP,137211.0000
2008-09-01,USD_NFP,136760.0000
2008-10-01,USD_NFP,136291.0000
2008-11-01,USD_NFP,135541.0000
2008-12-01,USD_NFP,134847.0000
2009-01-01,USD_NFP,134079.0000
2009-02-01,USD_NFP,133318.0000
2009-03-01,USD_NFP,132494.0000
2009-04-01,USD_NFP,131822.0000
2009-05-01,USD_NFP,131466.0000
2009-06-01,USD_NFP,131008.0000
2009-07-01,USD_NFP,130662.0000
2009-08-01,USD_NFP,130472.0000
2009-09-01,USD_NFP,130246.0000
2009-10-01,USD_NFP,130061.0000
2009-11-01,USD_NFP,130057.0000
2009-12-01,USD_NFP,129808.0000
2010-01-01,USD_NFP,129802.0000
2010-02-01,USD_NFP,129706.0000
2010-03-01,USD_NFP,129866.0000
2010-04-01,USD_NFP,130120.0000
2010-05-01,USD_NFP,130642.0000
2010-06-01,USD_NFP,130510.0000
2010-07-01,USD_NFP,130415.0000
2010-08-01,USD_NFP,130415.0000
2010-09-01,USD_NFP,130341.0000
2010-10-01,USD_NFP,130620.0000
2010-11-01,USD_NFP,130749.0000
2010-12-01,USD_NFP,130830.0000
2011-01-01,USD_NFP,130837.0000
2011-02-01,USD_NFP,131057.0000
2011-03-01,USD_NFP,131283.0000
2011-04-01,USD_NFP,131597.0000
2011-05-01,USD_NFP,131703.0000
2011-06-01,USD_NFP,131931.0000
2011-07-01,USD_NFP,131992.0000
2011-08-01,USD_NFP,132125.0000
2011-09-01,USD_NFP,132344.0000
2011-10-01,USD_NFP,132553.0000
2011-11-01,USD_NFP,132690.0000
2011-12-01,USD_NFP,132888.0000
2012-01-01,USD_NFP,133246.0000
2012-02-01,USD_NFP,133509.0000
2012-03-01,USD_NFP,133748.0000
2012-04-01,USD_NFP,133825.0000
2012-05-01,USD_NFP,133932.0000
2012-06-01,USD_NFP,134013.0000
2012-07-01,USD_NFP,134157.0000
2012-08-01,USD_NFP,134339.0000
2012-09-01,USD_NFP,134517.0000
2012-10-01,USD_NFP,134669.0000
2012-11-01,USD_NFP,134825.0000
2012-12-01,USD_NFP,135074.0000
2013-01-01,USD_NFP,135257.0000
2013-02-01,USD_NFP,135546.0000
2013-03-01,USD_NFP,135689.0000
2013-04-01,USD_NFP,135873.0000
2013-05-01,USD_NFP,136096.0000
2013-06-01,USD_NFP,136279.0000
2013-07-01,USD_NFP,136391.0000
2013-08-01,USD_NFP,136646.0000
2013-09-01,USD_NFP,136821.0000
2013-10-01,USD_NFP,137041.0000
2013-11-01,USD_NFP,137317.0000
2013-12-01,USD_NFP,137372.0000
2014-01-01,USD_NFP,137561.0000
2014-02-01,USD_NFP,137712.0000
2014-03-01,USD_NFP,137985.0000
2014-04-01,USD_NFP,138298.0000
2014-05-01,USD_NFP,138513.0000
2014-06-01,USD_NFP,138849.0000
2014-07-01,USD_NFP,139072.0000
2014-08-01,USD_NFP,139269.0000
2014-09-01,USD_NFP,139563.0000
2014-10-01,USD_NFP,139798.0000
2014-11-01,USD_NFP,140089.0000
2014-12-01,USD_NFP,140364.0000
2015-01-01,USD_NFP,140568.0000
2015-02-01,USD_NFP,140827.0000
2015-03-01,USD_NFP,140923.0000
2015-04-01,USD_NFP,141196.0000
2015-05-01,USD_NFP,141538.0000
2015-06-01,USD_NFP,141709.0000
2015-07-01,USD_NFP,141991.0000
2015-08-01,USD_NFP,142125.0000
2015-09-01,USD_NFP,142275.0000
2015-10-01,USD_NFP,142579.0000
2015-11-01,USD_NFP,142808.0000
2015-12-01,USD_NFP,143077.0000
2016-01-01,USD_NFP,143210.0000
2016-02-01,USD_NFP,143406.0000
2016-03-01,USD_NFP,143662.0000
2016-04-01,USD_NFP,143854.0000
2016-05-01,USD_NFP,143900.0000
2016-06-01,USD_NFP,144147.0000
2016-07-01,USD_NFP,144520.0000
2016-08-01,USD_NFP,144661.0000
2016-09-01,USD_NFP,144967.0000
2016-10-01,USD_NFP,145065.0000
2016-11-01,USD_NFP,145183.0000
2016-12-01,USD_NFP,145408.0000
2017-01-01,USD_NFP,145628.0000
2017-02-01,USD_NFP,145846.0000
2017-03-01,USD_NFP,145970.0000
2017-04-01,USD_NFP,146175.0000
2017-05-01,USD_NFP,146380.0000
2017-06-01,USD_NFP,146583.0000
2017-07-01,USD_NFP,146772.0000
2017-08-01,USD_NFP,146919.0000
2017-09-01,USD_NFP,147008.0000
2017-10-01,USD_NFP,147149.0000
2017-11-01,USD_NFP,147372.0000
2017-12-01,USD_NFP,147523.0000
2018-01-01,USD_NFP,147660.0000
2018-02-01,USD_NFP,148054.0000
2018-03-01,USD_NFP,148280.0000
2018-04-01,USD_NFP,148420.0000
2018-05-01,USD_NFP,148742.0000
2018-06-01,USD_NFP,148960.0000
2018-07-01,USD_NFP,149020.0000
2018-08-01,USD_NFP,149277.0000
2018-09-01,USD_NFP,149358.0000
2018-10-01,USD_NFP,149527.0000
2018-11-01,USD_NFP,149617.0000
2018-12-01,USD_NFP,149809.0000
2019-01-01,USD_NFP,150060.0000
2019-02-01,USD_NFP,150067.0000
2019-03-01,USD_NFP,150295.0000
2019-04-01,USD_NFP,150591.0000
2019-05-01,USD_NFP,150618.0000
2019-06-01,USD_NFP,150838.0000
2019-07-01,USD_NFP,150937.0000
2019-08-01,USD_NFP,151169.0000
2019-09-01,USD_NFP,151365.0000
2019-10-01,USD_NFP,151460.0000
2019-11-01,USD_NFP,151667.0000
2019-12-01,USD_NFP,151794.0000
2020-01-01,USD_NFP,152031.0000
2020-02-01,USD_NFP,152293.0000
2020-03-01,USD_NFP,150895.0000
2020-04-01,USD_NFP,130426.0000
2020-05-01,USD_NFP,133040.0000
2020-06-01,USD_NFP,137671.0000
2020-07-01,USD_NFP,139255.0000
2020-08-01,USD_NFP,140821.0000
2020-09-01,USD_NFP,141770.0000
2020-10-01,USD_NFP,142460.0000
2020-11-01,USD_NFP,142733.0000
2020-12-01,USD_NFP,142548.0000
2021-01-01,USD_NFP,142863.0000
2021-02-01,USD_NFP,143380.0000
2021-03-01,USD_NFP,144232.0000
2021-04-01,USD_NFP,144587.0000
2021-05-01,USD_NFP,145065.0000
2021-06-01,USD_NFP,145820.0000
2021-07-01,USD_NFP,146762.0000
2021-08-01,USD_NFP,147314.0000
2021-09-01,USD_NFP,147771.0000
2021-10-01,USD_NFP,148572.0000
2021-11-01,USD_NFP,149230.0000
2021-12-01,USD_NFP,149816.0000
2022-01-01,USD_NFP,150006.0000
2022-02-01,USD_NFP,150825.0000
2022-03-01,USD_NFP,151315.0000
2022-04-01,USD_NFP,151623.0000
2022-05-01,USD_NFP,151924.0000
2022-06-01,USD_NFP,152358.0000
2022-07-01,USD_NFP,153072.0000
2022-08-01,USD_NFP,153362.0000
2022-09-01,USD_NFP,153582.0000
2022-10-01,USD_NFP,153939.0000
2022-11-01,USD_NFP,154242.0000
2022-12-01,USD_NFP,154342.0000
2023-01-01,USD_NFP,154776.0000
2023-02-01,USD_NFP,155066.0000
2023-03-01,USD_NFP,155134.0000
2023-04-01,USD_NFP,155375.0000
2023-05-01,USD_NFP,155655.0000
2023-06-01,USD_NFP,155880.0000
2023-07-01,USD_NFP,156043.0000
2023-08-01,USD_NFP,156261.0000
2023-09-01,USD_NFP,156417.0000
2023-10-01,USD_NFP,156576.0000
2023-11-01,USD_NFP,156703.0000
2023-12-01,USD_NFP,156857.0000
2024-01-01,USD_NFP,157032.0000
2024-02-01,USD_NFP,157238.0000
2024-03-01,USD_NFP,157466.0000
2024-04-01,USD_NFP,157530.0000
2024-05-01,USD_NFP,157608.0000
2024-06-01,USD_NFP,157695.0000
2024-07-01,USD_NFP,157748.0000
2024-08-01,USD_NFP,157757.0000
2024-09-01,USD_NFP,157912.0000
2024-10-01,USD_NFP,157945.0000
2024-11-01,USD_NFP,158079.0000
2024-12-01,USD_NFP,158316.0000
2025-01-01,USD_NFP,158268.0000
2025-02-01,USD_NFP,158310.0000
2025-03-01,USD_NFP,158377.0000
2025-04-01,USD_NFP,158485.0000
2025-05-01,USD_NFP,158498.0000
2025-06-01,USD_NFP,158478.0000
2025-07-01,USD_NFP,158542.0000
2025-08-01,USD_NFP,158472.0000
2025-09-01,USD_NFP,158548.0000
2025-10-01,USD_NFP,158408.0000
2025-11-01,USD_NFP,158449.0000
2025-12-01,USD_NFP,158432.0000
2026-01-01,USD_NFP,158592.0000
2026-02-01,USD_NFP,158436.0000
2026-03-01,USD_NFP,158621.0000
2026-04-01,USD_NFP,158736.0000
2003-01-01,USD_PCE,77.2010
2003-02-01,USD_PCE,77.5260
2003-03-01,USD_PCE,77.7250
2003-04-01,USD_PCE,77.5930
2003-05-01,USD_PCE,77.5040
2003-06-01,USD_PCE,77.5880
2003-07-01,USD_PCE,77.8160
2003-08-01,USD_PCE,78.0790
2003-09-01,USD_PCE,78.3230
2003-10-01,USD_PCE,78.3330
2003-11-01,USD_PCE,78.4320
2003-12-01,USD_PCE,78.6050
2004-01-01,USD_PCE,78.9090
2004-02-01,USD_PCE,79.0770
2004-03-01,USD_PCE,79.1990
2004-04-01,USD_PCE,79.3460
2004-05-01,USD_PCE,79.6040
2004-06-01,USD_PCE,79.8310
2004-07-01,USD_PCE,79.9050
2004-08-01,USD_PCE,79.9460
2004-09-01,USD_PCE,80.1040
2004-10-01,USD_PCE,80.4480
2004-11-01,USD_PCE,80.7580
2004-12-01,USD_PCE,80.8010
2005-01-01,USD_PCE,80.9070
2005-02-01,USD_PCE,81.1320
2005-03-01,USD_PCE,81.3750
2005-04-01,USD_PCE,81.6030
2005-05-01,USD_PCE,81.6490
2005-06-01,USD_PCE,81.7000
2005-07-01,USD_PCE,82.0460
2005-08-01,USD_PCE,82.3770
2005-09-01,USD_PCE,83.1720
2005-10-01,USD_PCE,83.3050
2005-11-01,USD_PCE,83.1310
2005-12-01,USD_PCE,83.1310
2006-01-01,USD_PCE,83.5340
2006-02-01,USD_PCE,83.5840
2006-03-01,USD_PCE,83.7460
2006-04-01,USD_PCE,84.1350
2006-05-01,USD_PCE,84.3610
2006-06-01,USD_PCE,84.5690
2006-07-01,USD_PCE,84.8580
2006-08-01,USD_PCE,85.1250
2006-09-01,USD_PCE,84.9020
2006-10-01,USD_PCE,84.7020
2006-11-01,USD_PCE,84.7310
2006-12-01,USD_PCE,85.0320
2007-01-01,USD_PCE,85.3160
2007-02-01,USD_PCE,85.5810
2007-03-01,USD_PCE,85.8940
2007-04-01,USD_PCE,86.0960
2007-05-01,USD_PCE,86.3460
2007-06-01,USD_PCE,86.5290
2007-07-01,USD_PCE,86.6610
2007-08-01,USD_PCE,86.7200
2007-09-01,USD_PCE,87.0540
2007-10-01,USD_PCE,87.3180
2007-11-01,USD_PCE,87.7810
2007-12-01,USD_PCE,87.9840
2008-01-01,USD_PCE,88.2060
2008-02-01,USD_PCE,88.3820
2008-03-01,USD_PCE,88.6350
2008-04-01,USD_PCE,88.7990
2008-05-01,USD_PCE,89.1800
2008-06-01,USD_PCE,89.8270
2008-07-01,USD_PCE,90.2450
2008-08-01,USD_PCE,90.1720
2008-09-01,USD_PCE,90.2470
2008-10-01,USD_PCE,89.6510
2008-11-01,USD_PCE,88.5930
2008-12-01,USD_PCE,88.0980
2009-01-01,USD_PCE,88.1080
2009-02-01,USD_PCE,88.2660
2009-03-01,USD_PCE,88.1690
2009-04-01,USD_PCE,88.2950
2009-05-01,USD_PCE,88.3870
2009-06-01,USD_PCE,88.9120
2009-07-01,USD_PCE,88.9220
2009-08-01,USD_PCE,89.1800
2009-09-01,USD_PCE,89.3240
2009-10-01,USD_PCE,89.6630
2009-11-01,USD_PCE,89.8870
2009-12-01,USD_PCE,89.9390
2010-01-01,USD_PCE,90.1360
2010-02-01,USD_PCE,90.1340
2010-03-01,USD_PCE,90.2610
2010-04-01,USD_PCE,90.3100
2010-05-01,USD_PCE,90.3390
2010-06-01,USD_PCE,90.3010
2010-07-01,USD_PCE,90.3780
2010-08-01,USD_PCE,90.5020
2010-09-01,USD_PCE,90.5920
2010-10-01,USD_PCE,90.8810
2010-11-01,USD_PCE,91.0620
2010-12-01,USD_PCE,91.2680
2011-01-01,USD_PCE,91.5420
2011-02-01,USD_PCE,91.7970
2011-03-01,USD_PCE,92.1660
2011-04-01,USD_PCE,92.5570
2011-05-01,USD_PCE,92.8380
2011-06-01,USD_PCE,92.8190
2011-07-01,USD_PCE,92.9770
2011-08-01,USD_PCE,93.1960
2011-09-01,USD_PCE,93.3270
2011-10-01,USD_PCE,93.3290
2011-11-01,USD_PCE,93.5200
2011-12-01,USD_PCE,93.5740
2012-01-01,USD_PCE,93.8940
2012-02-01,USD_PCE,94.1040
2012-03-01,USD_PCE,94.2840
2012-04-01,USD_PCE,94.4080
2012-05-01,USD_PCE,94.3020
2012-06-01,USD_PCE,94.2540
2012-07-01,USD_PCE,94.2880
2012-08-01,USD_PCE,94.6050
2012-09-01,USD_PCE,94.8930
2012-10-01,USD_PCE,95.1740
2012-11-01,USD_PCE,95.1090
2012-12-01,USD_PCE,95.0940
2013-01-01,USD_PCE,95.2750
2013-02-01,USD_PCE,95.6140
2013-03-01,USD_PCE,95.4880
2013-04-01,USD_PCE,95.3910
2013-05-01,USD_PCE,95.4610
2013-06-01,USD_PCE,95.6730
2013-07-01,USD_PCE,95.7920
2013-08-01,USD_PCE,95.9340
2013-09-01,USD_PCE,95.9760
2013-10-01,USD_PCE,96.1030
2013-11-01,USD_PCE,96.2460
2013-12-01,USD_PCE,96.4140
2014-01-01,USD_PCE,96.6140
2014-02-01,USD_PCE,96.6600
2014-03-01,USD_PCE,96.8150
2014-04-01,USD_PCE,96.9870
2014-05-01,USD_PCE,97.1470
2014-06-01,USD_PCE,97.2530
2014-07-01,USD_PCE,97.3910
2014-08-01,USD_PCE,97.3790
2014-09-01,USD_PCE,97.4130
2014-10-01,USD_PCE,97.3840
2014-11-01,USD_PCE,97.2910
2014-12-01,USD_PCE,97.1200
2015-01-01,USD_PCE,96.6540
2015-02-01,USD_PCE,96.8250
2015-03-01,USD_PCE,97.0080
2015-04-01,USD_PCE,97.0940
2015-05-01,USD_PCE,97.3270
2015-06-01,USD_PCE,97.5160
2015-07-01,USD_PCE,97.6050
2015-08-01,USD_PCE,97.6120
2015-09-01,USD_PCE,97.4770
2015-10-01,USD_PCE,97.4770
2015-11-01,USD_PCE,97.5380
2015-12-01,USD_PCE,97.4560
2016-01-01,USD_PCE,97.4960
2016-02-01,USD_PCE,97.4450
2016-03-01,USD_PCE,97.6730
2016-04-01,USD_PCE,97.9930
2016-05-01,USD_PCE,98.1530
2016-06-01,USD_PCE,98.3250
2016-07-01,USD_PCE,98.3420
2016-08-01,USD_PCE,98.4790
2016-09-01,USD_PCE,98.6660
2016-10-01,USD_PCE,98.8680
2016-11-01,USD_PCE,98.9010
2016-12-01,USD_PCE,99.0710
2017-01-01,USD_PCE,99.4510
2017-02-01,USD_PCE,99.5860
2017-03-01,USD_PCE,99.5350
2017-04-01,USD_PCE,99.7250
2017-05-01,USD_PCE,99.6820
2017-06-01,USD_PCE,99.7660
2017-07-01,USD_PCE,99.8030
2017-08-01,USD_PCE,100.0270
2017-09-01,USD_PCE,100.4000
2017-10-01,USD_PCE,100.5310
2017-11-01,USD_PCE,100.6750
2017-12-01,USD_PCE,100.8210
2018-01-01,USD_PCE,101.1990
2018-02-01,USD_PCE,101.4160
2018-03-01,USD_PCE,101.5240
2018-04-01,USD_PCE,101.7660
2018-05-01,USD_PCE,101.9410
2018-06-01,USD_PCE,102.0290
2018-07-01,USD_PCE,102.1370
2018-08-01,USD_PCE,102.2080
2018-09-01,USD_PCE,102.4180
2018-10-01,USD_PCE,102.5950
2018-11-01,USD_PCE,102.6300
2018-12-01,USD_PCE,102.7010
2019-01-01,USD_PCE,102.6480
2019-02-01,USD_PCE,102.8360
2019-03-01,USD_PCE,103.0690
2019-04-01,USD_PCE,103.3600
2019-05-01,USD_PCE,103.4350
2019-06-01,USD_PCE,103.4840
2019-07-01,USD_PCE,103.6220
2019-08-01,USD_PCE,103.6700
2019-09-01,USD_PCE,103.7330
2019-10-01,USD_PCE,103.9170
2019-11-01,USD_PCE,104.0240
2019-12-01,USD_PCE,104.3070
2020-01-01,USD_PCE,104.4900
2020-02-01,USD_PCE,104.5730
2020-03-01,USD_PCE,104.2710
2020-04-01,USD_PCE,103.8380
2020-05-01,USD_PCE,103.9420
2020-06-01,USD_PCE,104.2700
2020-07-01,USD_PCE,104.5780
2020-08-01,USD_PCE,104.8700
2020-09-01,USD_PCE,105.0570
2020-10-01,USD_PCE,105.1510
2020-11-01,USD_PCE,105.2580
2020-12-01,USD_PCE,105.6990
2021-01-01,USD_PCE,106.1470
2021-02-01,USD_PCE,106.5000
2021-03-01,USD_PCE,107.0540
2021-04-01,USD_PCE,107.6180
2021-05-01,USD_PCE,108.1750
2021-06-01,USD_PCE,108.7600
2021-07-01,USD_PCE,109.2560
2021-08-01,USD_PCE,109.6740
2021-09-01,USD_PCE,110.0340
2021-10-01,USD_PCE,110.7620
2021-11-01,USD_PCE,111.5000
2021-12-01,USD_PCE,112.1910
2022-01-01,USD_PCE,112.8050
2022-02-01,USD_PCE,113.4710
2022-03-01,USD_PCE,114.4690
2022-04-01,USD_PCE,114.8120
2022-05-01,USD_PCE,115.5250
2022-06-01,USD_PCE,116.6380
2022-07-01,USD_PCE,116.6310
2022-08-01,USD_PCE,116.9560
2022-09-01,USD_PCE,117.3710
2022-10-01,USD_PCE,117.9190
2022-11-01,USD_PCE,118.2240
2022-12-01,USD_PCE,118.3840
2023-01-01,USD_PCE,119.0180
2023-02-01,USD_PCE,119.3690
2023-03-01,USD_PCE,119.5380
2023-04-01,USD_PCE,119.9510
2023-05-01,USD_PCE,120.1500
2023-06-01,USD_PCE,120.4690
2023-07-01,USD_PCE,120.6070
2023-08-01,USD_PCE,120.9700
2023-09-01,USD_PCE,121.4190
2023-10-01,USD_PCE,121.4840
2023-11-01,USD_PCE,121.4930
2023-12-01,USD_PCE,121.6600
2024-01-01,USD_PCE,122.2300
2024-02-01,USD_PCE,122.5980
2024-03-01,USD_PCE,123.0380
2024-04-01,USD_PCE,123.3410
2024-05-01,USD_PCE,123.3480
2024-06-01,USD_PCE,123.5390
2024-07-01,USD_PCE,123.7360
2024-08-01,USD_PCE,123.8890
2024-09-01,USD_PCE,124.1640
2024-10-01,USD_PCE,124.4940
2024-11-01,USD_PCE,124.6370
2024-12-01,USD_PCE,124.9790
2025-01-01,USD_PCE,125.4170
2025-02-01,USD_PCE,125.9210
2025-03-01,USD_PCE,125.9410
2025-04-01,USD_PCE,126.1500
2025-05-01,USD_PCE,126.3800
2025-06-01,USD_PCE,126.7430
2025-07-01,USD_PCE,126.9600
2025-08-01,USD_PCE,127.2930
2025-09-01,USD_PCE,127.6250
2025-10-01,USD_PCE,127.8710
2025-11-01,USD_PCE,128.1520
2025-12-01,USD_PCE,128.5760
2026-01-01,USD_PCE,129.0020
2026-02-01,USD_PCE,129.5200
2026-03-01,USD_PCE,130.3810
2026-04-01,USD_PCE,130.9020
2003-01-01,USD_Unemployment,5.8000
2003-02-01,USD_Unemployment,5.9000
2003-03-01,USD_Unemployment,5.9000
2003-04-01,USD_Unemployment,6.0000
2003-05-01,USD_Unemployment,6.1000
2003-06-01,USD_Unemployment,6.3000
2003-07-01,USD_Unemployment,6.2000
2003-08-01,USD_Unemployment,6.1000
2003-09-01,USD_Unemployment,6.1000
2003-10-01,USD_Unemployment,6.0000
2003-11-01,USD_Unemployment,5.8000
2003-12-01,USD_Unemployment,5.7000
2004-01-01,USD_Unemployment,5.7000
2004-02-01,USD_Unemployment,5.6000
2004-03-01,USD_Unemployment,5.8000
2004-04-01,USD_Unemployment,5.6000
2004-05-01,USD_Unemployment,5.6000
2004-06-01,USD_Unemployment,5.6000
2004-07-01,USD_Unemployment,5.5000
2004-08-01,USD_Unemployment,5.4000
2004-09-01,USD_Unemployment,5.4000
2004-10-01,USD_Unemployment,5.5000
2004-11-01,USD_Unemployment,5.4000
2004-12-01,USD_Unemployment,5.4000
2005-01-01,USD_Unemployment,5.3000
2005-02-01,USD_Unemployment,5.4000
2005-03-01,USD_Unemployment,5.2000
2005-04-01,USD_Unemployment,5.2000
2005-05-01,USD_Unemployment,5.1000
2005-06-01,USD_Unemployment,5.0000
2005-07-01,USD_Unemployment,5.0000
2005-08-01,USD_Unemployment,4.9000
2005-09-01,USD_Unemployment,5.0000
2005-10-01,USD_Unemployment,5.0000
2005-11-01,USD_Unemployment,5.0000
2005-12-01,USD_Unemployment,4.9000
2006-01-01,USD_Unemployment,4.7000
2006-02-01,USD_Unemployment,4.8000
2006-03-01,USD_Unemployment,4.7000
2006-04-01,USD_Unemployment,4.7000
2006-05-01,USD_Unemployment,4.6000
2006-06-01,USD_Unemployment,4.6000
2006-07-01,USD_Unemployment,4.7000
2006-08-01,USD_Unemployment,4.7000
2006-09-01,USD_Unemployment,4.5000
2006-10-01,USD_Unemployment,4.4000
2006-11-01,USD_Unemployment,4.5000
2006-12-01,USD_Unemployment,4.4000
2007-01-01,USD_Unemployment,4.6000
2007-02-01,USD_Unemployment,4.5000
2007-03-01,USD_Unemployment,4.4000
2007-04-01,USD_Unemployment,4.5000
2007-05-01,USD_Unemployment,4.4000
2007-06-01,USD_Unemployment,4.6000
2007-07-01,USD_Unemployment,4.7000
2007-08-01,USD_Unemployment,4.6000
2007-09-01,USD_Unemployment,4.7000
2007-10-01,USD_Unemployment,4.7000
2007-11-01,USD_Unemployment,4.7000
2007-12-01,USD_Unemployment,5.0000
2008-01-01,USD_Unemployment,5.0000
2008-02-01,USD_Unemployment,4.9000
2008-03-01,USD_Unemployment,5.1000
2008-04-01,USD_Unemployment,5.0000
2008-05-01,USD_Unemployment,5.4000
2008-06-01,USD_Unemployment,5.6000
2008-07-01,USD_Unemployment,5.8000
2008-08-01,USD_Unemployment,6.1000
2008-09-01,USD_Unemployment,6.1000
2008-10-01,USD_Unemployment,6.5000
2008-11-01,USD_Unemployment,6.8000
2008-12-01,USD_Unemployment,7.3000
2009-01-01,USD_Unemployment,7.8000
2009-02-01,USD_Unemployment,8.3000
2009-03-01,USD_Unemployment,8.7000
2009-04-01,USD_Unemployment,9.0000
2009-05-01,USD_Unemployment,9.4000
2009-06-01,USD_Unemployment,9.5000
2009-07-01,USD_Unemployment,9.5000
2009-08-01,USD_Unemployment,9.6000
2009-09-01,USD_Unemployment,9.8000
2009-10-01,USD_Unemployment,10.0000
2009-11-01,USD_Unemployment,9.9000
2009-12-01,USD_Unemployment,9.9000
2010-01-01,USD_Unemployment,9.8000
2010-02-01,USD_Unemployment,9.8000
2010-03-01,USD_Unemployment,9.9000
2010-04-01,USD_Unemployment,9.9000
2010-05-01,USD_Unemployment,9.6000
2010-06-01,USD_Unemployment,9.4000
2010-07-01,USD_Unemployment,9.4000
2010-08-01,USD_Unemployment,9.5000
2010-09-01,USD_Unemployment,9.5000
2010-10-01,USD_Unemployment,9.4000
2010-11-01,USD_Unemployment,9.8000
2010-12-01,USD_Unemployment,9.3000
2011-01-01,USD_Unemployment,9.1000
2011-02-01,USD_Unemployment,9.0000
2011-03-01,USD_Unemployment,9.0000
2011-04-01,USD_Unemployment,9.1000
2011-05-01,USD_Unemployment,9.0000
2011-06-01,USD_Unemployment,9.1000
2011-07-01,USD_Unemployment,9.0000
2011-08-01,USD_Unemployment,9.0000
2011-09-01,USD_Unemployment,9.0000
2011-10-01,USD_Unemployment,8.8000
2011-11-01,USD_Unemployment,8.6000
2011-12-01,USD_Unemployment,8.5000
2012-01-01,USD_Unemployment,8.3000
2012-02-01,USD_Unemployment,8.3000
2012-03-01,USD_Unemployment,8.2000
2012-04-01,USD_Unemployment,8.2000
2012-05-01,USD_Unemployment,8.2000
2012-06-01,USD_Unemployment,8.2000
2012-07-01,USD_Unemployment,8.2000
2012-08-01,USD_Unemployment,8.1000
2012-09-01,USD_Unemployment,7.8000
2012-10-01,USD_Unemployment,7.8000
2012-11-01,USD_Unemployment,7.7000
2012-12-01,USD_Unemployment,7.9000
2013-01-01,USD_Unemployment,8.0000
2013-02-01,USD_Unemployment,7.7000
2013-03-01,USD_Unemployment,7.5000
2013-04-01,USD_Unemployment,7.6000
2013-05-01,USD_Unemployment,7.5000
2013-06-01,USD_Unemployment,7.5000
2013-07-01,USD_Unemployment,7.3000
2013-08-01,USD_Unemployment,7.2000
2013-09-01,USD_Unemployment,7.2000
2013-10-01,USD_Unemployment,7.2000
2013-11-01,USD_Unemployment,6.9000
2013-12-01,USD_Unemployment,6.7000
2014-01-01,USD_Unemployment,6.6000
2014-02-01,USD_Unemployment,6.7000
2014-03-01,USD_Unemployment,6.7000
2014-04-01,USD_Unemployment,6.2000
2014-05-01,USD_Unemployment,6.3000
2014-06-01,USD_Unemployment,6.1000
2014-07-01,USD_Unemployment,6.2000
2014-08-01,USD_Unemployment,6.1000
2014-09-01,USD_Unemployment,5.9000
2014-10-01,USD_Unemployment,5.7000
2014-11-01,USD_Unemployment,5.8000
2014-12-01,USD_Unemployment,5.6000
2015-01-01,USD_Unemployment,5.7000
2015-02-01,USD_Unemployment,5.5000
2015-03-01,USD_Unemployment,5.4000
2015-04-01,USD_Unemployment,5.4000
2015-05-01,USD_Unemployment,5.6000
2015-06-01,USD_Unemployment,5.3000
2015-07-01,USD_Unemployment,5.2000
2015-08-01,USD_Unemployment,5.1000
2015-09-01,USD_Unemployment,5.0000
2015-10-01,USD_Unemployment,5.0000
2015-11-01,USD_Unemployment,5.1000
2015-12-01,USD_Unemployment,5.0000
2016-01-01,USD_Unemployment,4.8000
2016-02-01,USD_Unemployment,4.9000
2016-03-01,USD_Unemployment,5.0000
2016-04-01,USD_Unemployment,5.1000
2016-05-01,USD_Unemployment,4.8000
2016-06-01,USD_Unemployment,4.9000
2016-07-01,USD_Unemployment,4.8000
2016-08-01,USD_Unemployment,4.9000
2016-09-01,USD_Unemployment,5.0000
2016-10-01,USD_Unemployment,4.9000
2016-11-01,USD_Unemployment,4.7000
2016-12-01,USD_Unemployment,4.7000
2017-01-01,USD_Unemployment,4.7000
2017-02-01,USD_Unemployment,4.6000
2017-03-01,USD_Unemployment,4.4000
2017-04-01,USD_Unemployment,4.4000
2017-05-01,USD_Unemployment,4.4000
2017-06-01,USD_Unemployment,4.3000
2017-07-01,USD_Unemployment,4.3000
2017-08-01,USD_Unemployment,4.4000
2017-09-01,USD_Unemployment,4.3000
2017-10-01,USD_Unemployment,4.2000
2017-11-01,USD_Unemployment,4.2000
2017-12-01,USD_Unemployment,4.1000
2018-01-01,USD_Unemployment,4.0000
2018-02-01,USD_Unemployment,4.1000
2018-03-01,USD_Unemployment,4.0000
2018-04-01,USD_Unemployment,4.0000
2018-05-01,USD_Unemployment,3.8000
2018-06-01,USD_Unemployment,4.0000
2018-07-01,USD_Unemployment,3.8000
2018-08-01,USD_Unemployment,3.8000
2018-09-01,USD_Unemployment,3.7000
2018-10-01,USD_Unemployment,3.8000
2018-11-01,USD_Unemployment,3.8000
2018-12-01,USD_Unemployment,3.9000
2019-01-01,USD_Unemployment,4.0000
2019-02-01,USD_Unemployment,3.8000
2019-03-01,USD_Unemployment,3.8000
2019-04-01,USD_Unemployment,3.7000
2019-05-01,USD_Unemployment,3.6000
2019-06-01,USD_Unemployment,3.6000
2019-07-01,USD_Unemployment,3.7000
2019-08-01,USD_Unemployment,3.6000
2019-09-01,USD_Unemployment,3.5000
2019-10-01,USD_Unemployment,3.6000
2019-11-01,USD_Unemployment,3.6000
2019-12-01,USD_Unemployment,3.6000
2020-01-01,USD_Unemployment,3.6000
2020-02-01,USD_Unemployment,3.5000
2020-03-01,USD_Unemployment,4.4000
2020-04-01,USD_Unemployment,14.8000
2020-05-01,USD_Unemployment,13.2000
2020-06-01,USD_Unemployment,11.0000
2020-07-01,USD_Unemployment,10.2000
2020-08-01,USD_Unemployment,8.4000
2020-09-01,USD_Unemployment,7.8000
2020-10-01,USD_Unemployment,6.9000
2020-11-01,USD_Unemployment,6.7000
2020-12-01,USD_Unemployment,6.7000
2021-01-01,USD_Unemployment,6.4000
2021-02-01,USD_Unemployment,6.2000
2021-03-01,USD_Unemployment,6.1000
2021-04-01,USD_Unemployment,6.1000
2021-05-01,USD_Unemployment,5.8000
2021-06-01,USD_Unemployment,5.9000
2021-07-01,USD_Unemployment,5.4000
2021-08-01,USD_Unemployment,5.1000
2021-09-01,USD_Unemployment,4.7000
2021-10-01,USD_Unemployment,4.5000
2021-11-01,USD_Unemployment,4.1000
2021-12-01,USD_Unemployment,3.9000
2022-01-01,USD_Unemployment,4.0000
2022-02-01,USD_Unemployment,3.9000
2022-03-01,USD_Unemployment,3.7000
2022-04-01,USD_Unemployment,3.7000
2022-05-01,USD_Unemployment,3.6000
2022-06-01,USD_Unemployment,3.6000
2022-07-01,USD_Unemployment,3.5000
2022-08-01,USD_Unemployment,3.6000
2022-09-01,USD_Unemployment,3.5000
2022-10-01,USD_Unemployment,3.6000
2022-11-01,USD_Unemployment,3.6000
2022-12-01,USD_Unemployment,3.5000
2023-01-01,USD_Unemployment,3.5000
2023-02-01,USD_Unemployment,3.6000
2023-03-01,USD_Unemployment,3.5000
2023-04-01,USD_Unemployment,3.4000
2023-05-01,USD_Unemployment,3.6000
2023-06-01,USD_Unemployment,3.6000
2023-07-01,USD_Unemployment,3.5000
2023-08-01,USD_Unemployment,3.7000
2023-09-01,USD_Unemployment,3.7000
2023-10-01,USD_Unemployment,3.9000
2023-11-01,USD_Unemployment,3.7000
2023-12-01,USD_Unemployment,3.8000
2024-01-01,USD_Unemployment,3.7000
2024-02-01,USD_Unemployment,3.9000
2024-03-01,USD_Unemployment,3.9000
2024-04-01,USD_Unemployment,3.9000
2024-05-01,USD_Unemployment,3.9000
2024-06-01,USD_Unemployment,4.1000
2024-07-01,USD_Unemployment,4.2000
2024-08-01,USD_Unemployment,4.2000
2024-09-01,USD_Unemployment,4.1000
2024-10-01,USD_Unemployment,4.1000
2024-11-01,USD_Unemployment,4.2000
2024-12-01,USD_Unemployment,4.1000
2025-01-01,USD_Unemployment,4.0000
2025-02-01,USD_Unemployment,4.2000
2025-03-01,USD_Unemployment,4.2000
2025-04-01,USD_Unemployment,4.2000
2025-05-01,USD_Unemployment,4.3000
2025-06-01,USD_Unemployment,4.1000
2025-07-01,USD_Unemployment,4.3000
2025-08-01,USD_Unemployment,4.3000
2025-09-01,USD_Unemployment,4.4000
2025-11-01,USD_Unemployment,4.5000
2025-12-01,USD_Unemployment,4.4000
2026-01-01,USD_Unemployment,4.3000
2026-02-01,USD_Unemployment,4.4000
2026-03-01,USD_Unemployment,4.3000
2026-04-01,USD_Unemployment,4.3000
